forecast_id;forecast_generated_date;forecast_date;forecast_horizon_days;service_period;menu_item_id;menu_variant_id;menu_item_name;portion_size;category;baseline_portions;predicted_portions;lower_bound_portions;upper_bound_portions;forecast_confidence_pct;confirmed_reservation_covers;weather_condition;special_occasion;event_types;key_demand_drivers;predicted_revenue_aud;model_version;is_synthetic
FC-e1b82020-efe9-4446-a676-ff8925cc888a;2026-08-02;2026-08-02;0;Dinner;MI-001;MI-001-SMALL;Chicken Teriyaki Bowl;Small;Signature Bowls;9.75;9.790234956956846;;11.228242941444925;;60;;;;;145.87;misecast-demand-p50p90-v1;True
FC-e745eca0-c4e4-4fca-acf3-8b63d3c195a8;2026-08-02;2026-08-03;1;Dinner;MI-001;MI-001-SMALL;Chicken Teriyaki Bowl;Small;Signature Bowls;8.25;8.775704056618563;;9.666746464734379;;38;;;;;130.76;misecast-demand-p50p90-v1;True
FC-0c61318b-df03-4c76-8145-e2c591b55e68;2026-08-02;2026-08-04;2;Dinner;MI-001;MI-001-SMALL;Chicken Teriyaki Bowl;Small;Signature Bowls;9.25;9.100043930531738;;10.207458010223347;;41;;;;;135.59;misecast-demand-p50p90-v1;True
FC-c8147597-ddb7-4575-afc7-35c4a78e6426;2026-08-02;2026-08-05;3;Dinner;MI-001;MI-001-SMALL;Chicken Teriyaki Bowl;Small;Signature Bowls;9.5;8.941986778159354;;10.291192139238643;;36;;;;;133.24;misecast-demand-p50p90-v1;True
FC-2c846625-506d-4bfa-8658-fcc9e84cd5a7;2026-08-02;2026-08-06;4;Dinner;MI-001;MI-001-SMALL;Chicken Teriyaki Bowl;Small;Signature Bowls;9.25;8.953655874284458;;10.286941074855232;;50;;;;;133.41;misecast-demand-p50p90-v1;True
FC-6b50a3f2-7481-4394-9739-4eb3a7d04808;2026-08-02;2026-08-07;5;Dinner;MI-001;MI-001-SMALL;Chicken Teriyaki Bowl;Small;Signature Bowls;9.25;9.175427156759184;;10.238734514782324;;62;;;;;136.71;misecast-demand-p50p90-v1;True
FC-8611d0e5-63ac-449b-bb55-682eee15f1b4;2026-08-02;2026-08-08;6;Dinner;MI-001;MI-001-SMALL;Chicken Teriyaki Bowl;Small;Signature Bowls;10.5;10.80641186584513;;11.91036164569043;;83;;;;;161.02;misecast-demand-p50p90-v1;True
FC-5c831d95-99dc-4556-b78a-7ac8f2266d09;2026-08-02;2026-08-09;7;Dinner;MI-001;MI-001-SMALL;Chicken Teriyaki Bowl;Small;Signature Bowls;9.75;9.988319289019294;;11.170245462832728;;47;;;;;148.83;misecast-demand-p50p90-v1;True
FC-19d9950e-0e71-4bd6-9624-ab7497a3468b;2026-08-02;2026-08-10;8;Dinner;MI-001;MI-001-SMALL;Chicken Teriyaki Bowl;Small;Signature Bowls;8.25;9.01707029438587;;9.79133209818505;;35;;;;;134.35;misecast-demand-p50p90-v1;True
FC-d4633e14-12ac-4c9e-9a75-a7828ebe7b3e;2026-08-02;2026-08-11;9;Dinner;MI-001;MI-001-SMALL;Chicken Teriyaki Bowl;Small;Signature Bowls;9.25;9.11123328611575;;10.30910066656363;;47;;;;;135.76;misecast-demand-p50p90-v1;True
FC-d6284d1f-e9f5-4e1c-8091-1cc63ad4377a;2026-08-02;2026-08-02;0;Lunch;MI-001;MI-001-SMALL;Chicken Teriyaki Bowl;Small;Signature Bowls;7.25;6.842782852804374;;7.967130397626074;;32;;;;;101.96;misecast-demand-p50p90-v1;True
FC-9d7579e4-da2d-4cd5-92c9-2b49d98886da;2026-08-02;2026-08-03;1;Lunch;MI-001;MI-001-SMALL;Chicken Teriyaki Bowl;Small;Signature Bowls;6.5;6.619271135136187;;7.052541831420138;;22;;;;;98.63;misecast-demand-p50p90-v1;True
FC-00d21dfa-df22-4b7f-a7f6-8d5be8d9138d;2026-08-02;2026-08-04;2;Lunch;MI-001;MI-001-SMALL;Chicken Teriyaki Bowl;Small;Signature Bowls;6.5;6.6590265296449775;;7.070507290397437;;29;;;;;99.22;misecast-demand-p50p90-v1;True
FC-edc7881f-c746-4931-9eed-fee89d6a68ef;2026-08-02;2026-08-05;3;Lunch;MI-001;MI-001-SMALL;Chicken Teriyaki Bowl;Small;Signature Bowls;6.5;6.607890705188213;;7.064278953056904;;22;;;;;98.46;misecast-demand-p50p90-v1;True
FC-19d59428-7adf-498c-998d-3631cec036fb;2026-08-02;2026-08-06;4;Lunch;MI-001;MI-001-SMALL;Chicken Teriyaki Bowl;Small;Signature Bowls;6.75;6.6379406843742474;;7.086085250730197;;36;;;;;98.91;misecast-demand-p50p90-v1;True
FC-1e8079c8-1abc-4411-a879-80973e789fe8;2026-08-02;2026-08-07;5;Lunch;MI-001;MI-001-SMALL;Chicken Teriyaki Bowl;Small;Signature Bowls;6.5;6.652774571156588;;7.081185265130736;;37;;;;;99.13;misecast-demand-p50p90-v1;True
FC-93116fec-acb5-43db-a8c2-71efddcb7db9;2026-08-02;2026-08-08;6;Lunch;MI-001;MI-001-SMALL;Chicken Teriyaki Bowl;Small;Signature Bowls;7.5;7.015546883914135;;7.968639171639928;;39;;;;;104.53;misecast-demand-p50p90-v1;True
FC-b1db0aef-841b-4deb-8a7f-b428590e73a4;2026-08-02;2026-08-09;7;Lunch;MI-001;MI-001-SMALL;Chicken Teriyaki Bowl;Small;Signature Bowls;7.25;6.859541314420959;;7.9674723000805585;;30;;;;;102.21;misecast-demand-p50p90-v1;True
FC-49790a98-ffba-4874-bb63-e5c5451decad;2026-08-02;2026-08-10;8;Lunch;MI-001;MI-001-SMALL;Chicken Teriyaki Bowl;Small;Signature Bowls;6.5;6.649454238664088;;7.039743562466877;;24;;;;;99.08;misecast-demand-p50p90-v1;True
FC-9681d26c-9244-401f-9884-2509c3668536;2026-08-02;2026-08-11;9;Lunch;MI-001;MI-001-SMALL;Chicken Teriyaki Bowl;Small;Signature Bowls;6.5;6.673193106229284;;7.07097460531977;;26;;;;;99.43;misecast-demand-p50p90-v1;True
FC-0e1a46f3-de4c-4e7a-ba68-ccbb399b1cb6;2026-08-02;2026-08-02;0;Dinner;MI-001;MI-001-LARGE;Chicken Teriyaki Bowl;Large;Signature Bowls;10.0;9.864465785701881;;11.38607616856228;;60;;;;;176.57;misecast-demand-p50p90-v1;True
FC-bc5dc193-0395-4d5d-9f16-94fe493f584a;2026-08-02;2026-08-03;1;Dinner;MI-001;MI-001-LARGE;Chicken Teriyaki Bowl;Large;Signature Bowls;8.75;9.002873492126465;;9.912124951735587;;38;;;;;161.15;misecast-demand-p50p90-v1;True
FC-2c9ce580-dfb4-4c1a-871b-74b4c9118ca1;2026-08-02;2026-08-04;2;Dinner;MI-001;MI-001-LARGE;Chicken Teriyaki Bowl;Large;Signature Bowls;9.25;9.12942196290259;;10.097596796035633;;41;;;;;163.42;misecast-demand-p50p90-v1;True
FC-71780f5e-1901-4b4f-b13f-5cf29ccf5bc5;2026-08-02;2026-08-05;3;Dinner;MI-001;MI-001-LARGE;Chicken Teriyaki Bowl;Large;Signature Bowls;9.25;8.956842029198057;;10.21091618753875;;36;;;;;160.33;misecast-demand-p50p90-v1;True
FC-618d91a0-ca4a-4f7c-8b9d-2271d2837f48;2026-08-02;2026-08-06;4;Dinner;MI-001;MI-001-LARGE;Chicken Teriyaki Bowl;Large;Signature Bowls;9.5;9.102327327403703;;10.194183028030972;;50;;;;;162.93;misecast-demand-p50p90-v1;True
FC-29670f65-5671-43a7-bc84-584f582055f0;2026-08-02;2026-08-07;5;Dinner;MI-001;MI-001-LARGE;Chicken Teriyaki Bowl;Large;Signature Bowls;9.25;9.107872867912807;;10.166532299051646;;62;;;;;163.03;misecast-demand-p50p90-v1;True
FC-619e055c-0697-4266-85c8-5db56b002dd7;2026-08-02;2026-08-08;6;Dinner;MI-001;MI-001-LARGE;Chicken Teriyaki Bowl;Large;Signature Bowls;10.5;10.54397823079537;;12.151752529851363;;83;;;;;188.74;misecast-demand-p50p90-v1;True
FC-10aa702f-b969-4509-a055-8be56c2cfbbb;2026-08-02;2026-08-09;7;Dinner;MI-001;MI-001-LARGE;Chicken Teriyaki Bowl;Large;Signature Bowls;10.0;9.985350901387442;;11.377483872305588;;47;;;;;178.74;misecast-demand-p50p90-v1;True
FC-b576e047-b373-4b3b-8b63-0f4273e0fe0d;2026-08-02;2026-08-10;8;Dinner;MI-001;MI-001-LARGE;Chicken Teriyaki Bowl;Large;Signature Bowls;8.75;8.964937768190083;;10.081232437794709;;35;;;;;160.47;misecast-demand-p50p90-v1;True
FC-6a96503a-9f19-47de-98d4-94c52ec0d6f4;2026-08-02;2026-08-11;9;Dinner;MI-001;MI-001-LARGE;Chicken Teriyaki Bowl;Large;Signature Bowls;9.25;9.0727555660924;;10.209766237462473;;47;;;;;162.4;misecast-demand-p50p90-v1;True
FC-e88cd132-db3f-499d-bcf9-04fb051888b2;2026-08-02;2026-08-02;0;Lunch;MI-001;MI-001-LARGE;Chicken Teriyaki Bowl;Large;Signature Bowls;7.5;6.980713522173675;;7.969073582272628;;32;;;;;124.95;misecast-demand-p50p90-v1;True
FC-045b54ad-9645-4297-b2ed-cd6837fbd9f1;2026-08-02;2026-08-03;1;Lunch;MI-001;MI-001-LARGE;Chicken Teriyaki Bowl;Large;Signature Bowls;6.25;6.363555422912452;;6.903048240758134;;22;;;;;113.91;misecast-demand-p50p90-v1;True
FC-6d51e6b7-bfa8-4e07-b082-76f4030d6d83;2026-08-02;2026-08-04;2;Lunch;MI-001;MI-001-LARGE;Chicken Teriyaki Bowl;Large;Signature Bowls;6.25;6.449148479506881;;6.924165571350107;;29;;;;;115.44;misecast-demand-p50p90-v1;True
FC-5f94c114-edc5-4c38-be99-a549e56457e8;2026-08-02;2026-08-05;3;Lunch;MI-001;MI-001-LARGE;Chicken Teriyaki Bowl;Large;Signature Bowls;6.25;6.332363569406677;;6.9518464011910135;;22;;;;;113.35;misecast-demand-p50p90-v1;True
FC-e8850b99-f362-484d-9ba6-3594efca7536;2026-08-02;2026-08-06;4;Lunch;MI-001;MI-001-LARGE;Chicken Teriyaki Bowl;Large;Signature Bowls;6.75;6.500125346766166;;7.1149023756339576;;36;;;;;116.35;misecast-demand-p50p90-v1;True
FC-061136f4-11f2-49ec-8a5f-dd5ac3ad8213;2026-08-02;2026-08-07;5;Lunch;MI-001;MI-001-LARGE;Chicken Teriyaki Bowl;Large;Signature Bowls;6.25;6.475797954396219;;6.945108479166417;;37;;;;;115.92;misecast-demand-p50p90-v1;True
FC-ddef8489-a3f3-4c1b-95ef-9a06c3c75081;2026-08-02;2026-08-08;6;Lunch;MI-001;MI-001-LARGE;Chicken Teriyaki Bowl;Large;Signature Bowls;7.5;7.079533961048279;;7.97101378402751;;39;;;;;126.72;misecast-demand-p50p90-v1;True
FC-2cf8f811-097f-4e67-ba9b-c230d1aec96c;2026-08-02;2026-08-09;7;Lunch;MI-001;MI-001-LARGE;Chicken Teriyaki Bowl;Large;Signature Bowls;7.5;7.03670475049687;;7.997238667406247;;30;;;;;125.96;misecast-demand-p50p90-v1;True
FC-19ebc7d4-a7e4-4096-a882-2cf2ab562a12;2026-08-02;2026-08-10;8;Lunch;MI-001;MI-001-LARGE;Chicken Teriyaki Bowl;Large;Signature Bowls;6.25;6.4161650889241475;;6.930152390829427;;24;;;;;114.85;misecast-demand-p50p90-v1;True
FC-fb1cdf50-e4d7-472a-bd7a-97d430936348;2026-08-02;2026-08-11;9;Lunch;MI-001;MI-001-LARGE;Chicken Teriyaki Bowl;Large;Signature Bowls;6.25;6.45812898459466;;6.932448257862431;;26;;;;;115.6;misecast-demand-p50p90-v1;True
FC-a622fe3d-e09c-42b7-a447-371336be2662;2026-08-02;2026-08-02;0;Dinner;MI-002;MI-002-SMALL;Tofu Teriyaki Bowl;Small;Signature Bowls;9.75;9.891988337147032;;11.05257969899917;;60;;;;;147.39;misecast-demand-p50p90-v1;True
FC-2b918940-f15a-409b-94f5-f06566962b41;2026-08-02;2026-08-03;1;Dinner;MI-002;MI-002-SMALL;Tofu Teriyaki Bowl;Small;Signature Bowls;8.5;8.111908842288678;;9.789943799742092;;38;;;;;120.87;misecast-demand-p50p90-v1;True
FC-a64600b4-3ea9-4854-905b-c91555a1803e;2026-08-02;2026-08-04;2;Dinner;MI-002;MI-002-SMALL;Tofu Teriyaki Bowl;Small;Signature Bowls;8.75;8.040746890654905;;9.999800799523964;;41;;;;;119.81;misecast-demand-p50p90-v1;True
FC-6c4443fe-2c1e-4e9c-af07-53028be11907;2026-08-02;2026-08-05;3;Dinner;MI-002;MI-002-SMALL;Tofu Teriyaki Bowl;Small;Signature Bowls;8.5;8.177170919851628;;9.816471914921904;;36;;;;;121.84;misecast-demand-p50p90-v1;True
FC-e441882c-fd48-40fc-bb57-24eb97172611;2026-08-02;2026-08-06;4;Dinner;MI-002;MI-002-SMALL;Tofu Teriyaki Bowl;Small;Signature Bowls;8.5;8.19532466722796;;9.80179969682218;;50;;;;;122.11;misecast-demand-p50p90-v1;True
FC-af3c45c9-ebd6-4f78-bcb5-d15f27e105a9;2026-08-02;2026-08-07;5;Dinner;MI-002;MI-002-SMALL;Tofu Teriyaki Bowl;Small;Signature Bowls;9.5;8.560103919962717;;10.376486137285301;;62;;;;;127.55;misecast-demand-p50p90-v1;True
FC-ea043b6e-05b1-450d-9deb-cc38b9afdd0e;2026-08-02;2026-08-08;6;Dinner;MI-002;MI-002-SMALL;Tofu Teriyaki Bowl;Small;Signature Bowls;10.0;10.494442970620925;;11.351987264122798;;83;;;;;156.37;misecast-demand-p50p90-v1;True
FC-b560c0c8-7d78-4cac-b853-fd43a00cad46;2026-08-02;2026-08-09;7;Dinner;MI-002;MI-002-SMALL;Tofu Teriyaki Bowl;Small;Signature Bowls;9.75;9.855413710709957;;10.978587317573458;;47;;;;;146.85;misecast-demand-p50p90-v1;True
FC-f589b5c1-b9f4-4791-ae2e-6b0156c654f7;2026-08-02;2026-08-10;8;Dinner;MI-002;MI-002-SMALL;Tofu Teriyaki Bowl;Small;Signature Bowls;8.5;8.20934515488241;;9.813336596362047;;35;;;;;122.32;misecast-demand-p50p90-v1;True
FC-66105a8d-a622-4c81-a729-cace0cc93739;2026-08-02;2026-08-11;9;Dinner;MI-002;MI-002-SMALL;Tofu Teriyaki Bowl;Small;Signature Bowls;8.75;8.343179244352273;;10.05422231982912;;47;;;;;124.31;misecast-demand-p50p90-v1;True
FC-33b2bf5e-d537-42ac-9c69-18545a0f9505;2026-08-02;2026-08-02;0;Lunch;MI-002;MI-002-SMALL;Tofu Teriyaki Bowl;Small;Signature Bowls;6.25;6.232378484679253;;7.032982941406782;;32;;;;;92.86;misecast-demand-p50p90-v1;True
FC-b0315fe5-8651-4482-899c-84a6fbaa323c;2026-08-02;2026-08-03;1;Lunch;MI-002;MI-002-SMALL;Tofu Teriyaki Bowl;Small;Signature Bowls;6.25;5.968714918395047;;6.9094843191393;;22;;;;;88.93;misecast-demand-p50p90-v1;True
FC-e92a8c90-9272-4959-8d8c-612b9c66f9e9;2026-08-02;2026-08-04;2;Lunch;MI-002;MI-002-SMALL;Tofu Teriyaki Bowl;Small;Signature Bowls;6.25;5.9546720083510944;;6.9445348037475;;29;;;;;88.72;misecast-demand-p50p90-v1;True
FC-0a133ab5-227b-4660-9a80-1f9408ce1f07;2026-08-02;2026-08-05;3;Lunch;MI-002;MI-002-SMALL;Tofu Teriyaki Bowl;Small;Signature Bowls;5.75;5.993514430977624;;6.921177297915278;;22;;;;;89.3;misecast-demand-p50p90-v1;True
FC-8197d61d-ae98-4d51-a317-827879097139;2026-08-02;2026-08-06;4;Lunch;MI-002;MI-002-SMALL;Tofu Teriyaki Bowl;Small;Signature Bowls;5.75;6.006706544812112;;6.919820559946589;;36;;;;;89.5;misecast-demand-p50p90-v1;True
FC-a1d17d81-526f-4d08-b14c-8b11a71adaaa;2026-08-02;2026-08-07;5;Lunch;MI-002;MI-002-SMALL;Tofu Teriyaki Bowl;Small;Signature Bowls;6.0;5.983857569048219;;6.96727120951089;;37;;;;;89.16;misecast-demand-p50p90-v1;True
FC-34db9b36-5c55-4879-bba1-4c085f1bb194;2026-08-02;2026-08-08;6;Lunch;MI-002;MI-002-SMALL;Tofu Teriyaki Bowl;Small;Signature Bowls;7.0;6.931400192132611;;7.4851824160996365;;39;;;;;103.28;misecast-demand-p50p90-v1;True
FC-d79a72f0-d476-4c29-a224-009f9af283ca;2026-08-02;2026-08-09;7;Lunch;MI-002;MI-002-SMALL;Tofu Teriyaki Bowl;Small;Signature Bowls;6.25;6.22542422520464;;7.017165994715197;;30;;;;;92.76;misecast-demand-p50p90-v1;True
FC-051adb7c-627d-491a-a5c3-6cf22e599c75;2026-08-02;2026-08-10;8;Lunch;MI-002;MI-002-SMALL;Tofu Teriyaki Bowl;Small;Signature Bowls;6.25;5.9998500712485185;;6.94398679181275;;24;;;;;89.4;misecast-demand-p50p90-v1;True
FC-e319b6b9-c0bf-444f-97ab-4bc22e0fab1f;2026-08-02;2026-08-11;9;Lunch;MI-002;MI-002-SMALL;Tofu Teriyaki Bowl;Small;Signature Bowls;6.25;5.977773778819222;;6.935917480124159;;26;;;;;89.07;misecast-demand-p50p90-v1;True
FC-50436555-d1aa-4633-bff2-aba7d55cb118;2026-08-02;2026-08-02;0;Dinner;MI-002;MI-002-LARGE;Tofu Teriyaki Bowl;Large;Signature Bowls;9.5;10.10452307703406;;10.835545749646654;;60;;;;;180.87;misecast-demand-p50p90-v1;True
FC-afcab0d3-9d01-46ba-8450-877ffc79725a;2026-08-02;2026-08-03;1;Dinner;MI-002;MI-002-LARGE;Tofu Teriyaki Bowl;Large;Signature Bowls;8.75;8.228029072050612;;9.850445011828784;;38;;;;;147.28;misecast-demand-p50p90-v1;True
FC-c6b05c03-9b39-4a31-bc78-b8b8332e9bc9;2026-08-02;2026-08-04;2;Dinner;MI-002;MI-002-LARGE;Tofu Teriyaki Bowl;Large;Signature Bowls;9.0;8.220094784938228;;10.122675778936165;;41;;;;;147.14;misecast-demand-p50p90-v1;True
FC-d6695de9-9254-4a3c-9fcd-51b0407a786c;2026-08-02;2026-08-05;3;Dinner;MI-002;MI-002-LARGE;Tofu Teriyaki Bowl;Large;Signature Bowls;9.0;8.402550558820165;;10.167013053425189;;36;;;;;150.41;misecast-demand-p50p90-v1;True
FC-94a2ee50-bf7a-443c-b8fb-7ab4798397ea;2026-08-02;2026-08-06;4;Dinner;MI-002;MI-002-LARGE;Tofu Teriyaki Bowl;Large;Signature Bowls;8.75;8.34558611543648;;9.890450528830309;;50;;;;;149.39;misecast-demand-p50p90-v1;True
FC-ac9f864d-02d2-4553-9701-a2dd6ab23d25;2026-08-02;2026-08-07;5;Dinner;MI-002;MI-002-LARGE;Tofu Teriyaki Bowl;Large;Signature Bowls;9.25;8.595141536802421;;10.337616514616021;;62;;;;;153.85;misecast-demand-p50p90-v1;True
FC-1cc487ed-7a5d-414d-ba6c-38aec4e56f17;2026-08-02;2026-08-08;6;Dinner;MI-002;MI-002-LARGE;Tofu Teriyaki Bowl;Large;Signature Bowls;10.5;11.232279304912357;;11.884685394369653;;83;;;;;201.06;misecast-demand-p50p90-v1;True
FC-1917e485-6475-4dd8-a796-611f26c91a31;2026-08-02;2026-08-09;7;Dinner;MI-002;MI-002-LARGE;Tofu Teriyaki Bowl;Large;Signature Bowls;9.5;10.147642244010557;;10.779303758358362;;47;;;;;181.64;misecast-demand-p50p90-v1;True
FC-3ed8d893-b41a-42e5-97d5-b622d4cb4f4e;2026-08-02;2026-08-10;8;Dinner;MI-002;MI-002-LARGE;Tofu Teriyaki Bowl;Large;Signature Bowls;8.75;8.627418948279395;;9.91388828425529;;35;;;;;154.43;misecast-demand-p50p90-v1;True
FC-8eb4a8c8-e1b5-42c4-9079-a41cbc38de70;2026-08-02;2026-08-11;9;Dinner;MI-002;MI-002-LARGE;Tofu Teriyaki Bowl;Large;Signature Bowls;9.0;8.580250423174636;;10.186418765881028;;47;;;;;153.59;misecast-demand-p50p90-v1;True
FC-96d6ff7a-2c29-4d24-871e-9d83dd890581;2026-08-02;2026-08-02;0;Lunch;MI-002;MI-002-LARGE;Tofu Teriyaki Bowl;Large;Signature Bowls;6.0;6.160455762993293;;7.060785317595131;;32;;;;;110.27;misecast-demand-p50p90-v1;True
FC-0a35f4b9-9008-493e-945d-d01b6c2ddffb;2026-08-02;2026-08-03;1;Lunch;MI-002;MI-002-LARGE;Tofu Teriyaki Bowl;Large;Signature Bowls;6.25;5.910074942638677;;6.948625386916475;;22;;;;;105.79;misecast-demand-p50p90-v1;True
FC-b1e534cc-c331-4aaa-9544-9d2ab8400b8b;2026-08-02;2026-08-04;2;Lunch;MI-002;MI-002-LARGE;Tofu Teriyaki Bowl;Large;Signature Bowls;6.25;5.958264782939642;;6.930791081860578;;29;;;;;106.65;misecast-demand-p50p90-v1;True
FC-4855365e-8e81-4df3-bd1b-81fdbc7ae832;2026-08-02;2026-08-05;3;Lunch;MI-002;MI-002-LARGE;Tofu Teriyaki Bowl;Large;Signature Bowls;5.25;5.952735462934135;;6.941196284890947;;22;;;;;106.55;misecast-demand-p50p90-v1;True
FC-cf5767c7-487d-42ed-8187-b100011661e5;2026-08-02;2026-08-06;4;Lunch;MI-002;MI-002-LARGE;Tofu Teriyaki Bowl;Large;Signature Bowls;5.5;5.99279267310134;;6.916190560066123;;36;;;;;107.27;misecast-demand-p50p90-v1;True
FC-932e517b-b96c-403c-9fd3-be6af6790c07;2026-08-02;2026-08-07;5;Lunch;MI-002;MI-002-LARGE;Tofu Teriyaki Bowl;Large;Signature Bowls;5.5;6.008048693316497;;6.935123865705297;;37;;;;;107.54;misecast-demand-p50p90-v1;True
FC-5fbfa305-e2e5-4125-9c35-80f0f964e0db;2026-08-02;2026-08-08;6;Lunch;MI-002;MI-002-LARGE;Tofu Teriyaki Bowl;Large;Signature Bowls;7.25;6.959329574978318;;7.575169780900873;;39;;;;;124.57;misecast-demand-p50p90-v1;True
FC-2fe11b33-879b-49fc-a555-15751bedf308;2026-08-02;2026-08-09;7;Lunch;MI-002;MI-002-LARGE;Tofu Teriyaki Bowl;Large;Signature Bowls;6.0;6.163024276484145;;7.037929910136888;;30;;;;;110.32;misecast-demand-p50p90-v1;True
FC-a389268f-02a3-46de-8bf8-bd1d4eedd7bf;2026-08-02;2026-08-10;8;Lunch;MI-002;MI-002-LARGE;Tofu Teriyaki Bowl;Large;Signature Bowls;6.25;5.95670377453424;;6.9339507386290125;;24;;;;;106.62;misecast-demand-p50p90-v1;True
FC-1c5d4508-9970-4d81-ba80-b65c5c653baf;2026-08-02;2026-08-11;9;Lunch;MI-002;MI-002-LARGE;Tofu Teriyaki Bowl;Large;Signature Bowls;6.25;5.964993396419526;;6.931428811465201;;26;;;;;106.77;misecast-demand-p50p90-v1;True
FC-98acb002-d8e2-4e18-9860-943cba55eca1;2026-08-02;2026-08-02;0;Dinner;MI-003;MI-003-SMALL;Miso Eggplant Bowl;Small;Signature Bowls;10.75;10.364325941982472;;11.648053514929257;;60;;;;;164.79;misecast-demand-p50p90-v1;True
FC-ab143fc8-bfb7-4484-a7dd-a5bc1ff2f9a4;2026-08-02;2026-08-03;1;Dinner;MI-003;MI-003-SMALL;Miso Eggplant Bowl;Small;Signature Bowls;8.75;8.93156319999208;;9.851956087053674;;38;;;;;142.01;misecast-demand-p50p90-v1;True
FC-03957b75-0493-4bc1-9d3d-69551df4441f;2026-08-02;2026-08-04;2;Dinner;MI-003;MI-003-SMALL;Miso Eggplant Bowl;Small;Signature Bowls;8.5;9.064602085881846;;9.511161518696643;;41;;;;;144.13;misecast-demand-p50p90-v1;True
FC-ef7edcd4-c241-4957-b734-45fd9134c1a0;2026-08-02;2026-08-05;3;Dinner;MI-003;MI-003-SMALL;Miso Eggplant Bowl;Small;Signature Bowls;9.25;9.059423825157062;;10.157386526475895;;36;;;;;144.04;misecast-demand-p50p90-v1;True
FC-fbf99489-ae7a-4a56-ab53-fce09967d0c9;2026-08-02;2026-08-06;4;Dinner;MI-003;MI-003-SMALL;Miso Eggplant Bowl;Small;Signature Bowls;9.5;8.960816363346666;;10.148594720923496;;50;;;;;142.48;misecast-demand-p50p90-v1;True
FC-8e1c91eb-b24c-4825-8b35-54dc8484faa1;2026-08-02;2026-08-07;5;Dinner;MI-003;MI-003-SMALL;Miso Eggplant Bowl;Small;Signature Bowls;8.75;8.97289541551939;;9.927810241809087;;62;;;;;142.67;misecast-demand-p50p90-v1;True
FC-a08191d9-e893-47f7-9fe6-5c0574fe04f4;2026-08-02;2026-08-08;6;Dinner;MI-003;MI-003-SMALL;Miso Eggplant Bowl;Small;Signature Bowls;10.5;10.884966342138384;;11.770710470796246;;83;;;;;173.07;misecast-demand-p50p90-v1;True
FC-f29da87f-30a5-40a9-a36c-f8b0911aa195;2026-08-02;2026-08-09;7;Dinner;MI-003;MI-003-SMALL;Miso Eggplant Bowl;Small;Signature Bowls;10.75;10.522093521060652;;11.622946216230545;;47;;;;;167.3;misecast-demand-p50p90-v1;True
FC-aea9fa53-2efa-47f1-b67d-013820a7f35c;2026-08-02;2026-08-10;8;Dinner;MI-003;MI-003-SMALL;Miso Eggplant Bowl;Small;Signature Bowls;8.75;8.902965201438045;;9.842734355526746;;35;;;;;141.56;misecast-demand-p50p90-v1;True
FC-fe54ec5c-a208-455b-9d4b-22ef32cbfbc7;2026-08-02;2026-08-11;9;Dinner;MI-003;MI-003-SMALL;Miso Eggplant Bowl;Small;Signature Bowls;8.5;9.036685378506082;;9.54342124936839;;47;;;;;143.68;misecast-demand-p50p90-v1;True
FC-af9cf3c6-eaaf-4bb7-8b1a-8f64e151cc5d;2026-08-02;2026-08-02;0;Lunch;MI-003;MI-003-SMALL;Miso Eggplant Bowl;Small;Signature Bowls;7.5;6.923704562250272;;7.71574850391414;;32;;;;;110.09;misecast-demand-p50p90-v1;True
FC-82b3954e-6c31-46d8-b320-3c23930609bf;2026-08-02;2026-08-03;1;Lunch;MI-003;MI-003-SMALL;Miso Eggplant Bowl;Small;Signature Bowls;6.25;6.585195456346417;;6.986768220953589;;22;;;;;104.7;misecast-demand-p50p90-v1;True
FC-8d9f0f0a-cb5e-4e30-9cb1-88214eae8cb9;2026-08-02;2026-08-04;2;Lunch;MI-003;MI-003-SMALL;Miso Eggplant Bowl;Small;Signature Bowls;6.5;6.406718769774196;;6.9628009909621795;;29;;;;;101.87;misecast-demand-p50p90-v1;True
FC-61b8fab4-24ce-4311-9983-5d27075117fa;2026-08-02;2026-08-05;3;Lunch;MI-003;MI-003-SMALL;Miso Eggplant Bowl;Small;Signature Bowls;7.0;6.6787631969303884;;7.472627939874715;;22;;;;;106.19;misecast-demand-p50p90-v1;True
FC-eb20b41e-36a6-4bd0-9d6c-a5795ca1ab6e;2026-08-02;2026-08-06;4;Lunch;MI-003;MI-003-SMALL;Miso Eggplant Bowl;Small;Signature Bowls;6.25;6.391339734814525;;6.971292841651892;;36;;;;;101.62;misecast-demand-p50p90-v1;True
FC-23433565-9668-47a3-8551-e081cfc8268c;2026-08-02;2026-08-07;5;Lunch;MI-003;MI-003-SMALL;Miso Eggplant Bowl;Small;Signature Bowls;6.75;6.318878271777553;;7.094089079671489;;37;;;;;100.47;misecast-demand-p50p90-v1;True
FC-017ec0e1-4c5e-4286-8bca-f5b4ee0a2b82;2026-08-02;2026-08-08;6;Lunch;MI-003;MI-003-SMALL;Miso Eggplant Bowl;Small;Signature Bowls;6.5;6.484511176016362;;7.017646345972793;;39;;;;;103.1;misecast-demand-p50p90-v1;True
FC-064e8727-b9d3-4db5-9179-025d3372d2b5;2026-08-02;2026-08-09;7;Lunch;MI-003;MI-003-SMALL;Miso Eggplant Bowl;Small;Signature Bowls;7.5;7.000390574528906;;7.718976123935656;;30;;;;;111.31;misecast-demand-p50p90-v1;True
FC-be157fae-9be7-4b00-a956-cbced84718e6;2026-08-02;2026-08-10;8;Lunch;MI-003;MI-003-SMALL;Miso Eggplant Bowl;Small;Signature Bowls;6.25;6.530762868143549;;6.926901144686417;;24;;;;;103.84;misecast-demand-p50p90-v1;True
FC-51141857-fc23-463a-a40a-dcf803bf0639;2026-08-02;2026-08-11;9;Lunch;MI-003;MI-003-SMALL;Miso Eggplant Bowl;Small;Signature Bowls;6.5;6.402948116642605;;6.950642181155353;;26;;;;;101.81;misecast-demand-p50p90-v1;True
FC-458b7883-ba6c-4a75-8156-2ff59b95cb6d;2026-08-02;2026-08-02;0;Dinner;MI-003;MI-003-LARGE;Miso Eggplant Bowl;Large;Signature Bowls;10.75;10.287046812708487;;11.652824354078245;;60;;;;;194.43;misecast-demand-p50p90-v1;True
FC-93f371e6-5e9a-4cbb-a5f0-05f931f2afac;2026-08-02;2026-08-03;1;Dinner;MI-003;MI-003-LARGE;Miso Eggplant Bowl;Large;Signature Bowls;9.25;9.013703434161478;;10.184946550220761;;38;;;;;170.36;misecast-demand-p50p90-v1;True
FC-1e5faf54-05fe-4598-aa95-258e6a0f29f6;2026-08-02;2026-08-04;2;Dinner;MI-003;MI-003-LARGE;Miso Eggplant Bowl;Large;Signature Bowls;8.5;9.059044024217547;;9.762170917117412;;41;;;;;171.22;misecast-demand-p50p90-v1;True
FC-d8cf1491-9604-42c1-9b43-9c23ff8b246b;2026-08-02;2026-08-05;3;Dinner;MI-003;MI-003-LARGE;Miso Eggplant Bowl;Large;Signature Bowls;8.75;8.87847992596277;;10.013958558446896;;36;;;;;167.8;misecast-demand-p50p90-v1;True
FC-b33eb92a-fdb5-4add-959c-51d262f331a5;2026-08-02;2026-08-06;4;Dinner;MI-003;MI-003-LARGE;Miso Eggplant Bowl;Large;Signature Bowls;9.75;9.1845258513137;;10.84055866136997;;50;;;;;173.59;misecast-demand-p50p90-v1;True
FC-5ccf9906-cf9c-4e35-b8c9-5fac4769c5b6;2026-08-02;2026-08-07;5;Dinner;MI-003;MI-003-LARGE;Miso Eggplant Bowl;Large;Signature Bowls;9.0;8.772679644267463;;10.437863269145943;;62;;;;;165.8;misecast-demand-p50p90-v1;True
FC-8bdc55a8-98dd-478e-a21b-7c7b1efcc36f;2026-08-02;2026-08-08;6;Dinner;MI-003;MI-003-LARGE;Miso Eggplant Bowl;Large;Signature Bowls;10.5;11.02273866411237;;11.814032171210505;;83;;;;;208.33;misecast-demand-p50p90-v1;True
FC-b4e0854b-4452-4c14-9047-95ca87954757;2026-08-02;2026-08-09;7;Dinner;MI-003;MI-003-LARGE;Miso Eggplant Bowl;Large;Signature Bowls;10.75;10.402242259834452;;11.630641718047224;;47;;;;;196.6;misecast-demand-p50p90-v1;True
FC-87c2e884-8448-4fa8-bb72-3fe091135d71;2026-08-02;2026-08-10;8;Dinner;MI-003;MI-003-LARGE;Miso Eggplant Bowl;Large;Signature Bowls;9.25;9.154176444389245;;10.218147563525878;;35;;;;;173.01;misecast-demand-p50p90-v1;True
FC-ec59bfbd-148e-463e-aa47-3be0e7bc3a51;2026-08-02;2026-08-11;9;Dinner;MI-003;MI-003-LARGE;Miso Eggplant Bowl;Large;Signature Bowls;8.5;9.143914003974794;;9.801085892848082;;47;;;;;172.82;misecast-demand-p50p90-v1;True
FC-8f451c09-c855-4551-a90c-2df0679cd8b9;2026-08-02;2026-08-02;0;Lunch;MI-003;MI-003-LARGE;Miso Eggplant Bowl;Large;Signature Bowls;7.25;6.783473395020168;;7.7676044972987;;32;;;;;128.21;misecast-demand-p50p90-v1;True
FC-f72a7eaf-c0c9-4910-b1e9-bc5c738d5dfc;2026-08-02;2026-08-03;1;Lunch;MI-003;MI-003-LARGE;Miso Eggplant Bowl;Large;Signature Bowls;6.0;6.560473372688716;;7.025449726852832;;22;;;;;123.99;misecast-demand-p50p90-v1;True
FC-0f441cde-5471-4447-bbf6-7f43462daf5c;2026-08-02;2026-08-04;2;Lunch;MI-003;MI-003-LARGE;Miso Eggplant Bowl;Large;Signature Bowls;6.5;6.345175127971286;;7.002190083540199;;29;;;;;119.92;misecast-demand-p50p90-v1;True
FC-e5e79c7b-ad5a-4137-9eb2-e8b031070569;2026-08-02;2026-08-05;3;Lunch;MI-003;MI-003-LARGE;Miso Eggplant Bowl;Large;Signature Bowls;6.75;6.257482454638083;;7.094240132972978;;22;;;;;118.27;misecast-demand-p50p90-v1;True
FC-f410bbb6-4de4-45d2-bc66-fabdcdb0b864;2026-08-02;2026-08-06;4;Lunch;MI-003;MI-003-LARGE;Miso Eggplant Bowl;Large;Signature Bowls;6.75;6.2818482723472115;;7.099433285668043;;36;;;;;118.73;misecast-demand-p50p90-v1;True
FC-bbad3d73-3c11-4311-9c7d-221c1aecf7f7;2026-08-02;2026-08-07;5;Lunch;MI-003;MI-003-LARGE;Miso Eggplant Bowl;Large;Signature Bowls;6.5;6.382438813737634;;6.981814234814308;;37;;;;;120.63;misecast-demand-p50p90-v1;True
FC-73be0896-8a6f-454a-9e0a-21925ed04a33;2026-08-02;2026-08-08;6;Lunch;MI-003;MI-003-LARGE;Miso Eggplant Bowl;Large;Signature Bowls;6.5;6.493495285077238;;7.021854563446519;;39;;;;;122.73;misecast-demand-p50p90-v1;True
FC-799730f7-c9d5-4169-ba89-9998caf2bbfa;2026-08-02;2026-08-09;7;Lunch;MI-003;MI-003-LARGE;Miso Eggplant Bowl;Large;Signature Bowls;7.25;6.786982893632549;;7.765705771292518;;30;;;;;128.27;misecast-demand-p50p90-v1;True
FC-d2a4c512-1856-4119-8de9-e45e764a4fa2;2026-08-02;2026-08-10;8;Lunch;MI-003;MI-003-LARGE;Miso Eggplant Bowl;Large;Signature Bowls;6.0;6.503171547835844;;6.991259324662315;;24;;;;;122.91;misecast-demand-p50p90-v1;True
FC-8652384b-1a50-49e0-9bac-81de04553c17;2026-08-02;2026-08-11;9;Lunch;MI-003;MI-003-LARGE;Miso Eggplant Bowl;Large;Signature Bowls;6.5;6.334018890279669;;6.987557165234169;;26;;;;;119.71;misecast-demand-p50p90-v1;True
FC-c4d5ad70-9029-48b1-a6c4-bc2b2ee7495e;2026-08-02;2026-08-02;0;Dinner;MI-004;MI-004-SMALL;Miso Falalalafel;Small;Signature Bowls;12.0;11.611988650329874;;13.319842426845387;;60;;;;;184.63;misecast-demand-p50p90-v1;True
FC-7d4a4fed-6412-4b12-8976-d44819896a46;2026-08-02;2026-08-03;1;Dinner;MI-004;MI-004-SMALL;Miso Falalalafel;Small;Signature Bowls;10.0;10.025371700434883;;11.754284750376293;;38;;;;;159.4;misecast-demand-p50p90-v1;True
FC-40d7dd71-70f0-4a2f-9336-ab6e5694832e;2026-08-02;2026-08-04;2;Dinner;MI-004;MI-004-SMALL;Miso Falalalafel;Small;Signature Bowls;10.25;10.49622942381018;;11.755236521217169;;41;;;;;166.89;misecast-demand-p50p90-v1;True
FC-64262202-394a-4304-bc6c-23aceae5640b;2026-08-02;2026-08-05;3;Dinner;MI-004;MI-004-SMALL;Miso Falalalafel;Small;Signature Bowls;11.5;10.621456199448058;;12.25325522796342;;36;;;;;168.88;misecast-demand-p50p90-v1;True
FC-0329bd8b-b795-49ad-baa3-ff7e57b5bcce;2026-08-02;2026-08-06;4;Dinner;MI-004;MI-004-SMALL;Miso Falalalafel;Small;Signature Bowls;11.25;10.644100276326501;;12.268021052681899;;50;;;;;169.24;misecast-demand-p50p90-v1;True
FC-939376e7-a611-4624-bcff-8d47f0e4d1c0;2026-08-02;2026-08-07;5;Dinner;MI-004;MI-004-SMALL;Miso Falalalafel;Small;Signature Bowls;10.5;11.036067732391839;;12.003870919973131;;62;;;;;175.47;misecast-demand-p50p90-v1;True
FC-3ed064fc-1171-4c43-ac7b-80bc46a95ffe;2026-08-02;2026-08-08;6;Dinner;MI-004;MI-004-SMALL;Miso Falalalafel;Small;Signature Bowls;11.25;12.252302621910081;;13.512666757952092;;83;;;;;194.81;misecast-demand-p50p90-v1;True
FC-1acae728-f76d-4204-ab1a-ce0ff4472451;2026-08-02;2026-08-09;7;Dinner;MI-004;MI-004-SMALL;Miso Falalalafel;Small;Signature Bowls;12.0;11.544851425615557;;13.256988248293865;;47;;;;;183.56;misecast-demand-p50p90-v1;True
FC-fd134ca1-0076-430a-907a-18c293e78de2;2026-08-02;2026-08-10;8;Dinner;MI-004;MI-004-SMALL;Miso Falalalafel;Small;Signature Bowls;10.0;10.05776729960862;;11.794836812447642;;35;;;;;159.92;misecast-demand-p50p90-v1;True
FC-c933a4c0-87f6-4a73-82f7-6885a6eea645;2026-08-02;2026-08-11;9;Dinner;MI-004;MI-004-SMALL;Miso Falalalafel;Small;Signature Bowls;10.25;10.400361632751553;;11.788911642592009;;47;;;;;165.37;misecast-demand-p50p90-v1;True
FC-3fbac6bb-d813-4931-8b78-4eeb70f1fd5c;2026-08-02;2026-08-02;0;Lunch;MI-004;MI-004-SMALL;Miso Falalalafel;Small;Signature Bowls;8.25;7.991912240782241;;9.583451759440551;;32;;;;;127.07;misecast-demand-p50p90-v1;True
FC-983d2841-ebae-4077-b8a7-9362d8445789;2026-08-02;2026-08-03;1;Lunch;MI-004;MI-004-SMALL;Miso Falalalafel;Small;Signature Bowls;7.5;7.292157946745409;;8.87499378656493;;22;;;;;115.95;misecast-demand-p50p90-v1;True
FC-8a571268-3225-4561-9cd4-c9bd8d4feaa4;2026-08-02;2026-08-04;2;Lunch;MI-004;MI-004-SMALL;Miso Falalalafel;Small;Signature Bowls;7.25;7.858082947226523;;8.855312401900486;;29;;;;;124.94;misecast-demand-p50p90-v1;True
FC-460817f5-57e9-436a-90ce-d4fece9bae48;2026-08-02;2026-08-05;3;Lunch;MI-004;MI-004-SMALL;Miso Falalalafel;Small;Signature Bowls;7.25;7.722286501916271;;8.896753994757072;;22;;;;;122.78;misecast-demand-p50p90-v1;True
FC-5c3aa8b2-5a60-4c77-ae21-e0782a42c0cf;2026-08-02;2026-08-06;4;Lunch;MI-004;MI-004-SMALL;Miso Falalalafel;Small;Signature Bowls;7.5;7.943008033947991;;8.928108739327854;;36;;;;;126.29;misecast-demand-p50p90-v1;True
FC-67448bec-2e5e-44c0-bd93-c562dc795330;2026-08-02;2026-08-07;5;Lunch;MI-004;MI-004-SMALL;Miso Falalalafel;Small;Signature Bowls;7.75;7.9609129839657005;;9.581173856884273;;37;;;;;126.58;misecast-demand-p50p90-v1;True
FC-6038c471-7e8a-4345-92ed-1b95f4d65191;2026-08-02;2026-08-08;6;Lunch;MI-004;MI-004-SMALL;Miso Falalalafel;Small;Signature Bowls;8.5;8.210792745648149;;9.67461753251643;;39;;;;;130.55;misecast-demand-p50p90-v1;True
FC-33cc7331-3362-4cf9-a065-1dfec97c5bdb;2026-08-02;2026-08-09;7;Lunch;MI-004;MI-004-SMALL;Miso Falalalafel;Small;Signature Bowls;8.25;8.000004225072367;;9.692722733987715;;30;;;;;127.2;misecast-demand-p50p90-v1;True
FC-abe7dbee-e6ca-4bfc-b048-78b6834cfa54;2026-08-02;2026-08-10;8;Lunch;MI-004;MI-004-SMALL;Miso Falalalafel;Small;Signature Bowls;7.5;7.413459354369264;;8.972461793473132;;24;;;;;117.87;misecast-demand-p50p90-v1;True
FC-77b9c367-49ce-40fc-84d6-f7cbc7086df9;2026-08-02;2026-08-11;9;Lunch;MI-004;MI-004-SMALL;Miso Falalalafel;Small;Signature Bowls;7.25;7.749876661144551;;8.936690187938625;;26;;;;;123.22;misecast-demand-p50p90-v1;True
FC-25976cda-649a-4775-9e46-bfba2e59439c;2026-08-02;2026-08-02;0;Dinner;MI-004;MI-004-LARGE;Miso Falalalafel;Large;Signature Bowls;11.75;11.617771021255352;;13.055821096109383;;60;;;;;219.58;misecast-demand-p50p90-v1;True
FC-5537c7ba-600a-48fd-9fa6-b3b43775c3d6;2026-08-02;2026-08-03;1;Dinner;MI-004;MI-004-LARGE;Miso Falalalafel;Large;Signature Bowls;9.75;9.903333328786774;;11.539387566351483;;38;;;;;187.17;misecast-demand-p50p90-v1;True
FC-50870c2d-082b-43bd-ba51-3659632cd8d7;2026-08-02;2026-08-04;2;Dinner;MI-004;MI-004-LARGE;Miso Falalalafel;Large;Signature Bowls;10.0;9.960088890061968;;11.550415965771679;;41;;;;;188.25;misecast-demand-p50p90-v1;True
FC-be8009f9-e6a1-4ca0-b674-10a979342932;2026-08-02;2026-08-05;3;Dinner;MI-004;MI-004-LARGE;Miso Falalalafel;Large;Signature Bowls;11.5;10.58188816624026;;12.096684502987017;;36;;;;;200.0;misecast-demand-p50p90-v1;True
FC-74c6c1c5-2b16-44dd-bd29-68abb816034f;2026-08-02;2026-08-06;4;Dinner;MI-004;MI-004-LARGE;Miso Falalalafel;Large;Signature Bowls;11.25;10.573260955287468;;12.08468166045685;;50;;;;;199.83;misecast-demand-p50p90-v1;True
FC-23e071a4-381a-4d07-9f6d-019e7fff79d1;2026-08-02;2026-08-07;5;Dinner;MI-004;MI-004-LARGE;Miso Falalalafel;Large;Signature Bowls;10.5;10.891919779477584;;11.810012909748103;;62;;;;;205.86;misecast-demand-p50p90-v1;True
FC-da8ebf93-e1a6-4032-8915-976623f4196f;2026-08-02;2026-08-08;6;Dinner;MI-004;MI-004-LARGE;Miso Falalalafel;Large;Signature Bowls;12.0;12.332473413430536;;13.099458704987018;;83;;;;;233.08;misecast-demand-p50p90-v1;True
FC-c7197377-c514-4ce2-9392-84efff4953b3;2026-08-02;2026-08-09;7;Dinner;MI-004;MI-004-LARGE;Miso Falalalafel;Large;Signature Bowls;11.75;11.581621318384963;;13.049661348431416;;47;;;;;218.89;misecast-demand-p50p90-v1;True
FC-5cda842f-4ff5-4711-9561-9f5da262e2db;2026-08-02;2026-08-10;8;Dinner;MI-004;MI-004-LARGE;Miso Falalalafel;Large;Signature Bowls;9.75;9.923222099180112;;11.606137244305105;;35;;;;;187.55;misecast-demand-p50p90-v1;True
FC-86682b2c-fb63-4f96-b183-520c8cf9d632;2026-08-02;2026-08-11;9;Dinner;MI-004;MI-004-LARGE;Miso Falalalafel;Large;Signature Bowls;10.0;9.868462537266865;;11.611706270747902;;47;;;;;186.51;misecast-demand-p50p90-v1;True
FC-effae459-54a9-445b-bb17-7d2894e2ec3f;2026-08-02;2026-08-02;0;Lunch;MI-004;MI-004-LARGE;Miso Falalalafel;Large;Signature Bowls;8.0;8.062085050204107;;9.263161304756999;;32;;;;;152.37;misecast-demand-p50p90-v1;True
FC-402af542-615c-49b9-b147-e4a7daba8261;2026-08-02;2026-08-03;1;Lunch;MI-004;MI-004-LARGE;Miso Falalalafel;Large;Signature Bowls;7.75;7.4189197143811985;;9.2118140660689;;22;;;;;140.22;misecast-demand-p50p90-v1;True
FC-7d32eeed-45c5-4da3-adf4-133521fbe286;2026-08-02;2026-08-04;2;Lunch;MI-004;MI-004-LARGE;Miso Falalalafel;Large;Signature Bowls;7.75;7.9194868684220765;;9.229198987891234;;29;;;;;149.68;misecast-demand-p50p90-v1;True
FC-51575f53-4cb6-47ad-a036-f2833cee2c1b;2026-08-02;2026-08-05;3;Lunch;MI-004;MI-004-LARGE;Miso Falalalafel;Large;Signature Bowls;7.25;7.7193981146685395;;8.131958464207557;;22;;;;;145.9;misecast-demand-p50p90-v1;True
FC-114af745-939c-419a-9116-00a0e347ff78;2026-08-02;2026-08-06;4;Lunch;MI-004;MI-004-LARGE;Miso Falalalafel;Large;Signature Bowls;7.75;7.9258290080746825;;9.23495191522395;;36;;;;;149.8;misecast-demand-p50p90-v1;True
FC-bdad880c-ea9a-4b9b-a672-9a918ce2c0b5;2026-08-02;2026-08-07;5;Lunch;MI-004;MI-004-LARGE;Miso Falalalafel;Large;Signature Bowls;7.5;7.955989313753607;;8.136607225114853;;37;;;;;150.37;misecast-demand-p50p90-v1;True
FC-e29a615e-3ca5-4445-8f54-57625d555830;2026-08-02;2026-08-08;6;Lunch;MI-004;MI-004-LARGE;Miso Falalalafel;Large;Signature Bowls;8.0;7.98661645811096;;9.215948359989092;;39;;;;;150.95;misecast-demand-p50p90-v1;True
FC-acc64461-d904-403a-8bb9-788ddc565582;2026-08-02;2026-08-09;7;Lunch;MI-004;MI-004-LARGE;Miso Falalalafel;Large;Signature Bowls;8.0;8.044567538201507;;9.303848491719744;;30;;;;;152.04;misecast-demand-p50p90-v1;True
FC-a204b21b-25da-48bc-9afa-3731a97168d1;2026-08-02;2026-08-10;8;Lunch;MI-004;MI-004-LARGE;Miso Falalalafel;Large;Signature Bowls;7.75;7.449628392454354;;9.228826039044135;;24;;;;;140.8;misecast-demand-p50p90-v1;True
FC-821a5975-2d73-42cf-9b46-c5b908bd247f;2026-08-02;2026-08-11;9;Lunch;MI-004;MI-004-LARGE;Miso Falalalafel;Large;Signature Bowls;7.75;7.867269346384422;;9.233288552963844;;26;;;;;148.69;misecast-demand-p50p90-v1;True
FC-7c464dca-fa1d-4913-83e1-a63f1034e44b;2026-08-02;2026-08-02;0;Dinner;MI-005;MI-005-SMALL;Sashimi Bowl;Small;Signature Bowls;12.25;11.239994157293374;;12.676084244196138;;60;;;;;201.2;misecast-demand-p50p90-v1;True
FC-813934fa-83f3-40e0-9349-180a078ab5e7;2026-08-02;2026-08-03;1;Dinner;MI-005;MI-005-SMALL;Sashimi Bowl;Small;Signature Bowls;10.25;10.008202863440333;;10.961516024433603;;38;;;;;179.15;misecast-demand-p50p90-v1;True
FC-f525b305-3069-46dc-963f-aa5127f36f0f;2026-08-02;2026-08-04;2;Dinner;MI-005;MI-005-SMALL;Sashimi Bowl;Small;Signature Bowls;10.25;9.974518791887046;;11.014660226529712;;41;;;;;178.54;misecast-demand-p50p90-v1;True
FC-f3135d58-2db6-4981-a199-7f7e507104af;2026-08-02;2026-08-05;3;Dinner;MI-005;MI-005-SMALL;Sashimi Bowl;Small;Signature Bowls;8.75;9.036411159911319;;10.247533709178906;;36;;;;;161.75;misecast-demand-p50p90-v1;True
FC-cb7e09a0-06d2-44d0-a1f2-c2d1d206623e;2026-08-02;2026-08-06;4;Dinner;MI-005;MI-005-SMALL;Sashimi Bowl;Small;Signature Bowls;9.0;9.099619208584805;;10.390434203064864;;50;;;;;162.88;misecast-demand-p50p90-v1;True
FC-0e37e282-5c94-49c6-bf83-09ab8301dd5c;2026-08-02;2026-08-07;5;Dinner;MI-005;MI-005-SMALL;Sashimi Bowl;Small;Signature Bowls;10.0;9.61364120023768;;11.114282051351587;;62;;;;;172.08;misecast-demand-p50p90-v1;True
FC-9b224495-3384-4d88-99e4-2b1f122f10e0;2026-08-02;2026-08-08;6;Dinner;MI-005;MI-005-SMALL;Sashimi Bowl;Small;Signature Bowls;12.0;12.156110642018783;;12.98984794617271;;83;;;;;217.59;misecast-demand-p50p90-v1;True
FC-f702e1b0-0c1d-4268-af9b-e3114c9c899e;2026-08-02;2026-08-09;7;Dinner;MI-005;MI-005-SMALL;Sashimi Bowl;Small;Signature Bowls;12.25;11.376256065782465;;12.693960275887111;;47;;;;;203.63;misecast-demand-p50p90-v1;True
FC-b27d66a7-8c5c-4981-95ee-36db5baf8cd8;2026-08-02;2026-08-10;8;Dinner;MI-005;MI-005-SMALL;Sashimi Bowl;Small;Signature Bowls;10.25;9.970104941543532;;11.117102771416072;;35;;;;;178.46;misecast-demand-p50p90-v1;True
FC-33f74868-c7ea-4ccf-8f49-e123cdd6d42a;2026-08-02;2026-08-11;9;Dinner;MI-005;MI-005-SMALL;Sashimi Bowl;Small;Signature Bowls;10.25;9.92230939418142;;11.110314521267894;;47;;;;;177.61;misecast-demand-p50p90-v1;True
FC-276e68ad-2e78-4aae-8760-438457f88933;2026-08-02;2026-08-02;0;Lunch;MI-005;MI-005-SMALL;Sashimi Bowl;Small;Signature Bowls;7.0;7.0523985873229815;;8.018392799826556;;32;;;;;126.24;misecast-demand-p50p90-v1;True
FC-8f03db70-718b-4435-a6e9-0741f5e12442;2026-08-02;2026-08-03;1;Lunch;MI-005;MI-005-SMALL;Sashimi Bowl;Small;Signature Bowls;7.0;6.869332832739361;;7.850126213603554;;22;;;;;122.96;misecast-demand-p50p90-v1;True
FC-2b3cc143-0143-4924-9bb2-fd0ff0502a94;2026-08-02;2026-08-04;2;Lunch;MI-005;MI-005-SMALL;Sashimi Bowl;Small;Signature Bowls;7.0;6.797227698364614;;7.86332921323007;;29;;;;;121.67;misecast-demand-p50p90-v1;True
FC-c013f329-9248-4ddb-9b81-9787513703f5;2026-08-02;2026-08-05;3;Lunch;MI-005;MI-005-SMALL;Sashimi Bowl;Small;Signature Bowls;6.75;6.748807321512685;;7.680753731176746;;22;;;;;120.8;misecast-demand-p50p90-v1;True
FC-0ba86026-ed37-47e1-814f-b82bbbc89118;2026-08-02;2026-08-06;4;Lunch;MI-005;MI-005-SMALL;Sashimi Bowl;Small;Signature Bowls;6.5;6.72010656229473;;7.534619827733054;;36;;;;;120.29;misecast-demand-p50p90-v1;True
FC-693fc76e-700a-445c-ab97-a671bce8da08;2026-08-02;2026-08-07;5;Lunch;MI-005;MI-005-SMALL;Sashimi Bowl;Small;Signature Bowls;6.25;6.726105865552786;;7.29712855068101;;37;;;;;120.4;misecast-demand-p50p90-v1;True
FC-ec2c564a-9d8e-40a4-98f1-1bcc5389a0df;2026-08-02;2026-08-08;6;Lunch;MI-005;MI-005-SMALL;Sashimi Bowl;Small;Signature Bowls;7.25;7.173458124396644;;8.507147434657174;;39;;;;;128.4;misecast-demand-p50p90-v1;True
FC-10cc71f6-bcc2-4c54-a829-1ed689006e22;2026-08-02;2026-08-09;7;Lunch;MI-005;MI-005-SMALL;Sashimi Bowl;Small;Signature Bowls;7.0;7.054806792693446;;8.049315078279314;;30;;;;;126.28;misecast-demand-p50p90-v1;True
FC-374e9a6d-ddd9-47f8-8cba-7535b49f3abf;2026-08-02;2026-08-10;8;Lunch;MI-005;MI-005-SMALL;Sashimi Bowl;Small;Signature Bowls;7.0;6.820899602354559;;7.895089700459057;;24;;;;;122.09;misecast-demand-p50p90-v1;True
FC-1e087139-94e6-4eb0-b18f-a7e40832615e;2026-08-02;2026-08-11;9;Lunch;MI-005;MI-005-SMALL;Sashimi Bowl;Small;Signature Bowls;7.0;6.808139287212594;;7.886634548630257;;26;;;;;121.87;misecast-demand-p50p90-v1;True
FC-adadeb17-5e00-4a6d-94cd-9154f38e18b1;2026-08-02;2026-08-02;0;Dinner;MI-005;MI-005-LARGE;Sashimi Bowl;Large;Signature Bowls;11.5;11.245238093097848;;12.110917079340686;;60;;;;;235.03;misecast-demand-p50p90-v1;True
FC-09834316-64f6-49ed-93d1-f3283a3ded2e;2026-08-02;2026-08-03;1;Dinner;MI-005;MI-005-LARGE;Sashimi Bowl;Large;Signature Bowls;10.0;9.594519115038615;;11.195376344824254;;38;;;;;200.53;misecast-demand-p50p90-v1;True
FC-2bad271f-dc8a-4945-ad44-01f5f31ceb86;2026-08-02;2026-08-04;2;Dinner;MI-005;MI-005-LARGE;Sashimi Bowl;Large;Signature Bowls;10.25;10.057440968811843;;11.218421236550306;;41;;;;;210.2;misecast-demand-p50p90-v1;True
FC-34f407ee-6029-4def-a1a6-7dcda784ca6d;2026-08-02;2026-08-05;3;Dinner;MI-005;MI-005-LARGE;Sashimi Bowl;Large;Signature Bowls;8.75;9.012226093121628;;10.374373513197058;;36;;;;;188.36;misecast-demand-p50p90-v1;True
FC-d3a304ec-d9ac-4122-bd53-a83973fc2522;2026-08-02;2026-08-06;4;Dinner;MI-005;MI-005-LARGE;Sashimi Bowl;Large;Signature Bowls;9.0;9.048718017192707;;10.672858298415441;;50;;;;;189.12;misecast-demand-p50p90-v1;True
FC-c12a1843-6a9b-4cf8-8a36-27ac78a3b1f1;2026-08-02;2026-08-07;5;Dinner;MI-005;MI-005-LARGE;Sashimi Bowl;Large;Signature Bowls;10.0;9.733558145803242;;11.28892787339903;;62;;;;;203.43;misecast-demand-p50p90-v1;True
FC-85147aa9-b825-462b-a698-b19a9848eca4;2026-08-02;2026-08-08;6;Dinner;MI-005;MI-005-LARGE;Sashimi Bowl;Large;Signature Bowls;11.5;12.063804470829115;;12.405039620851568;;83;;;;;252.13;misecast-demand-p50p90-v1;True
FC-8ad3f7d0-1555-4ca6-b4a0-c43676095ec3;2026-08-02;2026-08-09;7;Dinner;MI-005;MI-005-LARGE;Sashimi Bowl;Large;Signature Bowls;11.5;11.329860166278579;;12.146616880188883;;47;;;;;236.79;misecast-demand-p50p90-v1;True
FC-bbbaebbe-44cd-497e-972f-5a7909f9a626;2026-08-02;2026-08-10;8;Dinner;MI-005;MI-005-LARGE;Sashimi Bowl;Large;Signature Bowls;10.0;9.55480674217581;;11.263631905277164;;35;;;;;199.7;misecast-demand-p50p90-v1;True
FC-cf8d105e-f07f-4f01-b723-710b6f1d76b8;2026-08-02;2026-08-11;9;Dinner;MI-005;MI-005-LARGE;Sashimi Bowl;Large;Signature Bowls;10.25;10.014144354447303;;11.279522159781932;;47;;;;;209.3;misecast-demand-p50p90-v1;True
FC-effb648b-aaca-4781-a1e5-28eeb78257de;2026-08-02;2026-08-02;0;Lunch;MI-005;MI-005-LARGE;Sashimi Bowl;Large;Signature Bowls;7.5;7.295633535185833;;8.218792308419584;;32;;;;;152.48;misecast-demand-p50p90-v1;True
FC-70ed6f81-6324-447d-b98e-b8b61bdf2314;2026-08-02;2026-08-03;1;Lunch;MI-005;MI-005-LARGE;Sashimi Bowl;Large;Signature Bowls;7.75;7.185794863831101;;9.12864782466087;;22;;;;;150.18;misecast-demand-p50p90-v1;True
FC-984c5ff3-a9fa-4e80-b494-1970123f001e;2026-08-02;2026-08-04;2;Lunch;MI-005;MI-005-LARGE;Sashimi Bowl;Large;Signature Bowls;7.0;7.039763417612992;;7.920140366815441;;29;;;;;147.13;misecast-demand-p50p90-v1;True
FC-3f7115ea-4ec4-48c7-9075-f0697bb43c31;2026-08-02;2026-08-05;3;Lunch;MI-005;MI-005-LARGE;Sashimi Bowl;Large;Signature Bowls;6.5;6.812967715949485;;7.676534907424953;;22;;;;;142.39;misecast-demand-p50p90-v1;True
FC-f0c6965d-d406-4896-aef0-3ced540b7d87;2026-08-02;2026-08-06;4;Lunch;MI-005;MI-005-LARGE;Sashimi Bowl;Large;Signature Bowls;6.5;6.788629994996563;;7.575003425920242;;36;;;;;141.88;misecast-demand-p50p90-v1;True
FC-fe4c90bf-1519-4f58-babd-10767a22861e;2026-08-02;2026-08-07;5;Lunch;MI-005;MI-005-LARGE;Sashimi Bowl;Large;Signature Bowls;6.5;6.783340005402817;;7.591702019952557;;37;;;;;141.77;misecast-demand-p50p90-v1;True
FC-5a89b2fe-5fe1-4c71-a1b0-107ab1dc2309;2026-08-02;2026-08-08;6;Lunch;MI-005;MI-005-LARGE;Sashimi Bowl;Large;Signature Bowls;7.5;7.315114231851686;;8.163727622742604;;39;;;;;152.89;misecast-demand-p50p90-v1;True
FC-c6c7a2ff-6a8c-41cc-8c23-18c73f968552;2026-08-02;2026-08-09;7;Lunch;MI-005;MI-005-LARGE;Sashimi Bowl;Large;Signature Bowls;7.5;7.356240819277134;;8.191586315527513;;30;;;;;153.75;misecast-demand-p50p90-v1;True
FC-520e4f50-72b8-4e2c-8df1-2510090c7e77;2026-08-02;2026-08-10;8;Lunch;MI-005;MI-005-LARGE;Sashimi Bowl;Large;Signature Bowls;7.75;7.139284850909268;;9.10142366362927;;24;;;;;149.21;misecast-demand-p50p90-v1;True
FC-e21bfc4f-8f41-4031-b803-75ecbd50c39a;2026-08-02;2026-08-11;9;Lunch;MI-005;MI-005-LARGE;Sashimi Bowl;Large;Signature Bowls;7.0;7.055854990217985;;7.904791836223139;;26;;;;;147.47;misecast-demand-p50p90-v1;True
FC-fc807e3c-ee00-41e9-91ec-9e25ae643656;2026-08-02;2026-08-02;0;Dinner;MI-006;MI-006-SMALL;Poke Bowl;Small;Signature Bowls;10.5;10.090658245024542;;11.505767822193135;;60;;;;;170.53;misecast-demand-p50p90-v1;True
FC-1650a018-dd06-4c36-95c2-28a70b0763a6;2026-08-02;2026-08-03;1;Dinner;MI-006;MI-006-SMALL;Poke Bowl;Small;Signature Bowls;8.75;8.264641903738386;;9.963919462311978;;38;;;;;139.67;misecast-demand-p50p90-v1;True
FC-29533c99-0de0-4694-83e9-94267acdaa31;2026-08-02;2026-08-04;2;Dinner;MI-006;MI-006-SMALL;Poke Bowl;Small;Signature Bowls;8.5;8.8058895875173;;9.78874208248912;;41;;;;;148.82;misecast-demand-p50p90-v1;True
FC-09592991-0606-4dd6-8e56-a441923c5b0a;2026-08-02;2026-08-05;3;Dinner;MI-006;MI-006-SMALL;Poke Bowl;Small;Signature Bowls;8.5;8.845680822304395;;9.812942686349801;;36;;;;;149.49;misecast-demand-p50p90-v1;True
FC-eeac42d6-7783-45f2-b553-ddea3e6d00fe;2026-08-02;2026-08-06;4;Dinner;MI-006;MI-006-SMALL;Poke Bowl;Small;Signature Bowls;9.0;8.327483755938221;;10.323901285136799;;50;;;;;140.73;misecast-demand-p50p90-v1;True
FC-241a4949-8943-48fe-9e1e-53178ec989a6;2026-08-02;2026-08-07;5;Dinner;MI-006;MI-006-SMALL;Poke Bowl;Small;Signature Bowls;7.75;9.067828053702389;;9.763164025937652;;62;;;;;153.25;misecast-demand-p50p90-v1;True
FC-1d9e4d00-24f7-4b98-a7ca-55648cda90c3;2026-08-02;2026-08-08;6;Dinner;MI-006;MI-006-SMALL;Poke Bowl;Small;Signature Bowls;11.0;10.577239843165092;;12.01079969286344;;83;;;;;178.76;misecast-demand-p50p90-v1;True
FC-dc86b0a5-981c-45ab-ad43-833b56826f53;2026-08-02;2026-08-09;7;Dinner;MI-006;MI-006-SMALL;Poke Bowl;Small;Signature Bowls;10.5;10.185476070293026;;11.59099438184335;;47;;;;;172.13;misecast-demand-p50p90-v1;True
FC-a6d535c7-3653-4789-a222-e26789ec10d8;2026-08-02;2026-08-10;8;Dinner;MI-006;MI-006-SMALL;Poke Bowl;Small;Signature Bowls;8.75;8.651159347340798;;9.998287400840146;;35;;;;;146.2;misecast-demand-p50p90-v1;True
FC-5c47f47b-fbe6-4aca-a5de-f46088c7173c;2026-08-02;2026-08-11;9;Dinner;MI-006;MI-006-SMALL;Poke Bowl;Small;Signature Bowls;8.5;8.96113060850082;;9.828037108959927;;47;;;;;151.44;misecast-demand-p50p90-v1;True
FC-e8d289be-e8df-418a-95e1-94e9810e05d4;2026-08-02;2026-08-02;0;Lunch;MI-006;MI-006-SMALL;Poke Bowl;Small;Signature Bowls;7.25;6.866000411093936;;7.539654183734377;;32;;;;;116.04;misecast-demand-p50p90-v1;True
FC-d93d61c4-2f33-44b0-ae3c-eb0ffa06d122;2026-08-02;2026-08-03;1;Lunch;MI-006;MI-006-SMALL;Poke Bowl;Small;Signature Bowls;5.75;6.022352902057676;;6.88481737502745;;22;;;;;101.78;misecast-demand-p50p90-v1;True
FC-172c14fd-df1c-4a68-9530-623a7396722d;2026-08-02;2026-08-04;2;Lunch;MI-006;MI-006-SMALL;Poke Bowl;Small;Signature Bowls;6.0;6.00301777819516;;6.940857139176737;;29;;;;;101.45;misecast-demand-p50p90-v1;True
FC-d377c6da-aec0-4f74-9215-273cce854c69;2026-08-02;2026-08-05;3;Lunch;MI-006;MI-006-SMALL;Poke Bowl;Small;Signature Bowls;6.75;5.847866871830356;;7.103999737811328;;22;;;;;98.83;misecast-demand-p50p90-v1;True
FC-5a378e66-dada-47bb-b76f-d92597dd93d7;2026-08-02;2026-08-06;4;Lunch;MI-006;MI-006-SMALL;Poke Bowl;Small;Signature Bowls;6.25;5.998443459928353;;6.913450196628786;;36;;;;;101.37;misecast-demand-p50p90-v1;True
FC-56321fb1-2015-4675-9163-98a80cd14504;2026-08-02;2026-08-07;5;Lunch;MI-006;MI-006-SMALL;Poke Bowl;Small;Signature Bowls;6.25;5.996875537562843;;6.945204653751108;;37;;;;;101.35;misecast-demand-p50p90-v1;True
FC-f6f70af7-b9cd-4a22-b749-9da315c28a18;2026-08-02;2026-08-08;6;Lunch;MI-006;MI-006-SMALL;Poke Bowl;Small;Signature Bowls;6.25;6.215831033851084;;6.988809796766201;;39;;;;;105.05;misecast-demand-p50p90-v1;True
FC-51bff1f5-ea11-42d2-810b-d3ed54734c7e;2026-08-02;2026-08-09;7;Lunch;MI-006;MI-006-SMALL;Poke Bowl;Small;Signature Bowls;7.25;6.872793886520484;;7.540372261154339;;30;;;;;116.15;misecast-demand-p50p90-v1;True
FC-54d9fd25-941f-470f-80aa-6b82895eddb5;2026-08-02;2026-08-10;8;Lunch;MI-006;MI-006-SMALL;Poke Bowl;Small;Signature Bowls;5.75;5.983329423838017;;6.890893240417426;;24;;;;;101.12;misecast-demand-p50p90-v1;True
FC-0104ebf9-6b95-46fe-9077-f8d2d6ed95b8;2026-08-02;2026-08-11;9;Lunch;MI-006;MI-006-SMALL;Poke Bowl;Small;Signature Bowls;6.0;5.979262110666591;;6.94397789602273;;26;;;;;101.05;misecast-demand-p50p90-v1;True
FC-4ea38d6d-0cc3-44b5-b4a1-4defc8b86459;2026-08-02;2026-08-02;0;Dinner;MI-006;MI-006-LARGE;Poke Bowl;Large;Signature Bowls;11.0;10.327875737316761;;11.611837500517963;;60;;;;;205.52;misecast-demand-p50p90-v1;True
FC-1a968da8-e88d-4396-af7f-bb5f0da5feb0;2026-08-02;2026-08-03;1;Dinner;MI-006;MI-006-LARGE;Poke Bowl;Large;Signature Bowls;8.5;8.776353469077343;;9.594270635498242;;38;;;;;174.65;misecast-demand-p50p90-v1;True
FC-bbcbc434-3a79-4e8d-9490-d6787f013e50;2026-08-02;2026-08-04;2;Dinner;MI-006;MI-006-LARGE;Poke Bowl;Large;Signature Bowls;8.25;8.909507355094862;;9.532895491515168;;41;;;;;177.3;misecast-demand-p50p90-v1;True
FC-84a4901d-0895-41e6-9877-93c6ec8a1fff;2026-08-02;2026-08-05;3;Dinner;MI-006;MI-006-LARGE;Poke Bowl;Large;Signature Bowls;8.75;8.790163402316837;;9.850847438822075;;36;;;;;174.92;misecast-demand-p50p90-v1;True
FC-3c7054a6-0739-4cc5-b33b-d5a720449483;2026-08-02;2026-08-06;4;Dinner;MI-006;MI-006-LARGE;Poke Bowl;Large;Signature Bowls;9.25;8.930246867695313;;10.072782894431064;;50;;;;;177.71;misecast-demand-p50p90-v1;True
FC-11f72114-329c-4137-bc50-05a2e057d580;2026-08-02;2026-08-07;5;Dinner;MI-006;MI-006-LARGE;Poke Bowl;Large;Signature Bowls;8.0;9.241959219870838;;9.72358968266735;;62;;;;;183.91;misecast-demand-p50p90-v1;True
FC-a029611d-460e-4dac-bf25-602ce9212042;2026-08-02;2026-08-08;6;Dinner;MI-006;MI-006-LARGE;Poke Bowl;Large;Signature Bowls;11.25;11.062903576486274;;11.982602705549722;;83;;;;;220.15;misecast-demand-p50p90-v1;True
FC-80844d30-8f72-468e-9da1-90010a59673d;2026-08-02;2026-08-09;7;Dinner;MI-006;MI-006-LARGE;Poke Bowl;Large;Signature Bowls;11.0;10.381540908633346;;11.646591934644873;;47;;;;;206.59;misecast-demand-p50p90-v1;True
FC-ef63b7c5-3b39-4bea-80cb-67e4dc55365c;2026-08-02;2026-08-10;8;Dinner;MI-006;MI-006-LARGE;Poke Bowl;Large;Signature Bowls;8.5;8.995815482225611;;9.691952377454934;;35;;;;;179.02;misecast-demand-p50p90-v1;True
FC-fb06e71f-16e8-4501-aa5f-31def5caca58;2026-08-02;2026-08-11;9;Dinner;MI-006;MI-006-LARGE;Poke Bowl;Large;Signature Bowls;8.25;9.079201469836049;;9.61710183184212;;47;;;;;180.68;misecast-demand-p50p90-v1;True
FC-c2281ec1-fc86-4bd4-9bbc-1d75799c2ed6;2026-08-02;2026-08-02;0;Lunch;MI-006;MI-006-LARGE;Poke Bowl;Large;Signature Bowls;6.75;6.023045836653823;;7.120325208830951;;32;;;;;119.86;misecast-demand-p50p90-v1;True
FC-d584153c-1ab7-4174-8efd-4f87026ba938;2026-08-02;2026-08-03;1;Lunch;MI-006;MI-006-LARGE;Poke Bowl;Large;Signature Bowls;5.75;5.972367952907049;;6.816280407262294;;22;;;;;118.85;misecast-demand-p50p90-v1;True
FC-899d40cb-81ce-4545-919a-d019816baf68;2026-08-02;2026-08-04;2;Lunch;MI-006;MI-006-LARGE;Poke Bowl;Large;Signature Bowls;6.25;5.939375650782847;;6.8079242039631245;;29;;;;;118.19;misecast-demand-p50p90-v1;True
FC-0f77cc9c-7613-45fa-844b-26684b1e5a5a;2026-08-02;2026-08-05;3;Lunch;MI-006;MI-006-LARGE;Poke Bowl;Large;Signature Bowls;6.25;5.918540687969196;;6.908558367129849;;22;;;;;117.78;misecast-demand-p50p90-v1;True
FC-0f0e7b1f-6c31-4048-8587-aaa4268fd1af;2026-08-02;2026-08-06;4;Lunch;MI-006;MI-006-LARGE;Poke Bowl;Large;Signature Bowls;6.5;5.927916570648881;;6.944850453912763;;36;;;;;117.97;misecast-demand-p50p90-v1;True
FC-dd673cc7-3d16-4589-8456-6b3cb2848514;2026-08-02;2026-08-07;5;Lunch;MI-006;MI-006-LARGE;Poke Bowl;Large;Signature Bowls;6.0;5.93837200671243;;6.836250517335806;;37;;;;;118.17;misecast-demand-p50p90-v1;True
FC-674dbc95-945c-4a98-bccf-927abde803dc;2026-08-02;2026-08-08;6;Lunch;MI-006;MI-006-LARGE;Poke Bowl;Large;Signature Bowls;6.25;6.104304232031273;;7.073802553541146;;39;;;;;121.48;misecast-demand-p50p90-v1;True
FC-c61db8ce-34e8-4150-a03d-7b08bdba3d6e;2026-08-02;2026-08-09;7;Lunch;MI-006;MI-006-LARGE;Poke Bowl;Large;Signature Bowls;6.75;6.0001236175381365;;7.112712266456047;;30;;;;;119.4;misecast-demand-p50p90-v1;True
FC-49420baf-8f06-4336-8520-813074ccc3da;2026-08-02;2026-08-10;8;Lunch;MI-006;MI-006-LARGE;Poke Bowl;Large;Signature Bowls;5.75;5.94988243092078;;6.836127093060261;;24;;;;;118.4;misecast-demand-p50p90-v1;True
FC-01dff927-a3a5-4d8a-97c1-fe7be4277642;2026-08-02;2026-08-11;9;Lunch;MI-006;MI-006-LARGE;Poke Bowl;Large;Signature Bowls;6.25;5.937533834465717;;6.819702434541388;;26;;;;;118.16;misecast-demand-p50p90-v1;True
FC-347742cb-4a0a-4ce8-957b-175a82b1caf5;2026-08-02;2026-08-02;0;Dinner;MI-007;MI-007-SMALL;Wagyu Beef Bowl;Small;Signature Bowls;10.5;10.318363243511259;;11.776361748521172;;60;;;;;184.7;misecast-demand-p50p90-v1;True
FC-ab6133fa-d960-42f3-ae1f-bb77d627663d;2026-08-02;2026-08-03;1;Dinner;MI-007;MI-007-SMALL;Wagyu Beef Bowl;Small;Signature Bowls;9.5;9.0987894939497;;10.268066195817683;;38;;;;;162.87;misecast-demand-p50p90-v1;True
FC-13bcc0e5-4501-4bc7-b84d-e703c679b47d;2026-08-02;2026-08-04;2;Dinner;MI-007;MI-007-SMALL;Wagyu Beef Bowl;Small;Signature Bowls;9.5;8.910994454577812;;10.287789435627205;;41;;;;;159.51;misecast-demand-p50p90-v1;True
FC-516b3da7-f774-4f21-89b6-0a71fdf1f6b5;2026-08-02;2026-08-05;3;Dinner;MI-007;MI-007-SMALL;Wagyu Beef Bowl;Small;Signature Bowls;9.25;8.944430397895795;;10.345110736623766;;36;;;;;160.11;misecast-demand-p50p90-v1;True
FC-657ec32d-46ea-4828-8156-e5a041e931c5;2026-08-02;2026-08-06;4;Dinner;MI-007;MI-007-SMALL;Wagyu Beef Bowl;Small;Signature Bowls;8.5;8.959356395319631;;9.963676978446877;;50;;;;;160.37;misecast-demand-p50p90-v1;True
FC-62d8eb83-c92e-470c-84eb-edeaa7d35b64;2026-08-02;2026-08-07;5;Dinner;MI-007;MI-007-SMALL;Wagyu Beef Bowl;Small;Signature Bowls;10.0;9.088365936500386;;10.944722685369397;;62;;;;;162.68;misecast-demand-p50p90-v1;True
FC-6803bb3f-b032-48d1-bbe3-75cb7151ec3e;2026-08-02;2026-08-08;6;Dinner;MI-007;MI-007-SMALL;Wagyu Beef Bowl;Small;Signature Bowls;10.25;10.955661522166462;;11.418482491054435;;83;;;;;196.11;misecast-demand-p50p90-v1;True
FC-4f45ec14-e53e-497f-91e9-62b08bf4546e;2026-08-02;2026-08-09;7;Dinner;MI-007;MI-007-SMALL;Wagyu Beef Bowl;Small;Signature Bowls;10.5;10.506234362750178;;11.74555523437954;;47;;;;;188.06;misecast-demand-p50p90-v1;True
FC-dffc1948-8c85-4c7c-b0d9-8262f205c4a8;2026-08-02;2026-08-10;8;Dinner;MI-007;MI-007-SMALL;Wagyu Beef Bowl;Small;Signature Bowls;9.5;8.980475063095149;;10.36163652936618;;35;;;;;160.75;misecast-demand-p50p90-v1;True
FC-dd85d953-d7c3-4c56-bc32-47246560b79f;2026-08-02;2026-08-11;9;Dinner;MI-007;MI-007-SMALL;Wagyu Beef Bowl;Small;Signature Bowls;9.5;8.80593802120395;;10.35202581030174;;47;;;;;157.63;misecast-demand-p50p90-v1;True
FC-6cb4e76e-71e8-42a2-afc4-b8a3e555cd18;2026-08-02;2026-08-02;0;Lunch;MI-007;MI-007-SMALL;Wagyu Beef Bowl;Small;Signature Bowls;7.25;6.8628480685567235;;7.935927532123476;;32;;;;;122.84;misecast-demand-p50p90-v1;True
FC-22437c76-6a3c-40b5-a442-601c16b31a7d;2026-08-02;2026-08-03;1;Lunch;MI-007;MI-007-SMALL;Wagyu Beef Bowl;Small;Signature Bowls;6.5;6.563997536424886;;7.420653694233063;;22;;;;;117.5;misecast-demand-p50p90-v1;True
FC-50017960-f46d-4a0f-ab01-763952873d3a;2026-08-02;2026-08-04;2;Lunch;MI-007;MI-007-SMALL;Wagyu Beef Bowl;Small;Signature Bowls;6.25;6.673997685689977;;7.389595964350733;;29;;;;;119.46;misecast-demand-p50p90-v1;True
FC-cb42278a-d6d9-4404-811a-0abdf581b7e5;2026-08-02;2026-08-05;3;Lunch;MI-007;MI-007-SMALL;Wagyu Beef Bowl;Small;Signature Bowls;6.5;6.589990395247704;;7.410050456164568;;22;;;;;117.96;misecast-demand-p50p90-v1;True
FC-2d9b2c61-2a07-463b-bdc9-c2420a6ad53f;2026-08-02;2026-08-06;4;Lunch;MI-007;MI-007-SMALL;Wagyu Beef Bowl;Small;Signature Bowls;6.25;6.649737945697832;;7.404447331192671;;36;;;;;119.03;misecast-demand-p50p90-v1;True
FC-d1f53997-146c-4c7f-9553-64af4a1d408b;2026-08-02;2026-08-07;5;Lunch;MI-007;MI-007-SMALL;Wagyu Beef Bowl;Small;Signature Bowls;6.75;6.688021003720921;;7.42516371193938;;37;;;;;119.72;misecast-demand-p50p90-v1;True
FC-72dadfa6-7752-48e1-b23e-ba08b1586a1e;2026-08-02;2026-08-08;6;Lunch;MI-007;MI-007-SMALL;Wagyu Beef Bowl;Small;Signature Bowls;7.0;6.990527715703419;;7.866103099543382;;39;;;;;125.13;misecast-demand-p50p90-v1;True
FC-7bd6d582-f413-44f1-9a4f-3e0336525a9f;2026-08-02;2026-08-09;7;Lunch;MI-007;MI-007-SMALL;Wagyu Beef Bowl;Small;Signature Bowls;7.25;6.8608687752913715;;7.919286750588797;;30;;;;;122.81;misecast-demand-p50p90-v1;True
FC-5f0c8afe-ec97-42a0-8607-f5855a216840;2026-08-02;2026-08-10;8;Lunch;MI-007;MI-007-SMALL;Wagyu Beef Bowl;Small;Signature Bowls;6.5;6.6846094812025365;;7.440035785026478;;24;;;;;119.65;misecast-demand-p50p90-v1;True
FC-a10e2d48-69de-4edd-bd09-11fc521b7777;2026-08-02;2026-08-11;9;Lunch;MI-007;MI-007-SMALL;Wagyu Beef Bowl;Small;Signature Bowls;6.25;6.689585510477263;;7.410345416956362;;26;;;;;119.74;misecast-demand-p50p90-v1;True
FC-81f2e40f-faf0-4444-9a4b-9b429a56964f;2026-08-02;2026-08-02;0;Dinner;MI-007;MI-007-LARGE;Wagyu Beef Bowl;Large;Signature Bowls;10.75;10.305421528691472;;12.046916100251126;;60;;;;;215.38;misecast-demand-p50p90-v1;True
FC-ecb2bc30-61b8-4204-b894-b7a170bb525d;2026-08-02;2026-08-03;1;Dinner;MI-007;MI-007-LARGE;Wagyu Beef Bowl;Large;Signature Bowls;9.25;9.252573631981205;;10.359595262854857;;38;;;;;193.38;misecast-demand-p50p90-v1;True
FC-10eaeffa-3424-474c-ad20-f232e343251c;2026-08-02;2026-08-04;2;Dinner;MI-007;MI-007-LARGE;Wagyu Beef Bowl;Large;Signature Bowls;9.25;9.174034483143062;;10.38408198916885;;41;;;;;191.74;misecast-demand-p50p90-v1;True
FC-eaf96b70-9234-4556-917f-e3ec4b23e3eb;2026-08-02;2026-08-05;3;Dinner;MI-007;MI-007-LARGE;Wagyu Beef Bowl;Large;Signature Bowls;9.5;9.286887741184572;;10.52057930153806;;36;;;;;194.1;misecast-demand-p50p90-v1;True
FC-8917c33c-115a-44f3-84ae-2064434e733e;2026-08-02;2026-08-06;4;Dinner;MI-007;MI-007-LARGE;Wagyu Beef Bowl;Large;Signature Bowls;9.0;9.11984075552749;;10.43006389890447;;50;;;;;190.6;misecast-demand-p50p90-v1;True
FC-7e86886b-90d1-488e-a3d4-711b5bd53500;2026-08-02;2026-08-07;5;Dinner;MI-007;MI-007-LARGE;Wagyu Beef Bowl;Large;Signature Bowls;10.0;9.288549950560165;;11.132537722053893;;62;;;;;194.13;misecast-demand-p50p90-v1;True
FC-4e02cf03-eecc-477c-8ad4-b7443a897c62;2026-08-02;2026-08-08;6;Dinner;MI-007;MI-007-LARGE;Wagyu Beef Bowl;Large;Signature Bowls;10.5;10.947817998439078;;12.160819426805732;;83;;;;;228.81;misecast-demand-p50p90-v1;True
FC-5f7f65f8-0a24-49e4-8db2-da4e3f6953cc;2026-08-02;2026-08-09;7;Dinner;MI-007;MI-007-LARGE;Wagyu Beef Bowl;Large;Signature Bowls;10.75;10.47476753751213;;12.052880917528432;;47;;;;;218.92;misecast-demand-p50p90-v1;True
FC-dfe30bb9-af50-4b06-990b-14c4d302a70b;2026-08-02;2026-08-10;8;Dinner;MI-007;MI-007-LARGE;Wagyu Beef Bowl;Large;Signature Bowls;9.25;9.273736193186933;;10.491933371448635;;35;;;;;193.82;misecast-demand-p50p90-v1;True
FC-de95e043-df4c-428a-bc17-13be66bfc527;2026-08-02;2026-08-11;9;Dinner;MI-007;MI-007-LARGE;Wagyu Beef Bowl;Large;Signature Bowls;9.25;9.279936081440479;;10.485213245864905;;47;;;;;193.95;misecast-demand-p50p90-v1;True
FC-df766685-c788-4333-8aa5-71f32855761e;2026-08-02;2026-08-02;0;Lunch;MI-007;MI-007-LARGE;Wagyu Beef Bowl;Large;Signature Bowls;6.75;7.039686466004984;;7.856579110820405;;32;;;;;147.13;misecast-demand-p50p90-v1;True
FC-c9c67a8c-ef33-4fe3-b7c9-f00c31f83ad6;2026-08-02;2026-08-03;1;Lunch;MI-007;MI-007-LARGE;Wagyu Beef Bowl;Large;Signature Bowls;6.75;6.6171762600719175;;7.391243539181258;;22;;;;;138.3;misecast-demand-p50p90-v1;True
FC-029cc89b-60c1-45ed-a334-fbabf16eb059;2026-08-02;2026-08-04;2;Lunch;MI-007;MI-007-LARGE;Wagyu Beef Bowl;Large;Signature Bowls;6.5;6.691637060897223;;7.396228067205309;;29;;;;;139.86;misecast-demand-p50p90-v1;True
FC-da06d8a9-e092-444c-9f2f-2b7a1ff862a5;2026-08-02;2026-08-05;3;Lunch;MI-007;MI-007-LARGE;Wagyu Beef Bowl;Large;Signature Bowls;6.25;6.607705464314581;;7.324924345337444;;22;;;;;138.1;misecast-demand-p50p90-v1;True
FC-1c27dc29-09d6-4209-b214-ff3ff76a1d22;2026-08-02;2026-08-06;4;Lunch;MI-007;MI-007-LARGE;Wagyu Beef Bowl;Large;Signature Bowls;6.0;6.7291859559193625;;7.580110553878983;;36;;;;;140.64;misecast-demand-p50p90-v1;True
FC-16bf606a-3c5c-473e-8a0e-e619a34bcc8c;2026-08-02;2026-08-07;5;Lunch;MI-007;MI-007-LARGE;Wagyu Beef Bowl;Large;Signature Bowls;6.5;6.693713706495449;;7.420829088800804;;37;;;;;139.9;misecast-demand-p50p90-v1;True
FC-680ce9f8-938e-4d70-baf0-210c3e67a3ed;2026-08-02;2026-08-08;6;Lunch;MI-007;MI-007-LARGE;Wagyu Beef Bowl;Large;Signature Bowls;7.25;7.125202949040435;;8.235674804108646;;39;;;;;148.92;misecast-demand-p50p90-v1;True
FC-d4c8a5d1-e9f1-4817-8cad-50996f9f0164;2026-08-02;2026-08-09;7;Lunch;MI-007;MI-007-LARGE;Wagyu Beef Bowl;Large;Signature Bowls;6.75;7.045867888450969;;7.864883504936872;;30;;;;;147.26;misecast-demand-p50p90-v1;True
FC-130e7f12-1ea1-4c8c-867e-486e5a2dd07f;2026-08-02;2026-08-10;8;Lunch;MI-007;MI-007-LARGE;Wagyu Beef Bowl;Large;Signature Bowls;6.75;6.710798605481877;;7.408370413131284;;24;;;;;140.26;misecast-demand-p50p90-v1;True
FC-023d0a2a-93d1-49b3-bf30-92e39ab875e9;2026-08-02;2026-08-11;9;Lunch;MI-007;MI-007-LARGE;Wagyu Beef Bowl;Large;Signature Bowls;6.5;6.694645425071251;;7.41141328121476;;26;;;;;139.92;misecast-demand-p50p90-v1;True
FC-9e90b390-d26b-4dc1-920b-0e5b19ab21ed;2026-08-02;2026-08-02;0;Dinner;MI-008;MI-008-SMALL;Karaage Chicken Bowl;Small;Signature Bowls;10.25;10.36453415966825;;11.06723702123561;;60;;;;;175.16;misecast-demand-p50p90-v1;True
FC-640e8c01-c1c6-49ee-b506-2446f7cca331;2026-08-02;2026-08-03;1;Dinner;MI-008;MI-008-SMALL;Karaage Chicken Bowl;Small;Signature Bowls;9.25;9.216596155098054;;9.974068082869401;;38;;;;;155.76;misecast-demand-p50p90-v1;True
FC-387dd55b-f051-488d-b949-145dac1da61f;2026-08-02;2026-08-04;2;Dinner;MI-008;MI-008-SMALL;Karaage Chicken Bowl;Small;Signature Bowls;8.75;8.560034327090198;;9.849647431290787;;41;;;;;144.66;misecast-demand-p50p90-v1;True
FC-ac68d826-87b2-49d0-a380-6d5bb4f0d568;2026-08-02;2026-08-05;3;Dinner;MI-008;MI-008-SMALL;Karaage Chicken Bowl;Small;Signature Bowls;8.5;8.512788424369035;;9.790153839545653;;36;;;;;143.87;misecast-demand-p50p90-v1;True
FC-df6146ae-8e34-479e-b0a3-732143e8f444;2026-08-02;2026-08-06;4;Dinner;MI-008;MI-008-SMALL;Karaage Chicken Bowl;Small;Signature Bowls;7.75;8.58672100998731;;9.723074028849197;;50;;;;;145.12;misecast-demand-p50p90-v1;True
FC-7f7d85d6-a8fe-4efe-a3c6-9428af0528dc;2026-08-02;2026-08-07;5;Dinner;MI-008;MI-008-SMALL;Karaage Chicken Bowl;Small;Signature Bowls;9.5;8.837953687178475;;10.157673669936916;;62;;;;;149.36;misecast-demand-p50p90-v1;True
FC-4bea0c9b-3c83-434a-8222-c67e07fb2977;2026-08-02;2026-08-08;6;Dinner;MI-008;MI-008-SMALL;Karaage Chicken Bowl;Small;Signature Bowls;10.75;10.937351418567568;;11.984328818331356;;83;;;;;184.84;misecast-demand-p50p90-v1;True
FC-aaf36ecf-e4e9-457f-9d95-9abfd9df4e58;2026-08-02;2026-08-09;7;Dinner;MI-008;MI-008-SMALL;Karaage Chicken Bowl;Small;Signature Bowls;10.25;10.463811921108112;;11.16262112879904;;47;;;;;176.84;misecast-demand-p50p90-v1;True
FC-8df7f870-8027-4bbb-bc80-eddcc007c0ca;2026-08-02;2026-08-10;8;Dinner;MI-008;MI-008-SMALL;Karaage Chicken Bowl;Small;Signature Bowls;9.25;9.191222132958414;;10.112890086499265;;35;;;;;155.33;misecast-demand-p50p90-v1;True
FC-ad0a8587-ef1d-4fd6-b162-9846e3629e55;2026-08-02;2026-08-11;9;Dinner;MI-008;MI-008-SMALL;Karaage Chicken Bowl;Small;Signature Bowls;8.75;8.612533570229592;;9.9617403307141;;47;;;;;145.55;misecast-demand-p50p90-v1;True
FC-c548c206-1624-466b-b772-4099faea2877;2026-08-02;2026-08-02;0;Lunch;MI-008;MI-008-SMALL;Karaage Chicken Bowl;Small;Signature Bowls;7.0;6.856387948835614;;7.750180253870832;;32;;;;;115.87;misecast-demand-p50p90-v1;True
FC-664825b9-c2d7-4638-b089-b40272e1bd2b;2026-08-02;2026-08-03;1;Lunch;MI-008;MI-008-SMALL;Karaage Chicken Bowl;Small;Signature Bowls;6.5;6.564506834702565;;7.164228026012779;;22;;;;;110.94;misecast-demand-p50p90-v1;True
FC-3f44c71f-bc5d-497c-8d96-2aefa62b8073;2026-08-02;2026-08-04;2;Lunch;MI-008;MI-008-SMALL;Karaage Chicken Bowl;Small;Signature Bowls;6.25;6.555899303144262;;6.99229427991928;;29;;;;;110.79;misecast-demand-p50p90-v1;True
FC-5ff2d732-0fa1-4cb0-bf54-85cf6a0ba33e;2026-08-02;2026-08-05;3;Lunch;MI-008;MI-008-SMALL;Karaage Chicken Bowl;Small;Signature Bowls;6.75;6.484398427467812;;7.194245528391538;;22;;;;;109.59;misecast-demand-p50p90-v1;True
FC-294e684b-f034-46ab-b540-8e7eefedccc6;2026-08-02;2026-08-06;4;Lunch;MI-008;MI-008-SMALL;Karaage Chicken Bowl;Small;Signature Bowls;6.5;6.594474209846331;;7.216225141003;;36;;;;;111.45;misecast-demand-p50p90-v1;True
FC-d988018a-c0ac-4e8d-b976-55b4ce43cec2;2026-08-02;2026-08-07;5;Lunch;MI-008;MI-008-SMALL;Karaage Chicken Bowl;Small;Signature Bowls;6.75;6.575131048037258;;7.166221431233759;;37;;;;;111.12;misecast-demand-p50p90-v1;True
FC-8c547bb1-865f-4a33-a295-3032521c6882;2026-08-02;2026-08-08;6;Lunch;MI-008;MI-008-SMALL;Karaage Chicken Bowl;Small;Signature Bowls;6.75;7.043738931298435;;7.586981011017947;;39;;;;;119.04;misecast-demand-p50p90-v1;True
FC-eeb69816-5a06-469c-b72e-96638923c4ab;2026-08-02;2026-08-09;7;Lunch;MI-008;MI-008-SMALL;Karaage Chicken Bowl;Small;Signature Bowls;7.0;6.8428591259887295;;7.786054467795124;;30;;;;;115.64;misecast-demand-p50p90-v1;True
FC-9af095c3-3431-4353-b2d7-26873855a428;2026-08-02;2026-08-10;8;Lunch;MI-008;MI-008-SMALL;Karaage Chicken Bowl;Small;Signature Bowls;6.5;6.585241073387567;;7.197052564613162;;24;;;;;111.29;misecast-demand-p50p90-v1;True
FC-cebcae39-48ab-4d51-b108-bae124d8d70a;2026-08-02;2026-08-11;9;Lunch;MI-008;MI-008-SMALL;Karaage Chicken Bowl;Small;Signature Bowls;6.25;6.533245318973434;;7.0184664972591575;;26;;;;;110.41;misecast-demand-p50p90-v1;True
FC-d81765ed-345b-4c95-9849-de0659581ad9;2026-08-02;2026-08-02;0;Dinner;MI-008;MI-008-LARGE;Karaage Chicken Bowl;Large;Signature Bowls;10.5;10.28025230728196;;11.530694730697324;;60;;;;;204.58;misecast-demand-p50p90-v1;True
FC-d0eb1ad2-70ab-4e18-a3ad-13c8fdd2c3d0;2026-08-02;2026-08-03;1;Dinner;MI-008;MI-008-LARGE;Karaage Chicken Bowl;Large;Signature Bowls;9.5;9.167234220827593;;10.016735572689718;;38;;;;;182.43;misecast-demand-p50p90-v1;True
FC-adc20aca-9cab-4f82-9be6-c5e8cbdcd14c;2026-08-02;2026-08-04;2;Dinner;MI-008;MI-008-LARGE;Karaage Chicken Bowl;Large;Signature Bowls;8.75;8.763139095822282;;9.863822731052531;;41;;;;;174.39;misecast-demand-p50p90-v1;True
FC-63bd933f-a6c4-405c-b7cd-94d9bf36322f;2026-08-02;2026-08-05;3;Dinner;MI-008;MI-008-LARGE;Karaage Chicken Bowl;Large;Signature Bowls;8.5;8.468524165009985;;9.788554762175785;;36;;;;;168.52;misecast-demand-p50p90-v1;True
FC-d992a5f2-1855-4696-8967-ef812eb723db;2026-08-02;2026-08-06;4;Dinner;MI-008;MI-008-LARGE;Karaage Chicken Bowl;Large;Signature Bowls;8.5;8.427936006259351;;9.782187448593692;;50;;;;;167.72;misecast-demand-p50p90-v1;True
FC-939989e4-23d1-44b2-9f3d-ee11d5089947;2026-08-02;2026-08-07;5;Dinner;MI-008;MI-008-LARGE;Karaage Chicken Bowl;Large;Signature Bowls;9.75;9.196512247174352;;10.73649098478107;;62;;;;;183.01;misecast-demand-p50p90-v1;True
FC-020b8d33-ae89-46d9-9a4e-2d2987cfe539;2026-08-02;2026-08-08;6;Dinner;MI-008;MI-008-LARGE;Karaage Chicken Bowl;Large;Signature Bowls;11.0;10.938982256794379;;11.89807735425373;;83;;;;;217.69;misecast-demand-p50p90-v1;True
FC-e30713fb-da43-44df-92f2-df83ea0195dc;2026-08-02;2026-08-09;7;Dinner;MI-008;MI-008-LARGE;Karaage Chicken Bowl;Large;Signature Bowls;10.5;10.440090678552775;;11.60939755600158;;47;;;;;207.76;misecast-demand-p50p90-v1;True
FC-ba844bc5-c256-49fc-ad9e-45c2938d7358;2026-08-02;2026-08-10;8;Dinner;MI-008;MI-008-LARGE;Karaage Chicken Bowl;Large;Signature Bowls;9.5;9.134921778134826;;10.106256133254442;;35;;;;;181.78;misecast-demand-p50p90-v1;True
FC-97f91d82-6ab8-4a72-8c52-676e780ba400;2026-08-02;2026-08-11;9;Dinner;MI-008;MI-008-LARGE;Karaage Chicken Bowl;Large;Signature Bowls;8.75;8.73127319502671;;9.953315428341602;;47;;;;;173.75;misecast-demand-p50p90-v1;True
FC-ccb6ffa8-6d80-4def-ba7c-3714eb52d777;2026-08-02;2026-08-02;0;Lunch;MI-008;MI-008-LARGE;Karaage Chicken Bowl;Large;Signature Bowls;7.5;6.928662236793651;;7.478040360671936;;32;;;;;137.88;misecast-demand-p50p90-v1;True
FC-d981e14c-db69-4b9e-a27b-2873d888249b;2026-08-02;2026-08-03;1;Lunch;MI-008;MI-008-LARGE;Karaage Chicken Bowl;Large;Signature Bowls;5.75;5.988540484138972;;6.925857347535309;;22;;;;;119.17;misecast-demand-p50p90-v1;True
FC-5cbdef19-a9fd-49a7-b501-3c2542c0fbac;2026-08-02;2026-08-04;2;Lunch;MI-008;MI-008-LARGE;Karaage Chicken Bowl;Large;Signature Bowls;6.5;6.210250128649227;;6.973127335115426;;29;;;;;123.58;misecast-demand-p50p90-v1;True
FC-d1d16213-dddd-4901-92fa-2560c6c3015b;2026-08-02;2026-08-05;3;Lunch;MI-008;MI-008-LARGE;Karaage Chicken Bowl;Large;Signature Bowls;6.75;6.184284693595964;;7.001997325644384;;22;;;;;123.07;misecast-demand-p50p90-v1;True
FC-9f7105a6-688f-4a22-aa7d-499c240a7fb1;2026-08-02;2026-08-06;4;Lunch;MI-008;MI-008-LARGE;Karaage Chicken Bowl;Large;Signature Bowls;6.0;6.265399663200543;;6.974489768334439;;36;;;;;124.68;misecast-demand-p50p90-v1;True
FC-bc27e11b-788e-42e1-a024-b98e2dbae124;2026-08-02;2026-08-07;5;Lunch;MI-008;MI-008-LARGE;Karaage Chicken Bowl;Large;Signature Bowls;6.0;6.281184384690002;;6.966710624793742;;37;;;;;125.0;misecast-demand-p50p90-v1;True
FC-f2321320-a044-49a0-8f95-3b7c665a8352;2026-08-02;2026-08-08;6;Lunch;MI-008;MI-008-LARGE;Karaage Chicken Bowl;Large;Signature Bowls;6.5;6.4423043601595325;;7.2473702473755015;;39;;;;;128.2;misecast-demand-p50p90-v1;True
FC-785bb661-dd54-4918-83e1-35bd2bab4cd1;2026-08-02;2026-08-09;7;Lunch;MI-008;MI-008-LARGE;Karaage Chicken Bowl;Large;Signature Bowls;7.5;6.9895638840424965;;7.486412627083754;;30;;;;;139.09;misecast-demand-p50p90-v1;True
FC-e17224ff-e730-480a-ab66-ac149c3e4a35;2026-08-02;2026-08-10;8;Lunch;MI-008;MI-008-LARGE;Karaage Chicken Bowl;Large;Signature Bowls;5.75;5.970462839291875;;6.93370184182721;;24;;;;;118.81;misecast-demand-p50p90-v1;True
FC-a6653d4b-1dbe-449c-979b-e90b55bf360d;2026-08-02;2026-08-11;9;Lunch;MI-008;MI-008-LARGE;Karaage Chicken Bowl;Large;Signature Bowls;6.5;6.212326224969977;;6.968781010357008;;26;;;;;123.63;misecast-demand-p50p90-v1;True
FC-73a09fc3-5d7c-49e0-b0b7-4b9bb38328c3;2026-08-02;2026-08-02;0;Dinner;MI-009;MI-009-SMALL;Power Meal;Small;Signature Bowls;11.75;11.127096464910172;;12.80971545902782;;60;;;;;210.3;misecast-demand-p50p90-v1;True
FC-8e15a8ad-e5ef-4c23-9382-09d272af3f4c;2026-08-02;2026-08-03;1;Dinner;MI-009;MI-009-SMALL;Power Meal;Small;Signature Bowls;9.25;9.227978796833542;;10.421885186806243;;38;;;;;174.41;misecast-demand-p50p90-v1;True
FC-a8eb06f8-3f30-4049-839a-c553905d3f07;2026-08-02;2026-08-04;2;Dinner;MI-009;MI-009-SMALL;Power Meal;Small;Signature Bowls;9.75;9.599066947844445;;11.22669407288002;;41;;;;;181.42;misecast-demand-p50p90-v1;True
FC-dee60f1f-5b73-41d2-a361-c187ae714c19;2026-08-02;2026-08-05;3;Dinner;MI-009;MI-009-SMALL;Power Meal;Small;Signature Bowls;10.25;9.757056277662059;;11.280548552741248;;36;;;;;184.41;misecast-demand-p50p90-v1;True
FC-6d8cd1d9-9542-4d99-b3ca-b79b9bddfdc9;2026-08-02;2026-08-06;4;Dinner;MI-009;MI-009-SMALL;Power Meal;Small;Signature Bowls;10.25;9.781229236397689;;11.310955577760955;;50;;;;;184.87;misecast-demand-p50p90-v1;True
FC-da0eb2b5-e1c8-4266-8d6b-cd9efb9fb505;2026-08-02;2026-08-07;5;Dinner;MI-009;MI-009-SMALL;Power Meal;Small;Signature Bowls;9.5;9.45492246815903;;10.621755294523041;;62;;;;;178.7;misecast-demand-p50p90-v1;True
FC-2a548147-417b-4f14-ae80-8106e58cd41c;2026-08-02;2026-08-08;6;Dinner;MI-009;MI-009-SMALL;Power Meal;Small;Signature Bowls;11.5;11.815202156296172;;12.700519781555276;;83;;;;;223.31;misecast-demand-p50p90-v1;True
FC-53a85a91-a47a-4c56-ba07-e4cc2fee17ce;2026-08-02;2026-08-09;7;Dinner;MI-009;MI-009-SMALL;Power Meal;Small;Signature Bowls;11.75;11.09754613202322;;12.717346215408373;;47;;;;;209.74;misecast-demand-p50p90-v1;True
FC-67f870a1-6fdc-4a0f-ae2d-243a05a2a810;2026-08-02;2026-08-10;8;Dinner;MI-009;MI-009-SMALL;Power Meal;Small;Signature Bowls;9.25;9.20813676630516;;10.666391072568294;;35;;;;;174.03;misecast-demand-p50p90-v1;True
FC-29b39bd0-68db-43f5-b636-bba677bb8fea;2026-08-02;2026-08-11;9;Dinner;MI-009;MI-009-SMALL;Power Meal;Small;Signature Bowls;9.75;9.383406736779857;;11.396187005494875;;47;;;;;177.35;misecast-demand-p50p90-v1;True
FC-d97d5682-c8ad-4f20-b055-9ff86daf010b;2026-08-02;2026-08-02;0;Lunch;MI-009;MI-009-SMALL;Power Meal;Small;Signature Bowls;8.0;8.094526727703974;;8.998443390826875;;32;;;;;152.99;misecast-demand-p50p90-v1;True
FC-5b874b62-77fb-40cf-98cc-c9af72eeb0dd;2026-08-02;2026-08-03;1;Lunch;MI-009;MI-009-SMALL;Power Meal;Small;Signature Bowls;7.75;7.311994562019968;;8.853037186011065;;22;;;;;138.2;misecast-demand-p50p90-v1;True
FC-969fe98b-9a4b-4cd4-a19b-1f66be3eff39;2026-08-02;2026-08-04;2;Lunch;MI-009;MI-009-SMALL;Power Meal;Small;Signature Bowls;7.75;7.869003922354806;;8.89196963670067;;29;;;;;148.72;misecast-demand-p50p90-v1;True
FC-b367a0a2-e90d-42cf-97b4-fbf81d1bc7bb;2026-08-02;2026-08-05;3;Lunch;MI-009;MI-009-SMALL;Power Meal;Small;Signature Bowls;7.75;7.727336331278032;;8.948891576563442;;22;;;;;146.05;misecast-demand-p50p90-v1;True
FC-0e655367-b62d-40a9-be39-a7a321c7aa04;2026-08-02;2026-08-06;4;Lunch;MI-009;MI-009-SMALL;Power Meal;Small;Signature Bowls;8.25;7.9352306455537605;;8.98339980354534;;36;;;;;149.98;misecast-demand-p50p90-v1;True
FC-2d0813a8-e62a-4bf6-b6e5-64f6e1cd18cc;2026-08-02;2026-08-07;5;Lunch;MI-009;MI-009-SMALL;Power Meal;Small;Signature Bowls;8.0;7.940739256383864;;8.903357366819915;;37;;;;;150.08;misecast-demand-p50p90-v1;True
FC-2eca660f-39ef-4fa6-ac9c-df114288f1de;2026-08-02;2026-08-08;6;Lunch;MI-009;MI-009-SMALL;Power Meal;Small;Signature Bowls;8.5;8.068949914297699;;9.0821392034082;;39;;;;;152.5;misecast-demand-p50p90-v1;True
FC-cf87af97-6fb3-442d-ab95-542063bda86f;2026-08-02;2026-08-09;7;Lunch;MI-009;MI-009-SMALL;Power Meal;Small;Signature Bowls;8.0;8.096546426286691;;9.078837229694113;;30;;;;;153.02;misecast-demand-p50p90-v1;True
FC-2101440f-6f44-430c-8985-08445232ca98;2026-08-02;2026-08-10;8;Lunch;MI-009;MI-009-SMALL;Power Meal;Small;Signature Bowls;7.75;7.444157872112532;;8.97032431065868;;24;;;;;140.69;misecast-demand-p50p90-v1;True
FC-28a0fe53-dab7-4a0b-a1a5-d29cceca0ab1;2026-08-02;2026-08-11;9;Lunch;MI-009;MI-009-SMALL;Power Meal;Small;Signature Bowls;7.75;7.81944887510225;;8.971744054704063;;26;;;;;147.79;misecast-demand-p50p90-v1;True
FC-987482f1-1123-4b56-9b3c-c8c7aa134d3d;2026-08-02;2026-08-02;0;Dinner;MI-009;MI-009-LARGE;Power Meal;Large;Signature Bowls;11.5;10.958517629403586;;13.08163843367736;;60;;;;;239.99;misecast-demand-p50p90-v1;True
FC-61b0d4b9-d75b-4f75-83cf-dd4de9751d69;2026-08-02;2026-08-03;1;Dinner;MI-009;MI-009-LARGE;Power Meal;Large;Signature Bowls;9.75;9.676695681331282;;11.063274847216436;;38;;;;;211.92;misecast-demand-p50p90-v1;True
FC-dff26053-9934-40b0-8a02-2aecaa943b1a;2026-08-02;2026-08-04;2;Dinner;MI-009;MI-009-LARGE;Power Meal;Large;Signature Bowls;9.75;9.693584536842037;;11.122400313038742;;41;;;;;212.29;misecast-demand-p50p90-v1;True
FC-716dfb6e-2e41-4da4-a1d8-11a955a4dbf6;2026-08-02;2026-08-05;3;Dinner;MI-009;MI-009-LARGE;Power Meal;Large;Signature Bowls;10.75;9.875870662805138;;11.81407313506375;;36;;;;;216.28;misecast-demand-p50p90-v1;True
FC-95d6cd1f-3852-429d-9959-de63aae21061;2026-08-02;2026-08-06;4;Dinner;MI-009;MI-009-LARGE;Power Meal;Large;Signature Bowls;10.5;9.887359036273843;;11.736048315980373;;50;;;;;216.53;misecast-demand-p50p90-v1;True
FC-8b8a5c04-c9ed-4e57-a268-c9eab361b0ac;2026-08-02;2026-08-07;5;Dinner;MI-009;MI-009-LARGE;Power Meal;Large;Signature Bowls;9.75;9.609864768807984;;11.233086014497882;;62;;;;;210.46;misecast-demand-p50p90-v1;True
FC-1da8e7b4-78b7-480a-bfff-31168a6ed053;2026-08-02;2026-08-08;6;Dinner;MI-009;MI-009-LARGE;Power Meal;Large;Signature Bowls;11.75;11.838581658135025;;12.9277520120272;;83;;;;;259.26;misecast-demand-p50p90-v1;True
FC-9e4e8988-1afb-4e78-a2ce-f744b6246655;2026-08-02;2026-08-09;7;Dinner;MI-009;MI-009-LARGE;Power Meal;Large;Signature Bowls;11.5;10.941329296108723;;13.057725257261069;;47;;;;;239.62;misecast-demand-p50p90-v1;True
FC-e2adc230-0f6f-495e-baaa-cd05072ab669;2026-08-02;2026-08-10;8;Dinner;MI-009;MI-009-LARGE;Power Meal;Large;Signature Bowls;9.75;9.613930177230172;;11.369194782930542;;35;;;;;210.55;misecast-demand-p50p90-v1;True
FC-d29926f6-d604-4391-af88-731205ff26ab;2026-08-02;2026-08-11;9;Dinner;MI-009;MI-009-LARGE;Power Meal;Large;Signature Bowls;9.75;9.49817150524932;;11.379306700677343;;47;;;;;208.01;misecast-demand-p50p90-v1;True
FC-7b5baefd-434d-41b6-b1db-c653df448bec;2026-08-02;2026-08-02;0;Lunch;MI-009;MI-009-LARGE;Power Meal;Large;Signature Bowls;8.25;7.969471014993117;;9.2052166787894;;32;;;;;174.53;misecast-demand-p50p90-v1;True
FC-00a65d0a-8b81-475c-b090-7637a57c8300;2026-08-02;2026-08-03;1;Lunch;MI-009;MI-009-LARGE;Power Meal;Large;Signature Bowls;7.5;7.1796793198197815;;8.321507326275675;;22;;;;;157.23;misecast-demand-p50p90-v1;True
FC-a1fc4dc1-ba45-409b-85ed-985a4d8dabf3;2026-08-02;2026-08-04;2;Lunch;MI-009;MI-009-LARGE;Power Meal;Large;Signature Bowls;7.25;7.828519433906736;;8.274291839379565;;29;;;;;171.44;misecast-demand-p50p90-v1;True
FC-4bf5e685-accc-45fa-b91b-b0e33e974cbf;2026-08-02;2026-08-05;3;Lunch;MI-009;MI-009-LARGE;Power Meal;Large;Signature Bowls;7.5;7.709250121031503;;8.396040596847541;;22;;;;;168.83;misecast-demand-p50p90-v1;True
FC-afeb04be-74d4-44e1-8b58-5fd1e1f69d64;2026-08-02;2026-08-06;4;Lunch;MI-009;MI-009-LARGE;Power Meal;Large;Signature Bowls;8.5;8.0403954387784;;9.149738747964141;;36;;;;;176.08;misecast-demand-p50p90-v1;True
FC-21a81783-c857-45f4-a7d8-2700803dcb6f;2026-08-02;2026-08-07;5;Lunch;MI-009;MI-009-LARGE;Power Meal;Large;Signature Bowls;7.75;7.940184718949779;;8.89529225263621;;37;;;;;173.89;misecast-demand-p50p90-v1;True
FC-d2b8e92c-ef5e-4869-b9bc-04536bd4ca07;2026-08-02;2026-08-08;6;Lunch;MI-009;MI-009-LARGE;Power Meal;Large;Signature Bowls;8.0;7.960094336586072;;9.205918957528768;;39;;;;;174.33;misecast-demand-p50p90-v1;True
FC-8c8e1da9-a6da-4b64-bf6a-797a9988c599;2026-08-02;2026-08-09;7;Lunch;MI-009;MI-009-LARGE;Power Meal;Large;Signature Bowls;8.25;7.957323681957527;;9.431262414774448;;30;;;;;174.27;misecast-demand-p50p90-v1;True
FC-21018f7b-e544-4d00-8c8c-46573aff39d3;2026-08-02;2026-08-10;8;Lunch;MI-009;MI-009-LARGE;Power Meal;Large;Signature Bowls;7.5;7.407074227790193;;8.423409622666735;;24;;;;;162.21;misecast-demand-p50p90-v1;True
FC-a4abbce0-aa1c-4601-84bd-de29e3df6524;2026-08-02;2026-08-11;9;Lunch;MI-009;MI-009-LARGE;Power Meal;Large;Signature Bowls;7.25;7.749274775999157;;8.36693048191552;;26;;;;;169.71;misecast-demand-p50p90-v1;True
FC-56d318d0-5534-4524-a10d-15c1393902f4;2026-08-02;2026-08-02;0;Dinner;MI-010;MI-010-SMALL;Salmon Yuzu Bowl;Small;Signature Bowls;10.25;10.518399038328363;;11.344496605115822;;60;;;;;188.28;misecast-demand-p50p90-v1;True
FC-61f9826b-da54-44ac-b1af-4509b2b6bb03;2026-08-02;2026-08-03;1;Dinner;MI-010;MI-010-SMALL;Salmon Yuzu Bowl;Small;Signature Bowls;9.5;9.350967817416306;;10.482137654941148;;38;;;;;167.38;misecast-demand-p50p90-v1;True
FC-4db8af4b-ad91-41bc-8588-9bd02a4c568f;2026-08-02;2026-08-04;2;Dinner;MI-010;MI-010-SMALL;Salmon Yuzu Bowl;Small;Signature Bowls;9.5;9.242082091792762;;10.488561206475289;;41;;;;;165.43;misecast-demand-p50p90-v1;True
FC-6dd20509-b041-435a-a536-d6c502369c89;2026-08-02;2026-08-05;3;Dinner;MI-010;MI-010-SMALL;Salmon Yuzu Bowl;Small;Signature Bowls;9.75;9.495538017009617;;11.121133629287957;;36;;;;;169.97;misecast-demand-p50p90-v1;True
FC-1abb049b-bfb3-4bce-81d1-285170c34f48;2026-08-02;2026-08-06;4;Dinner;MI-010;MI-010-SMALL;Salmon Yuzu Bowl;Small;Signature Bowls;9.25;9.356037008001273;;10.57516694727065;;50;;;;;167.47;misecast-demand-p50p90-v1;True
FC-7e31fe78-1198-4867-9c04-9858565d077c;2026-08-02;2026-08-07;5;Dinner;MI-010;MI-010-SMALL;Salmon Yuzu Bowl;Small;Signature Bowls;9.5;9.45592889470033;;10.645944683085851;;62;;;;;169.26;misecast-demand-p50p90-v1;True
FC-e3d2a55e-e119-4887-b9df-68c463ac76b0;2026-08-02;2026-08-08;6;Dinner;MI-010;MI-010-SMALL;Salmon Yuzu Bowl;Small;Signature Bowls;11.75;11.618426971869335;;12.461829685845476;;83;;;;;207.97;misecast-demand-p50p90-v1;True
FC-8c79ac8c-55ec-48bd-b442-30172a5127e7;2026-08-02;2026-08-09;7;Dinner;MI-010;MI-010-SMALL;Salmon Yuzu Bowl;Small;Signature Bowls;10.25;10.709975385405697;;11.490640539796424;;47;;;;;191.71;misecast-demand-p50p90-v1;True
FC-772d2a7e-e33b-4ec6-b248-e9f5e98a3c14;2026-08-02;2026-08-10;8;Dinner;MI-010;MI-010-SMALL;Salmon Yuzu Bowl;Small;Signature Bowls;9.5;9.446827902980678;;10.58910707160487;;35;;;;;169.1;misecast-demand-p50p90-v1;True
FC-f4dc9486-f6d6-48d8-bec3-823252b9a45f;2026-08-02;2026-08-11;9;Dinner;MI-010;MI-010-SMALL;Salmon Yuzu Bowl;Small;Signature Bowls;9.5;9.354666460783225;;10.584279177113975;;47;;;;;167.45;misecast-demand-p50p90-v1;True
FC-4e82ac61-a4f6-4510-8e01-c254690ed95c;2026-08-02;2026-08-02;0;Lunch;MI-010;MI-010-SMALL;Salmon Yuzu Bowl;Small;Signature Bowls;8.0;7.215550388909221;;9.379318049777467;;32;;;;;129.16;misecast-demand-p50p90-v1;True
FC-426eb708-139d-4a45-8106-cdba8bcc4958;2026-08-02;2026-08-03;1;Lunch;MI-010;MI-010-SMALL;Salmon Yuzu Bowl;Small;Signature Bowls;7.0;6.83679959320596;;8.036754205789617;;22;;;;;122.38;misecast-demand-p50p90-v1;True
FC-8fb8feee-57cb-44b0-be93-366c2b3420da;2026-08-02;2026-08-04;2;Lunch;MI-010;MI-010-SMALL;Salmon Yuzu Bowl;Small;Signature Bowls;6.5;6.797867410247566;;7.7268916600512965;;29;;;;;121.68;misecast-demand-p50p90-v1;True
FC-7713932b-9f16-49d5-96c5-ce73222d9854;2026-08-02;2026-08-05;3;Lunch;MI-010;MI-010-SMALL;Salmon Yuzu Bowl;Small;Signature Bowls;7.25;6.886787747717656;;8.275501492379883;;22;;;;;123.27;misecast-demand-p50p90-v1;True
FC-ad222a6e-99dc-4d3d-878b-25ddab8bf4b2;2026-08-02;2026-08-06;4;Lunch;MI-010;MI-010-SMALL;Salmon Yuzu Bowl;Small;Signature Bowls;7.0;6.866178905163831;;8.070969710375355;;36;;;;;122.9;misecast-demand-p50p90-v1;True
FC-df425b90-28c7-4285-9c93-2e9df3e728c6;2026-08-02;2026-08-07;5;Lunch;MI-010;MI-010-SMALL;Salmon Yuzu Bowl;Small;Signature Bowls;7.0;6.895613276420867;;8.067947939251967;;37;;;;;123.43;misecast-demand-p50p90-v1;True
FC-f34dc51d-85f5-4137-845e-093f886375a8;2026-08-02;2026-08-08;6;Lunch;MI-010;MI-010-SMALL;Salmon Yuzu Bowl;Small;Signature Bowls;6.75;7.1249733276134535;;7.978381007939972;;39;;;;;127.54;misecast-demand-p50p90-v1;True
FC-c0b26c1e-dea9-4299-90c6-676c3b8dca6d;2026-08-02;2026-08-09;7;Lunch;MI-010;MI-010-SMALL;Salmon Yuzu Bowl;Small;Signature Bowls;8.0;7.273339417717459;;9.406529041714839;;30;;;;;130.19;misecast-demand-p50p90-v1;True
FC-f3584af9-0b0a-45bc-baf8-b00acefe90c9;2026-08-02;2026-08-10;8;Lunch;MI-010;MI-010-SMALL;Salmon Yuzu Bowl;Small;Signature Bowls;7.0;6.911942735061423;;8.08506225108549;;24;;;;;123.72;misecast-demand-p50p90-v1;True
FC-119c57e5-b3e9-49f9-bdb7-bcc8b63e8665;2026-08-02;2026-08-11;9;Lunch;MI-010;MI-010-SMALL;Salmon Yuzu Bowl;Small;Signature Bowls;6.5;6.815081797523356;;7.759876253665198;;26;;;;;121.99;misecast-demand-p50p90-v1;True
FC-039d1357-7baf-444e-9980-b5631c7d5abd;2026-08-02;2026-08-02;0;Dinner;MI-010;MI-010-LARGE;Salmon Yuzu Bowl;Large;Signature Bowls;10.5;10.623060395681014;;11.915874851901554;;60;;;;;222.02;misecast-demand-p50p90-v1;True
FC-4b6c9167-0b49-477e-9a76-835458f1cec8;2026-08-02;2026-08-03;1;Dinner;MI-010;MI-010-LARGE;Salmon Yuzu Bowl;Large;Signature Bowls;9.75;9.368655598316273;;11.00288372873685;;38;;;;;195.8;misecast-demand-p50p90-v1;True
FC-a7610d5d-042f-4450-8572-394a00394188;2026-08-02;2026-08-04;2;Dinner;MI-010;MI-010-LARGE;Salmon Yuzu Bowl;Large;Signature Bowls;10.0;9.286275924394277;;10.97235494098354;;41;;;;;194.08;misecast-demand-p50p90-v1;True
FC-602fe3a6-d4a8-4e5b-948f-453b90f1b8f0;2026-08-02;2026-08-05;3;Dinner;MI-010;MI-010-LARGE;Salmon Yuzu Bowl;Large;Signature Bowls;9.75;9.354251855807437;;11.114879913710592;;36;;;;;195.5;misecast-demand-p50p90-v1;True
FC-d303de0e-5f5c-43f7-8220-ae9a2b33f5d7;2026-08-02;2026-08-06;4;Dinner;MI-010;MI-010-LARGE;Salmon Yuzu Bowl;Large;Signature Bowls;9.0;9.229899614197564;;10.454771903315677;;50;;;;;192.9;misecast-demand-p50p90-v1;True
FC-8ef9c404-c05c-4b1e-8c81-870c4c0667a9;2026-08-02;2026-08-07;5;Dinner;MI-010;MI-010-LARGE;Salmon Yuzu Bowl;Large;Signature Bowls;9.75;9.581808872449693;;11.08062777843194;;62;;;;;200.26;misecast-demand-p50p90-v1;True
FC-be2f6611-5239-48b2-b635-ac60dbd017e9;2026-08-02;2026-08-08;6;Dinner;MI-010;MI-010-LARGE;Salmon Yuzu Bowl;Large;Signature Bowls;11.75;11.660079128282948;;12.452308077766975;;83;;;;;243.7;misecast-demand-p50p90-v1;True
FC-388b63b8-f26b-4946-aaee-ac2988872b3c;2026-08-02;2026-08-09;7;Dinner;MI-010;MI-010-LARGE;Salmon Yuzu Bowl;Large;Signature Bowls;10.5;10.823287354058497;;12.063243697950881;;47;;;;;226.21;misecast-demand-p50p90-v1;True
FC-cbdb209a-879f-467f-82fd-0a3374d4cec4;2026-08-02;2026-08-10;8;Dinner;MI-010;MI-010-LARGE;Salmon Yuzu Bowl;Large;Signature Bowls;9.75;9.601972828074166;;11.098559320580506;;35;;;;;200.68;misecast-demand-p50p90-v1;True
FC-7c6bff3a-588d-4a77-b759-8be038d28d00;2026-08-02;2026-08-11;9;Dinner;MI-010;MI-010-LARGE;Salmon Yuzu Bowl;Large;Signature Bowls;10.0;9.47932169802008;;11.092640233462415;;47;;;;;198.12;misecast-demand-p50p90-v1;True
FC-ef54c03f-e459-42ee-a161-b5d07714a5fa;2026-08-02;2026-08-02;0;Lunch;MI-010;MI-010-LARGE;Salmon Yuzu Bowl;Large;Signature Bowls;7.75;7.2698396482919625;;8.869069203386736;;32;;;;;151.94;misecast-demand-p50p90-v1;True
FC-bd7b74a2-3000-4765-8e3f-6812eeed68d2;2026-08-02;2026-08-03;1;Lunch;MI-010;MI-010-LARGE;Salmon Yuzu Bowl;Large;Signature Bowls;6.5;6.569808754692677;;7.382455121597844;;22;;;;;137.31;misecast-demand-p50p90-v1;True
FC-2e6c30ca-523b-4a4a-99a7-bc540cbd4e46;2026-08-02;2026-08-04;2;Lunch;MI-010;MI-010-LARGE;Salmon Yuzu Bowl;Large;Signature Bowls;6.25;6.680693442546429;;7.358859264388076;;29;;;;;139.63;misecast-demand-p50p90-v1;True
FC-9597ae63-84c2-46ca-a6f2-75905d35c654;2026-08-02;2026-08-05;3;Lunch;MI-010;MI-010-LARGE;Salmon Yuzu Bowl;Large;Signature Bowls;7.0;6.895721575994649;;7.824287198251974;;22;;;;;144.12;misecast-demand-p50p90-v1;True
FC-26203c26-ee65-4972-87dc-d1577f1e5065;2026-08-02;2026-08-06;4;Lunch;MI-010;MI-010-LARGE;Salmon Yuzu Bowl;Large;Signature Bowls;7.0;6.935098893659139;;7.782657448658995;;36;;;;;144.94;misecast-demand-p50p90-v1;True
FC-4bea37fe-efaa-421f-b7db-922996e6b2e2;2026-08-02;2026-08-07;5;Lunch;MI-010;MI-010-LARGE;Salmon Yuzu Bowl;Large;Signature Bowls;6.75;6.704843778973173;;7.376068442217014;;37;;;;;140.13;misecast-demand-p50p90-v1;True
FC-3ef437d9-bc4c-4fa2-bf22-bdefb48b7fa0;2026-08-02;2026-08-08;6;Lunch;MI-010;MI-010-LARGE;Salmon Yuzu Bowl;Large;Signature Bowls;7.25;7.15371078462823;;8.034614649190377;;39;;;;;149.51;misecast-demand-p50p90-v1;True
FC-1da3f5f4-d876-46af-9d88-739a53d69bac;2026-08-02;2026-08-09;7;Lunch;MI-010;MI-010-LARGE;Salmon Yuzu Bowl;Large;Signature Bowls;7.75;7.341550361865873;;8.9632301387508;;30;;;;;153.44;misecast-demand-p50p90-v1;True
FC-acfc8601-73d8-4788-a5d0-9dd0551ea3a4;2026-08-02;2026-08-10;8;Lunch;MI-010;MI-010-LARGE;Salmon Yuzu Bowl;Large;Signature Bowls;6.5;6.670054289727649;;7.3919455253944655;;24;;;;;139.4;misecast-demand-p50p90-v1;True
FC-8155558d-54e1-437b-bac6-3fa48ab14ed8;2026-08-02;2026-08-11;9;Lunch;MI-010;MI-010-LARGE;Salmon Yuzu Bowl;Large;Signature Bowls;6.25;6.69246048943669;;7.395535215112464;;26;;;;;139.87;misecast-demand-p50p90-v1;True
FC-43f24cbf-20e0-40ab-91c9-09d2b13536e6;2026-08-02;2026-08-02;0;Dinner;MI-011;MI-011-STANDARD;Karaage Bento;Standard;Protein Bento;20.0;19.065973090012246;;21.53215879382501;;60;;;;;265.02;misecast-demand-p50p90-v1;True
FC-6b103390-df4a-4a7f-80a4-1af8e6f804d9;2026-08-02;2026-08-03;1;Dinner;MI-011;MI-011-STANDARD;Karaage Bento;Standard;Protein Bento;15.25;15.213437831914414;;17.339884772315024;;38;;;;;211.47;misecast-demand-p50p90-v1;True
FC-35f844fb-21ed-4e7b-8d86-76ef5283f9d9;2026-08-02;2026-08-04;2;Dinner;MI-011;MI-011-STANDARD;Karaage Bento;Standard;Protein Bento;15.5;15.390444484588016;;17.246973553906496;;41;;;;;213.93;misecast-demand-p50p90-v1;True
FC-4d9a0f89-3092-4a83-b56e-7595a374c1a4;2026-08-02;2026-08-05;3;Dinner;MI-011;MI-011-STANDARD;Karaage Bento;Standard;Protein Bento;16.0;15.831875735018619;;17.854135784208026;;36;;;;;220.06;misecast-demand-p50p90-v1;True
FC-7db4a0a6-edd5-4a33-9c59-36e64b01bdec;2026-08-02;2026-08-06;4;Dinner;MI-011;MI-011-STANDARD;Karaage Bento;Standard;Protein Bento;16.75;15.962168046649733;;17.701911710204087;;50;;;;;221.87;misecast-demand-p50p90-v1;True
FC-62ebe748-10dc-4052-a3f1-5dc9bd92fdb8;2026-08-02;2026-08-07;5;Dinner;MI-011;MI-011-STANDARD;Karaage Bento;Standard;Protein Bento;16.75;15.778348255488675;;17.50361529060004;;62;;;;;219.32;misecast-demand-p50p90-v1;True
FC-bd286591-7588-493f-9374-0eeca28aab29;2026-08-02;2026-08-08;6;Dinner;MI-011;MI-011-STANDARD;Karaage Bento;Standard;Protein Bento;17.0;16.67681124234604;;19.186161834956284;;83;;;;;231.81;misecast-demand-p50p90-v1;True
FC-c29b99a8-5ffc-418f-a184-c14e2e330c77;2026-08-02;2026-08-09;7;Dinner;MI-011;MI-011-STANDARD;Karaage Bento;Standard;Protein Bento;20.0;18.780821901055216;;21.5940700404013;;47;;;;;261.05;misecast-demand-p50p90-v1;True
FC-7706a0e8-862d-49f0-a6e3-05e053de6085;2026-08-02;2026-08-10;8;Dinner;MI-011;MI-011-STANDARD;Karaage Bento;Standard;Protein Bento;15.25;15.48934961502452;;17.28806665091931;;35;;;;;215.3;misecast-demand-p50p90-v1;True
FC-2ac2df2b-0f02-407a-926f-d5548aec7c06;2026-08-02;2026-08-11;9;Dinner;MI-011;MI-011-STANDARD;Karaage Bento;Standard;Protein Bento;15.5;15.466737185079847;;17.28508982311954;;47;;;;;214.99;misecast-demand-p50p90-v1;True
FC-2ccec956-0c5c-473f-a3cb-fa6cc3bedff2;2026-08-02;2026-08-02;0;Lunch;MI-011;MI-011-STANDARD;Karaage Bento;Standard;Protein Bento;17.0;16.75620469668596;;18.801794158908404;;32;;;;;232.91;misecast-demand-p50p90-v1;True
FC-d6310dac-7f12-47e0-a99f-fff02b846ca7;2026-08-02;2026-08-03;1;Lunch;MI-011;MI-011-STANDARD;Karaage Bento;Standard;Protein Bento;15.5;15.234381866874152;;17.402670766549345;;22;;;;;211.76;misecast-demand-p50p90-v1;True
FC-51825d59-4d09-4a71-b65d-ccf7252b6721;2026-08-02;2026-08-04;2;Lunch;MI-011;MI-011-STANDARD;Karaage Bento;Standard;Protein Bento;15.75;15.964662140978275;;17.612645815595883;;29;;;;;221.91;misecast-demand-p50p90-v1;True
FC-9916afe2-fdf0-4ee3-9292-6a2cdf1c48ea;2026-08-02;2026-08-05;3;Lunch;MI-011;MI-011-STANDARD;Karaage Bento;Standard;Protein Bento;16.25;15.823793045112918;;17.808713564171196;;22;;;;;219.95;misecast-demand-p50p90-v1;True
FC-e62537a0-943a-4f6f-a943-df22113c002c;2026-08-02;2026-08-06;4;Lunch;MI-011;MI-011-STANDARD;Karaage Bento;Standard;Protein Bento;14.5;15.313016359961061;;17.241876646709915;;36;;;;;212.85;misecast-demand-p50p90-v1;True
FC-2d4519a9-188e-4197-acb4-8930be439c2f;2026-08-02;2026-08-07;5;Lunch;MI-011;MI-011-STANDARD;Karaage Bento;Standard;Protein Bento;14.75;15.358593089833839;;17.203790679694755;;37;;;;;213.48;misecast-demand-p50p90-v1;True
FC-eeaac1e7-50f4-4b8d-a718-66aeb4fcaee9;2026-08-02;2026-08-08;6;Lunch;MI-011;MI-011-STANDARD;Karaage Bento;Standard;Protein Bento;16.75;16.196229023835237;;18.74895052604607;;39;;;;;225.13;misecast-demand-p50p90-v1;True
FC-3e4ab8ee-2745-47c2-a004-d2c6115cb48f;2026-08-02;2026-08-09;7;Lunch;MI-011;MI-011-STANDARD;Karaage Bento;Standard;Protein Bento;17.0;16.584357961481395;;18.83952934349767;;30;;;;;230.52;misecast-demand-p50p90-v1;True
FC-5061719f-5e59-4b38-8601-b071f4b2387e;2026-08-02;2026-08-10;8;Lunch;MI-011;MI-011-STANDARD;Karaage Bento;Standard;Protein Bento;15.5;15.466808539223564;;17.33178746434689;;24;;;;;214.99;misecast-demand-p50p90-v1;True
FC-b0a5a693-9c0d-4896-bcf0-9b6c0f90cae3;2026-08-02;2026-08-11;9;Lunch;MI-011;MI-011-STANDARD;Karaage Bento;Standard;Protein Bento;15.75;16.047877333152623;;17.781248977565475;;26;;;;;223.07;misecast-demand-p50p90-v1;True
FC-919826bf-c069-4c98-8e5f-5902d1612dd4;2026-08-02;2026-08-02;0;Dinner;MI-012;MI-012-STANDARD;Salmon Aburi Bento;Standard;Protein Bento;18.5;17.36478647180275;;19.317565236950248;;60;;;;;258.74;misecast-demand-p50p90-v1;True
FC-0fd184dc-74b2-49f3-888a-ba621e817f04;2026-08-02;2026-08-03;1;Dinner;MI-012;MI-012-STANDARD;Salmon Aburi Bento;Standard;Protein Bento;15.0;14.950445026357558;;16.800548875415878;;38;;;;;222.76;misecast-demand-p50p90-v1;True
FC-f3a4326b-d562-490f-9234-850cf5053e83;2026-08-02;2026-08-04;2;Dinner;MI-012;MI-012-STANDARD;Salmon Aburi Bento;Standard;Protein Bento;14.5;15.049985062017655;;16.617035590513385;;41;;;;;224.24;misecast-demand-p50p90-v1;True
FC-cf25d870-ce59-4654-8323-f53fa804a45d;2026-08-02;2026-08-05;3;Dinner;MI-012;MI-012-STANDARD;Salmon Aburi Bento;Standard;Protein Bento;15.25;14.944326695075272;;16.514720266790363;;36;;;;;222.67;misecast-demand-p50p90-v1;True
FC-e2faedd0-67a8-4858-9128-2c2a1781f7d3;2026-08-02;2026-08-06;4;Dinner;MI-012;MI-012-STANDARD;Salmon Aburi Bento;Standard;Protein Bento;14.75;14.99901798239544;;16.579178732036656;;50;;;;;223.49;misecast-demand-p50p90-v1;True
FC-d4572a31-dcf0-428e-afb3-91200da3e6b6;2026-08-02;2026-08-07;5;Dinner;MI-012;MI-012-STANDARD;Salmon Aburi Bento;Standard;Protein Bento;15.25;15.099257692304063;;16.440188711233528;;62;;;;;224.98;misecast-demand-p50p90-v1;True
FC-24a625ce-c912-4778-bfc1-11b721686275;2026-08-02;2026-08-08;6;Dinner;MI-012;MI-012-STANDARD;Salmon Aburi Bento;Standard;Protein Bento;17.75;17.639213237727308;;19.442904565343056;;83;;;;;262.82;misecast-demand-p50p90-v1;True
FC-d4fd3a79-7d7e-4f28-8ab7-32b6d549162a;2026-08-02;2026-08-09;7;Dinner;MI-012;MI-012-STANDARD;Salmon Aburi Bento;Standard;Protein Bento;18.5;17.170472097168325;;19.115109306571178;;47;;;;;255.84;misecast-demand-p50p90-v1;True
FC-e49f56d0-6bb3-4867-9127-f207fb321c99;2026-08-02;2026-08-10;8;Dinner;MI-012;MI-012-STANDARD;Salmon Aburi Bento;Standard;Protein Bento;15.0;15.066836346780871;;16.704406445805084;;35;;;;;224.5;misecast-demand-p50p90-v1;True
FC-2d00773c-e165-484b-888d-2b7757599dce;2026-08-02;2026-08-11;9;Dinner;MI-012;MI-012-STANDARD;Salmon Aburi Bento;Standard;Protein Bento;14.5;15.089300478871575;;16.595129960670338;;47;;;;;224.83;misecast-demand-p50p90-v1;True
FC-54c15dae-3f85-4149-b43d-8f9e72eeb17f;2026-08-02;2026-08-02;0;Lunch;MI-012;MI-012-STANDARD;Salmon Aburi Bento;Standard;Protein Bento;17.25;16.42914298371746;;18.59562407227319;;32;;;;;244.79;misecast-demand-p50p90-v1;True
FC-e108b9c3-6cf4-4b9a-94b6-bc28aa238d69;2026-08-02;2026-08-03;1;Lunch;MI-012;MI-012-STANDARD;Salmon Aburi Bento;Standard;Protein Bento;15.5;14.95925417746574;;16.882129198185744;;22;;;;;222.89;misecast-demand-p50p90-v1;True
FC-e1bbba6b-461c-4286-b63e-52a8a8fc0193;2026-08-02;2026-08-04;2;Lunch;MI-012;MI-012-STANDARD;Salmon Aburi Bento;Standard;Protein Bento;15.5;14.939826563345369;;16.719770903261693;;29;;;;;222.6;misecast-demand-p50p90-v1;True
FC-a43fa853-af88-44c0-85cc-c4ca1f6ad981;2026-08-02;2026-08-05;3;Lunch;MI-012;MI-012-STANDARD;Salmon Aburi Bento;Standard;Protein Bento;15.0;14.98002072225989;;16.630233310893438;;22;;;;;223.2;misecast-demand-p50p90-v1;True
FC-5e9d86ae-50a0-4806-bc68-61ca9100ae4d;2026-08-02;2026-08-06;4;Lunch;MI-012;MI-012-STANDARD;Salmon Aburi Bento;Standard;Protein Bento;16.75;15.5605549906975;;17.24082369858688;;36;;;;;231.85;misecast-demand-p50p90-v1;True
FC-9f8640b2-c8df-4c3e-a5bc-5564685026ea;2026-08-02;2026-08-07;5;Lunch;MI-012;MI-012-STANDARD;Salmon Aburi Bento;Standard;Protein Bento;15.0;14.892005774956676;;16.617404335545807;;37;;;;;221.89;misecast-demand-p50p90-v1;True
FC-074122cc-00f8-455f-b3e5-5e88f3aba0f5;2026-08-02;2026-08-08;6;Lunch;MI-012;MI-012-STANDARD;Salmon Aburi Bento;Standard;Protein Bento;16.5;16.13998498616108;;18.250657019885125;;39;;;;;240.49;misecast-demand-p50p90-v1;True
FC-fb68493a-2c62-49b0-be53-719f70e22cba;2026-08-02;2026-08-09;7;Lunch;MI-012;MI-012-STANDARD;Salmon Aburi Bento;Standard;Protein Bento;17.25;16.40280566332279;;18.54090318735075;;30;;;;;244.4;misecast-demand-p50p90-v1;True
FC-012fa9a2-003b-47be-86b5-7681bf3ae445;2026-08-02;2026-08-10;8;Lunch;MI-012;MI-012-STANDARD;Salmon Aburi Bento;Standard;Protein Bento;15.5;14.994261983415738;;16.754092802375883;;24;;;;;223.41;misecast-demand-p50p90-v1;True
FC-e636d8cc-a989-44b6-947b-d77ba63a153f;2026-08-02;2026-08-11;9;Lunch;MI-012;MI-012-STANDARD;Salmon Aburi Bento;Standard;Protein Bento;15.5;14.971959193710276;;16.711640381508325;;26;;;;;223.08;misecast-demand-p50p90-v1;True
FC-65229fab-c8b5-4675-9b07-93c4da2afe21;2026-08-02;2026-08-02;0;Dinner;MI-013;MI-013-STANDARD;Tofu Bento;Standard;Protein Bento;17.25;16.689150263329818;;18.701489002614238;;60;;;;;215.29;misecast-demand-p50p90-v1;True
FC-c13a0e42-c4e9-4176-acd5-d69258aeb5f3;2026-08-02;2026-08-03;1;Dinner;MI-013;MI-013-STANDARD;Tofu Bento;Standard;Protein Bento;15.0;15.15548301896707;;16.74273535314325;;38;;;;;195.51;misecast-demand-p50p90-v1;True
FC-9222dfce-e8f8-44b8-93a7-a9061256c152;2026-08-02;2026-08-04;2;Dinner;MI-013;MI-013-STANDARD;Tofu Bento;Standard;Protein Bento;16.0;15.630916967120063;;17.362120048959284;;41;;;;;201.64;misecast-demand-p50p90-v1;True
FC-5fec01e8-b448-4261-923a-6f8f62cb9110;2026-08-02;2026-08-05;3;Dinner;MI-013;MI-013-STANDARD;Tofu Bento;Standard;Protein Bento;14.25;15.203335140885194;;16.741940731045695;;36;;;;;196.12;misecast-demand-p50p90-v1;True
FC-c6ca9575-185b-4e51-a7e1-56913e36cea7;2026-08-02;2026-08-06;4;Dinner;MI-013;MI-013-STANDARD;Tofu Bento;Standard;Protein Bento;15.75;15.674217867414505;;17.214786128002334;;50;;;;;202.2;misecast-demand-p50p90-v1;True
FC-1bade2bf-7dd0-439a-90c7-a6e4b18f58b7;2026-08-02;2026-08-07;5;Dinner;MI-013;MI-013-STANDARD;Tofu Bento;Standard;Protein Bento;14.75;15.24823540360534;;16.697191364375463;;62;;;;;196.7;misecast-demand-p50p90-v1;True
FC-9edb48d3-0522-4fb2-9c76-6321b079afc5;2026-08-02;2026-08-08;6;Dinner;MI-013;MI-013-STANDARD;Tofu Bento;Standard;Protein Bento;17.75;17.944818424034395;;19.923150617754526;;83;;;;;231.49;misecast-demand-p50p90-v1;True
FC-54fa79b7-e986-454d-8bd3-b3dddc1f6eac;2026-08-02;2026-08-09;7;Dinner;MI-013;MI-013-STANDARD;Tofu Bento;Standard;Protein Bento;17.25;16.56645867835119;;18.611420825506148;;47;;;;;213.71;misecast-demand-p50p90-v1;True
FC-830bdee3-189e-4f75-8be5-4df906afc91f;2026-08-02;2026-08-10;8;Dinner;MI-013;MI-013-STANDARD;Tofu Bento;Standard;Protein Bento;15.0;15.313015843469476;;16.609378739260027;;35;;;;;197.54;misecast-demand-p50p90-v1;True
FC-93433332-2943-4826-a99d-eba5e1f9b77a;2026-08-02;2026-08-11;9;Dinner;MI-013;MI-013-STANDARD;Tofu Bento;Standard;Protein Bento;16.0;15.727416891524296;;17.347420444917752;;47;;;;;202.88;misecast-demand-p50p90-v1;True
FC-75495d2c-3f1b-44f1-b384-2fb1377f06cf;2026-08-02;2026-08-02;0;Lunch;MI-013;MI-013-STANDARD;Tofu Bento;Standard;Protein Bento;16.75;16.471445442551644;;18.09972957214791;;32;;;;;212.48;misecast-demand-p50p90-v1;True
FC-1a324d8a-5f97-4f5f-b929-ba3ed09dc0cb;2026-08-02;2026-08-03;1;Lunch;MI-013;MI-013-STANDARD;Tofu Bento;Standard;Protein Bento;15.5;15.14090874248916;;16.641060014599326;;22;;;;;195.32;misecast-demand-p50p90-v1;True
FC-8a8719f6-371d-4c4c-bdf7-c179fc96193c;2026-08-02;2026-08-04;2;Lunch;MI-013;MI-013-STANDARD;Tofu Bento;Standard;Protein Bento;15.75;15.633050574302922;;17.051078921283164;;29;;;;;201.67;misecast-demand-p50p90-v1;True
FC-9424fcec-0ef5-4f6f-b7a5-0689ace7f067;2026-08-02;2026-08-05;3;Lunch;MI-013;MI-013-STANDARD;Tofu Bento;Standard;Protein Bento;16.25;15.646099297024938;;17.11861897290293;;22;;;;;201.83;misecast-demand-p50p90-v1;True
FC-139d4ee6-87c1-445c-ae91-e0551bafa270;2026-08-02;2026-08-06;4;Lunch;MI-013;MI-013-STANDARD;Tofu Bento;Standard;Protein Bento;15.0;15.010710850430506;;16.504152268769456;;36;;;;;193.64;misecast-demand-p50p90-v1;True
FC-b414d53a-53d3-4618-8c1a-a07da3449bfd;2026-08-02;2026-08-07;5;Lunch;MI-013;MI-013-STANDARD;Tofu Bento;Standard;Protein Bento;16.0;15.553911844104153;;17.046962216847046;;37;;;;;200.65;misecast-demand-p50p90-v1;True
FC-711dfe2b-b6fa-4ce0-bc57-0e4b9573c1ea;2026-08-02;2026-08-08;6;Lunch;MI-013;MI-013-STANDARD;Tofu Bento;Standard;Protein Bento;16.5;16.225652963803785;;17.960425980087887;;39;;;;;209.31;misecast-demand-p50p90-v1;True
FC-45ae1de5-623c-4008-b32a-ec3ae5f49f25;2026-08-02;2026-08-09;7;Lunch;MI-013;MI-013-STANDARD;Tofu Bento;Standard;Protein Bento;16.75;16.47884454380599;;18.070031548596333;;30;;;;;212.58;misecast-demand-p50p90-v1;True
FC-a198e6d4-9e49-4ef4-9393-8c57b8e94586;2026-08-02;2026-08-10;8;Lunch;MI-013;MI-013-STANDARD;Tofu Bento;Standard;Protein Bento;15.5;15.219412332055805;;16.46551718691545;;24;;;;;196.33;misecast-demand-p50p90-v1;True
FC-bd14b25d-3dcf-4839-ba24-0360ec5353e5;2026-08-02;2026-08-11;9;Lunch;MI-013;MI-013-STANDARD;Tofu Bento;Standard;Protein Bento;15.75;15.708055596621433;;17.121674247195276;;26;;;;;202.63;misecast-demand-p50p90-v1;True
FC-d86fd97f-1ec1-43b4-b72d-a12c666dde22;2026-08-02;2026-08-02;0;Dinner;MI-014;MI-014-SMALL;Create Your Own - Sous-vide Chicken;Small;Create Your Own Bowl;10.0;9.612794751188908;;11.024056543158906;;60;;;;;152.84;misecast-demand-p50p90-v1;True
FC-805bfe03-0b91-4138-bd04-96b90756351f;2026-08-02;2026-08-03;1;Dinner;MI-014;MI-014-SMALL;Create Your Own - Sous-vide Chicken;Small;Create Your Own Bowl;8.5;8.103277064285074;;9.560845028455194;;38;;;;;128.84;misecast-demand-p50p90-v1;True
FC-16b38d3d-13ae-4ec8-bc80-0e36b3086158;2026-08-02;2026-08-04;2;Dinner;MI-014;MI-014-SMALL;Create Your Own - Sous-vide Chicken;Small;Create Your Own Bowl;8.0;8.108055490692099;;9.483482980202496;;41;;;;;128.92;misecast-demand-p50p90-v1;True
FC-0a980da6-146c-4cd9-9f7b-c8bea4af4b08;2026-08-02;2026-08-05;3;Dinner;MI-014;MI-014-SMALL;Create Your Own - Sous-vide Chicken;Small;Create Your Own Bowl;9.0;8.404601295915034;;10.203357105639487;;36;;;;;133.63;misecast-demand-p50p90-v1;True
FC-db926328-08a7-43be-9055-ede0d3f2afc1;2026-08-02;2026-08-06;4;Dinner;MI-014;MI-014-SMALL;Create Your Own - Sous-vide Chicken;Small;Create Your Own Bowl;8.75;8.45483428064256;;9.854138586364726;;50;;;;;134.43;misecast-demand-p50p90-v1;True
FC-78929195-19a0-4ba2-ad9d-60665d89ef3a;2026-08-02;2026-08-07;5;Dinner;MI-014;MI-014-SMALL;Create Your Own - Sous-vide Chicken;Small;Create Your Own Bowl;8.25;8.183129917033162;;9.53619954362154;;62;;;;;130.11;misecast-demand-p50p90-v1;True
FC-3f404eb1-8331-4c66-b003-e2dabcb5ad66;2026-08-02;2026-08-08;6;Dinner;MI-014;MI-014-SMALL;Create Your Own - Sous-vide Chicken;Small;Create Your Own Bowl;9.25;10.191061234170757;;10.937645597344556;;83;;;;;162.04;misecast-demand-p50p90-v1;True
FC-afa9c7b6-057d-496f-8d5c-8908879c7c28;2026-08-02;2026-08-09;7;Dinner;MI-014;MI-014-SMALL;Create Your Own - Sous-vide Chicken;Small;Create Your Own Bowl;10.0;9.608381229941646;;10.878613333494433;;47;;;;;152.77;misecast-demand-p50p90-v1;True
FC-96503cd6-f3da-4d52-bf01-31e9d86d4080;2026-08-02;2026-08-10;8;Dinner;MI-014;MI-014-SMALL;Create Your Own - Sous-vide Chicken;Small;Create Your Own Bowl;8.5;8.177278036317318;;9.57435663445146;;35;;;;;130.02;misecast-demand-p50p90-v1;True
FC-907ca26b-7b61-43b9-8093-134ba7e16441;2026-08-02;2026-08-11;9;Dinner;MI-014;MI-014-SMALL;Create Your Own - Sous-vide Chicken;Small;Create Your Own Bowl;8.0;8.140400216871393;;9.500993865817366;;47;;;;;129.43;misecast-demand-p50p90-v1;True
FC-c49d6c8a-cae3-44a8-b91c-624d48bd4314;2026-08-02;2026-08-02;0;Lunch;MI-014;MI-014-SMALL;Create Your Own - Sous-vide Chicken;Small;Create Your Own Bowl;6.5;6.210731510086556;;6.777281157438198;;32;;;;;98.75;misecast-demand-p50p90-v1;True
FC-bebc2519-3d0b-40ea-bfcb-a2f8bb18bb10;2026-08-02;2026-08-03;1;Lunch;MI-014;MI-014-SMALL;Create Your Own - Sous-vide Chicken;Small;Create Your Own Bowl;5.75;5.961491733702624;;6.954681421714346;;22;;;;;94.79;misecast-demand-p50p90-v1;True
FC-4d965e23-67ec-4735-b5f8-0db50f775668;2026-08-02;2026-08-04;2;Lunch;MI-014;MI-014-SMALL;Create Your Own - Sous-vide Chicken;Small;Create Your Own Bowl;6.5;5.919882791273977;;6.948991839235003;;29;;;;;94.13;misecast-demand-p50p90-v1;True
FC-45d9cd79-8310-46bb-9c1b-6d1a1d102922;2026-08-02;2026-08-05;3;Lunch;MI-014;MI-014-SMALL;Create Your Own - Sous-vide Chicken;Small;Create Your Own Bowl;5.75;5.938305123394924;;6.919261010156893;;22;;;;;94.42;misecast-demand-p50p90-v1;True
FC-12e20e7c-3040-45a3-99c4-b724aa64cfeb;2026-08-02;2026-08-06;4;Lunch;MI-014;MI-014-SMALL;Create Your Own - Sous-vide Chicken;Small;Create Your Own Bowl;5.5;5.584804565552277;;6.876596190980654;;36;;;;;88.8;misecast-demand-p50p90-v1;True
FC-c4f3f932-056a-4f2c-b58d-069048736ff3;2026-08-02;2026-08-07;5;Lunch;MI-014;MI-014-SMALL;Create Your Own - Sous-vide Chicken;Small;Create Your Own Bowl;6.0;5.942090026365717;;6.969533934236932;;37;;;;;94.48;misecast-demand-p50p90-v1;True
FC-42d8a045-0726-4b19-9545-342524243b13;2026-08-02;2026-08-08;6;Lunch;MI-014;MI-014-SMALL;Create Your Own - Sous-vide Chicken;Small;Create Your Own Bowl;6.25;6.1596827966385534;;6.990157190820671;;39;;;;;97.94;misecast-demand-p50p90-v1;True
FC-0c1484c2-8244-4ced-82d3-39870004b2e0;2026-08-02;2026-08-09;7;Lunch;MI-014;MI-014-SMALL;Create Your Own - Sous-vide Chicken;Small;Create Your Own Bowl;6.5;6.212292493076542;;6.777308890607357;;30;;;;;98.78;misecast-demand-p50p90-v1;True
FC-ffbda670-70f8-4c76-879a-4917b8955105;2026-08-02;2026-08-10;8;Lunch;MI-014;MI-014-SMALL;Create Your Own - Sous-vide Chicken;Small;Create Your Own Bowl;5.75;5.933182118466684;;6.984540919574109;;24;;;;;94.34;misecast-demand-p50p90-v1;True
FC-66cf3b54-0f28-43e3-bc13-dc0566b16d30;2026-08-02;2026-08-11;9;Lunch;MI-014;MI-014-SMALL;Create Your Own - Sous-vide Chicken;Small;Create Your Own Bowl;6.5;5.900190615147761;;6.937397027679824;;26;;;;;93.81;misecast-demand-p50p90-v1;True
FC-4fc5cf95-68ac-4ac1-8da3-c89432aff7e2;2026-08-02;2026-08-02;0;Dinner;MI-014;MI-014-LARGE;Create Your Own - Sous-vide Chicken;Large;Create Your Own Bowl;9.5;9.452481152972776;;10.514556480445334;;60;;;;;178.65;misecast-demand-p50p90-v1;True
FC-307e71c4-f126-45c9-8b93-e3ac1a67a925;2026-08-02;2026-08-03;1;Dinner;MI-014;MI-014-LARGE;Create Your Own - Sous-vide Chicken;Large;Create Your Own Bowl;8.25;8.078594314730488;;9.17773052742062;;38;;;;;152.69;misecast-demand-p50p90-v1;True
FC-cb5eb1dc-a6b5-4cea-9f2f-9cf3c1567fbd;2026-08-02;2026-08-04;2;Dinner;MI-014;MI-014-LARGE;Create Your Own - Sous-vide Chicken;Large;Create Your Own Bowl;8.25;8.021543408193565;;9.164235776789202;;41;;;;;151.61;misecast-demand-p50p90-v1;True
FC-18838d3c-dd84-4d47-83da-c2ea8be97886;2026-08-02;2026-08-05;3;Dinner;MI-014;MI-014-LARGE;Create Your Own - Sous-vide Chicken;Large;Create Your Own Bowl;8.25;8.025338755790107;;9.19292347718722;;36;;;;;151.68;misecast-demand-p50p90-v1;True
FC-3739215d-9f04-40a0-9092-e723da972f10;2026-08-02;2026-08-06;4;Dinner;MI-014;MI-014-LARGE;Create Your Own - Sous-vide Chicken;Large;Create Your Own Bowl;8.75;8.454964018512849;;9.62838901126339;;50;;;;;159.8;misecast-demand-p50p90-v1;True
FC-ed4fed7a-e6aa-408c-b1cf-797804dd27ac;2026-08-02;2026-08-07;5;Dinner;MI-014;MI-014-LARGE;Create Your Own - Sous-vide Chicken;Large;Create Your Own Bowl;8.75;8.251005931360465;;9.68666688960332;;62;;;;;155.94;misecast-demand-p50p90-v1;True
FC-a789bbf7-5b9f-4981-ad2f-d13dcd44fb05;2026-08-02;2026-08-08;6;Dinner;MI-014;MI-014-LARGE;Create Your Own - Sous-vide Chicken;Large;Create Your Own Bowl;8.75;9.55641654940641;;10.833265589608521;;83;;;;;180.62;misecast-demand-p50p90-v1;True
FC-ad099de3-99d8-4e31-93bd-8765fa5d4e19;2026-08-02;2026-08-09;7;Dinner;MI-014;MI-014-LARGE;Create Your Own - Sous-vide Chicken;Large;Create Your Own Bowl;9.5;9.424522907069727;;10.367218435572411;;47;;;;;178.12;misecast-demand-p50p90-v1;True
FC-8349722d-917d-4013-8553-551e6e36238c;2026-08-02;2026-08-10;8;Dinner;MI-014;MI-014-LARGE;Create Your Own - Sous-vide Chicken;Large;Create Your Own Bowl;8.25;8.080682774685112;;9.199418469210196;;35;;;;;152.72;misecast-demand-p50p90-v1;True
FC-bcd48011-996a-4415-982f-95c472452d8c;2026-08-02;2026-08-11;9;Dinner;MI-014;MI-014-LARGE;Create Your Own - Sous-vide Chicken;Large;Create Your Own Bowl;8.25;8.016781430970422;;9.19981705724913;;47;;;;;151.52;misecast-demand-p50p90-v1;True
FC-0651d7cd-1594-45f1-baae-48e10863735b;2026-08-02;2026-08-02;0;Lunch;MI-014;MI-014-LARGE;Create Your Own - Sous-vide Chicken;Large;Create Your Own Bowl;6.75;5.859967610120303;;7.029229191318381;;32;;;;;110.75;misecast-demand-p50p90-v1;True
FC-2992ed51-cfb2-4cd2-a394-82a486778db9;2026-08-02;2026-08-03;1;Lunch;MI-014;MI-014-LARGE;Create Your Own - Sous-vide Chicken;Large;Create Your Own Bowl;6.25;5.914936991242663;;7.213140730994792;;22;;;;;111.79;misecast-demand-p50p90-v1;True
FC-2b1b74ab-36ef-4a44-b0bb-1b580fd31799;2026-08-02;2026-08-04;2;Lunch;MI-014;MI-014-LARGE;Create Your Own - Sous-vide Chicken;Large;Create Your Own Bowl;6.25;5.9140451350514915;;6.759534672891406;;29;;;;;111.78;misecast-demand-p50p90-v1;True
FC-38599bd5-125b-4b55-a517-e31546bc9a95;2026-08-02;2026-08-05;3;Lunch;MI-014;MI-014-LARGE;Create Your Own - Sous-vide Chicken;Large;Create Your Own Bowl;6.0;5.912378190373592;;7.209434623626127;;22;;;;;111.74;misecast-demand-p50p90-v1;True
FC-5b350190-e97f-4495-a39e-103f536745cf;2026-08-02;2026-08-06;4;Lunch;MI-014;MI-014-LARGE;Create Your Own - Sous-vide Chicken;Large;Create Your Own Bowl;6.25;5.915802052512503;;6.7615044134616324;;36;;;;;111.81;misecast-demand-p50p90-v1;True
FC-ff274f22-6990-4916-abf5-4c85434dc6c2;2026-08-02;2026-08-07;5;Lunch;MI-014;MI-014-LARGE;Create Your Own - Sous-vide Chicken;Large;Create Your Own Bowl;5.5;5.9117231086100315;;6.738378436467713;;37;;;;;111.73;misecast-demand-p50p90-v1;True
FC-3d636a85-6c37-478d-9505-613f1baaee6e;2026-08-02;2026-08-08;6;Lunch;MI-014;MI-014-LARGE;Create Your Own - Sous-vide Chicken;Large;Create Your Own Bowl;6.5;6.0030806277839215;;6.717552761587676;;39;;;;;113.46;misecast-demand-p50p90-v1;True
FC-bf4d2938-5f7b-4523-8744-7eeaa8a2978d;2026-08-02;2026-08-09;7;Lunch;MI-014;MI-014-LARGE;Create Your Own - Sous-vide Chicken;Large;Create Your Own Bowl;6.75;5.86611026555454;;7.031096749122706;;30;;;;;110.87;misecast-demand-p50p90-v1;True
FC-24f1db1c-7788-4211-9329-e42566aed42c;2026-08-02;2026-08-10;8;Lunch;MI-014;MI-014-LARGE;Create Your Own - Sous-vide Chicken;Large;Create Your Own Bowl;6.25;5.895988694668572;;6.999032913945303;;24;;;;;111.43;misecast-demand-p50p90-v1;True
FC-cd3f9c01-ea73-4fcb-a116-8a59b899351a;2026-08-02;2026-08-11;9;Lunch;MI-014;MI-014-LARGE;Create Your Own - Sous-vide Chicken;Large;Create Your Own Bowl;6.25;5.9171624653815815;;6.7524598301407766;;26;;;;;111.83;misecast-demand-p50p90-v1;True
FC-0fcb5b9d-0b48-4aca-88c7-2b037412cca9;2026-08-02;2026-08-02;0;Dinner;MI-015;MI-015-SMALL;Create Your Own - Seared Chicken;Small;Create Your Own Bowl;9.0;9.289041638394785;;10.703433699092715;;60;;;;;147.7;misecast-demand-p50p90-v1;True
FC-20bb4b4f-88f7-45c3-a671-b4abfe60747a;2026-08-02;2026-08-03;1;Dinner;MI-015;MI-015-SMALL;Create Your Own - Seared Chicken;Small;Create Your Own Bowl;8.75;8.016079536859499;;9.95650916274062;;38;;;;;127.46;misecast-demand-p50p90-v1;True
FC-c2729c76-d0be-4533-8da1-bfb674ce0b4f;2026-08-02;2026-08-04;2;Dinner;MI-015;MI-015-SMALL;Create Your Own - Seared Chicken;Small;Create Your Own Bowl;8.0;8.002580721053535;;9.498541921117006;;41;;;;;127.24;misecast-demand-p50p90-v1;True
FC-59a99988-26bd-43d3-a82a-f9470d419d2a;2026-08-02;2026-08-05;3;Dinner;MI-015;MI-015-SMALL;Create Your Own - Seared Chicken;Small;Create Your Own Bowl;8.5;7.970970236054336;;9.69485164659143;;36;;;;;126.74;misecast-demand-p50p90-v1;True
FC-6feca1f1-bd27-45d2-b1a1-cb2a7006365d;2026-08-02;2026-08-06;4;Dinner;MI-015;MI-015-SMALL;Create Your Own - Seared Chicken;Small;Create Your Own Bowl;7.75;8.075536162988334;;9.527040301051656;;50;;;;;128.4;misecast-demand-p50p90-v1;True
FC-279ac0ce-12f3-446e-9f44-92eb0cd1355c;2026-08-02;2026-08-07;5;Dinner;MI-015;MI-015-SMALL;Create Your Own - Seared Chicken;Small;Create Your Own Bowl;9.0;8.14054879083759;;10.39489260315762;;62;;;;;129.43;misecast-demand-p50p90-v1;True
FC-6aa145ae-5cbb-44d0-a70a-28ad91ddf022;2026-08-02;2026-08-08;6;Dinner;MI-015;MI-015-SMALL;Create Your Own - Seared Chicken;Small;Create Your Own Bowl;10.75;10.351644998004486;;12.039818273142775;;83;;;;;164.59;misecast-demand-p50p90-v1;True
FC-b3d8a45a-970e-434c-aff9-4a24ac36286f;2026-08-02;2026-08-09;7;Dinner;MI-015;MI-015-SMALL;Create Your Own - Seared Chicken;Small;Create Your Own Bowl;9.0;9.22754632302453;;10.656332364763484;;47;;;;;146.72;misecast-demand-p50p90-v1;True
FC-1ff52214-f6ce-422a-a2f6-ff476f5def55;2026-08-02;2026-08-10;8;Dinner;MI-015;MI-015-SMALL;Create Your Own - Seared Chicken;Small;Create Your Own Bowl;8.75;8.196597191249927;;10.012714511004376;;35;;;;;130.33;misecast-demand-p50p90-v1;True
FC-526176ca-d8ae-494f-9bad-6b661fb4f91b;2026-08-02;2026-08-11;9;Dinner;MI-015;MI-015-SMALL;Create Your Own - Seared Chicken;Small;Create Your Own Bowl;8.0;7.978302597618687;;9.538034743118457;;47;;;;;126.86;misecast-demand-p50p90-v1;True
FC-cbdead66-954b-469a-93e9-da1c224b1af0;2026-08-02;2026-08-02;0;Lunch;MI-015;MI-015-SMALL;Create Your Own - Seared Chicken;Small;Create Your Own Bowl;6.5;6.15526002155081;;7.038488372980291;;32;;;;;97.87;misecast-demand-p50p90-v1;True
FC-dee4eeea-c51c-479e-bc0c-697743c3573a;2026-08-02;2026-08-03;1;Lunch;MI-015;MI-015-SMALL;Create Your Own - Seared Chicken;Small;Create Your Own Bowl;6.25;5.970712161596196;;6.930177241589538;;22;;;;;94.93;misecast-demand-p50p90-v1;True
FC-7207c64e-5dea-47bc-a0cf-639763ada20f;2026-08-02;2026-08-04;2;Lunch;MI-015;MI-015-SMALL;Create Your Own - Seared Chicken;Small;Create Your Own Bowl;5.75;6.019118562773929;;6.953798291532252;;29;;;;;95.7;misecast-demand-p50p90-v1;True
FC-6ef16bc5-d34a-448d-af76-7087ef9034d8;2026-08-02;2026-08-05;3;Lunch;MI-015;MI-015-SMALL;Create Your Own - Seared Chicken;Small;Create Your Own Bowl;6.5;5.922634678393833;;7.001837797574389;;22;;;;;94.17;misecast-demand-p50p90-v1;True
FC-28ef800f-0c27-4c49-b5f7-6df4635cb8be;2026-08-02;2026-08-06;4;Lunch;MI-015;MI-015-SMALL;Create Your Own - Seared Chicken;Small;Create Your Own Bowl;6.25;5.957133786002985;;6.904742578266809;;36;;;;;94.72;misecast-demand-p50p90-v1;True
FC-0aa3a01c-46dc-40bb-8d62-515b14271216;2026-08-02;2026-08-07;5;Lunch;MI-015;MI-015-SMALL;Create Your Own - Seared Chicken;Small;Create Your Own Bowl;6.75;5.872593047374135;;7.188600384918439;;37;;;;;93.37;misecast-demand-p50p90-v1;True
FC-514d59f5-a818-401a-9667-ef9f58e5a3e6;2026-08-02;2026-08-08;6;Lunch;MI-015;MI-015-SMALL;Create Your Own - Seared Chicken;Small;Create Your Own Bowl;6.75;6.085234325789045;;7.251486358223771;;39;;;;;96.76;misecast-demand-p50p90-v1;True
FC-bff8e051-b9a8-4495-b9df-03b95a4bbcc9;2026-08-02;2026-08-09;7;Lunch;MI-015;MI-015-SMALL;Create Your Own - Seared Chicken;Small;Create Your Own Bowl;6.5;6.166154501200896;;7.03419311339019;;30;;;;;98.04;misecast-demand-p50p90-v1;True
FC-fae80bab-fc0e-42b8-8d34-c78d09cf58c5;2026-08-02;2026-08-10;8;Lunch;MI-015;MI-015-SMALL;Create Your Own - Seared Chicken;Small;Create Your Own Bowl;6.25;5.937338315064578;;6.969945569469779;;24;;;;;94.4;misecast-demand-p50p90-v1;True
FC-1c9f03a8-ad29-45b9-a5d5-cc1d93878c05;2026-08-02;2026-08-11;9;Lunch;MI-015;MI-015-SMALL;Create Your Own - Seared Chicken;Small;Create Your Own Bowl;5.75;5.985501991008231;;6.974108727006291;;26;;;;;95.17;misecast-demand-p50p90-v1;True
FC-38f4a7d0-9fd0-432f-a8da-1835fadb2860;2026-08-02;2026-08-02;0;Dinner;MI-015;MI-015-LARGE;Create Your Own - Seared Chicken;Large;Create Your Own Bowl;9.25;9.839035293345457;;10.49799607461071;;60;;;;;185.96;misecast-demand-p50p90-v1;True
FC-951f45bb-0f0c-4c47-a31b-bb4a754ab468;2026-08-02;2026-08-03;1;Dinner;MI-015;MI-015-LARGE;Create Your Own - Seared Chicken;Large;Create Your Own Bowl;9.0;8.631340022836985;;9.944593196956024;;38;;;;;163.13;misecast-demand-p50p90-v1;True
FC-6911ea28-dc69-4463-bab8-596a14b42178;2026-08-02;2026-08-04;2;Dinner;MI-015;MI-015-LARGE;Create Your Own - Seared Chicken;Large;Create Your Own Bowl;8.5;8.170197682661382;;9.316559024677264;;41;;;;;154.42;misecast-demand-p50p90-v1;True
FC-b4bbf8a7-7df8-4f10-bc44-9fc59150530a;2026-08-02;2026-08-05;3;Dinner;MI-015;MI-015-LARGE;Create Your Own - Seared Chicken;Large;Create Your Own Bowl;8.5;8.221227998797987;;9.399003023121823;;36;;;;;155.38;misecast-demand-p50p90-v1;True
FC-82eb1392-f50f-46e7-b484-90d12403f21a;2026-08-02;2026-08-06;4;Dinner;MI-015;MI-015-LARGE;Create Your Own - Seared Chicken;Large;Create Your Own Bowl;7.75;8.256700356621389;;9.300227586352346;;50;;;;;156.05;misecast-demand-p50p90-v1;True
FC-efac2e34-569b-49f1-af99-c0505affd870;2026-08-02;2026-08-07;5;Dinner;MI-015;MI-015-LARGE;Create Your Own - Seared Chicken;Large;Create Your Own Bowl;9.0;8.44053633217029;;9.986770075245568;;62;;;;;159.53;misecast-demand-p50p90-v1;True
FC-6dd8522b-a00d-4283-96f8-129b04f23ced;2026-08-02;2026-08-08;6;Dinner;MI-015;MI-015-LARGE;Create Your Own - Seared Chicken;Large;Create Your Own Bowl;10.25;10.651146626309075;;10.970224270820133;;83;;;;;201.31;misecast-demand-p50p90-v1;True
FC-ac4370a9-6293-4681-be81-092ac3497ee2;2026-08-02;2026-08-09;7;Dinner;MI-015;MI-015-LARGE;Create Your Own - Seared Chicken;Large;Create Your Own Bowl;9.25;9.910516125238997;;10.427566837767904;;47;;;;;187.31;misecast-demand-p50p90-v1;True
FC-db6cacf2-7ee7-46ff-a1b2-32acca226b03;2026-08-02;2026-08-10;8;Dinner;MI-015;MI-015-LARGE;Create Your Own - Seared Chicken;Large;Create Your Own Bowl;9.0;8.759709379294812;;9.987801159033092;;35;;;;;165.56;misecast-demand-p50p90-v1;True
FC-823fd05b-dd03-4ce0-92f9-270280c6e4cb;2026-08-02;2026-08-11;9;Dinner;MI-015;MI-015-LARGE;Create Your Own - Seared Chicken;Large;Create Your Own Bowl;8.5;8.22559588166955;;9.394868681710706;;47;;;;;155.46;misecast-demand-p50p90-v1;True
FC-5290e6e1-4b45-4bdf-9a85-d635ff279316;2026-08-02;2026-08-02;0;Lunch;MI-015;MI-015-LARGE;Create Your Own - Seared Chicken;Large;Create Your Own Bowl;6.5;6.243964200912395;;6.972516265497332;;32;;;;;118.01;misecast-demand-p50p90-v1;True
FC-b32a1056-58fb-4627-b095-690b25807c21;2026-08-02;2026-08-03;1;Lunch;MI-015;MI-015-LARGE;Create Your Own - Seared Chicken;Large;Create Your Own Bowl;6.25;6.033698067208243;;6.9224268073710125;;22;;;;;114.04;misecast-demand-p50p90-v1;True
FC-3d8830b4-2435-42d3-9057-6a82da3b561d;2026-08-02;2026-08-04;2;Lunch;MI-015;MI-015-LARGE;Create Your Own - Seared Chicken;Large;Create Your Own Bowl;5.75;6.029474112565318;;6.92261603356241;;29;;;;;113.96;misecast-demand-p50p90-v1;True
FC-a33615d4-5674-47bc-ae8c-83018905c46f;2026-08-02;2026-08-05;3;Lunch;MI-015;MI-015-LARGE;Create Your Own - Seared Chicken;Large;Create Your Own Bowl;6.0;6.008141908194006;;6.9289544347203;;22;;;;;113.55;misecast-demand-p50p90-v1;True
FC-67adada5-1655-465f-945b-b7a99aa7616a;2026-08-02;2026-08-06;4;Lunch;MI-015;MI-015-LARGE;Create Your Own - Seared Chicken;Large;Create Your Own Bowl;6.75;5.916149222757599;;7.0840329285113395;;36;;;;;111.82;misecast-demand-p50p90-v1;True
FC-d1f34a5e-7060-44b4-b77b-41283c1e8d0c;2026-08-02;2026-08-07;5;Lunch;MI-015;MI-015-LARGE;Create Your Own - Seared Chicken;Large;Create Your Own Bowl;6.5;6.014524945458315;;6.98623985254895;;37;;;;;113.67;misecast-demand-p50p90-v1;True
FC-9d0992e6-4620-49b0-a951-3749dd1bf25d;2026-08-02;2026-08-08;6;Lunch;MI-015;MI-015-LARGE;Create Your Own - Seared Chicken;Large;Create Your Own Bowl;6.75;6.162300910196313;;7.128081878646095;;39;;;;;116.47;misecast-demand-p50p90-v1;True
FC-48b97fb3-4d69-4fa4-88f4-8c509ff33462;2026-08-02;2026-08-09;7;Lunch;MI-015;MI-015-LARGE;Create Your Own - Seared Chicken;Large;Create Your Own Bowl;6.5;6.2557660442603735;;6.978125604122319;;30;;;;;118.23;misecast-demand-p50p90-v1;True
FC-fcde00ca-e6fd-4dd9-b118-9868b67787de;2026-08-02;2026-08-10;8;Lunch;MI-015;MI-015-LARGE;Create Your Own - Seared Chicken;Large;Create Your Own Bowl;6.25;6.0320020400708305;;6.922124070413181;;24;;;;;114.0;misecast-demand-p50p90-v1;True
FC-6bbe5ddb-3a91-4fbd-9cdf-e3859d9ae755;2026-08-02;2026-08-11;9;Lunch;MI-015;MI-015-LARGE;Create Your Own - Seared Chicken;Large;Create Your Own Bowl;5.75;6.044775292010522;;6.9295037239238;;26;;;;;114.25;misecast-demand-p50p90-v1;True
FC-03a53ef0-acb6-40c8-8fb4-6a6c2499cfa9;2026-08-02;2026-08-02;0;Dinner;MI-016;MI-016-SMALL;Create Your Own - Pan-seared Tofu;Small;Create Your Own Bowl;9.0;8.94766101636427;;10.765576429666757;;60;;;;;142.27;misecast-demand-p50p90-v1;True
FC-64a0aaf4-c120-4bda-ba63-f18d5ba377dc;2026-08-02;2026-08-03;1;Dinner;MI-016;MI-016-SMALL;Create Your Own - Pan-seared Tofu;Small;Create Your Own Bowl;8.0;7.998980402532833;;8.958722411989902;;38;;;;;127.18;misecast-demand-p50p90-v1;True
FC-d858cfc6-ff63-4c54-bc0d-e03857ada5b3;2026-08-02;2026-08-04;2;Dinner;MI-016;MI-016-SMALL;Create Your Own - Pan-seared Tofu;Small;Create Your Own Bowl;8.25;8.000239104475547;;8.975674958341594;;41;;;;;127.2;misecast-demand-p50p90-v1;True
FC-f01241cf-a379-4ede-9c2c-6600002c0311;2026-08-02;2026-08-05;3;Dinner;MI-016;MI-016-SMALL;Create Your Own - Pan-seared Tofu;Small;Create Your Own Bowl;7.75;8.052584432015632;;9.05811496911837;;36;;;;;128.04;misecast-demand-p50p90-v1;True
FC-a5bb96d1-f7aa-4c22-aa5a-edb46f239235;2026-08-02;2026-08-06;4;Dinner;MI-016;MI-016-SMALL;Create Your Own - Pan-seared Tofu;Small;Create Your Own Bowl;8.0;8.00525771852898;;9.055014346216067;;50;;;;;127.28;misecast-demand-p50p90-v1;True
FC-eee83dfa-f9e4-46c2-94b8-47be2eb8b567;2026-08-02;2026-08-07;5;Dinner;MI-016;MI-016-SMALL;Create Your Own - Pan-seared Tofu;Small;Create Your Own Bowl;8.5;8.000583510895522;;9.374982384506598;;62;;;;;127.21;misecast-demand-p50p90-v1;True
FC-f1231a46-a044-405d-8aa5-6c96f1afe7bd;2026-08-02;2026-08-08;6;Dinner;MI-016;MI-016-SMALL;Create Your Own - Pan-seared Tofu;Small;Create Your Own Bowl;9.75;9.92287476684494;;11.278309655250295;;83;;;;;157.77;misecast-demand-p50p90-v1;True
FC-14a837ad-f769-4247-8f58-e6ea1d31b62a;2026-08-02;2026-08-09;7;Dinner;MI-016;MI-016-SMALL;Create Your Own - Pan-seared Tofu;Small;Create Your Own Bowl;9.0;8.95840913184255;;10.698547277130983;;47;;;;;142.44;misecast-demand-p50p90-v1;True
FC-86a83dd9-59c8-456e-8cfd-9da2a757d9cd;2026-08-02;2026-08-10;8;Dinner;MI-016;MI-016-SMALL;Create Your Own - Pan-seared Tofu;Small;Create Your Own Bowl;8.0;8.017628864980265;;9.063430188127187;;35;;;;;127.48;misecast-demand-p50p90-v1;True
FC-de187d53-f849-4355-9d6c-6566b45c710a;2026-08-02;2026-08-11;9;Dinner;MI-016;MI-016-SMALL;Create Your Own - Pan-seared Tofu;Small;Create Your Own Bowl;8.25;7.991025969104016;;9.062047522277567;;47;;;;;127.06;misecast-demand-p50p90-v1;True
FC-388e178b-09a1-4907-be9f-df9cef3a4a05;2026-08-02;2026-08-02;0;Lunch;MI-016;MI-016-SMALL;Create Your Own - Pan-seared Tofu;Small;Create Your Own Bowl;6.0;6.059480262901777;;6.9298713698222985;;32;;;;;96.35;misecast-demand-p50p90-v1;True
FC-4ee65f38-4ca6-4d8a-8f55-a43ddee030f9;2026-08-02;2026-08-03;1;Lunch;MI-016;MI-016-SMALL;Create Your Own - Pan-seared Tofu;Small;Create Your Own Bowl;5.75;5.993753779247862;;6.6564322500542294;;22;;;;;95.3;misecast-demand-p50p90-v1;True
FC-4ff48ae1-90c2-4431-88e6-cd716270c8b1;2026-08-02;2026-08-04;2;Lunch;MI-016;MI-016-SMALL;Create Your Own - Pan-seared Tofu;Small;Create Your Own Bowl;6.0;5.999297969197803;;6.662944027829458;;29;;;;;95.39;misecast-demand-p50p90-v1;True
FC-833d7453-b070-4598-97a3-f715445e383c;2026-08-02;2026-08-05;3;Lunch;MI-016;MI-016-SMALL;Create Your Own - Pan-seared Tofu;Small;Create Your Own Bowl;5.5;5.93707504944672;;6.63407873960759;;22;;;;;94.4;misecast-demand-p50p90-v1;True
FC-6a2772d1-c65f-4524-af73-9efcb2006e8a;2026-08-02;2026-08-06;4;Lunch;MI-016;MI-016-SMALL;Create Your Own - Pan-seared Tofu;Small;Create Your Own Bowl;5.75;5.946690788533091;;6.650110356814954;;36;;;;;94.55;misecast-demand-p50p90-v1;True
FC-848e7ae0-49b0-4da2-b05b-2182e8529946;2026-08-02;2026-08-07;5;Lunch;MI-016;MI-016-SMALL;Create Your Own - Pan-seared Tofu;Small;Create Your Own Bowl;5.5;5.974663109656302;;6.610302975932185;;37;;;;;95.0;misecast-demand-p50p90-v1;True
FC-7865d06f-6e26-4195-b360-6ae7a1db804a;2026-08-02;2026-08-08;6;Lunch;MI-016;MI-016-SMALL;Create Your Own - Pan-seared Tofu;Small;Create Your Own Bowl;6.75;5.960241166872575;;7.336721024920779;;39;;;;;94.77;misecast-demand-p50p90-v1;True
FC-b0abdac8-5c18-4e8c-af1a-81b141c1c89b;2026-08-02;2026-08-09;7;Lunch;MI-016;MI-016-SMALL;Create Your Own - Pan-seared Tofu;Small;Create Your Own Bowl;6.0;6.060881455626165;;6.949219655085259;;30;;;;;96.37;misecast-demand-p50p90-v1;True
FC-d5ee3919-99ea-40f7-85e1-e94ad925254b;2026-08-02;2026-08-10;8;Lunch;MI-016;MI-016-SMALL;Create Your Own - Pan-seared Tofu;Small;Create Your Own Bowl;5.75;5.978044020027311;;6.650656901386105;;24;;;;;95.05;misecast-demand-p50p90-v1;True
FC-364215b6-c632-46e5-a358-0598d82da55e;2026-08-02;2026-08-11;9;Lunch;MI-016;MI-016-SMALL;Create Your Own - Pan-seared Tofu;Small;Create Your Own Bowl;6.0;5.988258878683593;;6.6902714984752;;26;;;;;95.21;misecast-demand-p50p90-v1;True
FC-c65f7ec4-b02d-4a9c-a29a-437d30f6f0c4;2026-08-02;2026-08-02;0;Dinner;MI-016;MI-016-LARGE;Create Your Own - Pan-seared Tofu;Large;Create Your Own Bowl;9.0;9.095177245894273;;10.343932757730116;;60;;;;;171.9;misecast-demand-p50p90-v1;True
FC-90c65982-e517-4c7e-ad8e-c339af4e1b59;2026-08-02;2026-08-03;1;Dinner;MI-016;MI-016-LARGE;Create Your Own - Pan-seared Tofu;Large;Create Your Own Bowl;8.0;8.003923875271173;;8.95674524490968;;38;;;;;151.27;misecast-demand-p50p90-v1;True
FC-f4dd026c-a0a3-4eb5-a433-a24f47a6880a;2026-08-02;2026-08-04;2;Dinner;MI-016;MI-016-LARGE;Create Your Own - Pan-seared Tofu;Large;Create Your Own Bowl;8.25;8.040745523382588;;8.996008320205684;;41;;;;;151.97;misecast-demand-p50p90-v1;True
FC-6a6b0309-8f36-42fc-909b-a565d0e7ad69;2026-08-02;2026-08-05;3;Dinner;MI-016;MI-016-LARGE;Create Your Own - Pan-seared Tofu;Large;Create Your Own Bowl;7.75;7.989147573231553;;9.019105268409417;;36;;;;;150.99;misecast-demand-p50p90-v1;True
FC-2b13a2b6-6df3-4d48-8262-45baec839d7f;2026-08-02;2026-08-06;4;Dinner;MI-016;MI-016-LARGE;Create Your Own - Pan-seared Tofu;Large;Create Your Own Bowl;8.0;8.056358467163005;;9.03501553280023;;50;;;;;152.27;misecast-demand-p50p90-v1;True
FC-bad581ed-3f2b-491f-a1c3-f0553e230036;2026-08-02;2026-08-07;5;Dinner;MI-016;MI-016-LARGE;Create Your Own - Pan-seared Tofu;Large;Create Your Own Bowl;8.25;8.080633581326266;;9.158159870264276;;62;;;;;152.72;misecast-demand-p50p90-v1;True
FC-85144b4d-e817-43e1-91b8-880f1ada6b2d;2026-08-02;2026-08-08;6;Dinner;MI-016;MI-016-LARGE;Create Your Own - Pan-seared Tofu;Large;Create Your Own Bowl;9.5;9.897582954849582;;10.829413629205725;;83;;;;;187.06;misecast-demand-p50p90-v1;True
FC-07af898d-d344-4b10-b0e8-f58e04fa59d5;2026-08-02;2026-08-09;7;Dinner;MI-016;MI-016-LARGE;Create Your Own - Pan-seared Tofu;Large;Create Your Own Bowl;9.0;9.126908719865574;;10.389076093550933;;47;;;;;172.5;misecast-demand-p50p90-v1;True
FC-7b93b181-a7f8-4e4e-b749-390d9f450eb0;2026-08-02;2026-08-10;8;Dinner;MI-016;MI-016-LARGE;Create Your Own - Pan-seared Tofu;Large;Create Your Own Bowl;8.0;8.017728248175057;;9.022951661246614;;35;;;;;151.54;misecast-demand-p50p90-v1;True
FC-24a2656a-e1fa-4070-be78-34e076cc4d1c;2026-08-02;2026-08-11;9;Dinner;MI-016;MI-016-LARGE;Create Your Own - Pan-seared Tofu;Large;Create Your Own Bowl;8.25;8.022761657174708;;9.055871639981145;;47;;;;;151.63;misecast-demand-p50p90-v1;True
FC-41df667f-19a1-4116-a44d-2d6769c96dde;2026-08-02;2026-08-02;0;Lunch;MI-016;MI-016-LARGE;Create Your Own - Pan-seared Tofu;Large;Create Your Own Bowl;6.0;6.121768892591551;;6.985293703464684;;32;;;;;115.7;misecast-demand-p50p90-v1;True
FC-ef8e09e0-61fe-4689-974a-c744ce028657;2026-08-02;2026-08-03;1;Lunch;MI-016;MI-016-LARGE;Create Your Own - Pan-seared Tofu;Large;Create Your Own Bowl;6.0;5.89238849294219;;6.904843517461558;;22;;;;;111.37;misecast-demand-p50p90-v1;True
FC-cdfa454f-3582-45bb-9ce4-a0835228cf52;2026-08-02;2026-08-04;2;Lunch;MI-016;MI-016-LARGE;Create Your Own - Pan-seared Tofu;Large;Create Your Own Bowl;6.0;5.913882342506556;;6.9126551734307835;;29;;;;;111.77;misecast-demand-p50p90-v1;True
FC-dae5276d-1cbb-4473-bdd8-60b575da7049;2026-08-02;2026-08-05;3;Lunch;MI-016;MI-016-LARGE;Create Your Own - Pan-seared Tofu;Large;Create Your Own Bowl;5.5;5.8851253418078215;;6.91773296717185;;22;;;;;111.23;misecast-demand-p50p90-v1;True
FC-20945330-1c97-4ecf-90fe-51d773c66745;2026-08-02;2026-08-06;4;Lunch;MI-016;MI-016-LARGE;Create Your Own - Pan-seared Tofu;Large;Create Your Own Bowl;5.5;5.970878826335894;;6.913441645418284;;36;;;;;112.85;misecast-demand-p50p90-v1;True
FC-6e76a6f7-ac6b-4c21-b5bc-2752d72159f0;2026-08-02;2026-08-07;5;Lunch;MI-016;MI-016-LARGE;Create Your Own - Pan-seared Tofu;Large;Create Your Own Bowl;6.0;5.924114410289358;;6.902863404815452;;37;;;;;111.97;misecast-demand-p50p90-v1;True
FC-235036fb-a321-4f57-9c77-7e3c74dd0178;2026-08-02;2026-08-08;6;Lunch;MI-016;MI-016-LARGE;Create Your Own - Pan-seared Tofu;Large;Create Your Own Bowl;6.75;6.143369021307234;;7.11685975079703;;39;;;;;116.11;misecast-demand-p50p90-v1;True
FC-1950ff20-e866-42de-a1f7-c1b8a386aa6c;2026-08-02;2026-08-09;7;Lunch;MI-016;MI-016-LARGE;Create Your Own - Pan-seared Tofu;Large;Create Your Own Bowl;6.0;6.128048512986727;;6.982389807587744;;30;;;;;115.82;misecast-demand-p50p90-v1;True
FC-2353e527-4b7b-40de-a614-138a297370f1;2026-08-02;2026-08-10;8;Lunch;MI-016;MI-016-LARGE;Create Your Own - Pan-seared Tofu;Large;Create Your Own Bowl;6.0;5.912158550860209;;6.910323630673828;;24;;;;;111.74;misecast-demand-p50p90-v1;True
FC-ef8a3501-0beb-41ad-a5d3-dd8de1a998bd;2026-08-02;2026-08-11;9;Lunch;MI-016;MI-016-LARGE;Create Your Own - Pan-seared Tofu;Large;Create Your Own Bowl;6.0;5.896971558453698;;6.925627480674398;;26;;;;;111.45;misecast-demand-p50p90-v1;True
FC-ff56e8b5-b69f-49b7-8f97-d7f822d52d0e;2026-08-02;2026-08-02;0;Dinner;MI-017;MI-017-SMALL;Create Your Own - Crispy Eggplant;Small;Create Your Own Bowl;10.5;10.131412443764644;;11.605975818526483;;60;;;;;171.22;misecast-demand-p50p90-v1;True
FC-773b0c9e-9f7a-445f-bedd-d369b19fcffb;2026-08-02;2026-08-03;1;Dinner;MI-017;MI-017-SMALL;Create Your Own - Crispy Eggplant;Small;Create Your Own Bowl;9.5;9.214339762506132;;9.92882705328025;;38;;;;;155.72;misecast-demand-p50p90-v1;True
FC-ceca72bd-0348-4317-9b0c-9bd502af69d8;2026-08-02;2026-08-04;2;Dinner;MI-017;MI-017-SMALL;Create Your Own - Crispy Eggplant;Small;Create Your Own Bowl;9.0;8.862046746746213;;9.925906597892713;;41;;;;;149.77;misecast-demand-p50p90-v1;True
FC-32afede0-e1c7-4de7-bf05-f15d7f4722d3;2026-08-02;2026-08-05;3;Dinner;MI-017;MI-017-SMALL;Create Your Own - Crispy Eggplant;Small;Create Your Own Bowl;9.75;9.207624130513585;;10.677547384653941;;36;;;;;155.61;misecast-demand-p50p90-v1;True
FC-e8b01746-0215-44c7-96ee-83829fbf7b57;2026-08-02;2026-08-06;4;Dinner;MI-017;MI-017-SMALL;Create Your Own - Crispy Eggplant;Small;Create Your Own Bowl;9.0;8.91115127228445;;10.019805224328655;;50;;;;;150.6;misecast-demand-p50p90-v1;True
FC-009cfc1d-2cb1-423e-b2a8-65bd8e50e3b4;2026-08-02;2026-08-07;5;Dinner;MI-017;MI-017-SMALL;Create Your Own - Crispy Eggplant;Small;Create Your Own Bowl;9.0;8.925198631950263;;10.16776594438633;;62;;;;;150.84;misecast-demand-p50p90-v1;True
FC-20649a62-5f06-484e-815e-1aec2d8bfe0a;2026-08-02;2026-08-08;6;Dinner;MI-017;MI-017-SMALL;Create Your Own - Crispy Eggplant;Small;Create Your Own Bowl;10.75;10.692477527403108;;11.961593676972372;;83;;;;;180.7;misecast-demand-p50p90-v1;True
FC-9acd6096-3f95-4124-b041-a679f4c966fb;2026-08-02;2026-08-09;7;Dinner;MI-017;MI-017-SMALL;Create Your Own - Crispy Eggplant;Small;Create Your Own Bowl;10.5;10.2661970063401;;11.647057419959504;;47;;;;;173.5;misecast-demand-p50p90-v1;True
FC-da0e03c3-1074-461b-ad20-e650cdf350e7;2026-08-02;2026-08-10;8;Dinner;MI-017;MI-017-SMALL;Create Your Own - Crispy Eggplant;Small;Create Your Own Bowl;9.5;9.167739572296925;;10.07330790546792;;35;;;;;154.93;misecast-demand-p50p90-v1;True
FC-e691ae32-1c03-40b3-b86a-7f9bfe43f1d6;2026-08-02;2026-08-11;9;Dinner;MI-017;MI-017-SMALL;Create Your Own - Crispy Eggplant;Small;Create Your Own Bowl;9.0;8.773755458498082;;10.032937288326933;;47;;;;;148.28;misecast-demand-p50p90-v1;True
FC-3f094cf2-351e-49df-8e84-c7abf0328620;2026-08-02;2026-08-02;0;Lunch;MI-017;MI-017-SMALL;Create Your Own - Crispy Eggplant;Small;Create Your Own Bowl;7.25;6.999311743641508;;8.17568401401957;;32;;;;;118.29;misecast-demand-p50p90-v1;True
FC-78a2d3d6-5409-42b9-b037-5e88a37b285c;2026-08-02;2026-08-03;1;Lunch;MI-017;MI-017-SMALL;Create Your Own - Crispy Eggplant;Small;Create Your Own Bowl;6.5;6.562397025987463;;7.060749464730769;;22;;;;;110.9;misecast-demand-p50p90-v1;True
FC-0915fa7d-ed11-4bd5-b35f-8ac67b014255;2026-08-02;2026-08-04;2;Lunch;MI-017;MI-017-SMALL;Create Your Own - Crispy Eggplant;Small;Create Your Own Bowl;6.75;6.552291148752161;;7.122305184651244;;29;;;;;110.73;misecast-demand-p50p90-v1;True
FC-6bd57f69-6939-4493-b9e7-6b59130b3f73;2026-08-02;2026-08-05;3;Lunch;MI-017;MI-017-SMALL;Create Your Own - Crispy Eggplant;Small;Create Your Own Bowl;6.25;6.501642269967343;;7.004448340563599;;22;;;;;109.88;misecast-demand-p50p90-v1;True
FC-e992d269-b355-49bd-8277-9e94434cff0b;2026-08-02;2026-08-06;4;Lunch;MI-017;MI-017-SMALL;Create Your Own - Crispy Eggplant;Small;Create Your Own Bowl;6.5;6.538123471133571;;7.084141705803397;;36;;;;;110.49;misecast-demand-p50p90-v1;True
FC-fe24d9f8-fde4-4c46-bb6b-fcefc3e3b9b4;2026-08-02;2026-08-07;5;Lunch;MI-017;MI-017-SMALL;Create Your Own - Crispy Eggplant;Small;Create Your Own Bowl;6.25;6.541549780407231;;6.9950078302198;;37;;;;;110.55;misecast-demand-p50p90-v1;True
FC-83a89e83-05fe-4af6-b3b9-110f66492ea4;2026-08-02;2026-08-08;6;Lunch;MI-017;MI-017-SMALL;Create Your Own - Crispy Eggplant;Small;Create Your Own Bowl;6.5;7.022741209070081;;7.488859898944926;;39;;;;;118.68;misecast-demand-p50p90-v1;True
FC-5152306d-ab97-4747-81b2-18414b1e60fe;2026-08-02;2026-08-09;7;Lunch;MI-017;MI-017-SMALL;Create Your Own - Crispy Eggplant;Small;Create Your Own Bowl;7.25;7.012018462953195;;8.197182065692635;;30;;;;;118.5;misecast-demand-p50p90-v1;True
FC-d22e1dde-aac7-4bfc-af12-f4ebe06ad606;2026-08-02;2026-08-10;8;Lunch;MI-017;MI-017-SMALL;Create Your Own - Crispy Eggplant;Small;Create Your Own Bowl;6.5;6.571584907093217;;7.067802327428219;;24;;;;;111.06;misecast-demand-p50p90-v1;True
FC-23f30dbc-d10e-4c7c-ab7b-cc6442368149;2026-08-02;2026-08-11;9;Lunch;MI-017;MI-017-SMALL;Create Your Own - Crispy Eggplant;Small;Create Your Own Bowl;6.75;6.551655933437467;;7.120796142489747;;26;;;;;110.72;misecast-demand-p50p90-v1;True
FC-7e739b74-3f00-4c2f-8316-950073446fc1;2026-08-02;2026-08-02;0;Dinner;MI-017;MI-017-LARGE;Create Your Own - Crispy Eggplant;Large;Create Your Own Bowl;10.5;10.278084861978632;;11.728961425799367;;60;;;;;204.53;misecast-demand-p50p90-v1;True
FC-41c9e63d-397c-44c2-9503-2a905a612ea9;2026-08-02;2026-08-03;1;Dinner;MI-017;MI-017-LARGE;Create Your Own - Crispy Eggplant;Large;Create Your Own Bowl;9.0;8.836657444251358;;9.956340396428722;;38;;;;;175.85;misecast-demand-p50p90-v1;True
FC-3a2a2809-32eb-4154-a8c7-8d61206c362b;2026-08-02;2026-08-04;2;Dinner;MI-017;MI-017-LARGE;Create Your Own - Crispy Eggplant;Large;Create Your Own Bowl;9.5;8.690235294669602;;10.066201387673729;;41;;;;;172.94;misecast-demand-p50p90-v1;True
FC-03ffa2ff-01e0-4fb5-a285-2b384b85fb9d;2026-08-02;2026-08-05;3;Dinner;MI-017;MI-017-LARGE;Create Your Own - Crispy Eggplant;Large;Create Your Own Bowl;9.5;8.830326521897547;;10.166518308498764;;36;;;;;175.72;misecast-demand-p50p90-v1;True
FC-48b1a65b-6c0c-42fa-a132-fdf66eaaf3bb;2026-08-02;2026-08-06;4;Dinner;MI-017;MI-017-LARGE;Create Your Own - Crispy Eggplant;Large;Create Your Own Bowl;8.75;8.778240785398443;;9.979523372162955;;50;;;;;174.69;misecast-demand-p50p90-v1;True
FC-21d3ae12-971e-4419-b490-3b23d7b22076;2026-08-02;2026-08-07;5;Dinner;MI-017;MI-017-LARGE;Create Your Own - Crispy Eggplant;Large;Create Your Own Bowl;8.75;8.638206175873485;;10.134414697691321;;62;;;;;171.9;misecast-demand-p50p90-v1;True
FC-85184c63-e004-4665-81de-daeb17af2504;2026-08-02;2026-08-08;6;Dinner;MI-017;MI-017-LARGE;Create Your Own - Crispy Eggplant;Large;Create Your Own Bowl;11.5;11.042808559254292;;12.21714157770404;;83;;;;;219.75;misecast-demand-p50p90-v1;True
FC-15da0a4c-0d18-4da8-b63a-4735be0e8dc1;2026-08-02;2026-08-09;7;Dinner;MI-017;MI-017-LARGE;Create Your Own - Crispy Eggplant;Large;Create Your Own Bowl;10.5;10.374833985986124;;11.737485776367649;;47;;;;;206.46;misecast-demand-p50p90-v1;True
FC-688f77db-3244-4445-a354-98624212f6f6;2026-08-02;2026-08-10;8;Dinner;MI-017;MI-017-LARGE;Create Your Own - Crispy Eggplant;Large;Create Your Own Bowl;9.0;8.929734861698687;;10.11724696823005;;35;;;;;177.7;misecast-demand-p50p90-v1;True
FC-b97a0d74-e239-4c48-b488-88aa76a8e931;2026-08-02;2026-08-11;9;Dinner;MI-017;MI-017-LARGE;Create Your Own - Crispy Eggplant;Large;Create Your Own Bowl;9.5;8.660529070589096;;10.180103415591596;;47;;;;;172.34;misecast-demand-p50p90-v1;True
FC-c1a8dd7e-d19a-4346-935a-375a144d0e94;2026-08-02;2026-08-02;0;Lunch;MI-017;MI-017-LARGE;Create Your Own - Crispy Eggplant;Large;Create Your Own Bowl;7.0;6.971701387047419;;7.756549790104885;;32;;;;;138.74;misecast-demand-p50p90-v1;True
FC-148503d3-c43c-4008-a022-4153320f8d56;2026-08-02;2026-08-03;1;Lunch;MI-017;MI-017-LARGE;Create Your Own - Crispy Eggplant;Large;Create Your Own Bowl;6.5;6.700781867439235;;7.1263593348750005;;22;;;;;133.35;misecast-demand-p50p90-v1;True
FC-f39f379d-884e-4110-9edd-de88c4f05656;2026-08-02;2026-08-04;2;Lunch;MI-017;MI-017-LARGE;Create Your Own - Crispy Eggplant;Large;Create Your Own Bowl;6.5;6.692944780313211;;7.1508202049246234;;29;;;;;133.19;misecast-demand-p50p90-v1;True
FC-f1f118ae-518f-4c6b-9157-b2b96f864526;2026-08-02;2026-08-05;3;Lunch;MI-017;MI-017-LARGE;Create Your Own - Crispy Eggplant;Large;Create Your Own Bowl;6.5;6.639824485639047;;7.281989032127175;;22;;;;;132.13;misecast-demand-p50p90-v1;True
FC-f58a17ee-8ee7-415b-8488-588b067023f1;2026-08-02;2026-08-06;4;Lunch;MI-017;MI-017-LARGE;Create Your Own - Crispy Eggplant;Large;Create Your Own Bowl;6.5;6.679051102374679;;7.176378368398615;;36;;;;;132.91;misecast-demand-p50p90-v1;True
FC-dff91f84-bc75-4391-967a-ee2ff4bc7e59;2026-08-02;2026-08-07;5;Lunch;MI-017;MI-017-LARGE;Create Your Own - Crispy Eggplant;Large;Create Your Own Bowl;6.5;6.687454779910606;;7.170843659128798;;37;;;;;133.08;misecast-demand-p50p90-v1;True
FC-8c7ede10-e2ca-4909-ac82-2120a5472768;2026-08-02;2026-08-08;6;Lunch;MI-017;MI-017-LARGE;Create Your Own - Crispy Eggplant;Large;Create Your Own Bowl;6.5;7.053659970964566;;7.670542917934877;;39;;;;;140.37;misecast-demand-p50p90-v1;True
FC-0ed6152c-8c24-4dda-9425-1263728aa304;2026-08-02;2026-08-09;7;Lunch;MI-017;MI-017-LARGE;Create Your Own - Crispy Eggplant;Large;Create Your Own Bowl;7.0;6.9787437225900355;;7.774478957153402;;30;;;;;138.88;misecast-demand-p50p90-v1;True
FC-81ce7a05-c1d6-41ac-a39d-b710c1bd74a0;2026-08-02;2026-08-10;8;Lunch;MI-017;MI-017-LARGE;Create Your Own - Crispy Eggplant;Large;Create Your Own Bowl;6.5;6.707282969574621;;7.134505695818602;;24;;;;;133.47;misecast-demand-p50p90-v1;True
FC-3572cc16-5d88-45e8-8244-0f9a75f4848f;2026-08-02;2026-08-11;9;Lunch;MI-017;MI-017-LARGE;Create Your Own - Crispy Eggplant;Large;Create Your Own Bowl;6.5;6.674988913102874;;7.137640433512311;;26;;;;;132.83;misecast-demand-p50p90-v1;True
FC-ce28bfe8-dcb4-451f-bc24-489baa119d41;2026-08-02;2026-08-02;0;Dinner;MI-018;MI-018-SMALL;Create Your Own - Miso Beet Falafel;Small;Create Your Own Bowl;10.5;10.63042525124448;;11.760673149838219;;60;;;;;179.65;misecast-demand-p50p90-v1;True
FC-b3f43a0f-baaa-4dd9-9c3a-d674945a6b89;2026-08-02;2026-08-03;1;Dinner;MI-018;MI-018-SMALL;Create Your Own - Miso Beet Falafel;Small;Create Your Own Bowl;9.5;9.168627132124358;;10.143512766804738;;38;;;;;154.95;misecast-demand-p50p90-v1;True
FC-b69906ca-f1fe-48a7-b9be-01feea9bb018;2026-08-02;2026-08-04;2;Dinner;MI-018;MI-018-SMALL;Create Your Own - Miso Beet Falafel;Small;Create Your Own Bowl;9.0;8.929291662253956;;10.085990598837286;;41;;;;;150.91;misecast-demand-p50p90-v1;True
FC-377c856f-cd0b-46de-9a1f-1650b476d916;2026-08-02;2026-08-05;3;Dinner;MI-018;MI-018-SMALL;Create Your Own - Miso Beet Falafel;Small;Create Your Own Bowl;9.5;9.207335481618227;;10.221378968299062;;36;;;;;155.6;misecast-demand-p50p90-v1;True
FC-5478a644-2f95-4f8e-8ca2-06b837d5a2cf;2026-08-02;2026-08-06;4;Dinner;MI-018;MI-018-SMALL;Create Your Own - Miso Beet Falafel;Small;Create Your Own Bowl;8.0;9.067241504601329;;9.698895800848476;;50;;;;;153.24;misecast-demand-p50p90-v1;True
FC-b9a9e122-fd68-4052-a103-8866630c9ea5;2026-08-02;2026-08-07;5;Dinner;MI-018;MI-018-SMALL;Create Your Own - Miso Beet Falafel;Small;Create Your Own Bowl;9.5;9.355142494004122;;10.2937574940875;;62;;;;;158.1;misecast-demand-p50p90-v1;True
FC-846f932e-b4d7-42ab-9867-6f952572394f;2026-08-02;2026-08-08;6;Dinner;MI-018;MI-018-SMALL;Create Your Own - Miso Beet Falafel;Small;Create Your Own Bowl;11.25;11.415887368326878;;12.20008708575324;;83;;;;;192.93;misecast-demand-p50p90-v1;True
FC-4a597963-0378-4adf-b9e1-5cea15fc2500;2026-08-02;2026-08-09;7;Dinner;MI-018;MI-018-SMALL;Create Your Own - Miso Beet Falafel;Small;Create Your Own Bowl;10.5;10.840452430590453;;11.756871388788234;;47;;;;;183.2;misecast-demand-p50p90-v1;True
FC-b7ea13c1-dd3b-4b76-9436-053201992b46;2026-08-02;2026-08-10;8;Dinner;MI-018;MI-018-SMALL;Create Your Own - Miso Beet Falafel;Small;Create Your Own Bowl;9.5;9.239433808130977;;10.211016058051184;;35;;;;;156.15;misecast-demand-p50p90-v1;True
FC-a856e273-2647-47bf-b62a-6b414767b4b9;2026-08-02;2026-08-11;9;Dinner;MI-018;MI-018-SMALL;Create Your Own - Miso Beet Falafel;Small;Create Your Own Bowl;9.0;8.929227507092195;;10.146719270328402;;47;;;;;150.9;misecast-demand-p50p90-v1;True
FC-6f905c90-8a96-4509-aa32-ef1c5fa0f3cc;2026-08-02;2026-08-02;0;Lunch;MI-018;MI-018-SMALL;Create Your Own - Miso Beet Falafel;Small;Create Your Own Bowl;7.5;7.064200664710568;;7.93913119786439;;32;;;;;119.38;misecast-demand-p50p90-v1;True
FC-7440f21e-d41b-4c6b-a670-5a82ddac6564;2026-08-02;2026-08-03;1;Lunch;MI-018;MI-018-SMALL;Create Your Own - Miso Beet Falafel;Small;Create Your Own Bowl;6.75;6.633109687520492;;7.565993325846152;;22;;;;;112.1;misecast-demand-p50p90-v1;True
FC-88499ef2-40d2-4ab9-b06e-a5e1e21884bc;2026-08-02;2026-08-04;2;Lunch;MI-018;MI-018-SMALL;Create Your Own - Miso Beet Falafel;Small;Create Your Own Bowl;6.25;6.800421441587618;;7.122859167923979;;29;;;;;114.93;misecast-demand-p50p90-v1;True
FC-c7d9264b-6553-4524-bc55-1ec5cfde7eba;2026-08-02;2026-08-05;3;Lunch;MI-018;MI-018-SMALL;Create Your Own - Miso Beet Falafel;Small;Create Your Own Bowl;7.0;6.910878761622077;;7.9450296807679806;;22;;;;;116.79;misecast-demand-p50p90-v1;True
FC-7476981e-d25e-434e-93b3-9a27012473d5;2026-08-02;2026-08-06;4;Lunch;MI-018;MI-018-SMALL;Create Your Own - Miso Beet Falafel;Small;Create Your Own Bowl;7.25;6.962783207015366;;7.926078069000189;;36;;;;;117.67;misecast-demand-p50p90-v1;True
FC-c8425c9e-7f60-49b9-b9af-6525d5e238ef;2026-08-02;2026-08-07;5;Lunch;MI-018;MI-018-SMALL;Create Your Own - Miso Beet Falafel;Small;Create Your Own Bowl;7.75;7.000399802207012;;8.78675353167947;;37;;;;;118.31;misecast-demand-p50p90-v1;True
FC-5cf55d98-1f90-4692-be80-14a29cc11744;2026-08-02;2026-08-08;6;Lunch;MI-018;MI-018-SMALL;Create Your Own - Miso Beet Falafel;Small;Create Your Own Bowl;7.25;7.055664442850957;;7.939970981389361;;39;;;;;119.24;misecast-demand-p50p90-v1;True
FC-51ef2d2e-e680-48ac-86ec-866dfd0abb36;2026-08-02;2026-08-09;7;Lunch;MI-018;MI-018-SMALL;Create Your Own - Miso Beet Falafel;Small;Create Your Own Bowl;7.5;7.113454272850271;;8.030551263133862;;30;;;;;120.22;misecast-demand-p50p90-v1;True
FC-d2d1665d-11d8-41d8-873c-5da02e37014a;2026-08-02;2026-08-10;8;Lunch;MI-018;MI-018-SMALL;Create Your Own - Miso Beet Falafel;Small;Create Your Own Bowl;6.75;6.719184121094968;;7.617213088825186;;24;;;;;113.55;misecast-demand-p50p90-v1;True
FC-808bcf00-9d67-4938-9e7d-d1c186e69193;2026-08-02;2026-08-11;9;Lunch;MI-018;MI-018-SMALL;Create Your Own - Miso Beet Falafel;Small;Create Your Own Bowl;6.25;6.827019325308536;;7.146484124372475;;26;;;;;115.38;misecast-demand-p50p90-v1;True
FC-599e0739-3cfb-4bb8-bc1d-c0fd620990d5;2026-08-02;2026-08-02;0;Dinner;MI-018;MI-018-LARGE;Create Your Own - Miso Beet Falafel;Large;Create Your Own Bowl;11.0;10.286697276203135;;11.891742136853173;;60;;;;;204.71;misecast-demand-p50p90-v1;True
FC-07aa3ca6-fbdb-4afd-9fd3-5d5d4d421c17;2026-08-02;2026-08-03;1;Dinner;MI-018;MI-018-LARGE;Create Your Own - Miso Beet Falafel;Large;Create Your Own Bowl;8.75;8.885361699998562;;10.047690716223443;;38;;;;;176.82;misecast-demand-p50p90-v1;True
FC-d3110694-4e50-44c0-9371-71ea3cb53f7e;2026-08-02;2026-08-04;2;Dinner;MI-018;MI-018-LARGE;Create Your Own - Miso Beet Falafel;Large;Create Your Own Bowl;9.0;8.728144367227992;;10.136716259342425;;41;;;;;173.69;misecast-demand-p50p90-v1;True
FC-e2b527ad-9018-4493-a859-d3e0c28f6c49;2026-08-02;2026-08-05;3;Dinner;MI-018;MI-018-LARGE;Create Your Own - Miso Beet Falafel;Large;Create Your Own Bowl;9.75;9.06924949711277;;10.885782315059853;;36;;;;;180.48;misecast-demand-p50p90-v1;True
FC-e65e9c6b-8b44-4f80-afb4-d7c3c265972e;2026-08-02;2026-08-06;4;Dinner;MI-018;MI-018-LARGE;Create Your Own - Miso Beet Falafel;Large;Create Your Own Bowl;8.75;8.7531603530143;;10.16006569587066;;50;;;;;174.19;misecast-demand-p50p90-v1;True
FC-4a8b47ec-cf8d-4839-8fbd-f7d150f44c48;2026-08-02;2026-08-07;5;Dinner;MI-018;MI-018-LARGE;Create Your Own - Miso Beet Falafel;Large;Create Your Own Bowl;9.0;8.860794400243067;;10.316275612989344;;62;;;;;176.33;misecast-demand-p50p90-v1;True
FC-e955dbdd-d464-4eb3-b48b-b891844dc7e5;2026-08-02;2026-08-08;6;Dinner;MI-018;MI-018-LARGE;Create Your Own - Miso Beet Falafel;Large;Create Your Own Bowl;10.75;10.83820310287283;;12.100680452752757;;83;;;;;215.68;misecast-demand-p50p90-v1;True
FC-2dc76596-cac0-4976-a131-5cbaf02b591f;2026-08-02;2026-08-09;7;Dinner;MI-018;MI-018-LARGE;Create Your Own - Miso Beet Falafel;Large;Create Your Own Bowl;11.0;10.456314529368255;;11.966969022940823;;47;;;;;208.08;misecast-demand-p50p90-v1;True
FC-75416025-eb43-4ac9-a24d-942addf0cc67;2026-08-02;2026-08-10;8;Dinner;MI-018;MI-018-LARGE;Create Your Own - Miso Beet Falafel;Large;Create Your Own Bowl;8.75;8.860578995479228;;10.159491173674272;;35;;;;;176.33;misecast-demand-p50p90-v1;True
FC-2b15d15d-c589-4009-ac32-f0e2fe0914b1;2026-08-02;2026-08-11;9;Dinner;MI-018;MI-018-LARGE;Create Your Own - Miso Beet Falafel;Large;Create Your Own Bowl;9.0;8.624351374760769;;10.246236577560742;;47;;;;;171.62;misecast-demand-p50p90-v1;True
FC-1011b252-8657-4ce9-a7f6-473c07e0fc9b;2026-08-02;2026-08-02;0;Lunch;MI-018;MI-018-LARGE;Create Your Own - Miso Beet Falafel;Large;Create Your Own Bowl;7.0;7.068393751500548;;8.008246398563424;;32;;;;;140.66;misecast-demand-p50p90-v1;True
FC-93701019-bc50-45cd-9065-3ec37212560f;2026-08-02;2026-08-03;1;Lunch;MI-018;MI-018-LARGE;Create Your Own - Miso Beet Falafel;Large;Create Your Own Bowl;7.0;6.83866680117933;;7.834718532462177;;22;;;;;136.09;misecast-demand-p50p90-v1;True
FC-8a9fc53a-8f6d-4e74-a2e1-524e722df70a;2026-08-02;2026-08-04;2;Lunch;MI-018;MI-018-LARGE;Create Your Own - Miso Beet Falafel;Large;Create Your Own Bowl;6.25;6.64593156229411;;7.193693846771365;;29;;;;;132.25;misecast-demand-p50p90-v1;True
FC-669c2392-ba4d-416c-b3c9-ff91d27db66d;2026-08-02;2026-08-05;3;Lunch;MI-018;MI-018-LARGE;Create Your Own - Miso Beet Falafel;Large;Create Your Own Bowl;7.5;6.838309986991756;;7.96773522593785;;22;;;;;136.08;misecast-demand-p50p90-v1;True
FC-e671f4c1-fcf9-4eff-8019-d4f7603f7d02;2026-08-02;2026-08-06;4;Lunch;MI-018;MI-018-LARGE;Create Your Own - Miso Beet Falafel;Large;Create Your Own Bowl;6.5;6.629107086803693;;7.515727636672407;;36;;;;;131.92;misecast-demand-p50p90-v1;True
FC-e9ec4601-3371-46c0-a625-9774e9b24868;2026-08-02;2026-08-07;5;Lunch;MI-018;MI-018-LARGE;Create Your Own - Miso Beet Falafel;Large;Create Your Own Bowl;7.5;6.850653385414229;;7.956690118770891;;37;;;;;136.33;misecast-demand-p50p90-v1;True
FC-da08e783-9021-4b33-a93d-bd84a96d9dd8;2026-08-02;2026-08-08;6;Lunch;MI-018;MI-018-LARGE;Create Your Own - Miso Beet Falafel;Large;Create Your Own Bowl;8.0;7.237110988875816;;8.900150738202585;;39;;;;;144.02;misecast-demand-p50p90-v1;True
FC-a5223961-4f8f-4bd8-9268-a11446f43341;2026-08-02;2026-08-09;7;Lunch;MI-018;MI-018-LARGE;Create Your Own - Miso Beet Falafel;Large;Create Your Own Bowl;7.0;7.076310300633166;;8.045475621501284;;30;;;;;140.82;misecast-demand-p50p90-v1;True
FC-b9bbe55a-f9ec-42f5-aee4-229373df1caa;2026-08-02;2026-08-10;8;Lunch;MI-018;MI-018-LARGE;Create Your Own - Miso Beet Falafel;Large;Create Your Own Bowl;7.0;6.912519052312614;;7.82065383324232;;24;;;;;137.56;misecast-demand-p50p90-v1;True
FC-1c326b15-3423-48f2-bf57-42c7ae90b9b2;2026-08-02;2026-08-11;9;Lunch;MI-018;MI-018-LARGE;Create Your Own - Miso Beet Falafel;Large;Create Your Own Bowl;6.25;6.66515756633998;;7.202170247869797;;26;;;;;132.64;misecast-demand-p50p90-v1;True
FC-49662fb4-6a6a-4b1b-9d56-bf4aa70788df;2026-08-02;2026-08-02;0;Dinner;MI-019;MI-019-SMALL;Create Your Own - Tiger Prawns;Small;Create Your Own Bowl;10.0;9.891861274684203;;10.903068965482642;;60;;;;;167.17;misecast-demand-p50p90-v1;True
FC-cd580975-b2a8-48f2-b65f-32a86250ac94;2026-08-02;2026-08-03;1;Dinner;MI-019;MI-019-SMALL;Create Your Own - Tiger Prawns;Small;Create Your Own Bowl;8.0;7.973257909059308;;8.95804203586675;;38;;;;;134.75;misecast-demand-p50p90-v1;True
FC-88db7956-2ad2-4fb1-9f40-b03ac5ec575c;2026-08-02;2026-08-04;2;Dinner;MI-019;MI-019-SMALL;Create Your Own - Tiger Prawns;Small;Create Your Own Bowl;8.0;7.987288067880697;;8.987757948156634;;41;;;;;134.99;misecast-demand-p50p90-v1;True
FC-d292eeec-714d-4dc3-ae2c-e847af590b58;2026-08-02;2026-08-05;3;Dinner;MI-019;MI-019-SMALL;Create Your Own - Tiger Prawns;Small;Create Your Own Bowl;7.75;8.024615241897854;;8.998148356202003;;36;;;;;135.62;misecast-demand-p50p90-v1;True
FC-b87b885c-6288-4cc1-8fc8-9ccd1904565e;2026-08-02;2026-08-06;4;Dinner;MI-019;MI-019-SMALL;Create Your Own - Tiger Prawns;Small;Create Your Own Bowl;9.0;8.108376661790293;;9.862910390554271;;50;;;;;137.03;misecast-demand-p50p90-v1;True
FC-38161bd9-19f8-4599-b9d0-649807b13749;2026-08-02;2026-08-07;5;Dinner;MI-019;MI-019-SMALL;Create Your Own - Tiger Prawns;Small;Create Your Own Bowl;8.5;8.086368716692728;;9.236646791351314;;62;;;;;136.66;misecast-demand-p50p90-v1;True
FC-def9d8ce-a5c3-46aa-9111-037644c0a33c;2026-08-02;2026-08-08;6;Dinner;MI-019;MI-019-SMALL;Create Your Own - Tiger Prawns;Small;Create Your Own Bowl;9.25;10.128962171818754;;11.001829702943207;;83;;;;;171.18;misecast-demand-p50p90-v1;True
FC-ac70678a-936d-4be0-8478-31d26003ca03;2026-08-02;2026-08-09;7;Dinner;MI-019;MI-019-SMALL;Create Your Own - Tiger Prawns;Small;Create Your Own Bowl;10.0;9.839944026780756;;10.817348438344569;;47;;;;;166.3;misecast-demand-p50p90-v1;True
FC-bb28d97d-230a-40c8-af8d-fac9c52af4ae;2026-08-02;2026-08-10;8;Dinner;MI-019;MI-019-SMALL;Create Your Own - Tiger Prawns;Small;Create Your Own Bowl;8.0;7.983873270262819;;8.954456626890284;;35;;;;;134.93;misecast-demand-p50p90-v1;True
FC-541ab2dc-77db-4bf4-b454-bf553e8c0f1f;2026-08-02;2026-08-11;9;Dinner;MI-019;MI-019-SMALL;Create Your Own - Tiger Prawns;Small;Create Your Own Bowl;8.0;7.986322650283391;;9.004145674666656;;47;;;;;134.97;misecast-demand-p50p90-v1;True
FC-35b9770c-fbda-4e66-b7f7-7cca282061e5;2026-08-02;2026-08-02;0;Lunch;MI-019;MI-019-SMALL;Create Your Own - Tiger Prawns;Small;Create Your Own Bowl;6.5;6.143721626418791;;7.018221158974295;;32;;;;;103.83;misecast-demand-p50p90-v1;True
FC-ba3fe0c1-96c8-4b46-a945-96fd64c43ab2;2026-08-02;2026-08-03;1;Lunch;MI-019;MI-019-SMALL;Create Your Own - Tiger Prawns;Small;Create Your Own Bowl;5.25;5.993722799000837;;6.840587420330645;;22;;;;;101.29;misecast-demand-p50p90-v1;True
FC-fcccef95-3468-421b-ba22-62304d227e4f;2026-08-02;2026-08-04;2;Lunch;MI-019;MI-019-SMALL;Create Your Own - Tiger Prawns;Small;Create Your Own Bowl;6.0;6.033083371003459;;6.858261687297451;;29;;;;;101.96;misecast-demand-p50p90-v1;True
FC-a604b6ff-b962-40bc-8efd-1d68e1b10544;2026-08-02;2026-08-05;3;Lunch;MI-019;MI-019-SMALL;Create Your Own - Tiger Prawns;Small;Create Your Own Bowl;5.75;5.963708075433562;;6.846835925746041;;22;;;;;100.79;misecast-demand-p50p90-v1;True
FC-abef002c-ce90-4a11-af8b-61bba2c25dd9;2026-08-02;2026-08-06;4;Lunch;MI-019;MI-019-SMALL;Create Your Own - Tiger Prawns;Small;Create Your Own Bowl;5.5;6.017729931211895;;6.842768744827159;;36;;;;;101.7;misecast-demand-p50p90-v1;True
FC-76751b38-d5b2-4f4d-8682-da47a20e521f;2026-08-02;2026-08-07;5;Lunch;MI-019;MI-019-SMALL;Create Your Own - Tiger Prawns;Small;Create Your Own Bowl;5.5;6.031237626494477;;6.856728715051051;;37;;;;;101.93;misecast-demand-p50p90-v1;True
FC-31e0fc0d-687e-43dc-8ac9-f0e7b8a69fa8;2026-08-02;2026-08-08;6;Lunch;MI-019;MI-019-SMALL;Create Your Own - Tiger Prawns;Small;Create Your Own Bowl;6.75;6.059240267930705;;7.157471273887784;;39;;;;;102.4;misecast-demand-p50p90-v1;True
FC-004c3fc8-555f-4517-ba0e-ece5aae452b5;2026-08-02;2026-08-09;7;Lunch;MI-019;MI-019-SMALL;Create Your Own - Tiger Prawns;Small;Create Your Own Bowl;6.5;6.143490073450733;;7.020520513843217;;30;;;;;103.82;misecast-demand-p50p90-v1;True
FC-df9e37d7-309d-4c97-8832-62fcfbf1d9d1;2026-08-02;2026-08-10;8;Lunch;MI-019;MI-019-SMALL;Create Your Own - Tiger Prawns;Small;Create Your Own Bowl;5.25;6.056383893139722;;6.794552776497052;;24;;;;;102.35;misecast-demand-p50p90-v1;True
FC-30b0bf66-3368-48d7-a599-5720e42f8029;2026-08-02;2026-08-11;9;Lunch;MI-019;MI-019-SMALL;Create Your Own - Tiger Prawns;Small;Create Your Own Bowl;6.0;6.038673750140492;;6.849627386542802;;26;;;;;102.05;misecast-demand-p50p90-v1;True
FC-8807d15a-7ce2-44e3-9752-f5f11a1c7e15;2026-08-02;2026-08-02;0;Dinner;MI-019;MI-019-LARGE;Create Your Own - Tiger Prawns;Large;Create Your Own Bowl;10.5;9.897639434113522;;11.485459215692599;;60;;;;;196.96;misecast-demand-p50p90-v1;True
FC-15eff1e5-92c7-4275-aa17-dbd8cfb0b54c;2026-08-02;2026-08-03;1;Dinner;MI-019;MI-019-LARGE;Create Your Own - Tiger Prawns;Large;Create Your Own Bowl;8.0;8.038690901076652;;9.080066422740478;;38;;;;;159.97;misecast-demand-p50p90-v1;True
FC-0e95b96d-4452-4679-b584-9b54082bd093;2026-08-02;2026-08-04;2;Dinner;MI-019;MI-019-LARGE;Create Your Own - Tiger Prawns;Large;Create Your Own Bowl;8.25;7.989339806636133;;9.09128745654462;;41;;;;;158.99;misecast-demand-p50p90-v1;True
FC-0c89a53e-cbc8-4b61-ad03-a61541930bd7;2026-08-02;2026-08-05;3;Dinner;MI-019;MI-019-LARGE;Create Your Own - Tiger Prawns;Large;Create Your Own Bowl;7.75;7.984028244937365;;9.107787573751994;;36;;;;;158.88;misecast-demand-p50p90-v1;True
FC-17a6e473-f803-440b-83f3-d9b75338dae7;2026-08-02;2026-08-06;4;Dinner;MI-019;MI-019-LARGE;Create Your Own - Tiger Prawns;Large;Create Your Own Bowl;8.75;8.05240166344396;;9.624695580998655;;50;;;;;160.24;misecast-demand-p50p90-v1;True
FC-f0406d2b-dd21-4046-9f15-adf7dda4e233;2026-08-02;2026-08-07;5;Dinner;MI-019;MI-019-LARGE;Create Your Own - Tiger Prawns;Large;Create Your Own Bowl;8.5;8.11096985849934;;9.382050932839523;;62;;;;;161.41;misecast-demand-p50p90-v1;True
FC-b796a1e0-6cdd-4714-b5f9-43bbbe151e21;2026-08-02;2026-08-08;6;Dinner;MI-019;MI-019-LARGE;Create Your Own - Tiger Prawns;Large;Create Your Own Bowl;9.25;9.914363764164664;;11.030727399195499;;83;;;;;197.3;misecast-demand-p50p90-v1;True
FC-0c13de4d-826c-4f15-bd19-0c592e1d0dd5;2026-08-02;2026-08-09;7;Dinner;MI-019;MI-019-LARGE;Create Your Own - Tiger Prawns;Large;Create Your Own Bowl;10.5;9.940445845078528;;11.327779990065126;;47;;;;;197.81;misecast-demand-p50p90-v1;True
FC-ebc5819d-1fd5-4779-af16-40e720cce2fa;2026-08-02;2026-08-10;8;Dinner;MI-019;MI-019-LARGE;Create Your Own - Tiger Prawns;Large;Create Your Own Bowl;8.0;8.024102519203975;;9.120657337544273;;35;;;;;159.68;misecast-demand-p50p90-v1;True
FC-975842dd-2003-4386-b41d-075a9791abbc;2026-08-02;2026-08-11;9;Dinner;MI-019;MI-019-LARGE;Create Your Own - Tiger Prawns;Large;Create Your Own Bowl;8.25;7.961801467490228;;9.132011773600041;;47;;;;;158.44;misecast-demand-p50p90-v1;True
FC-a871bd8e-c7ae-42f7-8db9-384489329027;2026-08-02;2026-08-02;0;Lunch;MI-019;MI-019-LARGE;Create Your Own - Tiger Prawns;Large;Create Your Own Bowl;6.0;6.181244324478542;;7.023183164357218;;32;;;;;123.01;misecast-demand-p50p90-v1;True
FC-9fb3e8f0-d0c0-4ab8-a405-17f8c33e67f5;2026-08-02;2026-08-03;1;Lunch;MI-019;MI-019-LARGE;Create Your Own - Tiger Prawns;Large;Create Your Own Bowl;5.25;6.0213373613449;;6.916882305553858;;22;;;;;119.82;misecast-demand-p50p90-v1;True
FC-fd00109b-2a6a-4bae-9ade-26311b8fe77d;2026-08-02;2026-08-04;2;Lunch;MI-019;MI-019-LARGE;Create Your Own - Tiger Prawns;Large;Create Your Own Bowl;6.0;6.002988774970366;;6.933583101758914;;29;;;;;119.46;misecast-demand-p50p90-v1;True
FC-7fee0efc-42a1-43be-849b-4b18ff31792e;2026-08-02;2026-08-05;3;Lunch;MI-019;MI-019-LARGE;Create Your Own - Tiger Prawns;Large;Create Your Own Bowl;5.5;5.990362662707806;;6.920862421685702;;22;;;;;119.21;misecast-demand-p50p90-v1;True
FC-68e9f7f3-484c-4e69-af43-d5aff02516c4;2026-08-02;2026-08-06;4;Lunch;MI-019;MI-019-LARGE;Create Your Own - Tiger Prawns;Large;Create Your Own Bowl;5.75;6.017108374771204;;6.942273861043652;;36;;;;;119.74;misecast-demand-p50p90-v1;True
FC-02a698db-5b6e-4444-9d56-4212a29b40a2;2026-08-02;2026-08-07;5;Lunch;MI-019;MI-019-LARGE;Create Your Own - Tiger Prawns;Large;Create Your Own Bowl;5.75;6.021951271098176;;6.943801426440063;;37;;;;;119.84;misecast-demand-p50p90-v1;True
FC-c7caec2e-e624-4e3d-aea5-d704db049d04;2026-08-02;2026-08-08;6;Lunch;MI-019;MI-019-LARGE;Create Your Own - Tiger Prawns;Large;Create Your Own Bowl;6.5;6.1557981605851015;;6.97243929651429;;39;;;;;122.5;misecast-demand-p50p90-v1;True
FC-588d6dfb-117e-4e4c-ba62-0d0960a442fc;2026-08-02;2026-08-09;7;Lunch;MI-019;MI-019-LARGE;Create Your Own - Tiger Prawns;Large;Create Your Own Bowl;6.0;6.187176360977683;;6.9870481383973875;;30;;;;;123.12;misecast-demand-p50p90-v1;True
FC-48e79387-3e35-48e2-9674-0f19276838a8;2026-08-02;2026-08-10;8;Lunch;MI-019;MI-019-LARGE;Create Your Own - Tiger Prawns;Large;Create Your Own Bowl;5.25;6.037260545532695;;6.930573570064079;;24;;;;;120.14;misecast-demand-p50p90-v1;True
FC-d513c8b1-8538-407e-990f-af94b892be2d;2026-08-02;2026-08-11;9;Lunch;MI-019;MI-019-LARGE;Create Your Own - Tiger Prawns;Large;Create Your Own Bowl;6.0;5.9784405203795465;;6.956377013487019;;26;;;;;118.97;misecast-demand-p50p90-v1;True
FC-b6c6d596-89b3-406f-be75-a0ccd411ead2;2026-08-02;2026-08-02;0;Dinner;MI-020;MI-020-SMALL;Create Your Own - Karaage Chicken;Small;Create Your Own Bowl;10.0;9.77819545644315;;11.284998545361049;;60;;;;;175.03;misecast-demand-p50p90-v1;True
FC-1e317caa-d4e9-4c1d-bd53-bdc26722e577;2026-08-02;2026-08-03;1;Dinner;MI-020;MI-020-SMALL;Create Your Own - Karaage Chicken;Small;Create Your Own Bowl;9.0;9.00440540420323;;9.823681623470373;;38;;;;;161.18;misecast-demand-p50p90-v1;True
FC-ab5e09ff-3a35-45a5-a0fd-68c0a11ac278;2026-08-02;2026-08-04;2;Dinner;MI-020;MI-020-SMALL;Create Your Own - Karaage Chicken;Small;Create Your Own Bowl;8.25;9.035272181280494;;9.377568442506623;;41;;;;;161.73;misecast-demand-p50p90-v1;True
FC-77c96848-d4a2-4d1c-9dc7-9f36daaf8e4f;2026-08-02;2026-08-05;3;Dinner;MI-020;MI-020-SMALL;Create Your Own - Karaage Chicken;Small;Create Your Own Bowl;8.75;8.865238400807703;;9.959245825747935;;36;;;;;158.69;misecast-demand-p50p90-v1;True
FC-bce4bf80-0c35-4edb-afb6-2ab1bb1f3b6d;2026-08-02;2026-08-06;4;Dinner;MI-020;MI-020-SMALL;Create Your Own - Karaage Chicken;Small;Create Your Own Bowl;8.5;8.975763724378677;;9.606064742243607;;50;;;;;160.67;misecast-demand-p50p90-v1;True
FC-a7542bf5-fbcd-4d85-9fda-7f0fd87d647c;2026-08-02;2026-08-07;5;Dinner;MI-020;MI-020-SMALL;Create Your Own - Karaage Chicken;Small;Create Your Own Bowl;9.0;8.917463582395827;;10.176675622244922;;62;;;;;159.62;misecast-demand-p50p90-v1;True
FC-f850cfcf-b184-4cb4-afea-b31c2199a555;2026-08-02;2026-08-08;6;Dinner;MI-020;MI-020-SMALL;Create Your Own - Karaage Chicken;Small;Create Your Own Bowl;10.5;10.46092332435943;;11.990375083732644;;83;;;;;187.25;misecast-demand-p50p90-v1;True
FC-a24c62ca-ce58-4efb-b97c-850d41ee0f43;2026-08-02;2026-08-09;7;Dinner;MI-020;MI-020-SMALL;Create Your Own - Karaage Chicken;Small;Create Your Own Bowl;10.0;9.964984153996186;;11.3927690128108;;47;;;;;178.37;misecast-demand-p50p90-v1;True
FC-22e102f9-1cc8-4cb7-9eb6-b033de1ea297;2026-08-02;2026-08-10;8;Dinner;MI-020;MI-020-SMALL;Create Your Own - Karaage Chicken;Small;Create Your Own Bowl;9.0;9.01937527374913;;10.012111559592448;;35;;;;;161.45;misecast-demand-p50p90-v1;True
FC-1c1b3928-5763-4008-a69b-5b8fc8230fbe;2026-08-02;2026-08-11;9;Dinner;MI-020;MI-020-SMALL;Create Your Own - Karaage Chicken;Small;Create Your Own Bowl;8.25;9.184228704370517;;9.530698786373916;;47;;;;;164.4;misecast-demand-p50p90-v1;True
FC-fefd3db9-1c0c-49ea-ad3f-b6c08dc97c61;2026-08-02;2026-08-02;0;Lunch;MI-020;MI-020-SMALL;Create Your Own - Karaage Chicken;Small;Create Your Own Bowl;7.0;6.891260969156164;;7.974100546449919;;32;;;;;123.35;misecast-demand-p50p90-v1;True
FC-7cbdfbb3-76ac-4e59-81ef-bbeb6b593a1a;2026-08-02;2026-08-03;1;Lunch;MI-020;MI-020-SMALL;Create Your Own - Karaage Chicken;Small;Create Your Own Bowl;6.0;6.52389925862688;;7.0704168088021015;;22;;;;;116.78;misecast-demand-p50p90-v1;True
FC-dca0ab6c-df74-4476-9143-91ba300947b1;2026-08-02;2026-08-04;2;Lunch;MI-020;MI-020-SMALL;Create Your Own - Karaage Chicken;Small;Create Your Own Bowl;6.5;6.581142492049807;;7.355276540471079;;29;;;;;117.8;misecast-demand-p50p90-v1;True
FC-e0b00175-e9f0-4643-8fe6-3ad834cded87;2026-08-02;2026-08-05;3;Lunch;MI-020;MI-020-SMALL;Create Your Own - Karaage Chicken;Small;Create Your Own Bowl;7.25;6.612898117709399;;7.6462217282671165;;22;;;;;118.37;misecast-demand-p50p90-v1;True
FC-25cb0746-3f95-4a9b-bd7c-f84b1880743d;2026-08-02;2026-08-06;4;Lunch;MI-020;MI-020-SMALL;Create Your Own - Karaage Chicken;Small;Create Your Own Bowl;6.75;6.65745176624156;;7.380141805985341;;36;;;;;119.17;misecast-demand-p50p90-v1;True
FC-736241f7-d94e-4751-8dba-02720671f853;2026-08-02;2026-08-07;5;Lunch;MI-020;MI-020-SMALL;Create Your Own - Karaage Chicken;Small;Create Your Own Bowl;6.75;6.627670155883069;;7.389386321309414;;37;;;;;118.64;misecast-demand-p50p90-v1;True
FC-156d0162-da3d-4427-8b0f-803a4555fc7a;2026-08-02;2026-08-08;6;Lunch;MI-020;MI-020-SMALL;Create Your Own - Karaage Chicken;Small;Create Your Own Bowl;7.0;7.038254855480366;;7.9890055064958805;;39;;;;;125.98;misecast-demand-p50p90-v1;True
FC-280a0a1f-b2a0-4c9c-9c0e-5951306e0a37;2026-08-02;2026-08-09;7;Lunch;MI-020;MI-020-SMALL;Create Your Own - Karaage Chicken;Small;Create Your Own Bowl;7.0;6.901890328322818;;7.991769020921075;;30;;;;;123.54;misecast-demand-p50p90-v1;True
FC-fb451655-2e23-4713-9893-9481dca309ed;2026-08-02;2026-08-10;8;Lunch;MI-020;MI-020-SMALL;Create Your Own - Karaage Chicken;Small;Create Your Own Bowl;6.0;6.606291089198459;;7.0667237231558815;;24;;;;;118.25;misecast-demand-p50p90-v1;True
FC-8170cb04-9664-4354-b18e-ddf201946c79;2026-08-02;2026-08-11;9;Lunch;MI-020;MI-020-SMALL;Create Your Own - Karaage Chicken;Small;Create Your Own Bowl;6.5;6.589103042218685;;7.380968457758245;;26;;;;;117.94;misecast-demand-p50p90-v1;True
FC-7ac062bf-6eba-4cd5-992f-8c00a8c43cbb;2026-08-02;2026-08-02;0;Dinner;MI-020;MI-020-LARGE;Create Your Own - Karaage Chicken;Large;Create Your Own Bowl;9.5;9.817690412691356;;10.726616200414071;;60;;;;;205.19;misecast-demand-p50p90-v1;True
FC-4f3ebba2-3865-4bbd-879b-4d1b55b493c2;2026-08-02;2026-08-03;1;Dinner;MI-020;MI-020-LARGE;Create Your Own - Karaage Chicken;Large;Create Your Own Bowl;8.5;8.720602233090117;;9.764442027705597;;38;;;;;182.26;misecast-demand-p50p90-v1;True
FC-7fef5fbd-c2d7-4c02-b1cd-b369cb708763;2026-08-02;2026-08-04;2;Dinner;MI-020;MI-020-LARGE;Create Your Own - Karaage Chicken;Large;Create Your Own Bowl;9.0;8.408837044502647;;10.131480426049738;;41;;;;;175.74;misecast-demand-p50p90-v1;True
FC-aeaca5b0-360d-4da3-8b13-5cf014061e1c;2026-08-02;2026-08-05;3;Dinner;MI-020;MI-020-LARGE;Create Your Own - Karaage Chicken;Large;Create Your Own Bowl;9.25;8.874956177992019;;10.332333997840813;;36;;;;;185.49;misecast-demand-p50p90-v1;True
FC-bfe54ca2-7f3e-4060-b877-01fb9cc9e47b;2026-08-02;2026-08-06;4;Dinner;MI-020;MI-020-LARGE;Create Your Own - Karaage Chicken;Large;Create Your Own Bowl;9.0;8.706920826493082;;10.251020335523549;;50;;;;;181.97;misecast-demand-p50p90-v1;True
FC-6b25cd78-23da-43ee-ada8-fd3eb7735a57;2026-08-02;2026-08-07;5;Dinner;MI-020;MI-020-LARGE;Create Your Own - Karaage Chicken;Large;Create Your Own Bowl;9.5;8.687118531485993;;10.408277824659327;;62;;;;;181.56;misecast-demand-p50p90-v1;True
FC-f5456ea7-a1cb-45e6-846c-d610f09e6830;2026-08-02;2026-08-08;6;Dinner;MI-020;MI-020-LARGE;Create Your Own - Karaage Chicken;Large;Create Your Own Bowl;11.25;10.913534509935408;;11.976411702773788;;83;;;;;228.09;misecast-demand-p50p90-v1;True
FC-5efc5dc0-9cca-4878-844d-8c316580a1b1;2026-08-02;2026-08-09;7;Dinner;MI-020;MI-020-LARGE;Create Your Own - Karaage Chicken;Large;Create Your Own Bowl;9.5;9.901435634479238;;10.84849760392581;;47;;;;;206.94;misecast-demand-p50p90-v1;True
FC-a3dc2880-942f-4851-a6bd-8ddda86f402d;2026-08-02;2026-08-10;8;Dinner;MI-020;MI-020-LARGE;Create Your Own - Karaage Chicken;Large;Create Your Own Bowl;8.5;8.896328741499442;;9.941441760375064;;35;;;;;185.93;misecast-demand-p50p90-v1;True
FC-3feeb9d3-3ba0-47e2-b61a-19c0e9be47b4;2026-08-02;2026-08-11;9;Dinner;MI-020;MI-020-LARGE;Create Your Own - Karaage Chicken;Large;Create Your Own Bowl;9.0;8.71520576740124;;10.262269456309172;;47;;;;;182.15;misecast-demand-p50p90-v1;True
FC-a1dc7049-bcf5-422e-9b1a-d4a009ad9338;2026-08-02;2026-08-02;0;Lunch;MI-020;MI-020-LARGE;Create Your Own - Karaage Chicken;Large;Create Your Own Bowl;6.5;6.591059733497621;;7.365522495824598;;32;;;;;137.75;misecast-demand-p50p90-v1;True
FC-5962d968-fe9e-4dac-ab6e-dfb996249bf7;2026-08-02;2026-08-03;1;Lunch;MI-020;MI-020-LARGE;Create Your Own - Karaage Chicken;Large;Create Your Own Bowl;6.5;6.342072060860156;;7.003695184751994;;22;;;;;132.55;misecast-demand-p50p90-v1;True
FC-a02a89d1-98c4-45a7-9680-08741343abdf;2026-08-02;2026-08-04;2;Lunch;MI-020;MI-020-LARGE;Create Your Own - Karaage Chicken;Large;Create Your Own Bowl;6.5;6.591680302279848;;7.028103666903281;;29;;;;;137.77;misecast-demand-p50p90-v1;True
FC-29821707-8189-4c24-8786-aaa9e507b5f6;2026-08-02;2026-08-05;3;Lunch;MI-020;MI-020-LARGE;Create Your Own - Karaage Chicken;Large;Create Your Own Bowl;6.75;6.374836176306712;;7.083450802142985;;22;;;;;133.23;misecast-demand-p50p90-v1;True
FC-00d50e61-0c44-4799-b8cb-f71f62bee37a;2026-08-02;2026-08-06;4;Lunch;MI-020;MI-020-LARGE;Create Your Own - Karaage Chicken;Large;Create Your Own Bowl;6.25;6.583428547241585;;6.966213856795236;;36;;;;;137.59;misecast-demand-p50p90-v1;True
FC-3452c081-faed-470a-9a4e-a7e6ea60efdb;2026-08-02;2026-08-07;5;Lunch;MI-020;MI-020-LARGE;Create Your Own - Karaage Chicken;Large;Create Your Own Bowl;6.25;6.613400487693973;;6.957170054314195;;37;;;;;138.22;misecast-demand-p50p90-v1;True
FC-6bff553f-2df8-412e-860b-ef1296bf2470;2026-08-02;2026-08-08;6;Lunch;MI-020;MI-020-LARGE;Create Your Own - Karaage Chicken;Large;Create Your Own Bowl;6.5;6.627354185995875;;7.360592109299927;;39;;;;;138.51;misecast-demand-p50p90-v1;True
FC-507e7056-53d9-4a5b-a804-30ea12c5876e;2026-08-02;2026-08-09;7;Lunch;MI-020;MI-020-LARGE;Create Your Own - Karaage Chicken;Large;Create Your Own Bowl;6.5;6.600084398000497;;7.380018272229547;;30;;;;;137.94;misecast-demand-p50p90-v1;True
FC-8e7ce8f8-8f3e-4725-8a4e-3bdd561e6aab;2026-08-02;2026-08-10;8;Lunch;MI-020;MI-020-LARGE;Create Your Own - Karaage Chicken;Large;Create Your Own Bowl;6.5;6.401212209585856;;7.029411912193236;;24;;;;;133.79;misecast-demand-p50p90-v1;True
FC-0058980d-eb8f-42c7-8e0c-65674e758be7;2026-08-02;2026-08-11;9;Lunch;MI-020;MI-020-LARGE;Create Your Own - Karaage Chicken;Large;Create Your Own Bowl;6.5;6.615350928852467;;7.041396059406661;;26;;;;;138.26;misecast-demand-p50p90-v1;True
FC-1e867622-7819-45cf-9487-93c3139c7b81;2026-08-02;2026-08-02;0;Dinner;MI-021;MI-021-SMALL;Create Your Own - Sashimi Salmon;Small;Create Your Own Bowl;9.5;9.196379312916514;;10.391511583109123;;60;;;;;164.62;misecast-demand-p50p90-v1;True
FC-e6da7ab6-e7f6-4c89-bf22-d3a90c42bcac;2026-08-02;2026-08-03;1;Dinner;MI-021;MI-021-SMALL;Create Your Own - Sashimi Salmon;Small;Create Your Own Bowl;8.0;7.995318562590477;;8.84622064248055;;38;;;;;143.12;misecast-demand-p50p90-v1;True
FC-a02079ea-44e9-4fcf-806c-c5ad0ede4690;2026-08-02;2026-08-04;2;Dinner;MI-021;MI-021-SMALL;Create Your Own - Sashimi Salmon;Small;Create Your Own Bowl;7.75;7.994092536653914;;8.888442629705999;;41;;;;;143.09;misecast-demand-p50p90-v1;True
FC-334bd4c2-0a08-4c2c-a6f0-cb431ab239be;2026-08-02;2026-08-05;3;Dinner;MI-021;MI-021-SMALL;Create Your Own - Sashimi Salmon;Small;Create Your Own Bowl;8.0;7.97835545347771;;8.926982364682766;;36;;;;;142.81;misecast-demand-p50p90-v1;True
FC-67d5020c-0f65-4d2b-9088-ff0c4952cffa;2026-08-02;2026-08-06;4;Dinner;MI-021;MI-021-SMALL;Create Your Own - Sashimi Salmon;Small;Create Your Own Bowl;7.75;7.971663325761184;;8.937004639116864;;50;;;;;142.69;misecast-demand-p50p90-v1;True
FC-47dc822c-fabb-42df-8eef-09b0a10088a2;2026-08-02;2026-08-07;5;Dinner;MI-021;MI-021-SMALL;Create Your Own - Sashimi Salmon;Small;Create Your Own Bowl;7.5;7.9558410878090235;;8.752796530941312;;62;;;;;142.41;misecast-demand-p50p90-v1;True
FC-72f92333-dd88-4558-980f-089c31c295da;2026-08-02;2026-08-08;6;Dinner;MI-021;MI-021-SMALL;Create Your Own - Sashimi Salmon;Small;Create Your Own Bowl;8.5;9.06753756872755;;10.665491712501762;;83;;;;;162.31;misecast-demand-p50p90-v1;True
FC-ebcdec56-08d2-466b-8fa8-2aa9b4b00de2;2026-08-02;2026-08-09;7;Dinner;MI-021;MI-021-SMALL;Create Your Own - Sashimi Salmon;Small;Create Your Own Bowl;9.5;9.18526710154412;;10.273060294909827;;47;;;;;164.42;misecast-demand-p50p90-v1;True
FC-c595cc35-c215-4982-bc1e-67499bf90d47;2026-08-02;2026-08-10;8;Dinner;MI-021;MI-021-SMALL;Create Your Own - Sashimi Salmon;Small;Create Your Own Bowl;8.0;8.007266485556238;;8.924562837958298;;35;;;;;143.33;misecast-demand-p50p90-v1;True
FC-ba328add-54c4-4243-8ed3-1a9c6be29de5;2026-08-02;2026-08-11;9;Dinner;MI-021;MI-021-SMALL;Create Your Own - Sashimi Salmon;Small;Create Your Own Bowl;7.75;7.983824451028995;;8.969254495883662;;47;;;;;142.91;misecast-demand-p50p90-v1;True
FC-2d899934-e7ea-4000-89b9-9fc43b176b83;2026-08-02;2026-08-02;0;Lunch;MI-021;MI-021-SMALL;Create Your Own - Sashimi Salmon;Small;Create Your Own Bowl;6.5;6.056581104876461;;6.706576417346974;;32;;;;;108.41;misecast-demand-p50p90-v1;True
FC-654d054e-c97d-474d-bae3-01a7c48fb578;2026-08-02;2026-08-03;1;Lunch;MI-021;MI-021-SMALL;Create Your Own - Sashimi Salmon;Small;Create Your Own Bowl;6.0;5.924073114159608;;6.44068339380975;;22;;;;;106.04;misecast-demand-p50p90-v1;True
FC-c59030e6-5ab7-439e-8b25-c5590f8b638c;2026-08-02;2026-08-04;2;Lunch;MI-021;MI-021-SMALL;Create Your Own - Sashimi Salmon;Small;Create Your Own Bowl;5.75;6.001457637595103;;6.417406972419105;;29;;;;;107.43;misecast-demand-p50p90-v1;True
FC-5f3cf5a4-6549-49d0-97da-d11f2a978362;2026-08-02;2026-08-05;3;Lunch;MI-021;MI-021-SMALL;Create Your Own - Sashimi Salmon;Small;Create Your Own Bowl;5.75;5.898221586513324;;6.449773589788767;;22;;;;;105.58;misecast-demand-p50p90-v1;True
FC-ee1f0942-f907-4832-b1c3-b5b1af7919f4;2026-08-02;2026-08-06;4;Lunch;MI-021;MI-021-SMALL;Create Your Own - Sashimi Salmon;Small;Create Your Own Bowl;5.5;5.911121083295563;;6.381233577735874;;36;;;;;105.81;misecast-demand-p50p90-v1;True
FC-3b82bdda-e7bd-4dc3-b063-974a8d8ce475;2026-08-02;2026-08-07;5;Lunch;MI-021;MI-021-SMALL;Create Your Own - Sashimi Salmon;Small;Create Your Own Bowl;5.75;6.019736741630768;;6.407045453799459;;37;;;;;107.75;misecast-demand-p50p90-v1;True
FC-9d0e89f9-a383-4a09-a1ca-085acdf7c2cd;2026-08-02;2026-08-08;6;Lunch;MI-021;MI-021-SMALL;Create Your Own - Sashimi Salmon;Small;Create Your Own Bowl;6.5;6.1046104251066335;;6.717049959111231;;39;;;;;109.27;misecast-demand-p50p90-v1;True
FC-5b3519c2-4962-4350-b330-becc1e7b6d39;2026-08-02;2026-08-09;7;Lunch;MI-021;MI-021-SMALL;Create Your Own - Sashimi Salmon;Small;Create Your Own Bowl;6.5;6.057665622394282;;6.714070905636142;;30;;;;;108.43;misecast-demand-p50p90-v1;True
FC-0e8b3312-92b6-4b8d-b4d9-459dad34fb3c;2026-08-02;2026-08-10;8;Lunch;MI-021;MI-021-SMALL;Create Your Own - Sashimi Salmon;Small;Create Your Own Bowl;6.0;6.005409277202985;;6.438732115169141;;24;;;;;107.5;misecast-demand-p50p90-v1;True
FC-9dd9427b-a947-4c42-9a3e-de5d7f967059;2026-08-02;2026-08-11;9;Lunch;MI-021;MI-021-SMALL;Create Your Own - Sashimi Salmon;Small;Create Your Own Bowl;5.75;5.975580932741957;;6.4430775073571365;;26;;;;;106.96;misecast-demand-p50p90-v1;True
FC-36ebdccd-957e-43d9-97de-f2ba4c97cbb4;2026-08-02;2026-08-02;0;Dinner;MI-021;MI-021-LARGE;Create Your Own - Sashimi Salmon;Large;Create Your Own Bowl;9.75;9.32035316152397;;10.78640133960358;;60;;;;;194.8;misecast-demand-p50p90-v1;True
FC-36b001e1-b24b-415c-bdb0-c3ff86751f2f;2026-08-02;2026-08-03;1;Dinner;MI-021;MI-021-LARGE;Create Your Own - Sashimi Salmon;Large;Create Your Own Bowl;8.25;7.9541018508794075;;8.920090204277622;;38;;;;;166.24;misecast-demand-p50p90-v1;True
FC-ced482b7-3101-446e-a214-86a7501cd75e;2026-08-02;2026-08-04;2;Dinner;MI-021;MI-021-LARGE;Create Your Own - Sashimi Salmon;Large;Create Your Own Bowl;8.25;7.960746128189433;;8.967065619726387;;41;;;;;166.38;misecast-demand-p50p90-v1;True
FC-6123a87f-744f-4a6d-a5c2-b4cffc243910;2026-08-02;2026-08-05;3;Dinner;MI-021;MI-021-LARGE;Create Your Own - Sashimi Salmon;Large;Create Your Own Bowl;7.75;7.905785247530993;;9.116827029388627;;36;;;;;165.23;misecast-demand-p50p90-v1;True
FC-73978d49-a933-4a24-be8c-a108d9b9c577;2026-08-02;2026-08-06;4;Dinner;MI-021;MI-021-LARGE;Create Your Own - Sashimi Salmon;Large;Create Your Own Bowl;8.25;7.9814298211119485;;9.071830893834578;;50;;;;;166.81;misecast-demand-p50p90-v1;True
FC-c68858e0-3008-48a5-b38e-eac8983ad4f2;2026-08-02;2026-08-07;5;Dinner;MI-021;MI-021-LARGE;Create Your Own - Sashimi Salmon;Large;Create Your Own Bowl;7.5;7.948006620920654;;8.864892889018172;;62;;;;;166.11;misecast-demand-p50p90-v1;True
FC-e1e95743-8e51-4e20-b09a-bca5e3777b67;2026-08-02;2026-08-08;6;Dinner;MI-021;MI-021-LARGE;Create Your Own - Sashimi Salmon;Large;Create Your Own Bowl;8.75;9.612624893083364;;10.569519716195227;;83;;;;;200.9;misecast-demand-p50p90-v1;True
FC-b1d06bae-81c5-4850-ac52-13246bcfa9a3;2026-08-02;2026-08-09;7;Dinner;MI-021;MI-021-LARGE;Create Your Own - Sashimi Salmon;Large;Create Your Own Bowl;9.75;9.239756932204365;;10.725230717372296;;47;;;;;193.11;misecast-demand-p50p90-v1;True
FC-7f47611f-af5b-4b5a-b603-81551fe42119;2026-08-02;2026-08-10;8;Dinner;MI-021;MI-021-LARGE;Create Your Own - Sashimi Salmon;Large;Create Your Own Bowl;8.25;7.989116478344768;;9.09301170878032;;35;;;;;166.97;misecast-demand-p50p90-v1;True
FC-e20bad5f-117b-4bfa-b49d-a54201ba2427;2026-08-02;2026-08-11;9;Dinner;MI-021;MI-021-LARGE;Create Your Own - Sashimi Salmon;Large;Create Your Own Bowl;8.25;7.951983147311309;;9.112220680295346;;47;;;;;166.2;misecast-demand-p50p90-v1;True
FC-12ea66da-a484-4176-b580-ecb34d85667b;2026-08-02;2026-08-02;0;Lunch;MI-021;MI-021-LARGE;Create Your Own - Sashimi Salmon;Large;Create Your Own Bowl;6.25;5.993915216089977;;6.826362302532642;;32;;;;;125.27;misecast-demand-p50p90-v1;True
FC-da0998be-b511-4ad0-a6f8-5dfa5f72ec94;2026-08-02;2026-08-03;1;Lunch;MI-021;MI-021-LARGE;Create Your Own - Sashimi Salmon;Large;Create Your Own Bowl;5.75;5.732192053712307;;6.504655669910447;;22;;;;;119.8;misecast-demand-p50p90-v1;True
FC-516aa556-a410-4907-a532-99a145b33a79;2026-08-02;2026-08-04;2;Lunch;MI-021;MI-021-LARGE;Create Your Own - Sashimi Salmon;Large;Create Your Own Bowl;5.75;5.838808694166124;;6.480168832445646;;29;;;;;122.03;misecast-demand-p50p90-v1;True
FC-7df0c3d0-8306-4ee5-96d5-d27e1989001c;2026-08-02;2026-08-05;3;Lunch;MI-021;MI-021-LARGE;Create Your Own - Sashimi Salmon;Large;Create Your Own Bowl;5.5;5.669192684401045;;6.520503829470692;;22;;;;;118.49;misecast-demand-p50p90-v1;True
FC-3a85e002-a984-4dcf-9ae8-537e6e22e2da;2026-08-02;2026-08-06;4;Lunch;MI-021;MI-021-LARGE;Create Your Own - Sashimi Salmon;Large;Create Your Own Bowl;5.25;5.748787197508491;;6.546417901005413;;36;;;;;120.15;misecast-demand-p50p90-v1;True
FC-8da192a3-caf7-4329-8466-1fe5d9503464;2026-08-02;2026-08-07;5;Lunch;MI-021;MI-021-LARGE;Create Your Own - Sashimi Salmon;Large;Create Your Own Bowl;6.0;5.9522615679172555;;6.539134410678706;;37;;;;;124.4;misecast-demand-p50p90-v1;True
FC-94ad8009-9f07-4d4c-ba48-b21e508f5158;2026-08-02;2026-08-08;6;Lunch;MI-021;MI-021-LARGE;Create Your Own - Sashimi Salmon;Large;Create Your Own Bowl;5.75;5.861277441372214;;6.812571010312526;;39;;;;;122.5;misecast-demand-p50p90-v1;True
FC-cec53ac2-dfd9-49f0-94c1-3f1740bc75a3;2026-08-02;2026-08-09;7;Lunch;MI-021;MI-021-LARGE;Create Your Own - Sashimi Salmon;Large;Create Your Own Bowl;6.25;5.98039192150353;;6.811245994829944;;30;;;;;124.99;misecast-demand-p50p90-v1;True
FC-d8374716-17b1-47a5-922c-54558a2b6383;2026-08-02;2026-08-10;8;Lunch;MI-021;MI-021-LARGE;Create Your Own - Sashimi Salmon;Large;Create Your Own Bowl;5.75;5.85855460423148;;6.506204691183473;;24;;;;;122.44;misecast-demand-p50p90-v1;True
FC-6edf0f92-ae12-42c5-baca-3697e2592149;2026-08-02;2026-08-11;9;Lunch;MI-021;MI-021-LARGE;Create Your Own - Sashimi Salmon;Large;Create Your Own Bowl;5.75;5.826609401975134;;6.496076557600643;;26;;;;;121.78;misecast-demand-p50p90-v1;True
FC-41503f9d-762c-4876-ad66-98e418c22e68;2026-08-02;2026-08-02;0;Dinner;MI-022;MI-022-SMALL;Create Your Own - Sashimi Tuna;Small;Create Your Own Bowl;9.5;9.605552938568762;;10.52956527417108;;60;;;;;171.94;misecast-demand-p50p90-v1;True
FC-12b3b742-f9b1-4e65-934e-acf18e62ba6d;2026-08-02;2026-08-03;1;Dinner;MI-022;MI-022-SMALL;Create Your Own - Sashimi Tuna;Small;Create Your Own Bowl;7.75;7.929369851026177;;8.973771787518873;;38;;;;;141.94;misecast-demand-p50p90-v1;True
FC-3f32fd88-6536-4ae9-ada8-3132fb1740db;2026-08-02;2026-08-04;2;Dinner;MI-022;MI-022-SMALL;Create Your Own - Sashimi Tuna;Small;Create Your Own Bowl;8.0;7.930942879099814;;9.01658235566819;;41;;;;;141.96;misecast-demand-p50p90-v1;True
FC-7df86d62-c70c-4479-9bbe-e066a66123df;2026-08-02;2026-08-05;3;Dinner;MI-022;MI-022-SMALL;Create Your Own - Sashimi Tuna;Small;Create Your Own Bowl;8.25;7.96674619868362;;9.129973693554476;;36;;;;;142.6;misecast-demand-p50p90-v1;True
FC-5f021501-2a55-4a5e-8777-3ee606de5724;2026-08-02;2026-08-06;4;Dinner;MI-022;MI-022-SMALL;Create Your Own - Sashimi Tuna;Small;Create Your Own Bowl;8.25;7.945982578104804;;9.13587467617946;;50;;;;;142.23;misecast-demand-p50p90-v1;True
FC-dded1ec9-a66c-4be3-9400-df4118d837ed;2026-08-02;2026-08-07;5;Dinner;MI-022;MI-022-SMALL;Create Your Own - Sashimi Tuna;Small;Create Your Own Bowl;7.5;8.003159810099095;;8.932937937644715;;62;;;;;143.26;misecast-demand-p50p90-v1;True
FC-5befa5ce-8f82-4bc5-b67c-5322f34d8532;2026-08-02;2026-08-08;6;Dinner;MI-022;MI-022-SMALL;Create Your Own - Sashimi Tuna;Small;Create Your Own Bowl;10.75;10.432890703296783;;11.664065748794885;;83;;;;;186.75;misecast-demand-p50p90-v1;True
FC-2bbd9526-e435-49b2-ad16-ad581ab658ff;2026-08-02;2026-08-09;7;Dinner;MI-022;MI-022-SMALL;Create Your Own - Sashimi Tuna;Small;Create Your Own Bowl;9.5;9.559602248852903;;10.550671145275151;;47;;;;;171.12;misecast-demand-p50p90-v1;True
FC-cc99623b-3899-4d2a-aff4-87ea93d19064;2026-08-02;2026-08-10;8;Dinner;MI-022;MI-022-SMALL;Create Your Own - Sashimi Tuna;Small;Create Your Own Bowl;7.75;7.940093922293478;;9.170064116955833;;35;;;;;142.13;misecast-demand-p50p90-v1;True
FC-63a6130e-6338-4c4e-8b00-67144f81f8bd;2026-08-02;2026-08-11;9;Dinner;MI-022;MI-022-SMALL;Create Your Own - Sashimi Tuna;Small;Create Your Own Bowl;8.0;7.948802811637076;;9.191539098670166;;47;;;;;142.28;misecast-demand-p50p90-v1;True
FC-7004e9b5-d777-4abb-a056-4f36a0f72b89;2026-08-02;2026-08-02;0;Lunch;MI-022;MI-022-SMALL;Create Your Own - Sashimi Tuna;Small;Create Your Own Bowl;6.25;6.064408391727208;;6.904007922976989;;32;;;;;108.55;misecast-demand-p50p90-v1;True
FC-8b0f1e56-31ef-4f45-9262-a857062ce783;2026-08-02;2026-08-03;1;Lunch;MI-022;MI-022-SMALL;Create Your Own - Sashimi Tuna;Small;Create Your Own Bowl;6.25;6.009379964050551;;6.647711601941956;;22;;;;;107.57;misecast-demand-p50p90-v1;True
FC-f5d5085c-0cf5-4e60-96e5-4ba1796d5c66;2026-08-02;2026-08-04;2;Lunch;MI-022;MI-022-SMALL;Create Your Own - Sashimi Tuna;Small;Create Your Own Bowl;5.75;5.972540745651466;;6.651587533307223;;29;;;;;106.91;misecast-demand-p50p90-v1;True
FC-68233e97-de3f-4c2b-8e83-317abaaa2c98;2026-08-02;2026-08-05;3;Lunch;MI-022;MI-022-SMALL;Create Your Own - Sashimi Tuna;Small;Create Your Own Bowl;6.25;5.986142185755378;;6.670875234442824;;22;;;;;107.15;misecast-demand-p50p90-v1;True
FC-f1e2f4d9-971f-45de-bb47-3cacfa934cf2;2026-08-02;2026-08-06;4;Lunch;MI-022;MI-022-SMALL;Create Your Own - Sashimi Tuna;Small;Create Your Own Bowl;6.25;5.995494236333852;;6.665868754650948;;36;;;;;107.32;misecast-demand-p50p90-v1;True
FC-f7fcc554-0f10-4a7a-bae1-aa5d71abf81a;2026-08-02;2026-08-07;5;Lunch;MI-022;MI-022-SMALL;Create Your Own - Sashimi Tuna;Small;Create Your Own Bowl;6.75;5.909129542693858;;7.073062236175426;;37;;;;;105.77;misecast-demand-p50p90-v1;True
FC-7de58231-2c6b-4332-87b3-e69731db4b39;2026-08-02;2026-08-08;6;Lunch;MI-022;MI-022-SMALL;Create Your Own - Sashimi Tuna;Small;Create Your Own Bowl;5.75;6.02310708076033;;6.907378823310994;;39;;;;;107.81;misecast-demand-p50p90-v1;True
FC-3a0e1604-e6d1-4b20-a023-0906db2f1bf2;2026-08-02;2026-08-09;7;Lunch;MI-022;MI-022-SMALL;Create Your Own - Sashimi Tuna;Small;Create Your Own Bowl;6.25;6.062291007969756;;6.92809119761915;;30;;;;;108.52;misecast-demand-p50p90-v1;True
FC-8b26ffbb-0bbd-4518-9c99-b8097e77439b;2026-08-02;2026-08-10;8;Lunch;MI-022;MI-022-SMALL;Create Your Own - Sashimi Tuna;Small;Create Your Own Bowl;6.25;5.9835174904848145;;6.667793279825275;;24;;;;;107.1;misecast-demand-p50p90-v1;True
FC-3bc2a068-d489-4db3-a11c-6fde56276e66;2026-08-02;2026-08-11;9;Lunch;MI-022;MI-022-SMALL;Create Your Own - Sashimi Tuna;Small;Create Your Own Bowl;5.75;5.983924649428695;;6.676027850989965;;26;;;;;107.11;misecast-demand-p50p90-v1;True
FC-1073ecc6-5fae-4cfc-bf42-f0d198c9f59a;2026-08-02;2026-08-02;0;Dinner;MI-022;MI-022-LARGE;Create Your Own - Sashimi Tuna;Large;Create Your Own Bowl;9.5;9.341762435445474;;10.611043932622161;;60;;;;;195.24;misecast-demand-p50p90-v1;True
FC-3fb94e64-3d04-4efe-a172-f9106ca1042d;2026-08-02;2026-08-03;1;Dinner;MI-022;MI-022-LARGE;Create Your Own - Sashimi Tuna;Large;Create Your Own Bowl;8.25;7.981269395986396;;9.057199135286101;;38;;;;;166.81;misecast-demand-p50p90-v1;True
FC-05570d7f-921c-4628-9461-7f065952f2bb;2026-08-02;2026-08-04;2;Dinner;MI-022;MI-022-LARGE;Create Your Own - Sashimi Tuna;Large;Create Your Own Bowl;8.0;7.939096234229543;;9.055280683296424;;41;;;;;165.93;misecast-demand-p50p90-v1;True
FC-520c85ed-6f82-4b98-b79d-e3d451e61930;2026-08-02;2026-08-05;3;Dinner;MI-022;MI-022-LARGE;Create Your Own - Sashimi Tuna;Large;Create Your Own Bowl;8.5;8.029372595758838;;9.297055612917907;;36;;;;;167.81;misecast-demand-p50p90-v1;True
FC-0b94ae68-c315-4d05-af30-d1d9f926fe10;2026-08-02;2026-08-06;4;Dinner;MI-022;MI-022-LARGE;Create Your Own - Sashimi Tuna;Large;Create Your Own Bowl;8.5;8.003866174769993;;9.254273636910025;;50;;;;;167.28;misecast-demand-p50p90-v1;True
FC-909af406-7e5b-42bb-8f41-bbcd820b89a0;2026-08-02;2026-08-07;5;Dinner;MI-022;MI-022-LARGE;Create Your Own - Sashimi Tuna;Large;Create Your Own Bowl;8.25;8.00737627135057;;9.163727639535955;;62;;;;;167.35;misecast-demand-p50p90-v1;True
FC-4ad2d9eb-305e-4a39-abd2-a76fec26f244;2026-08-02;2026-08-08;6;Dinner;MI-022;MI-022-LARGE;Create Your Own - Sashimi Tuna;Large;Create Your Own Bowl;10.0;9.74400807541871;;10.788739611014728;;83;;;;;203.65;misecast-demand-p50p90-v1;True
FC-104e3963-cc3f-4433-acdb-4b22bb5a18b7;2026-08-02;2026-08-09;7;Dinner;MI-022;MI-022-LARGE;Create Your Own - Sashimi Tuna;Large;Create Your Own Bowl;9.5;9.297852431755382;;10.52974724142937;;47;;;;;194.33;misecast-demand-p50p90-v1;True
FC-a2367da8-7aa5-4035-ab72-4599d4353962;2026-08-02;2026-08-10;8;Dinner;MI-022;MI-022-LARGE;Create Your Own - Sashimi Tuna;Large;Create Your Own Bowl;8.25;8.0029608624659;;9.133965797486685;;35;;;;;167.26;misecast-demand-p50p90-v1;True
FC-e6b85808-4f6f-491c-b480-337448a513d7;2026-08-02;2026-08-11;9;Dinner;MI-022;MI-022-LARGE;Create Your Own - Sashimi Tuna;Large;Create Your Own Bowl;8.0;7.939537197947353;;9.149384025012644;;47;;;;;165.94;misecast-demand-p50p90-v1;True
FC-cd7b1add-db4b-4da3-89b7-e563eff4ef25;2026-08-02;2026-08-02;0;Lunch;MI-022;MI-022-LARGE;Create Your Own - Sashimi Tuna;Large;Create Your Own Bowl;6.75;5.983987631914518;;7.230681753573571;;32;;;;;125.07;misecast-demand-p50p90-v1;True
FC-2b93f382-45b4-48c5-870e-a1f59baf9693;2026-08-02;2026-08-03;1;Lunch;MI-022;MI-022-LARGE;Create Your Own - Sashimi Tuna;Large;Create Your Own Bowl;5.5;5.820264777258659;;6.750541097006343;;22;;;;;121.64;misecast-demand-p50p90-v1;True
FC-e99ef454-dfb2-4395-abc9-36213271e5a2;2026-08-02;2026-08-04;2;Lunch;MI-022;MI-022-LARGE;Create Your Own - Sashimi Tuna;Large;Create Your Own Bowl;5.5;5.848005979634457;;6.76232853654155;;29;;;;;122.22;misecast-demand-p50p90-v1;True
FC-c950869c-d52a-4835-8ac7-75701d8e0dbc;2026-08-02;2026-08-05;3;Lunch;MI-022;MI-022-LARGE;Create Your Own - Sashimi Tuna;Large;Create Your Own Bowl;6.0;5.933461804712918;;6.773476630379256;;22;;;;;124.01;misecast-demand-p50p90-v1;True
FC-89dd6b57-6092-4561-9ddf-c706c6266640;2026-08-02;2026-08-06;4;Lunch;MI-022;MI-022-LARGE;Create Your Own - Sashimi Tuna;Large;Create Your Own Bowl;6.75;5.9334558536347055;;7.214671341459664;;36;;;;;124.01;misecast-demand-p50p90-v1;True
FC-076d72fa-2a6b-4bb2-b5f7-c9ea5cb21a3f;2026-08-02;2026-08-07;5;Lunch;MI-022;MI-022-LARGE;Create Your Own - Sashimi Tuna;Large;Create Your Own Bowl;5.75;6.0150846462758665;;6.806285834006284;;37;;;;;125.72;misecast-demand-p50p90-v1;True
FC-90da1140-09ac-4962-b7ca-538d77219aae;2026-08-02;2026-08-08;6;Lunch;MI-022;MI-022-LARGE;Create Your Own - Sashimi Tuna;Large;Create Your Own Bowl;6.0;6.0917272842980905;;6.83957765960502;;39;;;;;127.32;misecast-demand-p50p90-v1;True
FC-75268979-1a27-4338-8036-e2e2e29f369a;2026-08-02;2026-08-09;7;Lunch;MI-022;MI-022-LARGE;Create Your Own - Sashimi Tuna;Large;Create Your Own Bowl;6.75;5.992949890102002;;7.228362203269165;;30;;;;;125.25;misecast-demand-p50p90-v1;True
FC-fa08bd5e-189f-40b8-8ab2-778dddb71db0;2026-08-02;2026-08-10;8;Lunch;MI-022;MI-022-LARGE;Create Your Own - Sashimi Tuna;Large;Create Your Own Bowl;5.5;5.833656227647229;;6.753147796722441;;24;;;;;121.92;misecast-demand-p50p90-v1;True
FC-db27f08e-e596-4462-8435-6209cf35edec;2026-08-02;2026-08-11;9;Lunch;MI-022;MI-022-LARGE;Create Your Own - Sashimi Tuna;Large;Create Your Own Bowl;5.5;5.843809809020084;;6.770078459168956;;26;;;;;122.14;misecast-demand-p50p90-v1;True
FC-b2fa5624-158c-4678-8f2c-0e5c637fed63;2026-08-02;2026-08-02;0;Dinner;MI-023;MI-023-SMALL;Create Your Own - Flame-seared Salmon;Small;Create Your Own Bowl;9.25;9.489482324493391;;10.3051219061092;;60;;;;;179.35;misecast-demand-p50p90-v1;True
FC-4bde2cc1-b303-421d-87ae-560f0726838a;2026-08-02;2026-08-03;1;Dinner;MI-023;MI-023-SMALL;Create Your Own - Flame-seared Salmon;Small;Create Your Own Bowl;8.75;8.192072316639518;;9.510286562396397;;38;;;;;154.83;misecast-demand-p50p90-v1;True
FC-5ef4f95b-6012-4e72-a4be-501c1f3fc252;2026-08-02;2026-08-04;2;Dinner;MI-023;MI-023-SMALL;Create Your Own - Flame-seared Salmon;Small;Create Your Own Bowl;8.5;8.117219997785618;;9.063281083142499;;41;;;;;153.42;misecast-demand-p50p90-v1;True
FC-b2729a21-54e2-4551-adfe-b35b8e581739;2026-08-02;2026-08-05;3;Dinner;MI-023;MI-023-SMALL;Create Your Own - Flame-seared Salmon;Small;Create Your Own Bowl;8.0;8.071001460652461;;9.017925559840256;;36;;;;;152.54;misecast-demand-p50p90-v1;True
FC-51430285-6ad6-408d-92cb-e65196a0d910;2026-08-02;2026-08-06;4;Dinner;MI-023;MI-023-SMALL;Create Your Own - Flame-seared Salmon;Small;Create Your Own Bowl;8.0;8.069685197200616;;9.032635628147412;;50;;;;;152.52;misecast-demand-p50p90-v1;True
FC-35097379-8916-4af5-a7f7-d13dda4a0555;2026-08-02;2026-08-07;5;Dinner;MI-023;MI-023-SMALL;Create Your Own - Flame-seared Salmon;Small;Create Your Own Bowl;8.25;8.072962357478822;;9.07261632722686;;62;;;;;152.58;misecast-demand-p50p90-v1;True
FC-a52c9f41-68d7-41ba-92b7-6f4624211b44;2026-08-02;2026-08-08;6;Dinner;MI-023;MI-023-SMALL;Create Your Own - Flame-seared Salmon;Small;Create Your Own Bowl;9.25;10.010067298915875;;10.533245569534378;;83;;;;;189.19;misecast-demand-p50p90-v1;True
FC-f27ffefd-866a-4539-8483-beaea9b0d917;2026-08-02;2026-08-09;7;Dinner;MI-023;MI-023-SMALL;Create Your Own - Flame-seared Salmon;Small;Create Your Own Bowl;9.25;9.472825204708572;;10.349330218489456;;47;;;;;179.04;misecast-demand-p50p90-v1;True
FC-9157b272-a095-44f1-ba4d-d86a58fdcb8d;2026-08-02;2026-08-10;8;Dinner;MI-023;MI-023-SMALL;Create Your Own - Flame-seared Salmon;Small;Create Your Own Bowl;8.75;8.39323686882012;;9.576215697189959;;35;;;;;158.63;misecast-demand-p50p90-v1;True
FC-e4e65b61-456d-4999-aeff-7f2bcb65f5e5;2026-08-02;2026-08-11;9;Dinner;MI-023;MI-023-SMALL;Create Your Own - Flame-seared Salmon;Small;Create Your Own Bowl;8.5;8.10050954537527;;9.123044506301799;;47;;;;;153.1;misecast-demand-p50p90-v1;True
FC-16209950-1722-471c-abec-6d6cc56fe651;2026-08-02;2026-08-02;0;Lunch;MI-023;MI-023-SMALL;Create Your Own - Flame-seared Salmon;Small;Create Your Own Bowl;6.25;6.174111415038137;;6.940746991622738;;32;;;;;116.69;misecast-demand-p50p90-v1;True
FC-10f0748f-f528-4cd7-b3be-c741885a403b;2026-08-02;2026-08-03;1;Lunch;MI-023;MI-023-SMALL;Create Your Own - Flame-seared Salmon;Small;Create Your Own Bowl;5.75;6.0469538949253225;;6.863782933244949;;22;;;;;114.29;misecast-demand-p50p90-v1;True
FC-4d4783ae-6b7f-4a1d-8103-f970f7b53d4a;2026-08-02;2026-08-04;2;Lunch;MI-023;MI-023-SMALL;Create Your Own - Flame-seared Salmon;Small;Create Your Own Bowl;5.75;6.0130587837757155;;6.861117778663758;;29;;;;;113.65;misecast-demand-p50p90-v1;True
FC-c7939e91-8ccc-472c-93b0-8519bee24b0a;2026-08-02;2026-08-05;3;Lunch;MI-023;MI-023-SMALL;Create Your Own - Flame-seared Salmon;Small;Create Your Own Bowl;5.5;6.051789334196066;;6.872341626198059;;22;;;;;114.38;misecast-demand-p50p90-v1;True
FC-1abae2cb-93d2-4bd9-ad4b-632857599f96;2026-08-02;2026-08-06;4;Lunch;MI-023;MI-023-SMALL;Create Your Own - Flame-seared Salmon;Small;Create Your Own Bowl;5.75;6.047277418883587;;6.874380813952028;;36;;;;;114.29;misecast-demand-p50p90-v1;True
FC-5471a275-562e-487a-bc4f-ae2977048386;2026-08-02;2026-08-07;5;Lunch;MI-023;MI-023-SMALL;Create Your Own - Flame-seared Salmon;Small;Create Your Own Bowl;5.75;6.005633027713504;;6.8551620422092325;;37;;;;;113.51;misecast-demand-p50p90-v1;True
FC-d984249a-db08-4f43-a1be-689e718af478;2026-08-02;2026-08-08;6;Lunch;MI-023;MI-023-SMALL;Create Your Own - Flame-seared Salmon;Small;Create Your Own Bowl;6.75;6.184653836157301;;7.0662873408029885;;39;;;;;116.89;misecast-demand-p50p90-v1;True
FC-05d208cc-9a68-44ef-8232-318be4aec644;2026-08-02;2026-08-09;7;Lunch;MI-023;MI-023-SMALL;Create Your Own - Flame-seared Salmon;Small;Create Your Own Bowl;6.25;6.171522313533246;;6.9450107399658005;;30;;;;;116.64;misecast-demand-p50p90-v1;True
FC-672d6fb0-8a62-4ca5-bf1a-e40d6a93c19f;2026-08-02;2026-08-10;8;Lunch;MI-023;MI-023-SMALL;Create Your Own - Flame-seared Salmon;Small;Create Your Own Bowl;5.75;6.028186018946857;;6.888734894778405;;24;;;;;113.93;misecast-demand-p50p90-v1;True
FC-db1b9f9c-f9d5-44b2-9984-383f7c88e42c;2026-08-02;2026-08-11;9;Lunch;MI-023;MI-023-SMALL;Create Your Own - Flame-seared Salmon;Small;Create Your Own Bowl;5.75;5.994837328058236;;6.8852444475774846;;26;;;;;113.3;misecast-demand-p50p90-v1;True
FC-0969ab0f-76df-419c-9aad-14b2449f1b1e;2026-08-02;2026-08-02;0;Dinner;MI-023;MI-023-LARGE;Create Your Own - Flame-seared Salmon;Large;Create Your Own Bowl;9.5;9.468932533891016;;10.64738399581681;;60;;;;;207.37;misecast-demand-p50p90-v1;True
FC-55ec08ad-0768-4d2a-81bb-be385fc999ca;2026-08-02;2026-08-03;1;Dinner;MI-023;MI-023-LARGE;Create Your Own - Flame-seared Salmon;Large;Create Your Own Bowl;8.75;8.118510391302717;;9.394417390254914;;38;;;;;177.8;misecast-demand-p50p90-v1;True
FC-fbef532c-4070-46ca-bddb-e378523e9d4d;2026-08-02;2026-08-04;2;Dinner;MI-023;MI-023-LARGE;Create Your Own - Flame-seared Salmon;Large;Create Your Own Bowl;8.5;8.130240558197874;;9.07705483422396;;41;;;;;178.05;misecast-demand-p50p90-v1;True
FC-32c605ab-fbe7-4d42-a198-fb448582ab1a;2026-08-02;2026-08-05;3;Dinner;MI-023;MI-023-LARGE;Create Your Own - Flame-seared Salmon;Large;Create Your Own Bowl;7.75;8.04974151463719;;9.070586566047163;;36;;;;;176.29;misecast-demand-p50p90-v1;True
FC-898ecc0f-6bb9-4c61-a132-606c30d34195;2026-08-02;2026-08-06;4;Dinner;MI-023;MI-023-LARGE;Create Your Own - Flame-seared Salmon;Large;Create Your Own Bowl;8.0;8.039571660193609;;9.058141607851804;;50;;;;;176.07;misecast-demand-p50p90-v1;True
FC-34648f50-4eca-4859-bf28-4ec4228ba6ca;2026-08-02;2026-08-07;5;Dinner;MI-023;MI-023-LARGE;Create Your Own - Flame-seared Salmon;Large;Create Your Own Bowl;8.0;8.068232814263117;;9.18850956941668;;62;;;;;176.69;misecast-demand-p50p90-v1;True
FC-511d7243-2976-4078-be3a-6916eb6bfd96;2026-08-02;2026-08-08;6;Dinner;MI-023;MI-023-LARGE;Create Your Own - Flame-seared Salmon;Large;Create Your Own Bowl;10.0;9.992089191452264;;10.942725500691738;;83;;;;;218.83;misecast-demand-p50p90-v1;True
FC-33419453-cce3-47bc-a6a2-6c2bd962044a;2026-08-02;2026-08-09;7;Dinner;MI-023;MI-023-LARGE;Create Your Own - Flame-seared Salmon;Large;Create Your Own Bowl;9.5;9.479065379784492;;10.636654042192722;;47;;;;;207.59;misecast-demand-p50p90-v1;True
FC-794bc547-badf-4850-bc8f-819c04dd9b5b;2026-08-02;2026-08-10;8;Dinner;MI-023;MI-023-LARGE;Create Your Own - Flame-seared Salmon;Large;Create Your Own Bowl;8.75;8.350361812669743;;9.512993351417535;;35;;;;;182.87;misecast-demand-p50p90-v1;True
FC-2151e99f-3f7f-4e2c-9064-3c7bfa13a97a;2026-08-02;2026-08-11;9;Dinner;MI-023;MI-023-LARGE;Create Your Own - Flame-seared Salmon;Large;Create Your Own Bowl;8.5;8.146906241634703;;9.168337761400034;;47;;;;;178.42;misecast-demand-p50p90-v1;True
FC-55ad7910-bac0-4cc1-92ba-5143a5c8c34f;2026-08-02;2026-08-02;0;Lunch;MI-023;MI-023-LARGE;Create Your Own - Flame-seared Salmon;Large;Create Your Own Bowl;5.75;6.021637614640576;;6.90509831329731;;32;;;;;131.87;misecast-demand-p50p90-v1;True
FC-a99e26e1-e7d9-4ae3-a3b8-8cac15f0881a;2026-08-02;2026-08-03;1;Lunch;MI-023;MI-023-LARGE;Create Your Own - Flame-seared Salmon;Large;Create Your Own Bowl;5.5;6.047170928132687;;6.646303284986661;;22;;;;;132.43;misecast-demand-p50p90-v1;True
FC-022414b5-41bb-4159-a1fa-7df739ab806a;2026-08-02;2026-08-04;2;Lunch;MI-023;MI-023-LARGE;Create Your Own - Flame-seared Salmon;Large;Create Your Own Bowl;5.5;6.017899840871064;;6.643830693500859;;29;;;;;131.79;misecast-demand-p50p90-v1;True
FC-4703b27c-0df4-4d0f-86d3-742e01064aab;2026-08-02;2026-08-05;3;Lunch;MI-023;MI-023-LARGE;Create Your Own - Flame-seared Salmon;Large;Create Your Own Bowl;6.0;5.989632332925343;;6.72171482431666;;22;;;;;131.17;misecast-demand-p50p90-v1;True
FC-bca23d0e-c9dd-4d5e-9e9b-8f9e4aa15912;2026-08-02;2026-08-06;4;Lunch;MI-023;MI-023-LARGE;Create Your Own - Flame-seared Salmon;Large;Create Your Own Bowl;5.75;5.954989180322161;;6.67842819012682;;36;;;;;130.41;misecast-demand-p50p90-v1;True
FC-d96869d9-bbcf-40b8-9a78-af350c507b63;2026-08-02;2026-08-07;5;Lunch;MI-023;MI-023-LARGE;Create Your Own - Flame-seared Salmon;Large;Create Your Own Bowl;5.75;5.9791854753614135;;6.657197862994867;;37;;;;;130.94;misecast-demand-p50p90-v1;True
FC-a26e9bca-53c7-4eaa-93aa-ae23d1e9dc7f;2026-08-02;2026-08-08;6;Lunch;MI-023;MI-023-LARGE;Create Your Own - Flame-seared Salmon;Large;Create Your Own Bowl;6.75;6.053861327317364;;7.272769068747438;;39;;;;;132.58;misecast-demand-p50p90-v1;True
FC-551c14c6-7a25-43c1-be68-58ca99156fc9;2026-08-02;2026-08-09;7;Lunch;MI-023;MI-023-LARGE;Create Your Own - Flame-seared Salmon;Large;Create Your Own Bowl;5.75;6.019397126424933;;6.9284086816968955;;30;;;;;131.82;misecast-demand-p50p90-v1;True
FC-79596100-804e-4362-963b-c9c4995c7a2c;2026-08-02;2026-08-10;8;Lunch;MI-023;MI-023-LARGE;Create Your Own - Flame-seared Salmon;Large;Create Your Own Bowl;5.5;6.0331564204958985;;6.639906564367168;;24;;;;;132.13;misecast-demand-p50p90-v1;True
FC-cac316de-c43a-4236-bf99-ec0171bd5fb6;2026-08-02;2026-08-11;9;Lunch;MI-023;MI-023-LARGE;Create Your Own - Flame-seared Salmon;Large;Create Your Own Bowl;5.5;6.032111484324228;;6.659210365751192;;26;;;;;132.1;misecast-demand-p50p90-v1;True
FC-a0479c0b-0b34-49f8-a2bc-6800c04e5309;2026-08-02;2026-08-02;0;Dinner;MI-024;MI-024-SMALL;Create Your Own - Flame-seared Wagyu;Small;Create Your Own Bowl;9.75;9.426461693289244;;10.851484826880027;;60;;;;;178.16;misecast-demand-p50p90-v1;True
FC-41397621-892e-4883-a092-c352c9d1f6e7;2026-08-02;2026-08-03;1;Dinner;MI-024;MI-024-SMALL;Create Your Own - Flame-seared Wagyu;Small;Create Your Own Bowl;8.0;7.932955454210395;;9.00472032175504;;38;;;;;149.93;misecast-demand-p50p90-v1;True
FC-1b5c1a49-1237-4955-b9a8-8f151c4e7987;2026-08-02;2026-08-04;2;Dinner;MI-024;MI-024-SMALL;Create Your Own - Flame-seared Wagyu;Small;Create Your Own Bowl;7.75;7.960397398696138;;9.005326920136307;;41;;;;;150.45;misecast-demand-p50p90-v1;True
FC-058dbb8b-70e2-4b3b-9b82-3707bd02a5e9;2026-08-02;2026-08-05;3;Dinner;MI-024;MI-024-SMALL;Create Your Own - Flame-seared Wagyu;Small;Create Your Own Bowl;7.5;7.905566957059641;;8.966303747674672;;36;;;;;149.42;misecast-demand-p50p90-v1;True
FC-886b5a83-bb25-46e0-a540-1dcbef3670c2;2026-08-02;2026-08-06;4;Dinner;MI-024;MI-024-SMALL;Create Your Own - Flame-seared Wagyu;Small;Create Your Own Bowl;8.0;7.994843846766997;;9.05309474046063;;50;;;;;151.1;misecast-demand-p50p90-v1;True
FC-04ecb981-ea80-4bb2-8750-fbd708a474b6;2026-08-02;2026-08-07;5;Dinner;MI-024;MI-024-SMALL;Create Your Own - Flame-seared Wagyu;Small;Create Your Own Bowl;8.25;8.035623168420974;;9.100599286368043;;62;;;;;151.87;misecast-demand-p50p90-v1;True
FC-a0dc2d0c-0145-4208-8bba-aba9dbd6ed51;2026-08-02;2026-08-08;6;Dinner;MI-024;MI-024-SMALL;Create Your Own - Flame-seared Wagyu;Small;Create Your Own Bowl;8.5;9.019179955839885;;10.812616965577275;;83;;;;;170.46;misecast-demand-p50p90-v1;True
FC-9e072032-e2da-4272-afcd-2f955b6fdede;2026-08-02;2026-08-09;7;Dinner;MI-024;MI-024-SMALL;Create Your Own - Flame-seared Wagyu;Small;Create Your Own Bowl;9.75;9.409271526014862;;10.726691240537138;;47;;;;;177.84;misecast-demand-p50p90-v1;True
FC-61b818ce-e9f5-487d-975b-32b8d1d93806;2026-08-02;2026-08-10;8;Dinner;MI-024;MI-024-SMALL;Create Your Own - Flame-seared Wagyu;Small;Create Your Own Bowl;8.0;7.937089142296521;;9.040136098530391;;35;;;;;150.01;misecast-demand-p50p90-v1;True
FC-d7f641c8-a20d-4715-97b6-04a2677d124b;2026-08-02;2026-08-11;9;Dinner;MI-024;MI-024-SMALL;Create Your Own - Flame-seared Wagyu;Small;Create Your Own Bowl;7.75;7.936426028716146;;9.069617728545504;;47;;;;;150.0;misecast-demand-p50p90-v1;True
FC-ec7c9a38-58ec-449f-93f0-d6e5246bffc3;2026-08-02;2026-08-02;0;Lunch;MI-024;MI-024-SMALL;Create Your Own - Flame-seared Wagyu;Small;Create Your Own Bowl;6.5;6.027580787879675;;7.0941856105389;;32;;;;;113.92;misecast-demand-p50p90-v1;True
FC-2e53855f-7411-4c91-ada0-8e69748f39c8;2026-08-02;2026-08-03;1;Lunch;MI-024;MI-024-SMALL;Create Your Own - Flame-seared Wagyu;Small;Create Your Own Bowl;5.5;5.856363447467334;;6.859834335998413;;22;;;;;110.69;misecast-demand-p50p90-v1;True
FC-c8506ce2-e600-4eea-979b-744ed9971ebd;2026-08-02;2026-08-04;2;Lunch;MI-024;MI-024-SMALL;Create Your Own - Flame-seared Wagyu;Small;Create Your Own Bowl;5.75;6.0008982679485285;;6.837205769863187;;29;;;;;113.42;misecast-demand-p50p90-v1;True
FC-d65a303c-15e9-4f3f-a455-f424d201c6d2;2026-08-02;2026-08-05;3;Lunch;MI-024;MI-024-SMALL;Create Your Own - Flame-seared Wagyu;Small;Create Your Own Bowl;6.0;5.890590273859639;;6.864169375147704;;22;;;;;111.33;misecast-demand-p50p90-v1;True
FC-162c5ea6-809c-4d2e-a1c2-b69c99725dea;2026-08-02;2026-08-06;4;Lunch;MI-024;MI-024-SMALL;Create Your Own - Flame-seared Wagyu;Small;Create Your Own Bowl;5.75;6.010702684811358;;6.852306967526326;;36;;;;;113.6;misecast-demand-p50p90-v1;True
FC-2bb82221-398f-45b9-8156-75e444c7b594;2026-08-02;2026-08-07;5;Lunch;MI-024;MI-024-SMALL;Create Your Own - Flame-seared Wagyu;Small;Create Your Own Bowl;6.0;5.940290289304129;;6.863373446278336;;37;;;;;112.27;misecast-demand-p50p90-v1;True
FC-4f883acc-5389-4c29-91cb-809b1e02a9b6;2026-08-02;2026-08-08;6;Lunch;MI-024;MI-024-SMALL;Create Your Own - Flame-seared Wagyu;Small;Create Your Own Bowl;6.0;6.0355067299286835;;7.034320048281825;;39;;;;;114.07;misecast-demand-p50p90-v1;True
FC-0ccb15d5-65c8-4d5f-9445-e0cb31e3cdd8;2026-08-02;2026-08-09;7;Lunch;MI-024;MI-024-SMALL;Create Your Own - Flame-seared Wagyu;Small;Create Your Own Bowl;6.5;6.0295884592801094;;7.127291641814323;;30;;;;;113.96;misecast-demand-p50p90-v1;True
FC-dbcdaee8-244a-4f11-8d45-e434ffa6b755;2026-08-02;2026-08-10;8;Lunch;MI-024;MI-024-SMALL;Create Your Own - Flame-seared Wagyu;Small;Create Your Own Bowl;5.5;5.8182406404395435;;6.845393571556979;;24;;;;;109.96;misecast-demand-p50p90-v1;True
FC-71e2ad01-32bd-49a1-bb8a-b362524f822f;2026-08-02;2026-08-11;9;Lunch;MI-024;MI-024-SMALL;Create Your Own - Flame-seared Wagyu;Small;Create Your Own Bowl;5.75;5.968835137644107;;6.862532949255584;;26;;;;;112.81;misecast-demand-p50p90-v1;True
FC-a025ca14-c92d-4674-87ac-b295ddaf5bc2;2026-08-02;2026-08-02;0;Dinner;MI-024;MI-024-LARGE;Create Your Own - Flame-seared Wagyu;Large;Create Your Own Bowl;9.75;9.273946499594013;;10.834060270147774;;60;;;;;203.1;misecast-demand-p50p90-v1;True
FC-628a966b-7eea-49cd-9fe6-2497fa3a477e;2026-08-02;2026-08-03;1;Dinner;MI-024;MI-024-LARGE;Create Your Own - Flame-seared Wagyu;Large;Create Your Own Bowl;8.0;7.907087542264012;;8.946230573596731;;38;;;;;173.17;misecast-demand-p50p90-v1;True
FC-5e03d444-4cad-4d67-98ca-f3e1345c77b3;2026-08-02;2026-08-04;2;Dinner;MI-024;MI-024-LARGE;Create Your Own - Flame-seared Wagyu;Large;Create Your Own Bowl;8.0;7.945455380257162;;8.961129211896083;;41;;;;;174.01;misecast-demand-p50p90-v1;True
FC-4374182f-adf9-4801-8f85-1b0c41b0fba5;2026-08-02;2026-08-05;3;Dinner;MI-024;MI-024-LARGE;Create Your Own - Flame-seared Wagyu;Large;Create Your Own Bowl;7.75;7.9168805391424275;;9.01924413460562;;36;;;;;173.38;misecast-demand-p50p90-v1;True
FC-e3181688-086b-4886-963b-0f201ea98b95;2026-08-02;2026-08-06;4;Dinner;MI-024;MI-024-LARGE;Create Your Own - Flame-seared Wagyu;Large;Create Your Own Bowl;8.25;7.9414035897355735;;9.010754951789444;;50;;;;;173.92;misecast-demand-p50p90-v1;True
FC-9eb41e7a-4389-42f6-bc92-15206123aa3e;2026-08-02;2026-08-07;5;Dinner;MI-024;MI-024-LARGE;Create Your Own - Flame-seared Wagyu;Large;Create Your Own Bowl;8.75;8.001480389894795;;9.54726769238793;;62;;;;;175.23;misecast-demand-p50p90-v1;True
FC-634c7790-01ae-4f6f-a633-d5fd684c83b7;2026-08-02;2026-08-08;6;Dinner;MI-024;MI-024-LARGE;Create Your Own - Flame-seared Wagyu;Large;Create Your Own Bowl;8.75;9.404500858809724;;10.641776381306858;;83;;;;;205.96;misecast-demand-p50p90-v1;True
FC-f0368a71-c225-4d78-9548-8e238be77813;2026-08-02;2026-08-09;7;Dinner;MI-024;MI-024-LARGE;Create Your Own - Flame-seared Wagyu;Large;Create Your Own Bowl;9.75;9.256140266249288;;10.707182517858547;;47;;;;;202.71;misecast-demand-p50p90-v1;True
FC-d0d409b4-f5d7-43db-a6a7-e7f841741d78;2026-08-02;2026-08-10;8;Dinner;MI-024;MI-024-LARGE;Create Your Own - Flame-seared Wagyu;Large;Create Your Own Bowl;8.0;7.886654541187892;;9.02526672968615;;35;;;;;172.72;misecast-demand-p50p90-v1;True
FC-e557d60b-230a-4d48-b740-db2cc3f7030e;2026-08-02;2026-08-11;9;Dinner;MI-024;MI-024-LARGE;Create Your Own - Flame-seared Wagyu;Large;Create Your Own Bowl;8.0;7.932741706335425;;9.05186695007924;;47;;;;;173.73;misecast-demand-p50p90-v1;True
FC-1cfa78ea-fc5c-4bef-afa5-d6c5d0deac21;2026-08-02;2026-08-02;0;Lunch;MI-024;MI-024-LARGE;Create Your Own - Flame-seared Wagyu;Large;Create Your Own Bowl;6.0;5.988020426158675;;6.800670246980111;;32;;;;;131.14;misecast-demand-p50p90-v1;True
FC-9f4833e1-b7fc-4237-8652-2c8d0e61dcdb;2026-08-02;2026-08-03;1;Lunch;MI-024;MI-024-LARGE;Create Your Own - Flame-seared Wagyu;Large;Create Your Own Bowl;5.5;5.507917703802599;;6.458792027499895;;22;;;;;120.62;misecast-demand-p50p90-v1;True
FC-86855cdb-940b-4dcb-b58b-b4353327c17a;2026-08-02;2026-08-04;2;Lunch;MI-024;MI-024-LARGE;Create Your Own - Flame-seared Wagyu;Large;Create Your Own Bowl;5.75;5.684091946697743;;6.478698417002168;;29;;;;;124.48;misecast-demand-p50p90-v1;True
FC-10f5a0f2-1376-4555-a906-0369af2bd980;2026-08-02;2026-08-05;3;Lunch;MI-024;MI-024-LARGE;Create Your Own - Flame-seared Wagyu;Large;Create Your Own Bowl;5.75;5.618947668172003;;6.4956266090041845;;22;;;;;123.05;misecast-demand-p50p90-v1;True
FC-f56c11bf-a1bd-4d46-aa35-3fadd1c29465;2026-08-02;2026-08-06;4;Lunch;MI-024;MI-024-LARGE;Create Your Own - Flame-seared Wagyu;Large;Create Your Own Bowl;5.25;5.518945578736016;;6.470843360354928;;36;;;;;120.86;misecast-demand-p50p90-v1;True
FC-dabdc22d-90f2-4ffc-8a84-0de1f322c3db;2026-08-02;2026-08-07;5;Lunch;MI-024;MI-024-LARGE;Create Your Own - Flame-seared Wagyu;Large;Create Your Own Bowl;5.5;5.520039637495126;;6.446051855064708;;37;;;;;120.89;misecast-demand-p50p90-v1;True
FC-f2cee8e6-8c1e-482d-9761-db00a8c875b9;2026-08-02;2026-08-08;6;Lunch;MI-024;MI-024-LARGE;Create Your Own - Flame-seared Wagyu;Large;Create Your Own Bowl;6.0;5.978397198445656;;6.817265250012475;;39;;;;;130.93;misecast-demand-p50p90-v1;True
FC-bdfaaeb0-803a-4f1f-981a-7e8ca9ed8d64;2026-08-02;2026-08-09;7;Lunch;MI-024;MI-024-LARGE;Create Your Own - Flame-seared Wagyu;Large;Create Your Own Bowl;6.0;5.991437413899369;;6.794196885386274;;30;;;;;131.21;misecast-demand-p50p90-v1;True
FC-4dd45a92-9de2-451a-b437-d118b6f2f48f;2026-08-02;2026-08-10;8;Lunch;MI-024;MI-024-LARGE;Create Your Own - Flame-seared Wagyu;Large;Create Your Own Bowl;5.5;5.488679702626254;;6.430585173973163;;24;;;;;120.2;misecast-demand-p50p90-v1;True
FC-808faa65-4cc8-4fe5-b26f-2a2f75689b41;2026-08-02;2026-08-11;9;Lunch;MI-024;MI-024-LARGE;Create Your Own - Flame-seared Wagyu;Large;Create Your Own Bowl;5.75;5.6719928607089125;;6.503868150279446;;26;;;;;124.22;misecast-demand-p50p90-v1;True
FC-a3e4b399-a10b-41fb-973f-ee57d36a9ef7;2026-08-02;2026-08-02;0;Dinner;MI-025;MI-025-SMALL;Create Your Own - No Protein;Small;Create Your Own Bowl;8.25;8.05573705077185;;9.365992184254692;;60;;;;;103.92;misecast-demand-p50p90-v1;True
FC-e28e61e2-8a95-4409-8ea1-c8929907e4c5;2026-08-02;2026-08-03;1;Dinner;MI-025;MI-025-SMALL;Create Your Own - No Protein;Small;Create Your Own Bowl;6.75;6.812447696022064;;7.7053722486216945;;38;;;;;87.88;misecast-demand-p50p90-v1;True
FC-6e810e31-99d2-453d-9168-ccb270643c57;2026-08-02;2026-08-04;2;Dinner;MI-025;MI-025-SMALL;Create Your Own - No Protein;Small;Create Your Own Bowl;7.25;7.080754211480299;;8.431001617689917;;41;;;;;91.34;misecast-demand-p50p90-v1;True
FC-1dd17429-ed58-4a3d-95a0-e2071b64c19c;2026-08-02;2026-08-05;3;Dinner;MI-025;MI-025-SMALL;Create Your Own - No Protein;Small;Create Your Own Bowl;7.25;7.210116801070573;;8.575973356601342;;36;;;;;93.01;misecast-demand-p50p90-v1;True
FC-4c10fa3c-56de-472b-9439-7a3fda2b083e;2026-08-02;2026-08-06;4;Dinner;MI-025;MI-025-SMALL;Create Your Own - No Protein;Small;Create Your Own Bowl;6.75;6.683676643549662;;7.837339563409639;;50;;;;;86.22;misecast-demand-p50p90-v1;True
FC-36e5a94a-34af-42a8-81a3-f4832ae39b10;2026-08-02;2026-08-07;5;Dinner;MI-025;MI-025-SMALL;Create Your Own - No Protein;Small;Create Your Own Bowl;7.5;7.203184272175624;;8.54476757861588;;62;;;;;92.92;misecast-demand-p50p90-v1;True
FC-3e5be610-2b43-4101-ad63-b9db49e8a473;2026-08-02;2026-08-08;6;Dinner;MI-025;MI-025-SMALL;Create Your Own - No Protein;Small;Create Your Own Bowl;8.5;8.85756877817056;;10.631499260710658;;83;;;;;114.26;misecast-demand-p50p90-v1;True
FC-15d3e962-f3c3-4a73-bd85-cb1ccd850b88;2026-08-02;2026-08-09;7;Dinner;MI-025;MI-025-SMALL;Create Your Own - No Protein;Small;Create Your Own Bowl;8.25;7.939996830797865;;9.257188488632355;;47;;;;;102.43;misecast-demand-p50p90-v1;True
FC-4b556492-e154-404c-9480-04bd9fc8c1d5;2026-08-02;2026-08-10;8;Dinner;MI-025;MI-025-SMALL;Create Your Own - No Protein;Small;Create Your Own Bowl;6.75;6.763542962238959;;7.7675070621070175;;35;;;;;87.25;misecast-demand-p50p90-v1;True
FC-f3331c9c-a02a-4bb3-8aae-e76a4e188e99;2026-08-02;2026-08-11;9;Dinner;MI-025;MI-025-SMALL;Create Your Own - No Protein;Small;Create Your Own Bowl;7.25;7.067645374523566;;8.587252400929998;;47;;;;;91.17;misecast-demand-p50p90-v1;True
FC-75bff5f9-381b-47e8-a9e8-fe1f4a274bec;2026-08-02;2026-08-02;0;Lunch;MI-025;MI-025-SMALL;Create Your Own - No Protein;Small;Create Your Own Bowl;5.25;5.2806948871691235;;6.772292109771804;;32;;;;;68.12;misecast-demand-p50p90-v1;True
FC-06dbb121-a393-4d80-b8ed-b597e5f2afba;2026-08-02;2026-08-03;1;Lunch;MI-025;MI-025-SMALL;Create Your Own - No Protein;Small;Create Your Own Bowl;4.75;4.7911624953341425;;5.414839783156294;;22;;;;;61.81;misecast-demand-p50p90-v1;True
FC-4b305a4b-046c-47f5-89dc-50d3b45fcdb9;2026-08-02;2026-08-04;2;Lunch;MI-025;MI-025-SMALL;Create Your Own - No Protein;Small;Create Your Own Bowl;5.0;5.247037683570876;;6.579081403541081;;29;;;;;67.69;misecast-demand-p50p90-v1;True
FC-e4a43447-a460-4795-9976-54684007a4b6;2026-08-02;2026-08-05;3;Lunch;MI-025;MI-025-SMALL;Create Your Own - No Protein;Small;Create Your Own Bowl;4.75;4.791829312319453;;5.394556712240713;;22;;;;;61.81;misecast-demand-p50p90-v1;True
FC-567dd5ec-f836-4f89-8dbe-b7e23f5ad099;2026-08-02;2026-08-06;4;Lunch;MI-025;MI-025-SMALL;Create Your Own - No Protein;Small;Create Your Own Bowl;4.5;4.767804422807257;;5.397314869760346;;36;;;;;61.5;misecast-demand-p50p90-v1;True
FC-d7352205-26d7-4cde-899d-17363911688d;2026-08-02;2026-08-07;5;Lunch;MI-025;MI-025-SMALL;Create Your Own - No Protein;Small;Create Your Own Bowl;4.5;4.766606298524227;;5.393037969433176;;37;;;;;61.49;misecast-demand-p50p90-v1;True
FC-2932fc38-fd94-4277-a841-6fbc2d9d222e;2026-08-02;2026-08-08;6;Lunch;MI-025;MI-025-SMALL;Create Your Own - No Protein;Small;Create Your Own Bowl;5.0;5.110074805701684;;6.78339788598705;;39;;;;;65.92;misecast-demand-p50p90-v1;True
FC-6e0040e9-c193-4438-ac48-f63f98cb80a5;2026-08-02;2026-08-09;7;Lunch;MI-025;MI-025-SMALL;Create Your Own - No Protein;Small;Create Your Own Bowl;5.25;5.282929967774554;;6.74850371859212;;30;;;;;68.15;misecast-demand-p50p90-v1;True
FC-5e703599-a0e8-4f7c-9d60-598741548714;2026-08-02;2026-08-10;8;Lunch;MI-025;MI-025-SMALL;Create Your Own - No Protein;Small;Create Your Own Bowl;4.75;4.736042128935203;;5.337174625256151;;24;;;;;61.09;misecast-demand-p50p90-v1;True
FC-c36a9330-8cba-4f8e-8c1d-9ff407341877;2026-08-02;2026-08-11;9;Lunch;MI-025;MI-025-SMALL;Create Your Own - No Protein;Small;Create Your Own Bowl;5.0;5.221318257289957;;6.594232632303769;;26;;;;;67.36;misecast-demand-p50p90-v1;True
FC-5cfc3b37-633b-4517-9d0f-7820c996bd4a;2026-08-02;2026-08-02;0;Dinner;MI-025;MI-025-LARGE;Create Your Own - No Protein;Large;Create Your Own Bowl;8.25;8.272775508315792;;9.276061025361027;;60;;;;;131.54;misecast-demand-p50p90-v1;True
FC-b0d1c72a-e81d-493e-aa67-2db28e2202ff;2026-08-02;2026-08-03;1;Dinner;MI-025;MI-025-LARGE;Create Your Own - No Protein;Large;Create Your Own Bowl;7.25;7.2664908743708745;;8.285697796622125;;38;;;;;115.54;misecast-demand-p50p90-v1;True
FC-3a5986cb-567f-4b8f-97ab-9469b5e0ddd8;2026-08-02;2026-08-04;2;Dinner;MI-025;MI-025-LARGE;Create Your Own - No Protein;Large;Create Your Own Bowl;7.5;7.446753018355673;;8.300692645484395;;41;;;;;118.4;misecast-demand-p50p90-v1;True
FC-7b921a46-6932-40eb-b42b-d425eb8f0373;2026-08-02;2026-08-05;3;Dinner;MI-025;MI-025-LARGE;Create Your Own - No Protein;Large;Create Your Own Bowl;7.5;7.501606238082859;;8.387633709381053;;36;;;;;119.28;misecast-demand-p50p90-v1;True
FC-438a7edb-cfb4-4255-a711-5f3a4b2d7e49;2026-08-02;2026-08-06;4;Dinner;MI-025;MI-025-LARGE;Create Your Own - No Protein;Large;Create Your Own Bowl;6.75;6.417293834070894;;7.224852192834914;;50;;;;;102.03;misecast-demand-p50p90-v1;True
FC-9b0e3ddd-c24c-48c8-8b9e-9b6b8a4b7540;2026-08-02;2026-08-07;5;Dinner;MI-025;MI-025-LARGE;Create Your Own - No Protein;Large;Create Your Own Bowl;7.5;7.394821001995926;;8.368411795790763;;62;;;;;117.58;misecast-demand-p50p90-v1;True
FC-e13d4d22-7287-4e6b-8cba-4aac2239b4b2;2026-08-02;2026-08-08;6;Dinner;MI-025;MI-025-LARGE;Create Your Own - No Protein;Large;Create Your Own Bowl;9.0;9.198640158750901;;10.362415535359297;;83;;;;;146.26;misecast-demand-p50p90-v1;True
FC-df28ba68-61f2-4109-8fd5-0d005c6b86a0;2026-08-02;2026-08-09;7;Dinner;MI-025;MI-025-LARGE;Create Your Own - No Protein;Large;Create Your Own Bowl;8.25;8.080072137013197;;9.158245132888888;;47;;;;;128.47;misecast-demand-p50p90-v1;True
FC-65ebc74b-30bd-4f30-9d7d-f80c0efcf968;2026-08-02;2026-08-10;8;Dinner;MI-025;MI-025-LARGE;Create Your Own - No Protein;Large;Create Your Own Bowl;7.25;7.231072147119074;;8.333624410946165;;35;;;;;114.97;misecast-demand-p50p90-v1;True
FC-018dd502-668f-482e-af21-17f6814d2447;2026-08-02;2026-08-11;9;Dinner;MI-025;MI-025-LARGE;Create Your Own - No Protein;Large;Create Your Own Bowl;7.5;7.434278224660287;;8.382132169236403;;47;;;;;118.21;misecast-demand-p50p90-v1;True
FC-4dfb7824-9a47-46b7-b0e4-f58e5bf2dd10;2026-08-02;2026-08-02;0;Lunch;MI-025;MI-025-LARGE;Create Your Own - No Protein;Large;Create Your Own Bowl;5.5;5.280048947005133;;6.360350788423764;;32;;;;;83.95;misecast-demand-p50p90-v1;True
FC-36b764b9-60fa-46c2-ae74-8d20cad01ace;2026-08-02;2026-08-03;1;Lunch;MI-025;MI-025-LARGE;Create Your Own - No Protein;Large;Create Your Own Bowl;4.5;4.5075226700062005;;5.035518809622223;;22;;;;;71.67;misecast-demand-p50p90-v1;True
FC-0f15dc7a-58bf-4d2f-8466-51bdb249b9a8;2026-08-02;2026-08-04;2;Lunch;MI-025;MI-025-LARGE;Create Your Own - No Protein;Large;Create Your Own Bowl;4.25;4.522799237154627;;5.059994893256661;;29;;;;;71.91;misecast-demand-p50p90-v1;True
FC-3c443444-f22b-46b5-9092-b0b0448cd398;2026-08-02;2026-08-05;3;Lunch;MI-025;MI-025-LARGE;Create Your Own - No Protein;Large;Create Your Own Bowl;4.5;4.496544174649284;;5.030636512474512;;22;;;;;71.5;misecast-demand-p50p90-v1;True
FC-22861dee-514e-4a0e-a5c6-a350b596140f;2026-08-02;2026-08-06;4;Lunch;MI-025;MI-025-LARGE;Create Your Own - No Protein;Large;Create Your Own Bowl;4.75;4.5756834081585405;;5.015102030693997;;36;;;;;72.75;misecast-demand-p50p90-v1;True
FC-09073649-4e52-4a99-baa8-e1ef083db77b;2026-08-02;2026-08-07;5;Lunch;MI-025;MI-025-LARGE;Create Your Own - No Protein;Large;Create Your Own Bowl;4.25;4.528146966456753;;5.05315851411555;;37;;;;;72.0;misecast-demand-p50p90-v1;True
FC-be298a00-2e53-4f08-a56d-4cac836b10f1;2026-08-02;2026-08-08;6;Lunch;MI-025;MI-025-LARGE;Create Your Own - No Protein;Large;Create Your Own Bowl;4.75;4.841714257421718;;5.070309503971325;;39;;;;;76.98;misecast-demand-p50p90-v1;True
FC-cdcb0297-bc00-4b68-a899-dc73354be76c;2026-08-02;2026-08-09;7;Lunch;MI-025;MI-025-LARGE;Create Your Own - No Protein;Large;Create Your Own Bowl;5.5;5.2784321011628705;;6.359264855984078;;30;;;;;83.93;misecast-demand-p50p90-v1;True
FC-be893ea3-e0b5-4e91-bd38-5351f30da189;2026-08-02;2026-08-10;8;Lunch;MI-025;MI-025-LARGE;Create Your Own - No Protein;Large;Create Your Own Bowl;4.5;4.521517277282686;;4.986837362777762;;24;;;;;71.89;misecast-demand-p50p90-v1;True
FC-72629de4-35ee-4d2a-b7bd-906fdb698a8d;2026-08-02;2026-08-11;9;Lunch;MI-025;MI-025-LARGE;Create Your Own - No Protein;Large;Create Your Own Bowl;4.25;4.531204739499265;;5.04875411433;;26;;;;;72.05;misecast-demand-p50p90-v1;True
FC-1699856a-47e1-4c73-bfa0-22e915cde890;2026-08-02;2026-08-02;0;Dinner;MI-026;MI-026-STANDARD;Miso Soup;Standard;Light Bites;12.25;11.412640624695822;;12.90262973704054;;60;;;;;28.53;misecast-demand-p50p90-v1;True
FC-3d593103-e6cf-431a-810d-e162d19d96fb;2026-08-02;2026-08-03;1;Dinner;MI-026;MI-026-STANDARD;Miso Soup;Standard;Light Bites;10.5;10.282572367287681;;11.497689808284875;;38;;;;;25.71;misecast-demand-p50p90-v1;True
FC-d88ca002-a0b6-45fb-b537-145d72a9ac09;2026-08-02;2026-08-04;2;Dinner;MI-026;MI-026-STANDARD;Miso Soup;Standard;Light Bites;9.5;9.827593489510338;;10.37922839195867;;41;;;;;24.57;misecast-demand-p50p90-v1;True
FC-8818db8a-c62d-4d67-b963-3b29ad4a978b;2026-08-02;2026-08-05;3;Dinner;MI-026;MI-026-STANDARD;Miso Soup;Standard;Light Bites;10.0;9.775656608986216;;11.221570322732997;;36;;;;;24.44;misecast-demand-p50p90-v1;True
FC-e37e22df-d54e-45c6-a3e0-ca506733bcc9;2026-08-02;2026-08-06;4;Dinner;MI-026;MI-026-STANDARD;Miso Soup;Standard;Light Bites;9.0;9.368013135449662;;10.42433065396942;;50;;;;;23.42;misecast-demand-p50p90-v1;True
FC-69270481-16bf-42b1-ab1a-a2becefdc9cc;2026-08-02;2026-08-07;5;Dinner;MI-026;MI-026-STANDARD;Miso Soup;Standard;Light Bites;10.0;10.086091588895389;;11.286938343128387;;62;;;;;25.22;misecast-demand-p50p90-v1;True
FC-790da743-7aba-497a-96fa-dfc490de23dd;2026-08-02;2026-08-08;6;Dinner;MI-026;MI-026-STANDARD;Miso Soup;Standard;Light Bites;11.5;11.920420573222183;;12.880960971056323;;83;;;;;29.8;misecast-demand-p50p90-v1;True
FC-66f72530-8388-463e-b163-0e8f9e53c440;2026-08-02;2026-08-09;7;Dinner;MI-026;MI-026-STANDARD;Miso Soup;Standard;Light Bites;12.25;11.293243893512967;;12.985723511048407;;47;;;;;28.23;misecast-demand-p50p90-v1;True
FC-b2d43d8b-a2da-4be6-86aa-4cb2354d6e08;2026-08-02;2026-08-10;8;Dinner;MI-026;MI-026-STANDARD;Miso Soup;Standard;Light Bites;10.5;10.23682234925108;;11.633463029909807;;35;;;;;25.59;misecast-demand-p50p90-v1;True
FC-636138a9-2bcf-4235-a3c8-6d90120f2099;2026-08-02;2026-08-11;9;Dinner;MI-026;MI-026-STANDARD;Miso Soup;Standard;Light Bites;9.5;9.610628744155381;;10.475093392253358;;47;;;;;24.03;misecast-demand-p50p90-v1;True
FC-7ec644f8-ebba-4de4-85e3-b9cfae7a062d;2026-08-02;2026-08-02;0;Lunch;MI-026;MI-026-STANDARD;Miso Soup;Standard;Light Bites;10.25;10.019427830205267;;11.527909701925871;;32;;;;;25.05;misecast-demand-p50p90-v1;True
FC-e1e6ca6c-1783-483e-8db4-f35415b3066b;2026-08-02;2026-08-03;1;Lunch;MI-026;MI-026-STANDARD;Miso Soup;Standard;Light Bites;9.75;9.628990500314135;;10.93464711512918;;22;;;;;24.07;misecast-demand-p50p90-v1;True
FC-a5e8d41f-5cfd-4030-8368-bfd7a6cd3873;2026-08-02;2026-08-04;2;Lunch;MI-026;MI-026-STANDARD;Miso Soup;Standard;Light Bites;8.75;8.889226184466386;;9.848891174389637;;29;;;;;22.22;misecast-demand-p50p90-v1;True
FC-6079a01d-e467-4fb5-b6fa-cecc62e8179c;2026-08-02;2026-08-05;3;Lunch;MI-026;MI-026-STANDARD;Miso Soup;Standard;Light Bites;9.0;8.74366115817235;;10.211451922951904;;22;;;;;21.86;misecast-demand-p50p90-v1;True
FC-822a92ce-dbf5-45a0-895d-a30bfc67ecfa;2026-08-02;2026-08-06;4;Lunch;MI-026;MI-026-STANDARD;Miso Soup;Standard;Light Bites;9.25;9.041550162371808;;10.251851303421331;;36;;;;;22.6;misecast-demand-p50p90-v1;True
FC-05d675d3-b2c5-4800-af7d-8642c5aa8fbf;2026-08-02;2026-08-07;5;Lunch;MI-026;MI-026-STANDARD;Miso Soup;Standard;Light Bites;9.25;9.131569502133187;;10.216489374114108;;37;;;;;22.83;misecast-demand-p50p90-v1;True
FC-4ab6225b-8b35-42a5-9f68-240d49c7ef2f;2026-08-02;2026-08-08;6;Lunch;MI-026;MI-026-STANDARD;Miso Soup;Standard;Light Bites;11.75;10.693105164300297;;12.357796135319328;;39;;;;;26.73;misecast-demand-p50p90-v1;True
FC-f3452efd-3073-484e-bf11-6b9bdf91faa3;2026-08-02;2026-08-09;7;Lunch;MI-026;MI-026-STANDARD;Miso Soup;Standard;Light Bites;10.25;9.924334266516519;;11.61388055541586;;30;;;;;24.81;misecast-demand-p50p90-v1;True
FC-ea4d415f-ff09-4729-99d1-588aa47af7b9;2026-08-02;2026-08-10;8;Lunch;MI-026;MI-026-STANDARD;Miso Soup;Standard;Light Bites;9.75;9.4987282959872;;11.011912692532185;;24;;;;;23.75;misecast-demand-p50p90-v1;True
FC-c4a1e83b-badc-4eb6-83fe-1f0291b2d268;2026-08-02;2026-08-11;9;Lunch;MI-026;MI-026-STANDARD;Miso Soup;Standard;Light Bites;8.75;8.698340080174784;;9.905061452762979;;26;;;;;21.75;misecast-demand-p50p90-v1;True
FC-c0a9e7ed-3680-409d-8d83-6d4b5d4df79c;2026-08-02;2026-08-02;0;Dinner;MI-027;MI-027-STANDARD;Raw Balls - Peanut Butter;Standard;Light Bites;2.0;2.000132514368892;;3.000007860700649;;60;;;;;8.4;misecast-demand-p50p90-v1;True
FC-87493bc0-b526-4c72-9e32-95f1c19a7af9;2026-08-02;2026-08-03;1;Dinner;MI-027;MI-027-STANDARD;Raw Balls - Peanut Butter;Standard;Light Bites;1.5;2.000132514368892;;3.000007860700649;;38;;;;;8.4;misecast-demand-p50p90-v1;True
FC-ef602d38-46b1-40a7-884a-af755551d9b6;2026-08-02;2026-08-04;2;Dinner;MI-027;MI-027-STANDARD;Raw Balls - Peanut Butter;Standard;Light Bites;1.5;2.000132514368892;;3.000007860700649;;41;;;;;8.4;misecast-demand-p50p90-v1;True
FC-8245bd6d-c3f8-4a6f-bbaa-e4d79c06d3fd;2026-08-02;2026-08-05;3;Dinner;MI-027;MI-027-STANDARD;Raw Balls - Peanut Butter;Standard;Light Bites;1.75;2.000132514368892;;2.927221401131825;;36;;;;;8.4;misecast-demand-p50p90-v1;True
FC-97def7bd-a159-4bd2-a8ce-2a0277252d33;2026-08-02;2026-08-06;4;Dinner;MI-027;MI-027-STANDARD;Raw Balls - Peanut Butter;Standard;Light Bites;2.0;2.000132514368892;;2.927221401131825;;50;;;;;8.4;misecast-demand-p50p90-v1;True
FC-789ecfec-845b-4bed-a0bf-a9f525e2b9ac;2026-08-02;2026-08-07;5;Dinner;MI-027;MI-027-STANDARD;Raw Balls - Peanut Butter;Standard;Light Bites;2.0;2.000132514368892;;3.000007860700649;;62;;;;;8.4;misecast-demand-p50p90-v1;True
FC-146fe3de-f829-4663-a047-bf716059ac25;2026-08-02;2026-08-08;6;Dinner;MI-027;MI-027-STANDARD;Raw Balls - Peanut Butter;Standard;Light Bites;2.0;2.000132514368892;;2.405911429400097;;83;;;;;8.4;misecast-demand-p50p90-v1;True
FC-0b042624-52fd-4499-b078-a6b2f08e18f6;2026-08-02;2026-08-09;7;Dinner;MI-027;MI-027-STANDARD;Raw Balls - Peanut Butter;Standard;Light Bites;2.0;2.000132514368892;;3.000007860700649;;47;;;;;8.4;misecast-demand-p50p90-v1;True
FC-efd0bce9-7a50-4bfd-a04c-689f6b9543e4;2026-08-02;2026-08-10;8;Dinner;MI-027;MI-027-STANDARD;Raw Balls - Peanut Butter;Standard;Light Bites;1.5;2.000132514368892;;2.9058459320518235;;35;;;;;8.4;misecast-demand-p50p90-v1;True
FC-e861320f-f5ce-424d-af73-0441f8e3c8b5;2026-08-02;2026-08-11;9;Dinner;MI-027;MI-027-STANDARD;Raw Balls - Peanut Butter;Standard;Light Bites;1.5;2.000132514368892;;2.9058459320518235;;47;;;;;8.4;misecast-demand-p50p90-v1;True
FC-d390599b-754f-4fdf-90a6-7b5a9f9f4990;2026-08-02;2026-08-02;0;Lunch;MI-027;MI-027-STANDARD;Raw Balls - Peanut Butter;Standard;Light Bites;2.0;2.000132514368892;;3.000007860700649;;32;;;;;8.4;misecast-demand-p50p90-v1;True
FC-bfb74416-4ba7-4a40-a7b5-8df6c6843644;2026-08-02;2026-08-03;1;Lunch;MI-027;MI-027-STANDARD;Raw Balls - Peanut Butter;Standard;Light Bites;1.75;2.000132514368892;;3.000007860700649;;22;;;;;8.4;misecast-demand-p50p90-v1;True
FC-88508e56-9ac2-41df-b04a-79a64d7581b7;2026-08-02;2026-08-04;2;Lunch;MI-027;MI-027-STANDARD;Raw Balls - Peanut Butter;Standard;Light Bites;2.0;2.000132514368892;;3.000007860700649;;29;;;;;8.4;misecast-demand-p50p90-v1;True
FC-97351c94-4477-479c-80f5-dc037a1d9cc9;2026-08-02;2026-08-05;3;Lunch;MI-027;MI-027-STANDARD;Raw Balls - Peanut Butter;Standard;Light Bites;2.0;2.000132514368892;;2.2648599300973347;;22;;;;;8.4;misecast-demand-p50p90-v1;True
FC-f37d35cf-d4ba-4a78-87e8-b64d55c1bcba;2026-08-02;2026-08-06;4;Lunch;MI-027;MI-027-STANDARD;Raw Balls - Peanut Butter;Standard;Light Bites;2.0;2.000132514368892;;2.2648599300973347;;36;;;;;8.4;misecast-demand-p50p90-v1;True
FC-2ccd4346-006d-47d0-aa26-f12741757723;2026-08-02;2026-08-07;5;Lunch;MI-027;MI-027-STANDARD;Raw Balls - Peanut Butter;Standard;Light Bites;2.0;2.000132514368892;;3.000007860700649;;37;;;;;8.4;misecast-demand-p50p90-v1;True
FC-cd4d905f-8fd6-4fb0-b8aa-80d90c8cd762;2026-08-02;2026-08-08;6;Lunch;MI-027;MI-027-STANDARD;Raw Balls - Peanut Butter;Standard;Light Bites;2.0;2.000132514368892;;3.000007860700649;;39;;;;;8.4;misecast-demand-p50p90-v1;True
FC-94ec3edd-53b7-44cc-a3ec-8da7c739984b;2026-08-02;2026-08-09;7;Lunch;MI-027;MI-027-STANDARD;Raw Balls - Peanut Butter;Standard;Light Bites;2.0;2.000132514368892;;3.000007860700649;;30;;;;;8.4;misecast-demand-p50p90-v1;True
FC-312f23a0-0e0c-46d1-a9fc-a0f0a9857e5e;2026-08-02;2026-08-10;8;Lunch;MI-027;MI-027-STANDARD;Raw Balls - Peanut Butter;Standard;Light Bites;1.75;2.000132514368892;;2.2648599300973347;;24;;;;;8.4;misecast-demand-p50p90-v1;True
FC-6a096a42-ab43-4d88-8241-a73ddd8cbcd7;2026-08-02;2026-08-11;9;Lunch;MI-027;MI-027-STANDARD;Raw Balls - Peanut Butter;Standard;Light Bites;2.0;2.000132514368892;;2.2648599300973347;;26;;;;;8.4;misecast-demand-p50p90-v1;True
FC-aee73c73-c2b6-4ee3-993f-f5caad3e57e2;2026-08-02;2026-08-02;0;Dinner;MI-028;MI-028-STANDARD;Raw Balls - Choc Brownie;Standard;Light Bites;2.0;2.000132514368892;;3.000007860700649;;60;;;;;8.4;misecast-demand-p50p90-v1;True
FC-8594fa17-d8ce-4af9-a96a-513ce8646ad6;2026-08-02;2026-08-03;1;Dinner;MI-028;MI-028-STANDARD;Raw Balls - Choc Brownie;Standard;Light Bites;2.0;2.000132514368892;;3.000007860700649;;38;;;;;8.4;misecast-demand-p50p90-v1;True
FC-d1c7959c-a91f-4950-be3c-066eb0276899;2026-08-02;2026-08-04;2;Dinner;MI-028;MI-028-STANDARD;Raw Balls - Choc Brownie;Standard;Light Bites;1.5;2.000132514368892;;3.000007860700649;;41;;;;;8.4;misecast-demand-p50p90-v1;True
FC-d255f478-521b-40e6-a8c1-e4880ef452a3;2026-08-02;2026-08-05;3;Dinner;MI-028;MI-028-STANDARD;Raw Balls - Choc Brownie;Standard;Light Bites;1.75;2.000132514368892;;2.268843147393344;;36;;;;;8.4;misecast-demand-p50p90-v1;True
FC-a87e83b9-e8bf-4784-85ec-b35524635b26;2026-08-02;2026-08-06;4;Dinner;MI-028;MI-028-STANDARD;Raw Balls - Choc Brownie;Standard;Light Bites;1.5;2.000132514368892;;2.2595540022083207;;50;;;;;8.4;misecast-demand-p50p90-v1;True
FC-d3f9277d-c888-41b0-89df-cc249a6b372f;2026-08-02;2026-08-07;5;Dinner;MI-028;MI-028-STANDARD;Raw Balls - Choc Brownie;Standard;Light Bites;1.75;2.000132514368892;;3.000007860700649;;62;;;;;8.4;misecast-demand-p50p90-v1;True
FC-1a2f5798-af8e-40d2-acb8-b194a0f2ad59;2026-08-02;2026-08-08;6;Dinner;MI-028;MI-028-STANDARD;Raw Balls - Choc Brownie;Standard;Light Bites;2.0;2.000132514368892;;2.405911429400097;;83;;;;;8.4;misecast-demand-p50p90-v1;True
FC-e9069be6-abec-470f-8806-0ac7818f28b6;2026-08-02;2026-08-09;7;Dinner;MI-028;MI-028-STANDARD;Raw Balls - Choc Brownie;Standard;Light Bites;2.0;2.000132514368892;;3.000007860700649;;47;;;;;8.4;misecast-demand-p50p90-v1;True
FC-55904e93-870a-46eb-ac38-e7ccf1e19190;2026-08-02;2026-08-10;8;Dinner;MI-028;MI-028-STANDARD;Raw Balls - Choc Brownie;Standard;Light Bites;2.0;2.000132514368892;;2.268843147393344;;35;;;;;8.4;misecast-demand-p50p90-v1;True
FC-47d116a1-772c-4a86-b447-c87cea57621c;2026-08-02;2026-08-11;9;Dinner;MI-028;MI-028-STANDARD;Raw Balls - Choc Brownie;Standard;Light Bites;1.5;2.000132514368892;;2.268843147393344;;47;;;;;8.4;misecast-demand-p50p90-v1;True
FC-1afa4aa0-f0f5-409d-a5b5-756c77c14118;2026-08-02;2026-08-02;0;Lunch;MI-028;MI-028-STANDARD;Raw Balls - Choc Brownie;Standard;Light Bites;2.0;2.000132514368892;;3.000007860700649;;32;;;;;8.4;misecast-demand-p50p90-v1;True
FC-5aedfd25-f55c-4c75-8462-82067382b6ec;2026-08-02;2026-08-03;1;Lunch;MI-028;MI-028-STANDARD;Raw Balls - Choc Brownie;Standard;Light Bites;2.0;2.000132514368892;;3.000007860700649;;22;;;;;8.4;misecast-demand-p50p90-v1;True
FC-40595b01-5ee3-4e01-aee4-8302e74f1e16;2026-08-02;2026-08-04;2;Lunch;MI-028;MI-028-STANDARD;Raw Balls - Choc Brownie;Standard;Light Bites;1.75;2.000132514368892;;3.000007860700649;;29;;;;;8.4;misecast-demand-p50p90-v1;True
FC-824ba242-2fcd-4aba-8743-8f1d6881832b;2026-08-02;2026-08-05;3;Lunch;MI-028;MI-028-STANDARD;Raw Balls - Choc Brownie;Standard;Light Bites;2.0;2.000132514368892;;2.9232381838358155;;22;;;;;8.4;misecast-demand-p50p90-v1;True
FC-ba550453-f55e-4474-81c0-e5da3e0ee659;2026-08-02;2026-08-06;4;Lunch;MI-028;MI-028-STANDARD;Raw Balls - Choc Brownie;Standard;Light Bites;2.0;2.000132514368892;;2.9232381838358155;;36;;;;;8.4;misecast-demand-p50p90-v1;True
FC-89253e04-be19-480d-a719-5fbca5f091bd;2026-08-02;2026-08-07;5;Lunch;MI-028;MI-028-STANDARD;Raw Balls - Choc Brownie;Standard;Light Bites;1.5;2.000132514368892;;3.000007860700649;;37;;;;;8.4;misecast-demand-p50p90-v1;True
FC-5dc302f6-34ba-4fd8-b9df-601494cf4b86;2026-08-02;2026-08-08;6;Lunch;MI-028;MI-028-STANDARD;Raw Balls - Choc Brownie;Standard;Light Bites;2.0;2.000132514368892;;3.000007860700649;;39;;;;;8.4;misecast-demand-p50p90-v1;True
FC-cbc758dc-a342-46e5-88e2-b34c7fa2e4a2;2026-08-02;2026-08-09;7;Lunch;MI-028;MI-028-STANDARD;Raw Balls - Choc Brownie;Standard;Light Bites;2.0;2.000132514368892;;3.000007860700649;;30;;;;;8.4;misecast-demand-p50p90-v1;True
FC-64d813a6-d365-489e-953e-a72ab036240b;2026-08-02;2026-08-10;8;Lunch;MI-028;MI-028-STANDARD;Raw Balls - Choc Brownie;Standard;Light Bites;2.0;2.000132514368892;;2.9232381838358155;;24;;;;;8.4;misecast-demand-p50p90-v1;True
FC-d5900045-ccbb-4798-8fe4-b27f5c597b57;2026-08-02;2026-08-11;9;Lunch;MI-028;MI-028-STANDARD;Raw Balls - Choc Brownie;Standard;Light Bites;1.75;2.000132514368892;;2.901862714755814;;26;;;;;8.4;misecast-demand-p50p90-v1;True
FC-811384a9-f354-4e86-9c48-a9ab2c8870b4;2026-08-02;2026-08-02;0;Dinner;MI-029;MI-029-STANDARD;Raw Balls - Coconut Cacao;Standard;Light Bites;2.0;2.000132514368892;;3.000007860700649;;60;;;;;8.4;misecast-demand-p50p90-v1;True
FC-78a398bf-d8b2-4daf-aa40-57031ebf86cf;2026-08-02;2026-08-03;1;Dinner;MI-029;MI-029-STANDARD;Raw Balls - Coconut Cacao;Standard;Light Bites;1.5;2.000132514368892;;3.000007860700649;;38;;;;;8.4;misecast-demand-p50p90-v1;True
FC-e67b8eda-3118-42ab-a0d5-5dfc8739593a;2026-08-02;2026-08-04;2;Dinner;MI-029;MI-029-STANDARD;Raw Balls - Coconut Cacao;Standard;Light Bites;2.0;2.000132514368892;;3.000007860700649;;41;;;;;8.4;misecast-demand-p50p90-v1;True
FC-52600c05-159d-4a6a-82bc-cc80a4030d14;2026-08-02;2026-08-05;3;Dinner;MI-029;MI-029-STANDARD;Raw Balls - Coconut Cacao;Standard;Light Bites;1.75;2.000132514368892;;2.2474676783133427;;36;;;;;8.4;misecast-demand-p50p90-v1;True
FC-3827fdf6-cbf2-4de8-9db9-244c76328b44;2026-08-02;2026-08-06;4;Dinner;MI-029;MI-029-STANDARD;Raw Balls - Coconut Cacao;Standard;Light Bites;1.75;2.000132514368892;;2.280929471288322;;50;;;;;8.4;misecast-demand-p50p90-v1;True
FC-29086a25-8eb1-4a3f-a043-e7871aa9a438;2026-08-02;2026-08-07;5;Dinner;MI-029;MI-029-STANDARD;Raw Balls - Coconut Cacao;Standard;Light Bites;1.75;2.000132514368892;;3.000007860700649;;62;;;;;8.4;misecast-demand-p50p90-v1;True
FC-355b9212-f71d-449c-bc18-f96a39bd178f;2026-08-02;2026-08-08;6;Dinner;MI-029;MI-029-STANDARD;Raw Balls - Coconut Cacao;Standard;Light Bites;2.0;2.000132514368892;;2.405911429400097;;83;;;;;8.4;misecast-demand-p50p90-v1;True
FC-fddd7d6f-24a0-49f8-8201-a11fe0a242cb;2026-08-02;2026-08-09;7;Dinner;MI-029;MI-029-STANDARD;Raw Balls - Coconut Cacao;Standard;Light Bites;2.0;2.000132514368892;;3.000007860700649;;47;;;;;8.4;misecast-demand-p50p90-v1;True
FC-c23af868-33fb-4413-be9a-bb081c834405;2026-08-02;2026-08-10;8;Dinner;MI-029;MI-029-STANDARD;Raw Balls - Coconut Cacao;Standard;Light Bites;1.5;2.000132514368892;;2.2474676783133427;;35;;;;;8.4;misecast-demand-p50p90-v1;True
FC-f162b232-ae2c-4f2b-b3bb-3d2a4252f9e5;2026-08-02;2026-08-11;9;Dinner;MI-029;MI-029-STANDARD;Raw Balls - Coconut Cacao;Standard;Light Bites;2.0;2.000132514368892;;2.268843147393344;;47;;;;;8.4;misecast-demand-p50p90-v1;True
FC-214d017f-baae-436f-8e8a-25d3af144f2b;2026-08-02;2026-08-02;0;Lunch;MI-029;MI-029-STANDARD;Raw Balls - Coconut Cacao;Standard;Light Bites;2.0;2.000132514368892;;3.000007860700649;;32;;;;;8.4;misecast-demand-p50p90-v1;True
FC-0a1319f9-5325-4425-b8f7-bcb35a1e489a;2026-08-02;2026-08-03;1;Lunch;MI-029;MI-029-STANDARD;Raw Balls - Coconut Cacao;Standard;Light Bites;2.0;2.000132514368892;;3.000007860700649;;22;;;;;8.4;misecast-demand-p50p90-v1;True
FC-7adec1bd-4d75-4a7b-9aba-497f1f1af429;2026-08-02;2026-08-04;2;Lunch;MI-029;MI-029-STANDARD;Raw Balls - Coconut Cacao;Standard;Light Bites;2.0;2.000132514368892;;3.000007860700649;;29;;;;;8.4;misecast-demand-p50p90-v1;True
FC-c0001de3-9354-4f44-b40c-904897dfc65b;2026-08-02;2026-08-05;3;Lunch;MI-029;MI-029-STANDARD;Raw Balls - Coconut Cacao;Standard;Light Bites;1.75;2.000132514368892;;2.2648599300973347;;22;;;;;8.4;misecast-demand-p50p90-v1;True
FC-97a16c4b-3ab1-441a-b7c1-d18a20dcfb07;2026-08-02;2026-08-06;4;Lunch;MI-029;MI-029-STANDARD;Raw Balls - Coconut Cacao;Standard;Light Bites;1.5;2.000132514368892;;2.2434844610173332;;36;;;;;8.4;misecast-demand-p50p90-v1;True
FC-6ca8e1d0-7252-4dab-b78b-1d74dc780267;2026-08-02;2026-08-07;5;Lunch;MI-029;MI-029-STANDARD;Raw Balls - Coconut Cacao;Standard;Light Bites;2.0;2.000132514368892;;3.000007860700649;;37;;;;;8.4;misecast-demand-p50p90-v1;True
FC-08f31c9a-7928-4477-9791-855bb0fd568b;2026-08-02;2026-08-08;6;Lunch;MI-029;MI-029-STANDARD;Raw Balls - Coconut Cacao;Standard;Light Bites;2.0;2.000132514368892;;3.000007860700649;;39;;;;;8.4;misecast-demand-p50p90-v1;True
FC-d922f1c6-ebe5-4da7-9ee5-46fb609d1ead;2026-08-02;2026-08-09;7;Lunch;MI-029;MI-029-STANDARD;Raw Balls - Coconut Cacao;Standard;Light Bites;2.0;2.000132514368892;;3.000007860700649;;30;;;;;8.4;misecast-demand-p50p90-v1;True
FC-5414232a-5967-40a6-b7b2-607dd590a394;2026-08-02;2026-08-10;8;Lunch;MI-029;MI-029-STANDARD;Raw Balls - Coconut Cacao;Standard;Light Bites;2.0;2.000132514368892;;2.2648599300973347;;24;;;;;8.4;misecast-demand-p50p90-v1;True
FC-09e3a088-2336-4989-b44b-27ccc9a43a10;2026-08-02;2026-08-11;9;Lunch;MI-029;MI-029-STANDARD;Raw Balls - Coconut Cacao;Standard;Light Bites;2.0;2.000132514368892;;2.2648599300973347;;26;;;;;8.4;misecast-demand-p50p90-v1;True
FC-9d5ef27b-4949-4e82-ae61-18c1f12a6575;2026-08-02;2026-08-02;0;Dinner;MI-030;MI-030-STANDARD;Raw Balls - Hazelnut;Standard;Light Bites;2.0;2.000132514368892;;3.000007860700649;;60;;;;;8.4;misecast-demand-p50p90-v1;True
FC-8b346304-4ad9-4c46-beab-b8033274500d;2026-08-02;2026-08-03;1;Dinner;MI-030;MI-030-STANDARD;Raw Balls - Hazelnut;Standard;Light Bites;1.75;2.000132514368892;;3.000007860700649;;38;;;;;8.4;misecast-demand-p50p90-v1;True
FC-f6d13185-ad2e-4fa8-96d3-9c9eb7cf2500;2026-08-02;2026-08-04;2;Dinner;MI-030;MI-030-STANDARD;Raw Balls - Hazelnut;Standard;Light Bites;1.75;2.000132514368892;;3.000007860700649;;41;;;;;8.4;misecast-demand-p50p90-v1;True
FC-7db332e1-562c-43e0-8dfa-05f3c4b01104;2026-08-02;2026-08-05;3;Dinner;MI-030;MI-030-STANDARD;Raw Balls - Hazelnut;Standard;Light Bites;2.0;2.000132514368892;;2.268843147393344;;36;;;;;8.4;misecast-demand-p50p90-v1;True
FC-121bab1f-7431-4865-bd00-9247cbb5e4a5;2026-08-02;2026-08-06;4;Dinner;MI-030;MI-030-STANDARD;Raw Balls - Hazelnut;Standard;Light Bites;1.75;2.000132514368892;;2.280929471288322;;50;;;;;8.4;misecast-demand-p50p90-v1;True
FC-18ce3cbf-2ec5-42d9-b49e-a3c2f784e2ab;2026-08-02;2026-08-07;5;Dinner;MI-030;MI-030-STANDARD;Raw Balls - Hazelnut;Standard;Light Bites;2.0;2.000132514368892;;3.000007860700649;;62;;;;;8.4;misecast-demand-p50p90-v1;True
FC-a17106e7-b09f-4057-a7ae-b61a201857db;2026-08-02;2026-08-08;6;Dinner;MI-030;MI-030-STANDARD;Raw Balls - Hazelnut;Standard;Light Bites;2.0;2.000132514368892;;2.405911429400097;;83;;;;;8.4;misecast-demand-p50p90-v1;True
FC-2c84728b-3a34-45c0-acb7-273b26095eac;2026-08-02;2026-08-09;7;Dinner;MI-030;MI-030-STANDARD;Raw Balls - Hazelnut;Standard;Light Bites;2.0;2.000132514368892;;3.000007860700649;;47;;;;;8.4;misecast-demand-p50p90-v1;True
FC-c900e8d7-8539-46ce-aba7-a3f99d222c43;2026-08-02;2026-08-10;8;Dinner;MI-030;MI-030-STANDARD;Raw Balls - Hazelnut;Standard;Light Bites;1.75;2.000132514368892;;2.268843147393344;;35;;;;;8.4;misecast-demand-p50p90-v1;True
FC-edb197fe-425d-4442-a200-b1edf89d75b4;2026-08-02;2026-08-11;9;Dinner;MI-030;MI-030-STANDARD;Raw Balls - Hazelnut;Standard;Light Bites;1.75;2.000132514368892;;2.268843147393344;;47;;;;;8.4;misecast-demand-p50p90-v1;True
FC-43ea7058-6126-41d3-9fef-20046570cdb5;2026-08-02;2026-08-02;0;Lunch;MI-030;MI-030-STANDARD;Raw Balls - Hazelnut;Standard;Light Bites;2.0;2.000132514368892;;3.000007860700649;;32;;;;;8.4;misecast-demand-p50p90-v1;True
FC-c6633f33-5fbf-43f7-8a2c-e001736625c0;2026-08-02;2026-08-03;1;Lunch;MI-030;MI-030-STANDARD;Raw Balls - Hazelnut;Standard;Light Bites;1.5;2.000132514368892;;3.000007860700649;;22;;;;;8.4;misecast-demand-p50p90-v1;True
FC-e7b0194d-9c43-4ecb-8c21-c12840424add;2026-08-02;2026-08-04;2;Lunch;MI-030;MI-030-STANDARD;Raw Balls - Hazelnut;Standard;Light Bites;1.5;2.000132514368892;;3.000007860700649;;29;;;;;8.4;misecast-demand-p50p90-v1;True
FC-ac686b62-d09e-486d-99a3-54ffb8a48233;2026-08-02;2026-08-05;3;Lunch;MI-030;MI-030-STANDARD;Raw Balls - Hazelnut;Standard;Light Bites;2.0;2.000132514368892;;2.2648599300973347;;22;;;;;8.4;misecast-demand-p50p90-v1;True
FC-09937cee-d04c-487c-aef7-ba37d037a96e;2026-08-02;2026-08-06;4;Lunch;MI-030;MI-030-STANDARD;Raw Balls - Hazelnut;Standard;Light Bites;2.0;2.000132514368892;;2.2648599300973347;;36;;;;;8.4;misecast-demand-p50p90-v1;True
FC-5cd34cfa-4720-4a8c-9867-a46261985715;2026-08-02;2026-08-07;5;Lunch;MI-030;MI-030-STANDARD;Raw Balls - Hazelnut;Standard;Light Bites;1.5;2.000132514368892;;3.000007860700649;;37;;;;;8.4;misecast-demand-p50p90-v1;True
FC-acc21d66-b3b6-4d6f-b258-a3ef59a7c96f;2026-08-02;2026-08-08;6;Lunch;MI-030;MI-030-STANDARD;Raw Balls - Hazelnut;Standard;Light Bites;2.0;2.000132514368892;;3.000007860700649;;39;;;;;8.4;misecast-demand-p50p90-v1;True
FC-86d0165a-098d-45b8-8494-a5c1414a78ef;2026-08-02;2026-08-09;7;Lunch;MI-030;MI-030-STANDARD;Raw Balls - Hazelnut;Standard;Light Bites;2.0;2.000132514368892;;3.000007860700649;;30;;;;;8.4;misecast-demand-p50p90-v1;True
FC-ce4ae40a-4e87-4366-9d77-3e8b6e99b54e;2026-08-02;2026-08-10;8;Lunch;MI-030;MI-030-STANDARD;Raw Balls - Hazelnut;Standard;Light Bites;1.5;2.000132514368892;;2.2648599300973347;;24;;;;;8.4;misecast-demand-p50p90-v1;True
FC-91bdeb2f-36ac-4edb-93f4-bfee78686407;2026-08-02;2026-08-11;9;Lunch;MI-030;MI-030-STANDARD;Raw Balls - Hazelnut;Standard;Light Bites;1.5;2.000132514368892;;2.2434844610173332;;26;;;;;8.4;misecast-demand-p50p90-v1;True
FC-544ca80f-006e-4016-b8a8-cd6e396337c3;2026-08-02;2026-08-02;0;Dinner;MI-031;MI-031-STANDARD;Raw Balls - Apricot Delight;Standard;Light Bites;2.0;2.000132514368892;;3.000007860700649;;60;;;;;8.4;misecast-demand-p50p90-v1;True
FC-cfa6e40c-fa9d-4d8d-8356-8cc7468fb81e;2026-08-02;2026-08-03;1;Dinner;MI-031;MI-031-STANDARD;Raw Balls - Apricot Delight;Standard;Light Bites;2.0;2.000132514368892;;3.000007860700649;;38;;;;;8.4;misecast-demand-p50p90-v1;True
FC-0149524b-6cd7-4b73-a6cc-5ec360eced39;2026-08-02;2026-08-04;2;Dinner;MI-031;MI-031-STANDARD;Raw Balls - Apricot Delight;Standard;Light Bites;1.75;2.000132514368892;;3.000007860700649;;41;;;;;8.4;misecast-demand-p50p90-v1;True
FC-3b1e3422-b1be-4134-a061-fe6a93093198;2026-08-02;2026-08-05;3;Dinner;MI-031;MI-031-STANDARD;Raw Balls - Apricot Delight;Standard;Light Bites;1.5;2.000132514368892;;2.927221401131825;;36;;;;;8.4;misecast-demand-p50p90-v1;True
FC-dcfdf548-bea4-419b-9897-df1d8afc7708;2026-08-02;2026-08-06;4;Dinner;MI-031;MI-031-STANDARD;Raw Balls - Apricot Delight;Standard;Light Bites;2.0;2.000132514368892;;2.927221401131825;;50;;;;;8.4;misecast-demand-p50p90-v1;True
FC-ac3f6bb6-d6a1-4935-bc96-621cafbf9dff;2026-08-02;2026-08-07;5;Dinner;MI-031;MI-031-STANDARD;Raw Balls - Apricot Delight;Standard;Light Bites;2.0;2.000132514368892;;3.000007860700649;;62;;;;;8.4;misecast-demand-p50p90-v1;True
FC-4b631ae5-ba3f-4a52-a16b-a1236586e9f5;2026-08-02;2026-08-08;6;Dinner;MI-031;MI-031-STANDARD;Raw Balls - Apricot Delight;Standard;Light Bites;2.0;2.000132514368892;;2.405911429400097;;83;;;;;8.4;misecast-demand-p50p90-v1;True
FC-3ca4cb7f-5d1e-4c0e-a911-e40693e9ef29;2026-08-02;2026-08-09;7;Dinner;MI-031;MI-031-STANDARD;Raw Balls - Apricot Delight;Standard;Light Bites;2.0;2.000132514368892;;3.000007860700649;;47;;;;;8.4;misecast-demand-p50p90-v1;True
FC-9ab0670c-713b-422f-917e-86c3dfcfc499;2026-08-02;2026-08-10;8;Dinner;MI-031;MI-031-STANDARD;Raw Balls - Apricot Delight;Standard;Light Bites;2.0;2.000132514368892;;2.927221401131825;;35;;;;;8.4;misecast-demand-p50p90-v1;True
FC-d70cf9a7-e9c9-4a2d-b555-ba9d52df4246;2026-08-02;2026-08-11;9;Dinner;MI-031;MI-031-STANDARD;Raw Balls - Apricot Delight;Standard;Light Bites;1.75;2.000132514368892;;2.9058459320518235;;47;;;;;8.4;misecast-demand-p50p90-v1;True
FC-3f6ae480-fa98-47fd-a5aa-7b586075a540;2026-08-02;2026-08-02;0;Lunch;MI-031;MI-031-STANDARD;Raw Balls - Apricot Delight;Standard;Light Bites;2.0;2.000132514368892;;3.000007860700649;;32;;;;;8.4;misecast-demand-p50p90-v1;True
FC-993c48df-c55f-46cc-a65f-76d2640a22a0;2026-08-02;2026-08-03;1;Lunch;MI-031;MI-031-STANDARD;Raw Balls - Apricot Delight;Standard;Light Bites;1.5;2.000132514368892;;3.000007860700649;;22;;;;;8.4;misecast-demand-p50p90-v1;True
FC-21efd1eb-2723-4eee-b5db-35a38480b90c;2026-08-02;2026-08-04;2;Lunch;MI-031;MI-031-STANDARD;Raw Balls - Apricot Delight;Standard;Light Bites;2.0;2.000132514368892;;3.000007860700649;;29;;;;;8.4;misecast-demand-p50p90-v1;True
FC-13beeec6-c433-420f-95ee-8a22fba0c4e7;2026-08-02;2026-08-05;3;Lunch;MI-031;MI-031-STANDARD;Raw Balls - Apricot Delight;Standard;Light Bites;2.0;2.000132514368892;;2.2648599300973347;;22;;;;;8.4;misecast-demand-p50p90-v1;True
FC-e7c7f231-ee99-4614-9f4c-718eea1d0c11;2026-08-02;2026-08-06;4;Lunch;MI-031;MI-031-STANDARD;Raw Balls - Apricot Delight;Standard;Light Bites;1.75;2.000132514368892;;2.2648599300973347;;36;;;;;8.4;misecast-demand-p50p90-v1;True
FC-94dcddb8-64fc-433b-ad9d-84c843c481fe;2026-08-02;2026-08-07;5;Lunch;MI-031;MI-031-STANDARD;Raw Balls - Apricot Delight;Standard;Light Bites;2.0;2.000132514368892;;3.000007860700649;;37;;;;;8.4;misecast-demand-p50p90-v1;True
FC-2bff3252-faa4-4a1f-9674-7e946fd85788;2026-08-02;2026-08-08;6;Lunch;MI-031;MI-031-STANDARD;Raw Balls - Apricot Delight;Standard;Light Bites;2.0;2.000132514368892;;3.000007860700649;;39;;;;;8.4;misecast-demand-p50p90-v1;True
FC-18d5c785-57ca-4c55-9c7e-5ee225ecf983;2026-08-02;2026-08-09;7;Lunch;MI-031;MI-031-STANDARD;Raw Balls - Apricot Delight;Standard;Light Bites;2.0;2.000132514368892;;3.000007860700649;;30;;;;;8.4;misecast-demand-p50p90-v1;True
FC-d276f472-af4f-4305-8f6d-ca36a361d8cf;2026-08-02;2026-08-10;8;Lunch;MI-031;MI-031-STANDARD;Raw Balls - Apricot Delight;Standard;Light Bites;1.5;2.000132514368892;;2.2434844610173332;;24;;;;;8.4;misecast-demand-p50p90-v1;True
FC-e5bd21ab-53a4-483c-997c-3c7cab35b339;2026-08-02;2026-08-11;9;Lunch;MI-031;MI-031-STANDARD;Raw Balls - Apricot Delight;Standard;Light Bites;2.0;2.000132514368892;;2.2648599300973347;;26;;;;;8.4;misecast-demand-p50p90-v1;True
FC-ae8f6a3c-337e-4fe1-8733-50435db3bccf;2026-08-02;2026-08-02;0;Dinner;MI-032;MI-032-STANDARD;myDeal - $5 Crispy Chicken Bites;Standard;Promotions;4.0;3.986667174642518;;4.556298714755023;;60;;;;;19.93;misecast-demand-p50p90-v1;True
FC-26572df1-9abd-43b3-8a4f-80905f87ffdf;2026-08-02;2026-08-03;1;Dinner;MI-032;MI-032-STANDARD;myDeal - $5 Crispy Chicken Bites;Standard;Promotions;3.5;3.0014656228127157;;3.999999520733685;;38;;;;;15.01;misecast-demand-p50p90-v1;True
FC-6989526f-d048-4540-ab81-3af604051f6a;2026-08-02;2026-08-04;2;Dinner;MI-032;MI-032-STANDARD;myDeal - $5 Crispy Chicken Bites;Standard;Promotions;3.25;2.9998765890029224;;3.999999520733685;;41;;;;;15.0;misecast-demand-p50p90-v1;True
FC-a7574b30-2c10-46de-96fc-ce0a0576ad98;2026-08-02;2026-08-05;3;Dinner;MI-032;MI-032-STANDARD;myDeal - $5 Crispy Chicken Bites;Standard;Promotions;3.0;3.085569649672289;;4.106437911773689;;36;;;;;15.43;misecast-demand-p50p90-v1;True
FC-f323feef-750e-453a-9ff5-21f3792830ea;2026-08-02;2026-08-06;4;Dinner;MI-032;MI-032-STANDARD;myDeal - $5 Crispy Chicken Bites;Standard;Promotions;3.0;2.9778759059682134;;4.106437911773689;;50;;;;;14.89;misecast-demand-p50p90-v1;True
FC-4adbb7c6-dc6b-497b-9745-e698840b3a52;2026-08-02;2026-08-07;5;Dinner;MI-032;MI-032-STANDARD;myDeal - $5 Crispy Chicken Bites;Standard;Promotions;3.5;2.9957278521394333;;3.0021855577236036;;62;;;;;14.98;misecast-demand-p50p90-v1;True
FC-e57b9697-ea27-4b29-a0db-122b6490f095;2026-08-02;2026-08-08;6;Dinner;MI-032;MI-032-STANDARD;myDeal - $5 Crispy Chicken Bites;Standard;Promotions;4.0;4.044978080222885;;5.512990054501077;;83;;;;;20.22;misecast-demand-p50p90-v1;True
FC-89a7fe05-79b5-4a8d-886e-5b7ebe4239cd;2026-08-02;2026-08-09;7;Dinner;MI-032;MI-032-STANDARD;myDeal - $5 Crispy Chicken Bites;Standard;Promotions;4.0;3.9753359357105937;;4.59660535285594;;47;;;;;19.88;misecast-demand-p50p90-v1;True
FC-f9de1e27-1f30-47fb-8f46-4170bf7e51e8;2026-08-02;2026-08-10;8;Dinner;MI-032;MI-032-STANDARD;myDeal - $5 Crispy Chicken Bites;Standard;Promotions;3.5;2.9967903764913015;;4.042575409765286;;35;;;;;14.98;misecast-demand-p50p90-v1;True
FC-c6ac22b9-3051-4aa2-8ee9-e14c62d29dd0;2026-08-02;2026-08-11;9;Dinner;MI-032;MI-032-STANDARD;myDeal - $5 Crispy Chicken Bites;Standard;Promotions;3.25;2.9864277892267133;;4.042575409765286;;47;;;;;14.93;misecast-demand-p50p90-v1;True
FC-91fac0c9-8fc9-4cbf-871a-6be2a4c865df;2026-08-02;2026-08-02;0;Lunch;MI-032;MI-032-STANDARD;myDeal - $5 Crispy Chicken Bites;Standard;Promotions;3.25;3.5639635315728935;;3.999999520733685;;32;;;;;17.82;misecast-demand-p50p90-v1;True
FC-3212fb74-8a14-4def-a274-c52217ff819e;2026-08-02;2026-08-03;1;Lunch;MI-032;MI-032-STANDARD;myDeal - $5 Crispy Chicken Bites;Standard;Promotions;3.75;3.0007047873004926;;4.000002452418936;;22;;;;;15.0;misecast-demand-p50p90-v1;True
FC-a98dc623-aba8-44cf-a426-0c8fd2743bc0;2026-08-02;2026-08-04;2;Lunch;MI-032;MI-032-STANDARD;myDeal - $5 Crispy Chicken Bites;Standard;Promotions;3.5;3.038367339276822;;3.999999520733685;;29;;;;;15.19;misecast-demand-p50p90-v1;True
FC-526bfeac-79dd-409b-a226-bd03d9599bd9;2026-08-02;2026-08-05;3;Lunch;MI-032;MI-032-STANDARD;myDeal - $5 Crispy Chicken Bites;Standard;Promotions;3.0;3.0239089761546785;;4.106437911773689;;22;;;;;15.12;misecast-demand-p50p90-v1;True
FC-d9160c7b-2074-447b-bbb0-139c16551165;2026-08-02;2026-08-06;4;Lunch;MI-032;MI-032-STANDARD;myDeal - $5 Crispy Chicken Bites;Standard;Promotions;3.0;3.018358612618997;;4.106437911773689;;36;;;;;15.09;misecast-demand-p50p90-v1;True
FC-afee71b3-0c05-48e5-bd5f-b04c06e4001d;2026-08-02;2026-08-07;5;Lunch;MI-032;MI-032-STANDARD;myDeal - $5 Crispy Chicken Bites;Standard;Promotions;3.0;3.0071534603126544;;3.999999520733685;;37;;;;;15.04;misecast-demand-p50p90-v1;True
FC-47511352-3dbe-48d4-aede-8f3ccc2671a7;2026-08-02;2026-08-08;6;Lunch;MI-032;MI-032-STANDARD;myDeal - $5 Crispy Chicken Bites;Standard;Promotions;3.5;3.6120828418266164;;3.999999520733685;;39;;;;;18.06;misecast-demand-p50p90-v1;True
FC-84b09be4-74f7-441c-83ea-8c241a2dda62;2026-08-02;2026-08-09;7;Lunch;MI-032;MI-032-STANDARD;myDeal - $5 Crispy Chicken Bites;Standard;Promotions;3.25;3.593489916268789;;4.042575409765286;;30;;;;;17.97;misecast-demand-p50p90-v1;True
FC-4e37fefc-a7ee-475a-aa37-878c203285d5;2026-08-02;2026-08-10;8;Lunch;MI-032;MI-032-STANDARD;myDeal - $5 Crispy Chicken Bites;Standard;Promotions;3.75;3.002138892105139;;4.000002452418936;;24;;;;;15.01;misecast-demand-p50p90-v1;True
FC-84902a67-a676-45d6-bb5e-37eab15f3d5e;2026-08-02;2026-08-11;9;Lunch;MI-032;MI-032-STANDARD;myDeal - $5 Crispy Chicken Bites;Standard;Promotions;3.5;3.028779544753731;;4.042575409765286;;26;;;;;15.14;misecast-demand-p50p90-v1;True
FC-d489c230-c4a7-43c6-865e-c95a9d2c71f4;2026-08-02;2026-08-02;0;Dinner;MI-033;MI-033-STANDARD;Coconut Water;Standard;Drinks;13.5;13.175159994475298;;14.943021203130524;;60;;;;;55.34;misecast-demand-p50p90-v1;True
FC-032a41f3-79f7-4c64-8015-5a1b7e527f7f;2026-08-02;2026-08-03;1;Dinner;MI-033;MI-033-STANDARD;Coconut Water;Standard;Drinks;11.25;11.499098754282063;;12.917497365472697;;38;;;;;48.3;misecast-demand-p50p90-v1;True
FC-dd74e067-4791-4b85-8939-a605ed0f44c6;2026-08-02;2026-08-04;2;Dinner;MI-033;MI-033-STANDARD;Coconut Water;Standard;Drinks;12.25;11.41873455886667;;12.904296568279987;;41;;;;;47.96;misecast-demand-p50p90-v1;True
FC-18acf9f6-d1a5-42cc-8ce9-64fb85f6762f;2026-08-02;2026-08-05;3;Dinner;MI-033;MI-033-STANDARD;Coconut Water;Standard;Drinks;11.0;11.390277092073644;;12.952283309518192;;36;;;;;47.84;misecast-demand-p50p90-v1;True
FC-7dc7d2ce-e3d3-4a06-abc0-21d469db4499;2026-08-02;2026-08-06;4;Dinner;MI-033;MI-033-STANDARD;Coconut Water;Standard;Drinks;12.25;11.336233089611031;;13.003691993762866;;50;;;;;47.61;misecast-demand-p50p90-v1;True
FC-ba152b27-931f-4fca-b30b-94cb8afccc55;2026-08-02;2026-08-07;5;Dinner;MI-033;MI-033-STANDARD;Coconut Water;Standard;Drinks;11.25;11.61772331909179;;12.945103264114952;;62;;;;;48.79;misecast-demand-p50p90-v1;True
FC-952a9c0e-e0ba-4f07-9b5e-e26c519fae24;2026-08-02;2026-08-08;6;Dinner;MI-033;MI-033-STANDARD;Coconut Water;Standard;Drinks;14.0;13.905558592563542;;15.654739105804529;;83;;;;;58.4;misecast-demand-p50p90-v1;True
FC-54fdd3cb-f6e2-471f-9e2a-117b0976d48a;2026-08-02;2026-08-09;7;Dinner;MI-033;MI-033-STANDARD;Coconut Water;Standard;Drinks;13.5;12.967933307715185;;14.793685838222999;;47;;;;;54.47;misecast-demand-p50p90-v1;True
FC-988d3c78-df26-449c-b170-2e6895c868d2;2026-08-02;2026-08-10;8;Dinner;MI-033;MI-033-STANDARD;Coconut Water;Standard;Drinks;11.25;11.595229355201521;;13.00742291006629;;35;;;;;48.7;misecast-demand-p50p90-v1;True
FC-122d15af-2013-45f9-b5e4-0e0c80670be8;2026-08-02;2026-08-11;9;Dinner;MI-033;MI-033-STANDARD;Coconut Water;Standard;Drinks;12.25;11.398938446691389;;12.956143025455708;;47;;;;;47.88;misecast-demand-p50p90-v1;True
FC-d5cb112d-1c86-4e3c-8131-50128eea0fd2;2026-08-02;2026-08-02;0;Lunch;MI-033;MI-033-STANDARD;Coconut Water;Standard;Drinks;13.75;13.004228392113884;;14.392811185768306;;32;;;;;54.62;misecast-demand-p50p90-v1;True
FC-50572292-9705-4460-885d-e1a73fbfd84d;2026-08-02;2026-08-03;1;Lunch;MI-033;MI-033-STANDARD;Coconut Water;Standard;Drinks;11.5;11.577913671201374;;12.956303555341025;;22;;;;;48.63;misecast-demand-p50p90-v1;True
FC-315ed0a6-6c85-4c1e-94bb-8e98feb15082;2026-08-02;2026-08-04;2;Lunch;MI-033;MI-033-STANDARD;Coconut Water;Standard;Drinks;11.5;11.487903884228409;;12.99882015792978;;29;;;;;48.25;misecast-demand-p50p90-v1;True
FC-84db0abe-f598-4875-9934-edc962dc17a9;2026-08-02;2026-08-05;3;Lunch;MI-033;MI-033-STANDARD;Coconut Water;Standard;Drinks;11.75;11.492655231821207;;13.070186191189293;;22;;;;;48.27;misecast-demand-p50p90-v1;True
FC-144f500a-21c5-4ba9-9b8b-426820c6320e;2026-08-02;2026-08-06;4;Lunch;MI-033;MI-033-STANDARD;Coconut Water;Standard;Drinks;12.25;11.352015073999759;;13.083188306373472;;36;;;;;47.68;misecast-demand-p50p90-v1;True
FC-6335f7ee-e156-4ae9-a7a3-46da1daef8ed;2026-08-02;2026-08-07;5;Lunch;MI-033;MI-033-STANDARD;Coconut Water;Standard;Drinks;12.25;11.474719574791287;;12.965702609692555;;37;;;;;48.19;misecast-demand-p50p90-v1;True
FC-76294fbc-5eaa-4ba6-9ad9-86d7393e0bb1;2026-08-02;2026-08-08;6;Lunch;MI-033;MI-033-STANDARD;Coconut Water;Standard;Drinks;12.25;12.491348252719737;;13.904139981634744;;39;;;;;52.46;misecast-demand-p50p90-v1;True
FC-f4b666e3-1bef-42ec-a594-c7a004b62cf1;2026-08-02;2026-08-09;7;Lunch;MI-033;MI-033-STANDARD;Coconut Water;Standard;Drinks;13.75;13.014554117709828;;14.575803936038373;;30;;;;;54.66;misecast-demand-p50p90-v1;True
FC-daf0caed-9fff-4be7-8e99-b3c0ed23b644;2026-08-02;2026-08-10;8;Lunch;MI-033;MI-033-STANDARD;Coconut Water;Standard;Drinks;11.5;11.593357176417392;;13.090485860572159;;24;;;;;48.69;misecast-demand-p50p90-v1;True
FC-0e2f7759-4e4e-4bed-a315-4406bf87a9fa;2026-08-02;2026-08-11;9;Lunch;MI-033;MI-033-STANDARD;Coconut Water;Standard;Drinks;11.5;11.46632403034501;;13.101480462460442;;26;;;;;48.16;misecast-demand-p50p90-v1;True
FC-5dfe089c-913d-4c64-97af-e356f5c621af;2026-08-02;2026-08-02;0;Dinner;MI-034;MI-034-STANDARD;Cold Pressed Juice - Watermelon Lime;Standard;Drinks;12.75;12.289369803999902;;13.838379200771907;;60;;;;;67.59;misecast-demand-p50p90-v1;True
FC-35ebc9a5-a833-4bc2-848c-1aee1d35b5bc;2026-08-02;2026-08-03;1;Dinner;MI-034;MI-034-STANDARD;Cold Pressed Juice - Watermelon Lime;Standard;Drinks;10.75;10.980242063405042;;12.099318337944366;;38;;;;;60.39;misecast-demand-p50p90-v1;True
FC-ef6fbcc7-33ac-48fd-83f4-18191ae651ec;2026-08-02;2026-08-04;2;Dinner;MI-034;MI-034-STANDARD;Cold Pressed Juice - Watermelon Lime;Standard;Drinks;10.75;10.96230263905466;;12.102139722737697;;41;;;;;60.29;misecast-demand-p50p90-v1;True
FC-a3656800-fff6-4794-bae2-ca961359dcd5;2026-08-02;2026-08-05;3;Dinner;MI-034;MI-034-STANDARD;Cold Pressed Juice - Watermelon Lime;Standard;Drinks;10.5;10.700303721583712;;12.039197256430286;;36;;;;;58.85;misecast-demand-p50p90-v1;True
FC-746e2561-c3d9-489d-a69b-149ce1151854;2026-08-02;2026-08-06;4;Dinner;MI-034;MI-034-STANDARD;Cold Pressed Juice - Watermelon Lime;Standard;Drinks;11.75;10.780451802994797;;12.227861480441739;;50;;;;;59.29;misecast-demand-p50p90-v1;True
FC-a241edae-4292-4f5e-bf40-3acc26da686f;2026-08-02;2026-08-07;5;Dinner;MI-034;MI-034-STANDARD;Cold Pressed Juice - Watermelon Lime;Standard;Drinks;11.25;10.924709589344229;;12.358355528036416;;62;;;;;60.09;misecast-demand-p50p90-v1;True
FC-456e25e4-6c3d-40b6-b3f3-8c57f7c127b0;2026-08-02;2026-08-08;6;Dinner;MI-034;MI-034-STANDARD;Cold Pressed Juice - Watermelon Lime;Standard;Drinks;12.25;12.744124705692117;;13.973584069961689;;83;;;;;70.09;misecast-demand-p50p90-v1;True
FC-c25803a1-ec52-4d2b-8bee-d1a422d720c0;2026-08-02;2026-08-09;7;Dinner;MI-034;MI-034-STANDARD;Cold Pressed Juice - Watermelon Lime;Standard;Drinks;12.75;12.03678365460082;;13.869708358245985;;47;;;;;66.2;misecast-demand-p50p90-v1;True
FC-9272a14b-6514-4658-9fa9-7a3b7778a5b3;2026-08-02;2026-08-10;8;Dinner;MI-034;MI-034-STANDARD;Cold Pressed Juice - Watermelon Lime;Standard;Drinks;10.75;10.81383085667524;;12.14477488203402;;35;;;;;59.48;misecast-demand-p50p90-v1;True
FC-0502fb47-8a7a-42c5-b4d1-437a761e1689;2026-08-02;2026-08-11;9;Dinner;MI-034;MI-034-STANDARD;Cold Pressed Juice - Watermelon Lime;Standard;Drinks;10.75;10.741304156700899;;12.125033436912206;;47;;;;;59.08;misecast-demand-p50p90-v1;True
FC-951740f4-52df-4e06-b3b9-08a81958635b;2026-08-02;2026-08-02;0;Lunch;MI-034;MI-034-STANDARD;Cold Pressed Juice - Watermelon Lime;Standard;Drinks;11.75;11.94979601343552;;13.117368048517383;;32;;;;;65.72;misecast-demand-p50p90-v1;True
FC-331fe661-d5fa-4fd1-ae4a-62f7e549670f;2026-08-02;2026-08-03;1;Lunch;MI-034;MI-034-STANDARD;Cold Pressed Juice - Watermelon Lime;Standard;Drinks;11.5;11.054628188012414;;12.04918567962094;;22;;;;;60.8;misecast-demand-p50p90-v1;True
FC-913c908d-3e3c-42fd-9ca2-8840bcd7035f;2026-08-02;2026-08-04;2;Lunch;MI-034;MI-034-STANDARD;Cold Pressed Juice - Watermelon Lime;Standard;Drinks;11.0;10.994080789587418;;11.976483739249439;;29;;;;;60.47;misecast-demand-p50p90-v1;True
FC-52af6103-b8c7-4443-95fb-b219f3504e61;2026-08-02;2026-08-05;3;Lunch;MI-034;MI-034-STANDARD;Cold Pressed Juice - Watermelon Lime;Standard;Drinks;11.5;10.799130913177018;;12.134279630506974;;22;;;;;59.4;misecast-demand-p50p90-v1;True
FC-c40e1d34-35c3-4d0c-9401-c9a54b64cf89;2026-08-02;2026-08-06;4;Lunch;MI-034;MI-034-STANDARD;Cold Pressed Juice - Watermelon Lime;Standard;Drinks;10.25;10.77684800335164;;11.547615548440168;;36;;;;;59.27;misecast-demand-p50p90-v1;True
FC-97628041-21a9-436b-9603-a46ee7f4a91d;2026-08-02;2026-08-07;5;Lunch;MI-034;MI-034-STANDARD;Cold Pressed Juice - Watermelon Lime;Standard;Drinks;10.75;10.845652448327128;;11.950419496265596;;37;;;;;59.65;misecast-demand-p50p90-v1;True
FC-c2f3a217-df58-4ede-b119-57c9be546e25;2026-08-02;2026-08-08;6;Lunch;MI-034;MI-034-STANDARD;Cold Pressed Juice - Watermelon Lime;Standard;Drinks;11.75;11.916779993855368;;13.095287502279849;;39;;;;;65.54;misecast-demand-p50p90-v1;True
FC-7e775e09-be4e-4723-8bb0-2a902b1f7d9b;2026-08-02;2026-08-09;7;Lunch;MI-034;MI-034-STANDARD;Cold Pressed Juice - Watermelon Lime;Standard;Drinks;11.75;11.960426002405406;;13.116840378303394;;30;;;;;65.78;misecast-demand-p50p90-v1;True
FC-ffd7dbda-17da-46e4-a297-03dc5d389418;2026-08-02;2026-08-10;8;Lunch;MI-034;MI-034-STANDARD;Cold Pressed Juice - Watermelon Lime;Standard;Drinks;11.5;10.843472380065935;;12.119181295365372;;24;;;;;59.64;misecast-demand-p50p90-v1;True
FC-96a64506-b78f-4190-bfbf-016836e79052;2026-08-02;2026-08-11;9;Lunch;MI-034;MI-034-STANDARD;Cold Pressed Juice - Watermelon Lime;Standard;Drinks;11.0;10.772312949286778;;11.97353932772232;;26;;;;;59.25;misecast-demand-p50p90-v1;True
FC-5e37ae52-9047-45b9-8214-7646d44307f9;2026-08-02;2026-08-02;0;Dinner;MI-035;MI-035-STANDARD;Cold Pressed Juice - Classic OJ;Standard;Drinks;11.75;12.232204820128388;;13.506747233288417;;60;;;;;67.28;misecast-demand-p50p90-v1;True
FC-1cd61689-53d8-4c35-96a5-268990107887;2026-08-02;2026-08-03;1;Dinner;MI-035;MI-035-STANDARD;Cold Pressed Juice - Classic OJ;Standard;Drinks;11.5;11.050270461905392;;11.966729728690845;;38;;;;;60.78;misecast-demand-p50p90-v1;True
FC-00ad9c9f-7dd3-4744-882b-cd6790788ab3;2026-08-02;2026-08-04;2;Dinner;MI-035;MI-035-STANDARD;Cold Pressed Juice - Classic OJ;Standard;Drinks;10.75;11.021719558919052;;11.914624246258896;;41;;;;;60.62;misecast-demand-p50p90-v1;True
FC-ba861bac-eb08-4fd3-a586-e601aa90a95d;2026-08-02;2026-08-05;3;Dinner;MI-035;MI-035-STANDARD;Cold Pressed Juice - Classic OJ;Standard;Drinks;11.5;10.841209215666385;;12.105804346378477;;36;;;;;59.63;misecast-demand-p50p90-v1;True
FC-15e2e802-3561-4d60-8b3e-99db2285dd93;2026-08-02;2026-08-06;4;Dinner;MI-035;MI-035-STANDARD;Cold Pressed Juice - Classic OJ;Standard;Drinks;11.0;10.812747133733076;;11.992226539441365;;50;;;;;59.47;misecast-demand-p50p90-v1;True
FC-656dfe4b-fa6a-4b9c-aa07-d7f831fcfd78;2026-08-02;2026-08-07;5;Dinner;MI-035;MI-035-STANDARD;Cold Pressed Juice - Classic OJ;Standard;Drinks;10.25;10.94810378172767;;11.606902910041116;;62;;;;;60.21;misecast-demand-p50p90-v1;True
FC-d8ade458-7ce8-403c-ae52-513dc0dc5da1;2026-08-02;2026-08-08;6;Dinner;MI-035;MI-035-STANDARD;Cold Pressed Juice - Classic OJ;Standard;Drinks;13.0;12.80545734098412;;13.973817680502954;;83;;;;;70.43;misecast-demand-p50p90-v1;True
FC-5d29d712-e959-4cfe-93ed-df8accc34c20;2026-08-02;2026-08-09;7;Dinner;MI-035;MI-035-STANDARD;Cold Pressed Juice - Classic OJ;Standard;Drinks;11.75;12.048330400412887;;13.469566005732368;;47;;;;;66.27;misecast-demand-p50p90-v1;True
FC-6be629c7-2931-4942-9258-c98d00864240;2026-08-02;2026-08-10;8;Dinner;MI-035;MI-035-STANDARD;Cold Pressed Juice - Classic OJ;Standard;Drinks;11.5;10.87766361305401;;12.14533700984612;;35;;;;;59.83;misecast-demand-p50p90-v1;True
FC-e823d95d-2e96-4238-a0f2-de177585d826;2026-08-02;2026-08-11;9;Dinner;MI-035;MI-035-STANDARD;Cold Pressed Juice - Classic OJ;Standard;Drinks;10.75;10.824581965101768;;12.005769235145415;;47;;;;;59.54;misecast-demand-p50p90-v1;True
FC-57ad6439-72ac-46d3-bb27-e1f55cd9c7b1;2026-08-02;2026-08-02;0;Lunch;MI-035;MI-035-STANDARD;Cold Pressed Juice - Classic OJ;Standard;Drinks;12.0;11.931982412140405;;13.020996322419672;;32;;;;;65.63;misecast-demand-p50p90-v1;True
FC-017a951e-4cf8-4fcb-8677-2f81ed87cc95;2026-08-02;2026-08-03;1;Lunch;MI-035;MI-035-STANDARD;Cold Pressed Juice - Classic OJ;Standard;Drinks;11.25;11.052207879743063;;12.100752411411118;;22;;;;;60.79;misecast-demand-p50p90-v1;True
FC-46210de5-ffc1-4748-a2bb-b2fd6cf1827b;2026-08-02;2026-08-04;2;Lunch;MI-035;MI-035-STANDARD;Cold Pressed Juice - Classic OJ;Standard;Drinks;10.25;11.010669002390642;;11.556334735606557;;29;;;;;60.56;misecast-demand-p50p90-v1;True
FC-2a6d212a-7e9c-4a5e-a9a4-3894cfe234c9;2026-08-02;2026-08-05;3;Lunch;MI-035;MI-035-STANDARD;Cold Pressed Juice - Classic OJ;Standard;Drinks;11.25;10.83666057113123;;12.21574485338734;;22;;;;;59.6;misecast-demand-p50p90-v1;True
FC-4ebb58c2-8c43-454f-95ff-d72eeeba87cb;2026-08-02;2026-08-06;4;Lunch;MI-035;MI-035-STANDARD;Cold Pressed Juice - Classic OJ;Standard;Drinks;11.25;10.827022473667839;;12.241987053194563;;36;;;;;59.55;misecast-demand-p50p90-v1;True
FC-10d7f38c-9fd0-4233-bed9-8968d9704b2e;2026-08-02;2026-08-07;5;Lunch;MI-035;MI-035-STANDARD;Cold Pressed Juice - Classic OJ;Standard;Drinks;11.5;10.888311225201953;;12.185879313441264;;37;;;;;59.89;misecast-demand-p50p90-v1;True
FC-b9e5f35b-286f-4fa5-8b15-ce151e4e89c8;2026-08-02;2026-08-08;6;Lunch;MI-035;MI-035-STANDARD;Cold Pressed Juice - Classic OJ;Standard;Drinks;12.5;11.948915227309746;;13.106717339294782;;39;;;;;65.72;misecast-demand-p50p90-v1;True
FC-4b4124e4-249a-4148-8264-011bda58b09c;2026-08-02;2026-08-09;7;Lunch;MI-035;MI-035-STANDARD;Cold Pressed Juice - Classic OJ;Standard;Drinks;12.0;11.940069319287385;;13.13707800556878;;30;;;;;65.67;misecast-demand-p50p90-v1;True
FC-8e70d752-84c3-4eb8-bf82-98cc219f7568;2026-08-02;2026-08-10;8;Lunch;MI-035;MI-035-STANDARD;Cold Pressed Juice - Classic OJ;Standard;Drinks;11.25;10.84284090723632;;12.282837142182839;;24;;;;;59.64;misecast-demand-p50p90-v1;True
FC-ceef2454-144f-4a02-8d5f-e8e753e1b8cc;2026-08-02;2026-08-11;9;Lunch;MI-035;MI-035-STANDARD;Cold Pressed Juice - Classic OJ;Standard;Drinks;10.25;10.806500795871493;;11.668241213158408;;26;;;;;59.44;misecast-demand-p50p90-v1;True
FC-ef6695d8-55cd-4890-a53a-46f5a5d4c788;2026-08-02;2026-08-02;0;Dinner;MI-036;MI-036-STANDARD;Cold Pressed Juice - Pineapple Mint;Standard;Drinks;12.25;12.202755224236526;;13.37012945646034;;60;;;;;67.12;misecast-demand-p50p90-v1;True
FC-bf46a9e9-ed22-4b24-8c56-d4aa713442fb;2026-08-02;2026-08-03;1;Dinner;MI-036;MI-036-STANDARD;Cold Pressed Juice - Pineapple Mint;Standard;Drinks;11.0;10.926162827358345;;12.09884157024869;;38;;;;;60.09;misecast-demand-p50p90-v1;True
FC-8939c44d-04e6-487c-9b6a-f3b3ea5aa7d9;2026-08-02;2026-08-04;2;Dinner;MI-036;MI-036-STANDARD;Cold Pressed Juice - Pineapple Mint;Standard;Drinks;11.0;10.916602223047132;;12.11346638417748;;41;;;;;60.04;misecast-demand-p50p90-v1;True
FC-17a60556-e84c-4ad0-bd85-c5e132d2d1c9;2026-08-02;2026-08-05;3;Dinner;MI-036;MI-036-STANDARD;Cold Pressed Juice - Pineapple Mint;Standard;Drinks;10.75;10.648264036222383;;12.174678367789213;;36;;;;;58.57;misecast-demand-p50p90-v1;True
FC-62e53e91-16a0-430c-b183-0b2d9a82d120;2026-08-02;2026-08-06;4;Dinner;MI-036;MI-036-STANDARD;Cold Pressed Juice - Pineapple Mint;Standard;Drinks;10.5;10.66377241884351;;12.091765972024726;;50;;;;;58.65;misecast-demand-p50p90-v1;True
FC-fc9c62c1-a231-4d94-9979-81242484a5ad;2026-08-02;2026-08-07;5;Dinner;MI-036;MI-036-STANDARD;Cold Pressed Juice - Pineapple Mint;Standard;Drinks;10.5;10.878594177029129;;12.13183529008061;;62;;;;;59.83;misecast-demand-p50p90-v1;True
FC-0c38ab49-78a9-41c3-9fad-1577cd638cbd;2026-08-02;2026-08-08;6;Dinner;MI-036;MI-036-STANDARD;Cold Pressed Juice - Pineapple Mint;Standard;Drinks;11.75;12.674298574387834;;13.469604376739415;;83;;;;;69.71;misecast-demand-p50p90-v1;True
FC-cb4f4277-9173-4c6d-873f-c113243dd707;2026-08-02;2026-08-09;7;Dinner;MI-036;MI-036-STANDARD;Cold Pressed Juice - Pineapple Mint;Standard;Drinks;12.25;12.063047652955404;;13.358881147742636;;47;;;;;66.35;misecast-demand-p50p90-v1;True
FC-f482d53d-3af9-4163-bddc-8671fc87fe46;2026-08-02;2026-08-10;8;Dinner;MI-036;MI-036-STANDARD;Cold Pressed Juice - Pineapple Mint;Standard;Drinks;11.0;10.759611760013241;;12.191765779525044;;35;;;;;59.18;misecast-demand-p50p90-v1;True
FC-065b6104-44e2-4b2d-bdd6-efd08d19cca3;2026-08-02;2026-08-11;9;Dinner;MI-036;MI-036-STANDARD;Cold Pressed Juice - Pineapple Mint;Standard;Drinks;11.0;10.695148224248225;;12.188201505557819;;47;;;;;58.82;misecast-demand-p50p90-v1;True
FC-aa7d970a-7638-4baf-a06a-19575d9f1376;2026-08-02;2026-08-02;0;Lunch;MI-036;MI-036-STANDARD;Cold Pressed Juice - Pineapple Mint;Standard;Drinks;12.25;11.935189571210255;;12.861762151976665;;32;;;;;65.64;misecast-demand-p50p90-v1;True
FC-aac1d635-80f5-4c9f-b7db-c3ac448e65e5;2026-08-02;2026-08-03;1;Lunch;MI-036;MI-036-STANDARD;Cold Pressed Juice - Pineapple Mint;Standard;Drinks;11.0;10.93920229234222;;11.950218646607672;;22;;;;;60.17;misecast-demand-p50p90-v1;True
FC-c63802b0-1186-4023-b76b-e5360bf86703;2026-08-02;2026-08-04;2;Lunch;MI-036;MI-036-STANDARD;Cold Pressed Juice - Pineapple Mint;Standard;Drinks;11.25;10.969476731835856;;12.099288013230995;;29;;;;;60.33;misecast-demand-p50p90-v1;True
FC-94b39154-8cd2-40f1-a747-f143867159b1;2026-08-02;2026-08-05;3;Lunch;MI-036;MI-036-STANDARD;Cold Pressed Juice - Pineapple Mint;Standard;Drinks;10.75;10.478639019632014;;12.07812350669454;;22;;;;;57.63;misecast-demand-p50p90-v1;True
FC-e2f4be48-e3ca-4497-9ec7-9e84688673fe;2026-08-02;2026-08-06;4;Lunch;MI-036;MI-036-STANDARD;Cold Pressed Juice - Pineapple Mint;Standard;Drinks;12.0;10.783806939291457;;12.183229269746057;;36;;;;;59.31;misecast-demand-p50p90-v1;True
FC-314fc344-7b9f-4fe3-99a1-debb7938f930;2026-08-02;2026-08-07;5;Lunch;MI-036;MI-036-STANDARD;Cold Pressed Juice - Pineapple Mint;Standard;Drinks;11.25;10.830655612595628;;12.131697675964286;;37;;;;;59.57;misecast-demand-p50p90-v1;True
FC-f9c55f22-3313-42d9-9a5e-41b4b87e42db;2026-08-02;2026-08-08;6;Lunch;MI-036;MI-036-STANDARD;Cold Pressed Juice - Pineapple Mint;Standard;Drinks;11.25;11.720180294076433;;12.782081364676682;;39;;;;;64.46;misecast-demand-p50p90-v1;True
FC-31e7f202-b2af-4dcb-9933-20c8dbb9d1a6;2026-08-02;2026-08-09;7;Lunch;MI-036;MI-036-STANDARD;Cold Pressed Juice - Pineapple Mint;Standard;Drinks;12.25;11.934853098991375;;12.96173232382382;;30;;;;;65.64;misecast-demand-p50p90-v1;True
FC-05b84e44-9856-45ed-85ea-64355e70ec72;2026-08-02;2026-08-10;8;Lunch;MI-036;MI-036-STANDARD;Cold Pressed Juice - Pineapple Mint;Standard;Drinks;11.0;10.755183300316153;;12.063865633284541;;24;;;;;59.15;misecast-demand-p50p90-v1;True
FC-6caebbd6-921b-4a5e-a6b6-6461be2b9e6b;2026-08-02;2026-08-11;9;Lunch;MI-036;MI-036-STANDARD;Cold Pressed Juice - Pineapple Mint;Standard;Drinks;11.25;10.752229091711271;;12.197338924565022;;26;;;;;59.14;misecast-demand-p50p90-v1;True
FC-3e98fe08-01be-46a0-b257-0a727bc40b46;2026-08-02;2026-08-02;0;Dinner;MI-037;MI-037-STANDARD;Dash Sparkling Water - Lime;Standard;Drinks;14.25;14.09736268083745;;15.647003858647453;;60;;;;;56.39;misecast-demand-p50p90-v1;True
FC-ede89eb0-cb42-41da-a776-3520f5699bd9;2026-08-02;2026-08-03;1;Dinner;MI-037;MI-037-STANDARD;Dash Sparkling Water - Lime;Standard;Drinks;11.75;12.043354480477193;;12.994611789552895;;38;;;;;48.17;misecast-demand-p50p90-v1;True
FC-0df94ef4-4258-4e7c-9162-8a61bf1b1e03;2026-08-02;2026-08-04;2;Dinner;MI-037;MI-037-STANDARD;Dash Sparkling Water - Lime;Standard;Drinks;12.5;12.037347022137556;;13.002702361041544;;41;;;;;48.15;misecast-demand-p50p90-v1;True
FC-21a9b166-daab-4dac-89c3-4819bd67454b;2026-08-02;2026-08-05;3;Dinner;MI-037;MI-037-STANDARD;Dash Sparkling Water - Lime;Standard;Drinks;12.0;11.94181288519193;;13.012931517855547;;36;;;;;47.77;misecast-demand-p50p90-v1;True
FC-0c976446-1d54-4ee3-8818-c228724169d7;2026-08-02;2026-08-06;4;Dinner;MI-037;MI-037-STANDARD;Dash Sparkling Water - Lime;Standard;Drinks;12.0;11.974015451051837;;13.028786056570787;;50;;;;;47.9;misecast-demand-p50p90-v1;True
FC-9e74e6bb-3a79-4920-9560-f8e2e9e7affa;2026-08-02;2026-08-07;5;Dinner;MI-037;MI-037-STANDARD;Dash Sparkling Water - Lime;Standard;Drinks;13.0;12.3013487516931;;13.155433720498376;;62;;;;;49.21;misecast-demand-p50p90-v1;True
FC-84690f45-b99e-4f22-aee6-4f2a9d423afd;2026-08-02;2026-08-08;6;Dinner;MI-037;MI-037-STANDARD;Dash Sparkling Water - Lime;Standard;Drinks;15.0;14.84302916245925;;16.324025758406542;;83;;;;;59.37;misecast-demand-p50p90-v1;True
FC-265e478b-64dd-49b2-8a38-e65938b8cd65;2026-08-02;2026-08-09;7;Dinner;MI-037;MI-037-STANDARD;Dash Sparkling Water - Lime;Standard;Drinks;14.25;13.920600007946371;;15.70268024076972;;47;;;;;55.68;misecast-demand-p50p90-v1;True
FC-058deda8-6ba2-4f0d-b4c5-a225d462acd5;2026-08-02;2026-08-10;8;Dinner;MI-037;MI-037-STANDARD;Dash Sparkling Water - Lime;Standard;Drinks;11.75;11.982935466234183;;13.020848100598398;;35;;;;;47.93;misecast-demand-p50p90-v1;True
FC-93eaffd6-49b8-446d-bb75-88e862ef05a9;2026-08-02;2026-08-11;9;Dinner;MI-037;MI-037-STANDARD;Dash Sparkling Water - Lime;Standard;Drinks;12.5;11.958461111052783;;13.040995512469221;;47;;;;;47.83;misecast-demand-p50p90-v1;True
FC-ef19502a-c6a1-42b0-a635-527099a78278;2026-08-02;2026-08-02;0;Lunch;MI-037;MI-037-STANDARD;Dash Sparkling Water - Lime;Standard;Drinks;12.75;12.596888782123326;;14.17338227019803;;32;;;;;50.39;misecast-demand-p50p90-v1;True
FC-7a3ea236-46a2-46d4-9407-4ccc8f2424d7;2026-08-02;2026-08-03;1;Lunch;MI-037;MI-037-STANDARD;Dash Sparkling Water - Lime;Standard;Drinks;12.5;12.03613182686343;;12.994527420735627;;22;;;;;48.14;misecast-demand-p50p90-v1;True
FC-cf792d67-9acb-4f12-8e37-a9b6840a5bce;2026-08-02;2026-08-04;2;Lunch;MI-037;MI-037-STANDARD;Dash Sparkling Water - Lime;Standard;Drinks;11.75;12.02688650066972;;13.006167446105804;;29;;;;;48.11;misecast-demand-p50p90-v1;True
FC-db463eb8-91b5-42e2-b36e-4f2b3a4e5d79;2026-08-02;2026-08-05;3;Lunch;MI-037;MI-037-STANDARD;Dash Sparkling Water - Lime;Standard;Drinks;11.5;11.935598100476797;;13.063603830776202;;22;;;;;47.74;misecast-demand-p50p90-v1;True
FC-a9b68dee-f80e-4391-a593-5ee9806f7770;2026-08-02;2026-08-06;4;Lunch;MI-037;MI-037-STANDARD;Dash Sparkling Water - Lime;Standard;Drinks;11.5;11.981464458015965;;13.075037835938486;;36;;;;;47.93;misecast-demand-p50p90-v1;True
FC-61a786cd-a5a8-4c78-ad73-0e109b4e60e2;2026-08-02;2026-08-07;5;Lunch;MI-037;MI-037-STANDARD;Dash Sparkling Water - Lime;Standard;Drinks;11.25;12.023651045197747;;12.996272510205305;;37;;;;;48.09;misecast-demand-p50p90-v1;True
FC-c8a1a711-ecaa-42f4-8a3f-88b9d87c54fb;2026-08-02;2026-08-08;6;Lunch;MI-037;MI-037-STANDARD;Dash Sparkling Water - Lime;Standard;Drinks;13.25;13.003531762517644;;13.85559727693092;;39;;;;;52.01;misecast-demand-p50p90-v1;True
FC-75596637-7f90-478a-a282-794df76da895;2026-08-02;2026-08-09;7;Lunch;MI-037;MI-037-STANDARD;Dash Sparkling Water - Lime;Standard;Drinks;12.75;12.561025066634723;;14.366716196435917;;30;;;;;50.24;misecast-demand-p50p90-v1;True
FC-3a804c9c-78f7-41e2-96be-683de5cf2418;2026-08-02;2026-08-10;8;Lunch;MI-037;MI-037-STANDARD;Dash Sparkling Water - Lime;Standard;Drinks;12.5;11.957898978173244;;13.065333710636855;;24;;;;;47.83;misecast-demand-p50p90-v1;True
FC-1534e98d-9990-46bc-89cd-8ef815ac7174;2026-08-02;2026-08-11;9;Lunch;MI-037;MI-037-STANDARD;Dash Sparkling Water - Lime;Standard;Drinks;11.75;11.93412395810702;;13.09048740002211;;26;;;;;47.74;misecast-demand-p50p90-v1;True
FC-3790b0b9-4ab9-42d5-9422-4eacb0c3ed56;2026-08-02;2026-08-02;0;Dinner;MI-038;MI-038-STANDARD;Dash Sparkling Water - Raspberry;Standard;Drinks;13.25;13.006949585445764;;15.076701200455618;;60;;;;;52.03;misecast-demand-p50p90-v1;True
FC-06e944c5-5ee3-4706-ad40-52903cef8e6d;2026-08-02;2026-08-03;1;Dinner;MI-038;MI-038-STANDARD;Dash Sparkling Water - Raspberry;Standard;Drinks;12.0;11.853895014426246;;12.978270349753615;;38;;;;;47.42;misecast-demand-p50p90-v1;True
FC-6545a172-97ca-4916-838d-67d0ba98ecdc;2026-08-02;2026-08-04;2;Dinner;MI-038;MI-038-STANDARD;Dash Sparkling Water - Raspberry;Standard;Drinks;12.5;11.828531465339767;;12.991428586485434;;41;;;;;47.31;misecast-demand-p50p90-v1;True
FC-e689b5f5-6401-4a05-9925-2ad0f61ae5ba;2026-08-02;2026-08-05;3;Dinner;MI-038;MI-038-STANDARD;Dash Sparkling Water - Raspberry;Standard;Drinks;12.5;11.810613335172782;;13.011775567396992;;36;;;;;47.24;misecast-demand-p50p90-v1;True
FC-713e54de-8030-4462-b94f-3d3b1dc12c75;2026-08-02;2026-08-06;4;Dinner;MI-038;MI-038-STANDARD;Dash Sparkling Water - Raspberry;Standard;Drinks;11.25;11.828754135206271;;12.997050272868998;;50;;;;;47.32;misecast-demand-p50p90-v1;True
FC-12b996bf-2a8e-4f31-82d3-51f143106960;2026-08-02;2026-08-07;5;Dinner;MI-038;MI-038-STANDARD;Dash Sparkling Water - Raspberry;Standard;Drinks;11.75;11.971588247024902;;13.026746249303123;;62;;;;;47.89;misecast-demand-p50p90-v1;True
FC-efcac46d-7062-40d5-adac-a2713d197970;2026-08-02;2026-08-08;6;Dinner;MI-038;MI-038-STANDARD;Dash Sparkling Water - Raspberry;Standard;Drinks;14.25;14.540794539647704;;15.489398253645778;;83;;;;;58.16;misecast-demand-p50p90-v1;True
FC-eae8262e-56fb-4c93-b84b-8d86f0a6b620;2026-08-02;2026-08-09;7;Dinner;MI-038;MI-038-STANDARD;Dash Sparkling Water - Raspberry;Standard;Drinks;13.25;12.90875035530584;;14.926552034547248;;47;;;;;51.64;misecast-demand-p50p90-v1;True
FC-0f9b9fe0-99d5-4425-8d23-52d6c08ef9ce;2026-08-02;2026-08-10;8;Dinner;MI-038;MI-038-STANDARD;Dash Sparkling Water - Raspberry;Standard;Drinks;12.0;11.94997115050405;;12.942297891402601;;35;;;;;47.8;misecast-demand-p50p90-v1;True
FC-31016933-b31c-4ff2-9b30-165fdca27819;2026-08-02;2026-08-11;9;Dinner;MI-038;MI-038-STANDARD;Dash Sparkling Water - Raspberry;Standard;Drinks;12.5;11.891650798062566;;13.026534533946917;;47;;;;;47.57;misecast-demand-p50p90-v1;True
FC-0ec258e0-2142-4f2e-8852-c9b7f0837cc8;2026-08-02;2026-08-02;0;Lunch;MI-038;MI-038-STANDARD;Dash Sparkling Water - Raspberry;Standard;Drinks;13.25;12.820484335447205;;14.1414967564405;;32;;;;;51.28;misecast-demand-p50p90-v1;True
FC-03a17acb-f2e0-4769-988b-3c63015c4d32;2026-08-02;2026-08-03;1;Lunch;MI-038;MI-038-STANDARD;Dash Sparkling Water - Raspberry;Standard;Drinks;11.5;11.894202865442917;;12.976783995779089;;22;;;;;47.58;misecast-demand-p50p90-v1;True
FC-41b75295-dea2-4890-9627-66148a5dd332;2026-08-02;2026-08-04;2;Lunch;MI-038;MI-038-STANDARD;Dash Sparkling Water - Raspberry;Standard;Drinks;11.75;11.877689335204135;;12.975983216596902;;29;;;;;47.51;misecast-demand-p50p90-v1;True
FC-cb4e0c01-6ac9-4d4f-9184-265b946f3301;2026-08-02;2026-08-05;3;Lunch;MI-038;MI-038-STANDARD;Dash Sparkling Water - Raspberry;Standard;Drinks;12.25;11.911859970689832;;12.981721542761932;;22;;;;;47.65;misecast-demand-p50p90-v1;True
FC-40a9e7fb-9498-44f1-8bcb-87cf2e7bc594;2026-08-02;2026-08-06;4;Lunch;MI-038;MI-038-STANDARD;Dash Sparkling Water - Raspberry;Standard;Drinks;12.25;11.767144961001108;;12.988389206566046;;36;;;;;47.07;misecast-demand-p50p90-v1;True
FC-38d85b81-7775-4032-8170-44c55423b9e2;2026-08-02;2026-08-07;5;Lunch;MI-038;MI-038-STANDARD;Dash Sparkling Water - Raspberry;Standard;Drinks;12.0;11.7880930670171;;12.987274535921479;;37;;;;;47.15;misecast-demand-p50p90-v1;True
FC-afb56bd4-7d39-49c4-9cd7-2fa1f2550c66;2026-08-02;2026-08-08;6;Lunch;MI-038;MI-038-STANDARD;Dash Sparkling Water - Raspberry;Standard;Drinks;13.5;12.778123313673994;;13.915179790939376;;39;;;;;51.11;misecast-demand-p50p90-v1;True
FC-564a4c54-24bc-4f41-959e-2080afcfd043;2026-08-02;2026-08-09;7;Lunch;MI-038;MI-038-STANDARD;Dash Sparkling Water - Raspberry;Standard;Drinks;13.25;12.827779071052793;;14.223567130306305;;30;;;;;51.31;misecast-demand-p50p90-v1;True
FC-814fc867-fd9e-4ccc-9604-79334d464e40;2026-08-02;2026-08-10;8;Lunch;MI-038;MI-038-STANDARD;Dash Sparkling Water - Raspberry;Standard;Drinks;11.5;11.923108148643593;;12.938603660321947;;24;;;;;47.69;misecast-demand-p50p90-v1;True
FC-1775d620-2e4a-4e66-8406-fb1078277f4f;2026-08-02;2026-08-11;9;Lunch;MI-038;MI-038-STANDARD;Dash Sparkling Water - Raspberry;Standard;Drinks;11.75;11.8788933907675;;12.992279362540874;;26;;;;;47.52;misecast-demand-p50p90-v1;True
FC-3bf6de6a-fb3e-4614-8036-59a5311dabb8;2026-08-02;2026-08-02;0;Dinner;MI-039;MI-039-STANDARD;Dash Sparkling Water - Peach;Standard;Drinks;15.0;13.936397679865134;;15.2120730092109;;60;;;;;55.75;misecast-demand-p50p90-v1;True
FC-e1b509d1-b1f3-4b43-b1ff-c1888878b859;2026-08-02;2026-08-03;1;Dinner;MI-039;MI-039-STANDARD;Dash Sparkling Water - Peach;Standard;Drinks;12.5;11.959329519507204;;12.958146604151834;;38;;;;;47.84;misecast-demand-p50p90-v1;True
FC-13afbef4-b2df-4b15-a376-485bd7dd3efa;2026-08-02;2026-08-04;2;Dinner;MI-039;MI-039-STANDARD;Dash Sparkling Water - Peach;Standard;Drinks;11.5;11.992192456547633;;12.948907698207663;;41;;;;;47.97;misecast-demand-p50p90-v1;True
FC-41f7c6e8-218e-40e4-8f0c-2c6d46f8cc8e;2026-08-02;2026-08-05;3;Dinner;MI-039;MI-039-STANDARD;Dash Sparkling Water - Peach;Standard;Drinks;11.5;11.95902483065233;;12.980374663393592;;36;;;;;47.84;misecast-demand-p50p90-v1;True
FC-16d38090-001d-451b-bec7-723d74572ac7;2026-08-02;2026-08-06;4;Dinner;MI-039;MI-039-STANDARD;Dash Sparkling Water - Peach;Standard;Drinks;13.0;11.886798580650535;;13.108925656102047;;50;;;;;47.55;misecast-demand-p50p90-v1;True
FC-20a90df2-7487-41c0-98f8-1a0a17c3d6a3;2026-08-02;2026-08-07;5;Dinner;MI-039;MI-039-STANDARD;Dash Sparkling Water - Peach;Standard;Drinks;12.5;11.990414442437045;;13.062115697956683;;62;;;;;47.96;misecast-demand-p50p90-v1;True
FC-97f727df-5898-477c-8ce4-b71368e57fb3;2026-08-02;2026-08-08;6;Dinner;MI-039;MI-039-STANDARD;Dash Sparkling Water - Peach;Standard;Drinks;13.0;13.339897456414324;;15.413704698592577;;83;;;;;53.36;misecast-demand-p50p90-v1;True
FC-71891878-8f8d-4aa4-9893-f1fa75769c84;2026-08-02;2026-08-09;7;Dinner;MI-039;MI-039-STANDARD;Dash Sparkling Water - Peach;Standard;Drinks;15.0;13.871980986727142;;15.11747255738693;;47;;;;;55.49;misecast-demand-p50p90-v1;True
FC-0873757f-60af-4a28-80dc-d6bae0614625;2026-08-02;2026-08-10;8;Dinner;MI-039;MI-039-STANDARD;Dash Sparkling Water - Peach;Standard;Drinks;12.5;12.03442650938969;;13.031205220165672;;35;;;;;48.14;misecast-demand-p50p90-v1;True
FC-f925c83c-93cc-4d4f-86c5-f87882c6bc99;2026-08-02;2026-08-11;9;Dinner;MI-039;MI-039-STANDARD;Dash Sparkling Water - Peach;Standard;Drinks;11.5;11.930495162329306;;13.026423671188734;;47;;;;;47.72;misecast-demand-p50p90-v1;True
FC-fa160d0c-6985-442e-a67b-96b159804e02;2026-08-02;2026-08-02;0;Lunch;MI-039;MI-039-STANDARD;Dash Sparkling Water - Peach;Standard;Drinks;13.0;12.757820091155443;;14.217778175951473;;32;;;;;51.03;misecast-demand-p50p90-v1;True
FC-8774140c-adca-4a0e-803a-2a1cf3ea5433;2026-08-02;2026-08-03;1;Lunch;MI-039;MI-039-STANDARD;Dash Sparkling Water - Peach;Standard;Drinks;12.5;11.886235943519658;;12.96436766270215;;22;;;;;47.54;misecast-demand-p50p90-v1;True
FC-b6b15105-51b6-4f7c-bbe3-c2a188d9dd31;2026-08-02;2026-08-04;2;Lunch;MI-039;MI-039-STANDARD;Dash Sparkling Water - Peach;Standard;Drinks;12.0;11.946401860299588;;12.977217836652791;;29;;;;;47.79;misecast-demand-p50p90-v1;True
FC-624abd58-d7db-4edf-a17d-071f21286d39;2026-08-02;2026-08-05;3;Lunch;MI-039;MI-039-STANDARD;Dash Sparkling Water - Peach;Standard;Drinks;12.25;11.935054982536773;;13.006710160264577;;22;;;;;47.74;misecast-demand-p50p90-v1;True
FC-d6ceb1bb-9d77-4ccc-b2b6-c3ac8a1ba4e5;2026-08-02;2026-08-06;4;Lunch;MI-039;MI-039-STANDARD;Dash Sparkling Water - Peach;Standard;Drinks;11.0;11.80630080313867;;13.040088290039483;;36;;;;;47.23;misecast-demand-p50p90-v1;True
FC-53a8c958-5d65-4262-a488-0aad951ea20a;2026-08-02;2026-08-07;5;Lunch;MI-039;MI-039-STANDARD;Dash Sparkling Water - Peach;Standard;Drinks;11.75;11.923921723468125;;12.970053621848024;;37;;;;;47.7;misecast-demand-p50p90-v1;True
FC-84bbc052-12e3-4ffd-8070-fdddef62a137;2026-08-02;2026-08-08;6;Lunch;MI-039;MI-039-STANDARD;Dash Sparkling Water - Peach;Standard;Drinks;12.75;12.645512806716846;;14.27552946523731;;39;;;;;50.58;misecast-demand-p50p90-v1;True
FC-97b46563-c6b7-4b30-bbf4-198eb33de158;2026-08-02;2026-08-09;7;Lunch;MI-039;MI-039-STANDARD;Dash Sparkling Water - Peach;Standard;Drinks;13.0;12.761965593313878;;14.387471678746277;;30;;;;;51.05;misecast-demand-p50p90-v1;True
FC-61602b9a-6219-415c-bfaf-345008c70082;2026-08-02;2026-08-10;8;Lunch;MI-039;MI-039-STANDARD;Dash Sparkling Water - Peach;Standard;Drinks;12.5;11.906366206059493;;13.069683121395448;;24;;;;;47.63;misecast-demand-p50p90-v1;True
FC-f1a959cd-50b3-441a-b2db-0125bac93cef;2026-08-02;2026-08-11;9;Lunch;MI-039;MI-039-STANDARD;Dash Sparkling Water - Peach;Standard;Drinks;12.0;11.91177037426745;;13.068933769195613;;26;;;;;47.65;misecast-demand-p50p90-v1;True
FC-d93825a6-4ed2-4e3e-9061-c52c8662ef15;2026-08-02;2026-08-02;0;Dinner;MI-040;MI-040-STANDARD;Kombucha - Ginger Lemon;Standard;Drinks;14.0;13.384933227604186;;15.108368842322342;;60;;;;;73.62;misecast-demand-p50p90-v1;True
FC-402e726a-1b84-4969-aeee-fb4c1bc4b944;2026-08-02;2026-08-03;1;Dinner;MI-040;MI-040-STANDARD;Kombucha - Ginger Lemon;Standard;Drinks;12.75;11.92348051318309;;13.093586327151545;;38;;;;;65.58;misecast-demand-p50p90-v1;True
FC-cee3963a-04db-44e2-b022-9cb1205ab6a9;2026-08-02;2026-08-04;2;Dinner;MI-040;MI-040-STANDARD;Kombucha - Ginger Lemon;Standard;Drinks;11.5;12.000869979343651;;12.986174249456905;;41;;;;;66.0;misecast-demand-p50p90-v1;True
FC-5c6cc305-7684-46da-a2f1-eb90b538ec18;2026-08-02;2026-08-05;3;Dinner;MI-040;MI-040-STANDARD;Kombucha - Ginger Lemon;Standard;Drinks;11.75;11.997500758347389;;13.086209372913304;;36;;;;;65.99;misecast-demand-p50p90-v1;True
FC-67eb1190-b608-4209-b054-3bf0e8262768;2026-08-02;2026-08-06;4;Dinner;MI-040;MI-040-STANDARD;Kombucha - Ginger Lemon;Standard;Drinks;11.5;11.957870232134393;;13.057629521469796;;50;;;;;65.77;misecast-demand-p50p90-v1;True
FC-782845eb-7019-4a54-96a8-b9abe48f6e26;2026-08-02;2026-08-07;5;Dinner;MI-040;MI-040-STANDARD;Kombucha - Ginger Lemon;Standard;Drinks;12.0;12.048665003939007;;13.087388816693844;;62;;;;;66.27;misecast-demand-p50p90-v1;True
FC-0d6ae05a-94ba-453b-b052-7a6ccfe2fce0;2026-08-02;2026-08-08;6;Dinner;MI-040;MI-040-STANDARD;Kombucha - Ginger Lemon;Standard;Drinks;14.25;15.066832611874622;;15.659193960082137;;83;;;;;82.87;misecast-demand-p50p90-v1;True
FC-a148f51f-f9c8-48ce-9dc1-adabc4e5b414;2026-08-02;2026-08-09;7;Dinner;MI-040;MI-040-STANDARD;Kombucha - Ginger Lemon;Standard;Drinks;14.0;13.269141556767647;;14.930257478057875;;47;;;;;72.98;misecast-demand-p50p90-v1;True
FC-dd46ebc7-3d13-4d28-b650-9d9e69a409c2;2026-08-02;2026-08-10;8;Dinner;MI-040;MI-040-STANDARD;Kombucha - Ginger Lemon;Standard;Drinks;12.75;11.987525663883586;;13.197690467875129;;35;;;;;65.93;misecast-demand-p50p90-v1;True
FC-175043de-ddff-4900-84cf-454c7fc5ebd6;2026-08-02;2026-08-11;9;Dinner;MI-040;MI-040-STANDARD;Kombucha - Ginger Lemon;Standard;Drinks;11.5;11.937243922655709;;13.051264159666674;;47;;;;;65.65;misecast-demand-p50p90-v1;True
FC-241daec9-2667-41dc-b172-7cfe554ce675;2026-08-02;2026-08-02;0;Lunch;MI-040;MI-040-STANDARD;Kombucha - Ginger Lemon;Standard;Drinks;13.0;12.753786702536068;;14.179929239511976;;32;;;;;70.15;misecast-demand-p50p90-v1;True
FC-966e9f04-f69d-4f9d-a911-c497b0b8232f;2026-08-02;2026-08-03;1;Lunch;MI-040;MI-040-STANDARD;Kombucha - Ginger Lemon;Standard;Drinks;12.25;12.016629874797623;;12.942237956291116;;22;;;;;66.09;misecast-demand-p50p90-v1;True
FC-e09fdb57-cc27-4740-ab51-fe914267bb1b;2026-08-02;2026-08-04;2;Lunch;MI-040;MI-040-STANDARD;Kombucha - Ginger Lemon;Standard;Drinks;11.75;11.972162480391457;;12.982196007360736;;29;;;;;65.85;misecast-demand-p50p90-v1;True
FC-c51112bb-fb27-48db-84b1-b23c126d5497;2026-08-02;2026-08-05;3;Lunch;MI-040;MI-040-STANDARD;Kombucha - Ginger Lemon;Standard;Drinks;11.75;11.990059497658272;;13.016859044989994;;22;;;;;65.95;misecast-demand-p50p90-v1;True
FC-1783540e-32ec-4838-b33a-0315675b55f4;2026-08-02;2026-08-06;4;Lunch;MI-040;MI-040-STANDARD;Kombucha - Ginger Lemon;Standard;Drinks;11.75;11.959780670203735;;13.079444945767007;;36;;;;;65.78;misecast-demand-p50p90-v1;True
FC-434ff311-ff65-45a6-b36a-e7567b543ec6;2026-08-02;2026-08-07;5;Lunch;MI-040;MI-040-STANDARD;Kombucha - Ginger Lemon;Standard;Drinks;12.75;11.876056678160069;;13.125205118339485;;37;;;;;65.32;misecast-demand-p50p90-v1;True
FC-327283fd-b1e5-4dab-95ce-dce8b3388992;2026-08-02;2026-08-08;6;Lunch;MI-040;MI-040-STANDARD;Kombucha - Ginger Lemon;Standard;Drinks;12.5;12.872739036795458;;13.88535549096404;;39;;;;;70.8;misecast-demand-p50p90-v1;True
FC-2d5eee67-c963-4838-b745-9e0717d7715a;2026-08-02;2026-08-09;7;Lunch;MI-040;MI-040-STANDARD;Kombucha - Ginger Lemon;Standard;Drinks;13.0;12.77963692337357;;14.366798640855459;;30;;;;;70.29;misecast-demand-p50p90-v1;True
FC-e7346faf-d2f9-4974-8f4c-75e0e8070cd8;2026-08-02;2026-08-10;8;Lunch;MI-040;MI-040-STANDARD;Kombucha - Ginger Lemon;Standard;Drinks;12.25;11.992931285836677;;13.030219583163785;;24;;;;;65.96;misecast-demand-p50p90-v1;True
FC-8334806d-cfae-4c5c-961a-b39ec063a578;2026-08-02;2026-08-11;9;Lunch;MI-040;MI-040-STANDARD;Kombucha - Ginger Lemon;Standard;Drinks;11.75;11.910640064612585;;13.087826480914787;;26;;;;;65.51;misecast-demand-p50p90-v1;True
FC-710d5eb8-6c8e-4e31-a61e-691f2076df61;2026-08-02;2026-08-02;0;Dinner;MI-041;MI-041-STANDARD;Kombucha - Lemon Lime Mint;Standard;Drinks;13.0;12.604651606777518;;14.744186445667745;;60;;;;;69.33;misecast-demand-p50p90-v1;True
FC-faa7e9ec-5c86-4116-9ffa-39c0039d5096;2026-08-02;2026-08-03;1;Dinner;MI-041;MI-041-STANDARD;Kombucha - Lemon Lime Mint;Standard;Drinks;11.75;12.06305668575975;;12.972088301046306;;38;;;;;66.35;misecast-demand-p50p90-v1;True
FC-7d9deea6-c270-4a1e-9605-01b8623b5fae;2026-08-02;2026-08-04;2;Dinner;MI-041;MI-041-STANDARD;Kombucha - Lemon Lime Mint;Standard;Drinks;12.25;12.016050165554038;;13.020310359722153;;41;;;;;66.09;misecast-demand-p50p90-v1;True
FC-8777119d-fc7f-4cd2-a641-9bea1f90ce98;2026-08-02;2026-08-05;3;Dinner;MI-041;MI-041-STANDARD;Kombucha - Lemon Lime Mint;Standard;Drinks;12.0;12.001384174664908;;13.045354678730725;;36;;;;;66.01;misecast-demand-p50p90-v1;True
FC-1c8e11dc-aff4-4818-ae9c-fb853a788ac0;2026-08-02;2026-08-06;4;Dinner;MI-041;MI-041-STANDARD;Kombucha - Lemon Lime Mint;Standard;Drinks;13.25;12.43508125844731;;13.12089128109004;;50;;;;;68.39;misecast-demand-p50p90-v1;True
FC-31678183-830e-4ee7-8b2a-5ded47b7048d;2026-08-02;2026-08-07;5;Dinner;MI-041;MI-041-STANDARD;Kombucha - Lemon Lime Mint;Standard;Drinks;13.0;12.014193704854616;;13.202593201784586;;62;;;;;66.08;misecast-demand-p50p90-v1;True
FC-dcddfb8e-797e-4d6b-ac82-28862d95b0d4;2026-08-02;2026-08-08;6;Dinner;MI-041;MI-041-STANDARD;Kombucha - Lemon Lime Mint;Standard;Drinks;13.25;13.951587411339023;;15.360617330822253;;83;;;;;76.73;misecast-demand-p50p90-v1;True
FC-ea58cadb-ae45-4fa6-bb29-b1b865dea5a7;2026-08-02;2026-08-09;7;Dinner;MI-041;MI-041-STANDARD;Kombucha - Lemon Lime Mint;Standard;Drinks;13.0;12.44279562861537;;14.939773743766093;;47;;;;;68.44;misecast-demand-p50p90-v1;True
FC-ab3d6579-83e2-40f6-bb83-ba568278b400;2026-08-02;2026-08-10;8;Dinner;MI-041;MI-041-STANDARD;Kombucha - Lemon Lime Mint;Standard;Drinks;11.75;12.042127728789781;;13.071460800249639;;35;;;;;66.23;misecast-demand-p50p90-v1;True
FC-35287631-1e76-4496-8e40-51524ea08ba7;2026-08-02;2026-08-11;9;Dinner;MI-041;MI-041-STANDARD;Kombucha - Lemon Lime Mint;Standard;Drinks;12.25;11.95623876700842;;13.075731934639473;;47;;;;;65.76;misecast-demand-p50p90-v1;True
FC-6d3e827a-647f-42e5-902d-6c26e01d54ae;2026-08-02;2026-08-02;0;Lunch;MI-041;MI-041-STANDARD;Kombucha - Lemon Lime Mint;Standard;Drinks;13.75;12.737940238014748;;14.023250548309818;;32;;;;;70.06;misecast-demand-p50p90-v1;True
FC-58b9104f-1fe2-4d28-9bf6-549fb409ae6e;2026-08-02;2026-08-03;1;Lunch;MI-041;MI-041-STANDARD;Kombucha - Lemon Lime Mint;Standard;Drinks;12.0;12.001665358957828;;12.982472333708445;;22;;;;;66.01;misecast-demand-p50p90-v1;True
FC-5bdf47a9-5999-45a6-8d58-363f19ab0fb9;2026-08-02;2026-08-04;2;Lunch;MI-041;MI-041-STANDARD;Kombucha - Lemon Lime Mint;Standard;Drinks;11.75;12.046205547911166;;12.993801184688238;;29;;;;;66.25;misecast-demand-p50p90-v1;True
FC-c233b427-c4e1-4d10-8795-7b50e4e911d9;2026-08-02;2026-08-05;3;Lunch;MI-041;MI-041-STANDARD;Kombucha - Lemon Lime Mint;Standard;Drinks;11.75;12.04294686741314;;12.990300316813858;;22;;;;;66.24;misecast-demand-p50p90-v1;True
FC-80fd20f8-5850-4d11-a77a-f0a09de76f25;2026-08-02;2026-08-06;4;Lunch;MI-041;MI-041-STANDARD;Kombucha - Lemon Lime Mint;Standard;Drinks;11.5;12.023745484334471;;12.990763306540359;;36;;;;;66.13;misecast-demand-p50p90-v1;True
FC-9af0e74a-d982-4ae4-b58a-ff558c52473c;2026-08-02;2026-08-07;5;Lunch;MI-041;MI-041-STANDARD;Kombucha - Lemon Lime Mint;Standard;Drinks;11.25;12.019515569877825;;13.00041500709187;;37;;;;;66.11;misecast-demand-p50p90-v1;True
FC-16cb50e7-7abc-4613-804f-75a3b8bfb606;2026-08-02;2026-08-08;6;Lunch;MI-041;MI-041-STANDARD;Kombucha - Lemon Lime Mint;Standard;Drinks;11.75;12.598689414751432;;13.725223693319684;;39;;;;;69.29;misecast-demand-p50p90-v1;True
FC-44a21d11-b3a5-4677-87ff-81200154be94;2026-08-02;2026-08-09;7;Lunch;MI-041;MI-041-STANDARD;Kombucha - Lemon Lime Mint;Standard;Drinks;13.75;12.822100823409466;;14.307884576528167;;30;;;;;70.52;misecast-demand-p50p90-v1;True
FC-da33d6da-0cf4-4f64-8363-92784dc07972;2026-08-02;2026-08-10;8;Lunch;MI-041;MI-041-STANDARD;Kombucha - Lemon Lime Mint;Standard;Drinks;12.0;11.90376180137146;;13.048643540324603;;24;;;;;65.47;misecast-demand-p50p90-v1;True
FC-4a94b38e-a361-4c67-b351-4b973ff791e7;2026-08-02;2026-08-11;9;Lunch;MI-041;MI-041-STANDARD;Kombucha - Lemon Lime Mint;Standard;Drinks;11.75;11.969420478157446;;13.026563278128265;;26;;;;;65.83;misecast-demand-p50p90-v1;True
FC-d4a95d8e-43af-47f4-be2a-e0057b5f88a6;2026-08-02;2026-08-02;0;Dinner;MI-042;MI-042-STANDARD;Kombucha - Peach;Standard;Drinks;13.25;13.20938373141456;;15.034192424712062;;60;;;;;72.65;misecast-demand-p50p90-v1;True
FC-4329688c-b278-4d28-b3f6-6d319963fc9b;2026-08-02;2026-08-03;1;Dinner;MI-042;MI-042-STANDARD;Kombucha - Peach;Standard;Drinks;11.75;11.992981692385063;;12.998287884744103;;38;;;;;65.96;misecast-demand-p50p90-v1;True
FC-27d35733-cd04-41d7-9717-708ebe4b4a68;2026-08-02;2026-08-04;2;Dinner;MI-042;MI-042-STANDARD;Kombucha - Peach;Standard;Drinks;11.5;11.985785891171513;;13.014178864967567;;41;;;;;65.92;misecast-demand-p50p90-v1;True
FC-86c5cb37-9813-43ac-a5e2-7e1e4f0042bd;2026-08-02;2026-08-05;3;Dinner;MI-042;MI-042-STANDARD;Kombucha - Peach;Standard;Drinks;12.75;11.836763116312616;;13.287963573420729;;36;;;;;65.1;misecast-demand-p50p90-v1;True
FC-216753e0-8001-4f09-a983-dfffd6daa51c;2026-08-02;2026-08-06;4;Dinner;MI-042;MI-042-STANDARD;Kombucha - Peach;Standard;Drinks;12.5;11.903316593636616;;12.99715998247208;;50;;;;;65.47;misecast-demand-p50p90-v1;True
FC-0c0ab82a-3069-4e56-ba37-23cc2077195d;2026-08-02;2026-08-07;5;Dinner;MI-042;MI-042-STANDARD;Kombucha - Peach;Standard;Drinks;11.25;12.036824247058412;;13.061430475765498;;62;;;;;66.2;misecast-demand-p50p90-v1;True
FC-9d91ce06-f659-4cd1-8809-0fe2b74bf1ca;2026-08-02;2026-08-08;6;Dinner;MI-042;MI-042-STANDARD;Kombucha - Peach;Standard;Drinks;14.75;14.951328450611774;;15.730365184370983;;83;;;;;82.23;misecast-demand-p50p90-v1;True
FC-9ff82ecd-60ca-4aec-b679-ba5e606af542;2026-08-02;2026-08-09;7;Dinner;MI-042;MI-042-STANDARD;Kombucha - Peach;Standard;Drinks;13.25;13.176879197116275;;14.895916496389571;;47;;;;;72.47;misecast-demand-p50p90-v1;True
FC-11131975-a181-4474-9c1f-cf43bde9fa80;2026-08-02;2026-08-10;8;Dinner;MI-042;MI-042-STANDARD;Kombucha - Peach;Standard;Drinks;11.75;11.973838707876773;;13.054412799568603;;35;;;;;65.86;misecast-demand-p50p90-v1;True
FC-618146ee-edaa-4338-bea6-adfa4104a4a1;2026-08-02;2026-08-11;9;Dinner;MI-042;MI-042-STANDARD;Kombucha - Peach;Standard;Drinks;11.5;11.917873120622138;;13.050569702931286;;47;;;;;65.55;misecast-demand-p50p90-v1;True
FC-a86d2898-a4fc-4289-a541-63e42530547c;2026-08-02;2026-08-02;0;Lunch;MI-042;MI-042-STANDARD;Kombucha - Peach;Standard;Drinks;13.5;13.074676503407181;;14.452614069116622;;32;;;;;71.91;misecast-demand-p50p90-v1;True
FC-61ff2284-1e78-42a0-983d-65a3e5e16042;2026-08-02;2026-08-03;1;Lunch;MI-042;MI-042-STANDARD;Kombucha - Peach;Standard;Drinks;11.75;12.001683061384522;;12.930052933902724;;22;;;;;66.01;misecast-demand-p50p90-v1;True
FC-1e473083-1303-437a-afff-2630ab202ae7;2026-08-02;2026-08-04;2;Lunch;MI-042;MI-042-STANDARD;Kombucha - Peach;Standard;Drinks;12.25;12.000138065221336;;12.977404725519824;;29;;;;;66.0;misecast-demand-p50p90-v1;True
FC-28972d4c-a36c-4d07-827c-5d8cf0044f69;2026-08-02;2026-08-05;3;Lunch;MI-042;MI-042-STANDARD;Kombucha - Peach;Standard;Drinks;12.25;11.986737925460275;;12.903851905305968;;22;;;;;65.93;misecast-demand-p50p90-v1;True
FC-e8cab1f9-c46f-4e93-8230-5218f060353a;2026-08-02;2026-08-06;4;Lunch;MI-042;MI-042-STANDARD;Kombucha - Peach;Standard;Drinks;12.5;11.883365389289619;;12.93196606170303;;36;;;;;65.36;misecast-demand-p50p90-v1;True
FC-ebf53c40-9a1d-4d93-bbf7-a0e5fe8314a0;2026-08-02;2026-08-07;5;Lunch;MI-042;MI-042-STANDARD;Kombucha - Peach;Standard;Drinks;12.25;11.946027204310349;;12.964913257667238;;37;;;;;65.7;misecast-demand-p50p90-v1;True
FC-9154ce9c-9f98-4349-aae8-d90e89bb73ba;2026-08-02;2026-08-08;6;Lunch;MI-042;MI-042-STANDARD;Kombucha - Peach;Standard;Drinks;13.0;12.742710865851755;;14.327920172276652;;39;;;;;70.08;misecast-demand-p50p90-v1;True
FC-bf6016fd-5f4e-4af0-996f-e7a2154ddeec;2026-08-02;2026-08-09;7;Lunch;MI-042;MI-042-STANDARD;Kombucha - Peach;Standard;Drinks;13.5;13.16028505279143;;14.53865913932338;;30;;;;;72.38;misecast-demand-p50p90-v1;True
FC-f4a82977-998f-446b-b0be-7e0ad61dd7f4;2026-08-02;2026-08-10;8;Lunch;MI-042;MI-042-STANDARD;Kombucha - Peach;Standard;Drinks;11.75;11.94719647506759;;12.952004453837247;;24;;;;;65.71;misecast-demand-p50p90-v1;True
FC-57bb43d5-76d7-481a-88bf-78e87d8fd8b7;2026-08-02;2026-08-11;9;Lunch;MI-042;MI-042-STANDARD;Kombucha - Peach;Standard;Drinks;12.25;11.959766940752383;;13.002132368976108;;26;;;;;65.78;misecast-demand-p50p90-v1;True
FC-b988f818-61c5-45ba-973b-ac703abe8621;2026-08-02;2026-08-02;0;Dinner;MI-043;MI-043-STANDARD;Kombucha - Raspberry Lemonade;Standard;Drinks;13.5;13.084604858204562;;14.873618461017765;;60;;;;;71.97;misecast-demand-p50p90-v1;True
FC-77e0bf64-b621-418a-a65d-a6d73982d120;2026-08-02;2026-08-03;1;Dinner;MI-043;MI-043-STANDARD;Kombucha - Raspberry Lemonade;Standard;Drinks;11.75;11.999934517133207;;12.967251631689155;;38;;;;;66.0;misecast-demand-p50p90-v1;True
FC-7f9e0163-6933-4bdf-a47c-b2194f2a336d;2026-08-02;2026-08-04;2;Dinner;MI-043;MI-043-STANDARD;Kombucha - Raspberry Lemonade;Standard;Drinks;12.5;11.875228385708304;;12.959033317793258;;41;;;;;65.31;misecast-demand-p50p90-v1;True
FC-b93c4e32-8ec5-4b7f-927c-36995ce3d118;2026-08-02;2026-08-05;3;Dinner;MI-043;MI-043-STANDARD;Kombucha - Raspberry Lemonade;Standard;Drinks;11.0;11.843133947454767;;13.015297961811447;;36;;;;;65.14;misecast-demand-p50p90-v1;True
FC-c90c2a17-c87d-461c-a54a-d9810d0ca980;2026-08-02;2026-08-06;4;Dinner;MI-043;MI-043-STANDARD;Kombucha - Raspberry Lemonade;Standard;Drinks;13.0;11.862576833871266;;13.42955431770834;;50;;;;;65.24;misecast-demand-p50p90-v1;True
FC-8a8a4921-05c9-4f00-bccc-33719910f15d;2026-08-02;2026-08-07;5;Dinner;MI-043;MI-043-STANDARD;Kombucha - Raspberry Lemonade;Standard;Drinks;13.25;12.75923624219907;;13.413837500904638;;62;;;;;70.18;misecast-demand-p50p90-v1;True
FC-32e91e60-f39f-4369-8838-e43c4d5c93a1;2026-08-02;2026-08-08;6;Dinner;MI-043;MI-043-STANDARD;Kombucha - Raspberry Lemonade;Standard;Drinks;14.75;14.718160298930163;;15.54287238485311;;83;;;;;80.95;misecast-demand-p50p90-v1;True
FC-fbecbc3e-d31e-4c58-9d00-529a4a1e1420;2026-08-02;2026-08-09;7;Dinner;MI-043;MI-043-STANDARD;Kombucha - Raspberry Lemonade;Standard;Drinks;13.5;12.894448219153034;;14.67220521020568;;47;;;;;70.92;misecast-demand-p50p90-v1;True
FC-fc4c53ea-fdf1-4d80-a2da-9110f7a673de;2026-08-02;2026-08-10;8;Dinner;MI-043;MI-043-STANDARD;Kombucha - Raspberry Lemonade;Standard;Drinks;11.75;12.052604999284407;;13.028752807831404;;35;;;;;66.29;misecast-demand-p50p90-v1;True
FC-4ab63824-608e-43e7-9c71-3e2fdf336747;2026-08-02;2026-08-11;9;Dinner;MI-043;MI-043-STANDARD;Kombucha - Raspberry Lemonade;Standard;Drinks;12.5;11.849667595211525;;12.999181460566387;;47;;;;;65.17;misecast-demand-p50p90-v1;True
FC-5cc529e7-6614-43da-97c8-fee2abb8a426;2026-08-02;2026-08-02;0;Lunch;MI-043;MI-043-STANDARD;Kombucha - Raspberry Lemonade;Standard;Drinks;12.0;12.483478292256946;;13.789850143064724;;32;;;;;68.66;misecast-demand-p50p90-v1;True
FC-aedc8471-af8d-4fbf-866e-6f591a537013;2026-08-02;2026-08-03;1;Lunch;MI-043;MI-043-STANDARD;Kombucha - Raspberry Lemonade;Standard;Drinks;11.5;12.023185658310267;;12.94251680641575;;22;;;;;66.13;misecast-demand-p50p90-v1;True
FC-84e3db5e-b87a-4760-8ce3-2b6a118fb260;2026-08-02;2026-08-04;2;Lunch;MI-043;MI-043-STANDARD;Kombucha - Raspberry Lemonade;Standard;Drinks;11.75;12.003931755535744;;12.976842750612011;;29;;;;;66.02;misecast-demand-p50p90-v1;True
FC-63817e05-82d4-4df0-b256-cce37e90e5aa;2026-08-02;2026-08-05;3;Lunch;MI-043;MI-043-STANDARD;Kombucha - Raspberry Lemonade;Standard;Drinks;12.25;11.962553274604659;;13.06360908083756;;22;;;;;65.79;misecast-demand-p50p90-v1;True
FC-f7e2be24-8884-4c48-ab59-9ea38058aefd;2026-08-02;2026-08-06;4;Lunch;MI-043;MI-043-STANDARD;Kombucha - Raspberry Lemonade;Standard;Drinks;12.0;12.021916604431079;;13.047172988962071;;36;;;;;66.12;misecast-demand-p50p90-v1;True
FC-eb95596e-56aa-4bf2-a67c-92a66a9a1c30;2026-08-02;2026-08-07;5;Lunch;MI-043;MI-043-STANDARD;Kombucha - Raspberry Lemonade;Standard;Drinks;11.75;11.99311775771982;;13.000037334574836;;37;;;;;65.96;misecast-demand-p50p90-v1;True
FC-0feefeed-7f33-428d-9cfc-748d0fa7e6ee;2026-08-02;2026-08-08;6;Lunch;MI-043;MI-043-STANDARD;Kombucha - Raspberry Lemonade;Standard;Drinks;13.25;12.89127074234773;;13.784365693074866;;39;;;;;70.9;misecast-demand-p50p90-v1;True
FC-c31f3367-1094-43aa-9e8a-d57a1d1c119b;2026-08-02;2026-08-09;7;Lunch;MI-043;MI-043-STANDARD;Kombucha - Raspberry Lemonade;Standard;Drinks;12.0;12.498576750403815;;13.90272603269483;;30;;;;;68.74;misecast-demand-p50p90-v1;True
FC-766332af-6d0b-4bfe-8f03-dc2b7f44d995;2026-08-02;2026-08-10;8;Lunch;MI-043;MI-043-STANDARD;Kombucha - Raspberry Lemonade;Standard;Drinks;11.5;12.031533606013483;;13.071518469652426;;24;;;;;66.17;misecast-demand-p50p90-v1;True
FC-7c92816a-9070-41b5-830a-04202fb624fb;2026-08-02;2026-08-11;9;Lunch;MI-043;MI-043-STANDARD;Kombucha - Raspberry Lemonade;Standard;Drinks;11.75;11.938468838431724;;13.08246861027157;;26;;;;;65.66;misecast-demand-p50p90-v1;True
FC-183a932e-7b4a-49cd-ad67-645922a7c541;2026-08-02;2026-08-02;0;Dinner;MI-044;MI-044-STANDARD;Sodaly - Passionfruit;Standard;Drinks;13.75;13.023877552622693;;14.955121125347244;;60;;;;;63.82;misecast-demand-p50p90-v1;True
FC-25cad285-e175-4d08-9a9f-69d22499ad00;2026-08-02;2026-08-03;1;Dinner;MI-044;MI-044-STANDARD;Sodaly - Passionfruit;Standard;Drinks;12.75;11.669928614808654;;13.113750782321409;;38;;;;;57.18;misecast-demand-p50p90-v1;True
FC-21c8e016-27d4-42d2-91e3-2edf97f50c7b;2026-08-02;2026-08-04;2;Dinner;MI-044;MI-044-STANDARD;Sodaly - Passionfruit;Standard;Drinks;12.5;11.79951993391786;;12.998699054236667;;41;;;;;57.82;misecast-demand-p50p90-v1;True
FC-57674a0a-5a5c-4024-909e-d9c81e4ba820;2026-08-02;2026-08-05;3;Dinner;MI-044;MI-044-STANDARD;Sodaly - Passionfruit;Standard;Drinks;12.0;11.940706835758556;;13.005997723885447;;36;;;;;58.51;misecast-demand-p50p90-v1;True
FC-319edcfb-82e5-4bec-b1c1-a0c387f508dd;2026-08-02;2026-08-06;4;Dinner;MI-044;MI-044-STANDARD;Sodaly - Passionfruit;Standard;Drinks;12.25;11.940389232842104;;13.029535354409637;;50;;;;;58.51;misecast-demand-p50p90-v1;True
FC-1e964c42-b743-4522-b306-85153c780b3c;2026-08-02;2026-08-07;5;Dinner;MI-044;MI-044-STANDARD;Sodaly - Passionfruit;Standard;Drinks;12.25;12.180659370827097;;13.098402569215445;;62;;;;;59.69;misecast-demand-p50p90-v1;True
FC-5bd8e058-f53c-4b15-972f-9839162c1015;2026-08-02;2026-08-08;6;Dinner;MI-044;MI-044-STANDARD;Sodaly - Passionfruit;Standard;Drinks;13.25;13.664614872873244;;15.311912750202756;;83;;;;;66.96;misecast-demand-p50p90-v1;True
FC-21b00db3-49a6-4147-b991-71ea6e30faf1;2026-08-02;2026-08-09;7;Dinner;MI-044;MI-044-STANDARD;Sodaly - Passionfruit;Standard;Drinks;13.75;12.942456983091178;;14.851942685868245;;47;;;;;63.42;misecast-demand-p50p90-v1;True
FC-99f4c64e-232f-40e0-8373-112b03897eb8;2026-08-02;2026-08-10;8;Dinner;MI-044;MI-044-STANDARD;Sodaly - Passionfruit;Standard;Drinks;12.75;11.715025860646023;;13.142054414392673;;35;;;;;57.4;misecast-demand-p50p90-v1;True
FC-3e226b5a-4873-4a15-89a6-2cb5cb88af7a;2026-08-02;2026-08-11;9;Dinner;MI-044;MI-044-STANDARD;Sodaly - Passionfruit;Standard;Drinks;12.5;11.76801223110948;;13.031263338488834;;47;;;;;57.66;misecast-demand-p50p90-v1;True
FC-9b42e107-c3d1-4591-83d0-d4ae1f0debec;2026-08-02;2026-08-02;0;Lunch;MI-044;MI-044-STANDARD;Sodaly - Passionfruit;Standard;Drinks;13.0;12.282532038876475;;13.839854429838141;;32;;;;;60.18;misecast-demand-p50p90-v1;True
FC-41b9e9e5-c6ad-40c5-92a9-9b501d7639c8;2026-08-02;2026-08-03;1;Lunch;MI-044;MI-044-STANDARD;Sodaly - Passionfruit;Standard;Drinks;12.75;11.620963753982435;;13.014415936917393;;22;;;;;56.94;misecast-demand-p50p90-v1;True
FC-ec4f5f62-e7db-4cca-bb4f-b5218cab1f14;2026-08-02;2026-08-04;2;Lunch;MI-044;MI-044-STANDARD;Sodaly - Passionfruit;Standard;Drinks;11.75;12.032473800383565;;12.981221841966585;;29;;;;;58.96;misecast-demand-p50p90-v1;True
FC-4c14b97c-83cf-4e39-a5ac-7af5d8751635;2026-08-02;2026-08-05;3;Lunch;MI-044;MI-044-STANDARD;Sodaly - Passionfruit;Standard;Drinks;12.75;11.588458382827385;;13.153109619652515;;22;;;;;56.78;misecast-demand-p50p90-v1;True
FC-65a94748-bfc3-4d58-a05a-4816593af9f3;2026-08-02;2026-08-06;4;Lunch;MI-044;MI-044-STANDARD;Sodaly - Passionfruit;Standard;Drinks;11.75;11.931184613492384;;13.068883982964328;;36;;;;;58.46;misecast-demand-p50p90-v1;True
FC-3bc7ccf3-327d-401f-87d5-409ae903ac07;2026-08-02;2026-08-07;5;Lunch;MI-044;MI-044-STANDARD;Sodaly - Passionfruit;Standard;Drinks;12.25;11.957424269666017;;13.002989315515801;;37;;;;;58.59;misecast-demand-p50p90-v1;True
FC-b97cdfb3-07f8-47c0-81b8-d4e5c0856b07;2026-08-02;2026-08-08;6;Lunch;MI-044;MI-044-STANDARD;Sodaly - Passionfruit;Standard;Drinks;12.75;12.203755392735008;;14.206038868223963;;39;;;;;59.8;misecast-demand-p50p90-v1;True
FC-c17cf5d1-56c0-48fe-aeea-f2f041335c9a;2026-08-02;2026-08-09;7;Lunch;MI-044;MI-044-STANDARD;Sodaly - Passionfruit;Standard;Drinks;13.0;12.325197113491422;;14.044042789903646;;30;;;;;60.39;misecast-demand-p50p90-v1;True
FC-9aeaafca-2293-4b8f-b391-6b51533c6462;2026-08-02;2026-08-10;8;Lunch;MI-044;MI-044-STANDARD;Sodaly - Passionfruit;Standard;Drinks;12.75;11.606259578611098;;13.165938357050457;;24;;;;;56.87;misecast-demand-p50p90-v1;True
FC-63015026-7848-48d3-8692-344f4b902893;2026-08-02;2026-08-11;9;Lunch;MI-044;MI-044-STANDARD;Sodaly - Passionfruit;Standard;Drinks;11.75;11.977891392603166;;13.069750614574785;;26;;;;;58.69;misecast-demand-p50p90-v1;True
FC-28a93da9-b7f5-44aa-a2fd-183d1e59836d;2026-08-02;2026-08-02;0;Dinner;MI-045;MI-045-STANDARD;Sodaly - Guava;Standard;Drinks;15.0;14.043939374706534;;15.150429851112877;;60;;;;;68.82;misecast-demand-p50p90-v1;True
FC-d249a395-ea49-4318-8829-5b06a3a2b121;2026-08-02;2026-08-03;1;Dinner;MI-045;MI-045-STANDARD;Sodaly - Guava;Standard;Drinks;11.75;11.687738211968522;;12.982976246452717;;38;;;;;57.27;misecast-demand-p50p90-v1;True
FC-c4098d84-99a2-42a0-a220-1f756c17a6e4;2026-08-02;2026-08-04;2;Dinner;MI-045;MI-045-STANDARD;Sodaly - Guava;Standard;Drinks;11.5;11.719227406111793;;12.973524029959302;;41;;;;;57.42;misecast-demand-p50p90-v1;True
FC-66aa16a6-c9be-4427-888b-56f2ff1c9591;2026-08-02;2026-08-05;3;Dinner;MI-045;MI-045-STANDARD;Sodaly - Guava;Standard;Drinks;11.75;11.708301817230911;;13.029301273262568;;36;;;;;57.37;misecast-demand-p50p90-v1;True
FC-3b75e4be-846a-4357-881d-cef1070e9301;2026-08-02;2026-08-06;4;Dinner;MI-045;MI-045-STANDARD;Sodaly - Guava;Standard;Drinks;11.0;11.602003805669279;;13.021761480655742;;50;;;;;56.85;misecast-demand-p50p90-v1;True
FC-bec9c46b-36c7-4e74-af9c-080f9e59483f;2026-08-02;2026-08-07;5;Dinner;MI-045;MI-045-STANDARD;Sodaly - Guava;Standard;Drinks;11.5;11.803060465513537;;13.048227672536983;;62;;;;;57.83;misecast-demand-p50p90-v1;True
FC-43229a52-fe7b-4cac-a027-631005549be5;2026-08-02;2026-08-08;6;Dinner;MI-045;MI-045-STANDARD;Sodaly - Guava;Standard;Drinks;14.25;14.867427194646007;;15.857305522252787;;83;;;;;72.85;misecast-demand-p50p90-v1;True
FC-42612b87-f8c4-40bc-9726-d545e5d18743;2026-08-02;2026-08-09;7;Dinner;MI-045;MI-045-STANDARD;Sodaly - Guava;Standard;Drinks;15.0;13.890472408729147;;14.998750293859421;;47;;;;;68.06;misecast-demand-p50p90-v1;True
FC-56f768cb-1614-49a7-a669-e3f3fbae3ac9;2026-08-02;2026-08-10;8;Dinner;MI-045;MI-045-STANDARD;Sodaly - Guava;Standard;Drinks;11.75;11.749873488668594;;13.036684339706497;;35;;;;;57.57;misecast-demand-p50p90-v1;True
FC-2ac8540b-f173-481f-81e8-0d5584b0643f;2026-08-02;2026-08-11;9;Dinner;MI-045;MI-045-STANDARD;Sodaly - Guava;Standard;Drinks;11.5;11.685703341932516;;13.037643749154551;;47;;;;;57.26;misecast-demand-p50p90-v1;True
FC-dda0fb3f-dc1c-441f-99d2-2b5cb6db9c87;2026-08-02;2026-08-02;0;Lunch;MI-045;MI-045-STANDARD;Sodaly - Guava;Standard;Drinks;13.5;13.086220460564794;;14.040517245452804;;32;;;;;64.12;misecast-demand-p50p90-v1;True
FC-ab22af8d-93f5-49cb-a12c-d13d4be8a5d0;2026-08-02;2026-08-03;1;Lunch;MI-045;MI-045-STANDARD;Sodaly - Guava;Standard;Drinks;12.0;11.674264760129404;;12.985515527990877;;22;;;;;57.2;misecast-demand-p50p90-v1;True
FC-ca67bd76-8118-4ae1-92b1-32e2850bd350;2026-08-02;2026-08-04;2;Lunch;MI-045;MI-045-STANDARD;Sodaly - Guava;Standard;Drinks;12.5;11.607011792670036;;12.97802719262239;;29;;;;;56.87;misecast-demand-p50p90-v1;True
FC-d025e4cb-42d1-4b0c-b099-a6a927685a83;2026-08-02;2026-08-05;3;Lunch;MI-045;MI-045-STANDARD;Sodaly - Guava;Standard;Drinks;12.0;11.649790201686743;;12.99002884761314;;22;;;;;57.08;misecast-demand-p50p90-v1;True
FC-68f75e28-cf00-47f2-ace9-a3171562d3b1;2026-08-02;2026-08-06;4;Lunch;MI-045;MI-045-STANDARD;Sodaly - Guava;Standard;Drinks;12.0;11.577486152754943;;12.984083440725534;;36;;;;;56.73;misecast-demand-p50p90-v1;True
FC-785252cd-2704-43d8-a662-a02e1461da96;2026-08-02;2026-08-07;5;Lunch;MI-045;MI-045-STANDARD;Sodaly - Guava;Standard;Drinks;13.0;11.536684257057203;;13.026599708423555;;37;;;;;56.53;misecast-demand-p50p90-v1;True
FC-d4afa0c3-f9b1-487a-bc40-6a7fd833d997;2026-08-02;2026-08-08;6;Lunch;MI-045;MI-045-STANDARD;Sodaly - Guava;Standard;Drinks;12.75;12.499706492752093;;13.963246931754785;;39;;;;;61.25;misecast-demand-p50p90-v1;True
FC-82933888-a864-41e6-953c-6d920e9ea383;2026-08-02;2026-08-09;7;Lunch;MI-045;MI-045-STANDARD;Sodaly - Guava;Standard;Drinks;13.5;13.091897520125872;;14.114683878694938;;30;;;;;64.15;misecast-demand-p50p90-v1;True
FC-727692ef-f623-44dc-80d0-1ab96d729de9;2026-08-02;2026-08-10;8;Lunch;MI-045;MI-045-STANDARD;Sodaly - Guava;Standard;Drinks;12.0;11.655625562695064;;12.976295981114456;;24;;;;;57.11;misecast-demand-p50p90-v1;True
FC-a47350a2-eb01-4c9b-bdfe-264e4cf54dd8;2026-08-02;2026-08-11;9;Lunch;MI-045;MI-045-STANDARD;Sodaly - Guava;Standard;Drinks;12.5;11.602200040627526;;12.98270285044667;;26;;;;;56.85;misecast-demand-p50p90-v1;True
FC-b05fc5aa-c9d2-4939-b4a0-fa04d710dcca;2026-08-02;2026-08-02;0;Dinner;MI-046;MI-046-STANDARD;Sodaly - Raspberry;Standard;Drinks;14.0;13.717892914633769;;15.484705704234253;;60;;;;;67.22;misecast-demand-p50p90-v1;True
FC-4c5a87b3-cb31-4091-820b-3ffe4ebb7d99;2026-08-02;2026-08-03;1;Dinner;MI-046;MI-046-STANDARD;Sodaly - Raspberry;Standard;Drinks;12.5;12.043430250850964;;13.010332489741192;;38;;;;;59.01;misecast-demand-p50p90-v1;True
FC-f9bf9c4b-c8cd-48e3-bbd4-8f50d806ebcf;2026-08-02;2026-08-04;2;Dinner;MI-046;MI-046-STANDARD;Sodaly - Raspberry;Standard;Drinks;12.0;12.016441309683632;;13.013910998254774;;41;;;;;58.88;misecast-demand-p50p90-v1;True
FC-e3e71a1c-caf6-441b-95bd-2b41b0e6659c;2026-08-02;2026-08-05;3;Dinner;MI-046;MI-046-STANDARD;Sodaly - Raspberry;Standard;Drinks;12.5;11.938863107850992;;13.051084352470397;;36;;;;;58.5;misecast-demand-p50p90-v1;True
FC-ef6bd0ee-cfb2-4973-b362-9cbfae2817a2;2026-08-02;2026-08-06;4;Dinner;MI-046;MI-046-STANDARD;Sodaly - Raspberry;Standard;Drinks;11.5;11.98955212104563;;13.02817336054422;;50;;;;;58.75;misecast-demand-p50p90-v1;True
FC-4fa0091f-97ab-4229-be00-c927ee2713e0;2026-08-02;2026-08-07;5;Dinner;MI-046;MI-046-STANDARD;Sodaly - Raspberry;Standard;Drinks;13.0;12.228045674473732;;13.165554615789224;;62;;;;;59.92;misecast-demand-p50p90-v1;True
FC-fd167b5f-cc13-4e94-8a6e-5726ff8d7681;2026-08-02;2026-08-08;6;Dinner;MI-046;MI-046-STANDARD;Sodaly - Raspberry;Standard;Drinks;14.75;15.129394829761551;;16.150987727957435;;83;;;;;74.13;misecast-demand-p50p90-v1;True
FC-5d51c042-79eb-423d-9656-899d7703c1bd;2026-08-02;2026-08-09;7;Dinner;MI-046;MI-046-STANDARD;Sodaly - Raspberry;Standard;Drinks;14.0;13.439714022840272;;15.33500729037489;;47;;;;;65.85;misecast-demand-p50p90-v1;True
FC-9125b416-8d2f-47c7-9f7c-34c884db278a;2026-08-02;2026-08-10;8;Dinner;MI-046;MI-046-STANDARD;Sodaly - Raspberry;Standard;Drinks;12.5;12.120839781829217;;13.06661167386424;;35;;;;;59.39;misecast-demand-p50p90-v1;True
FC-bb43c593-9a83-40ec-a016-164a43e27c7f;2026-08-02;2026-08-11;9;Dinner;MI-046;MI-046-STANDARD;Sodaly - Raspberry;Standard;Drinks;12.0;11.984258907660239;;13.036167606810492;;47;;;;;58.72;misecast-demand-p50p90-v1;True
FC-42cd596c-9a0d-401b-8514-fa45a4d63385;2026-08-02;2026-08-02;0;Lunch;MI-046;MI-046-STANDARD;Sodaly - Raspberry;Standard;Drinks;13.25;13.360640131553069;;13.747705413624537;;32;;;;;65.47;misecast-demand-p50p90-v1;True
FC-27726157-3957-4d61-889b-cae3ca082862;2026-08-02;2026-08-03;1;Lunch;MI-046;MI-046-STANDARD;Sodaly - Raspberry;Standard;Drinks;13.25;12.782146842064826;;13.026356015160511;;22;;;;;62.63;misecast-demand-p50p90-v1;True
FC-a10b7b61-afdd-4c14-98a9-cfaf8d66c02f;2026-08-02;2026-08-04;2;Lunch;MI-046;MI-046-STANDARD;Sodaly - Raspberry;Standard;Drinks;12.0;12.030885811003792;;12.991610727735717;;29;;;;;58.95;misecast-demand-p50p90-v1;True
FC-db98e163-d043-45cb-bb16-fb056aa2fcf8;2026-08-02;2026-08-05;3;Lunch;MI-046;MI-046-STANDARD;Sodaly - Raspberry;Standard;Drinks;11.5;12.005317426861435;;12.967285800506872;;22;;;;;58.83;misecast-demand-p50p90-v1;True
FC-0c68b8ee-d8c8-4496-a44e-604f8ebe5e0e;2026-08-02;2026-08-06;4;Lunch;MI-046;MI-046-STANDARD;Sodaly - Raspberry;Standard;Drinks;12.5;12.023493635977374;;12.97770086339639;;36;;;;;58.92;misecast-demand-p50p90-v1;True
FC-7e8e15ff-4cb0-40fa-92f2-033166b8a78f;2026-08-02;2026-08-07;5;Lunch;MI-046;MI-046-STANDARD;Sodaly - Raspberry;Standard;Drinks;11.25;12.033384323047796;;12.986583083327199;;37;;;;;58.96;misecast-demand-p50p90-v1;True
FC-9d67236d-dd52-4739-b64f-7dac8ca2fa82;2026-08-02;2026-08-08;6;Lunch;MI-046;MI-046-STANDARD;Sodaly - Raspberry;Standard;Drinks;13.25;13.255458322230153;;13.74592398403855;;39;;;;;64.95;misecast-demand-p50p90-v1;True
FC-8cac56b9-a35d-4c0c-8718-e645864c51c1;2026-08-02;2026-08-09;7;Lunch;MI-046;MI-046-STANDARD;Sodaly - Raspberry;Standard;Drinks;13.25;13.385030510538838;;13.833431347433853;;30;;;;;65.59;misecast-demand-p50p90-v1;True
FC-a8aede5b-b7b3-4ffb-88a0-8aa30b7cdc87;2026-08-02;2026-08-10;8;Lunch;MI-046;MI-046-STANDARD;Sodaly - Raspberry;Standard;Drinks;13.25;12.75671674722345;;13.081733802882452;;24;;;;;62.51;misecast-demand-p50p90-v1;True
FC-ef0f95b7-bc07-4adb-92c6-badaa2e76ae7;2026-08-02;2026-08-11;9;Lunch;MI-046;MI-046-STANDARD;Sodaly - Raspberry;Standard;Drinks;12.0;11.997934051033523;;12.971354755013099;;26;;;;;58.79;misecast-demand-p50p90-v1;True
FC-a5969be2-efcb-41cd-a022-9f6ef4ea375e;2026-08-02;2026-08-02;0;Dinner;MI-047;MI-047-STANDARD;Sparkling Water;Standard;Drinks;21.75;20.511371426220173;;23.18385206747984;;60;;;;;71.79;misecast-demand-p50p90-v1;True
FC-1e3ce098-6418-4871-8a9e-85c031a5ba88;2026-08-02;2026-08-03;1;Dinner;MI-047;MI-047-STANDARD;Sparkling Water;Standard;Drinks;18.0;18.082864104416327;;20.003757493164915;;38;;;;;63.29;misecast-demand-p50p90-v1;True
FC-8110dc39-6836-45b1-aa9c-20b3c0d43660;2026-08-02;2026-08-04;2;Dinner;MI-047;MI-047-STANDARD;Sparkling Water;Standard;Drinks;18.75;18.070036435706786;;19.833350167465646;;41;;;;;63.25;misecast-demand-p50p90-v1;True
FC-206818e7-2d22-48a7-8634-5085b56cdbad;2026-08-02;2026-08-05;3;Dinner;MI-047;MI-047-STANDARD;Sparkling Water;Standard;Drinks;19.25;18.203533422479012;;20.516866304206307;;36;;;;;63.71;misecast-demand-p50p90-v1;True
FC-735b21fb-2d99-471c-a968-d0e360d12440;2026-08-02;2026-08-06;4;Dinner;MI-047;MI-047-STANDARD;Sparkling Water;Standard;Drinks;18.25;18.124280323119063;;19.801649906770205;;50;;;;;63.43;misecast-demand-p50p90-v1;True
FC-666af87f-dfa4-4040-a5a5-c18c20d5f6d9;2026-08-02;2026-08-07;5;Dinner;MI-047;MI-047-STANDARD;Sparkling Water;Standard;Drinks;17.25;17.148954135612236;;18.96785393383904;;62;;;;;60.02;misecast-demand-p50p90-v1;True
FC-3a77f5af-b741-4044-9eb1-78c4a264582e;2026-08-02;2026-08-08;6;Dinner;MI-047;MI-047-STANDARD;Sparkling Water;Standard;Drinks;21.0;20.725452946549435;;23.10622688302873;;83;;;;;72.54;misecast-demand-p50p90-v1;True
FC-4c2c0c64-30f0-4ec3-ac4e-877f93e70ca0;2026-08-02;2026-08-09;7;Dinner;MI-047;MI-047-STANDARD;Sparkling Water;Standard;Drinks;21.75;20.554943328189772;;23.22312612095074;;47;;;;;71.94;misecast-demand-p50p90-v1;True
FC-f5fdb754-af8b-4045-8bba-f619614c4574;2026-08-02;2026-08-10;8;Dinner;MI-047;MI-047-STANDARD;Sparkling Water;Standard;Drinks;18.0;18.245566303762505;;20.16466154431911;;35;;;;;63.86;misecast-demand-p50p90-v1;True
FC-bb309c38-3783-46b1-9f4a-9d41830bb99d;2026-08-02;2026-08-11;9;Dinner;MI-047;MI-047-STANDARD;Sparkling Water;Standard;Drinks;18.75;18.145314493521727;;20.20736570984354;;47;;;;;63.51;misecast-demand-p50p90-v1;True
FC-304e3774-3f45-4156-8925-22825d7025ae;2026-08-02;2026-08-02;0;Lunch;MI-047;MI-047-STANDARD;Sparkling Water;Standard;Drinks;20.5;20.4586980666654;;23.17062441798801;;32;;;;;71.61;misecast-demand-p50p90-v1;True
FC-42a4eeec-991c-4a8c-8922-f8247db41add;2026-08-02;2026-08-03;1;Lunch;MI-047;MI-047-STANDARD;Sparkling Water;Standard;Drinks;17.75;18.077302626443686;;20.08150521658303;;22;;;;;63.27;misecast-demand-p50p90-v1;True
FC-ecbef652-a731-451f-ad1e-ea4be31c2e17;2026-08-02;2026-08-04;2;Lunch;MI-047;MI-047-STANDARD;Sparkling Water;Standard;Drinks;18.25;18.026813890901888;;19.849185730865837;;29;;;;;63.09;misecast-demand-p50p90-v1;True
FC-3de2d5af-227a-44aa-a7aa-8520e41b709c;2026-08-02;2026-08-05;3;Lunch;MI-047;MI-047-STANDARD;Sparkling Water;Standard;Drinks;17.75;18.041177215819186;;20.135523127808174;;22;;;;;63.14;misecast-demand-p50p90-v1;True
FC-81e0ab2a-0b73-4a5c-8b73-fe5cd64ecca7;2026-08-02;2026-08-06;4;Lunch;MI-047;MI-047-STANDARD;Sparkling Water;Standard;Drinks;18.25;17.99041520069811;;19.992605269617652;;36;;;;;62.97;misecast-demand-p50p90-v1;True
FC-7fe2f380-5b46-4b61-8b83-f7c6fe3371c3;2026-08-02;2026-08-07;5;Lunch;MI-047;MI-047-STANDARD;Sparkling Water;Standard;Drinks;19.0;18.115072622943703;;20.48447558811387;;37;;;;;63.4;misecast-demand-p50p90-v1;True
FC-16fd9e7c-48f2-44e6-847f-7c7cf4216015;2026-08-02;2026-08-08;6;Lunch;MI-047;MI-047-STANDARD;Sparkling Water;Standard;Drinks;19.75;18.901712940547196;;21.29846586110874;;39;;;;;66.16;misecast-demand-p50p90-v1;True
FC-191538be-610e-4fb4-b3ff-81f1b71628ec;2026-08-02;2026-08-09;7;Lunch;MI-047;MI-047-STANDARD;Sparkling Water;Standard;Drinks;20.5;20.46336856607527;;23.011602177937174;;30;;;;;71.62;misecast-demand-p50p90-v1;True
FC-9e249d09-9c85-48f5-be2d-9362c97a9f03;2026-08-02;2026-08-10;8;Lunch;MI-047;MI-047-STANDARD;Sparkling Water;Standard;Drinks;17.75;18.135016796388495;;20.27205030292008;;24;;;;;63.47;misecast-demand-p50p90-v1;True
FC-501a63da-df7a-4fbc-acdb-3c78378c8804;2026-08-02;2026-08-11;9;Lunch;MI-047;MI-047-STANDARD;Sparkling Water;Standard;Drinks;18.25;18.08676193143176;;20.270279571007535;;26;;;;;63.3;misecast-demand-p50p90-v1;True
FC-b30d3a2f-c917-45ad-937c-a8ca95eb0212;2026-08-02;2026-08-02;0;Dinner;MI-048;MI-048-STANDARD;Specialty Soda - Gingerella;Standard;Drinks;14.25;14.184087361554596;;14.942870512606794;;60;;;;;69.5;misecast-demand-p50p90-v1;True
FC-3d925462-45c3-4f4c-95d7-c427b03bcbc5;2026-08-02;2026-08-03;1;Dinner;MI-048;MI-048-STANDARD;Specialty Soda - Gingerella;Standard;Drinks;11.0;11.819573893684073;;12.980547945934005;;38;;;;;57.92;misecast-demand-p50p90-v1;True
FC-873dadcb-7126-40f6-bfeb-efa130d6a754;2026-08-02;2026-08-04;2;Dinner;MI-048;MI-048-STANDARD;Specialty Soda - Gingerella;Standard;Drinks;11.5;11.85454499906785;;13.003117096595927;;41;;;;;58.09;misecast-demand-p50p90-v1;True
FC-88d169d6-d703-4057-ba5d-dedb8254277e;2026-08-02;2026-08-05;3;Dinner;MI-048;MI-048-STANDARD;Specialty Soda - Gingerella;Standard;Drinks;11.75;11.86980341180209;;13.005702037523347;;36;;;;;58.16;misecast-demand-p50p90-v1;True
FC-d2af80c1-dfe3-4fa7-ab9c-193f87e87bad;2026-08-02;2026-08-06;4;Dinner;MI-048;MI-048-STANDARD;Specialty Soda - Gingerella;Standard;Drinks;11.5;11.817267493557452;;13.013095282561954;;50;;;;;57.9;misecast-demand-p50p90-v1;True
FC-06b033ec-c263-45f8-aa9b-d5df002c0cea;2026-08-02;2026-08-07;5;Dinner;MI-048;MI-048-STANDARD;Specialty Soda - Gingerella;Standard;Drinks;13.0;11.958635874483681;;13.172260888420979;;62;;;;;58.6;misecast-demand-p50p90-v1;True
FC-47d2e18e-147b-4ad1-b0b6-41f7aa1f599c;2026-08-02;2026-08-08;6;Dinner;MI-048;MI-048-STANDARD;Specialty Soda - Gingerella;Standard;Drinks;14.25;14.809571835249821;;15.462958625473913;;83;;;;;72.57;misecast-demand-p50p90-v1;True
FC-f0b5cbbb-448b-41e9-8d4b-4a53ebefe240;2026-08-02;2026-08-09;7;Dinner;MI-048;MI-048-STANDARD;Specialty Soda - Gingerella;Standard;Drinks;14.25;13.934842585700675;;14.699080122862128;;47;;;;;68.28;misecast-demand-p50p90-v1;True
FC-24b73cbb-972d-49cd-ac71-df98d9f9617f;2026-08-02;2026-08-10;8;Dinner;MI-048;MI-048-STANDARD;Specialty Soda - Gingerella;Standard;Drinks;11.0;11.865374948491716;;13.020455184277944;;35;;;;;58.14;misecast-demand-p50p90-v1;True
FC-4ec084da-f774-4404-b06a-5ada9f5ae5cd;2026-08-02;2026-08-11;9;Dinner;MI-048;MI-048-STANDARD;Specialty Soda - Gingerella;Standard;Drinks;11.5;11.796898476810993;;13.026965305982705;;47;;;;;57.8;misecast-demand-p50p90-v1;True
FC-c21b5639-bc08-4ebd-a5df-ac23951bf7cc;2026-08-02;2026-08-02;0;Lunch;MI-048;MI-048-STANDARD;Specialty Soda - Gingerella;Standard;Drinks;12.75;12.419248295232068;;14.15219669910849;;32;;;;;60.85;misecast-demand-p50p90-v1;True
FC-daa159ce-c9f3-4bc8-88c3-7eb2a3b53a83;2026-08-02;2026-08-03;1;Lunch;MI-048;MI-048-STANDARD;Specialty Soda - Gingerella;Standard;Drinks;12.0;11.800854210107815;;12.96898611284187;;22;;;;;57.82;misecast-demand-p50p90-v1;True
FC-0230bdc7-6e03-4e7d-b651-fed48ab728f6;2026-08-02;2026-08-04;2;Lunch;MI-048;MI-048-STANDARD;Specialty Soda - Gingerella;Standard;Drinks;12.25;11.82000535512494;;12.98188376675196;;29;;;;;57.92;misecast-demand-p50p90-v1;True
FC-fa67954a-243d-4b64-8289-9a8a0d26746c;2026-08-02;2026-08-05;3;Lunch;MI-048;MI-048-STANDARD;Specialty Soda - Gingerella;Standard;Drinks;11.5;11.830206100024986;;13.049443494427095;;22;;;;;57.97;misecast-demand-p50p90-v1;True
FC-2e01bf28-069e-4acf-8ae8-61bf3dc50fec;2026-08-02;2026-08-06;4;Lunch;MI-048;MI-048-STANDARD;Specialty Soda - Gingerella;Standard;Drinks;12.0;11.754039328290574;;13.057918453854969;;36;;;;;57.59;misecast-demand-p50p90-v1;True
FC-814cd495-3ae6-43bf-8f56-eeb68ceb2dae;2026-08-02;2026-08-07;5;Lunch;MI-048;MI-048-STANDARD;Specialty Soda - Gingerella;Standard;Drinks;12.0;11.817203023485817;;12.971485364018331;;37;;;;;57.9;misecast-demand-p50p90-v1;True
FC-078bbdef-d7d0-4683-a859-db3b3326f817;2026-08-02;2026-08-08;6;Lunch;MI-048;MI-048-STANDARD;Specialty Soda - Gingerella;Standard;Drinks;12.75;12.41956797565096;;14.116398764596894;;39;;;;;60.86;misecast-demand-p50p90-v1;True
FC-3f624561-3957-4c12-9190-b39891e917b8;2026-08-02;2026-08-09;7;Lunch;MI-048;MI-048-STANDARD;Specialty Soda - Gingerella;Standard;Drinks;12.75;12.452432007651023;;14.30792057887213;;30;;;;;61.02;misecast-demand-p50p90-v1;True
FC-4e9bdaf0-0b91-48cd-ab93-62c125046860;2026-08-02;2026-08-10;8;Lunch;MI-048;MI-048-STANDARD;Specialty Soda - Gingerella;Standard;Drinks;12.0;11.782552085414954;;13.072899565859283;;24;;;;;57.73;misecast-demand-p50p90-v1;True
FC-87913b5b-22f1-4d25-8cee-f4b872f64a61;2026-08-02;2026-08-11;9;Lunch;MI-048;MI-048-STANDARD;Specialty Soda - Gingerella;Standard;Drinks;12.25;11.764462473777149;;13.07105679161961;;26;;;;;57.65;misecast-demand-p50p90-v1;True
FC-5ac0d28d-0b4c-42a3-9d72-c9fe36004a97;2026-08-02;2026-08-02;0;Dinner;MI-049;MI-049-STANDARD;Specialty Soda - Karma Cola;Standard;Drinks;13.25;12.824847474071182;;14.908935910234423;;60;;;;;62.84;misecast-demand-p50p90-v1;True
FC-c1820f3f-8241-42bb-a8d5-299e3eacc0b9;2026-08-02;2026-08-03;1;Dinner;MI-049;MI-049-STANDARD;Specialty Soda - Karma Cola;Standard;Drinks;12.25;12.023508394009026;;13.014088861699172;;38;;;;;58.92;misecast-demand-p50p90-v1;True
FC-cfc4c170-49fd-4eb5-807b-2bc78970ca0a;2026-08-02;2026-08-04;2;Dinner;MI-049;MI-049-STANDARD;Specialty Soda - Karma Cola;Standard;Drinks;12.0;12.02387255255342;;13.028182514221442;;41;;;;;58.92;misecast-demand-p50p90-v1;True
FC-5a67ade7-850d-4463-a73a-d13fe34de1a1;2026-08-02;2026-08-05;3;Dinner;MI-049;MI-049-STANDARD;Specialty Soda - Karma Cola;Standard;Drinks;11.75;12.057109473978034;;13.03083460882771;;36;;;;;59.08;misecast-demand-p50p90-v1;True
FC-5fb261a5-a9cf-4cf0-be29-0ccb689433c5;2026-08-02;2026-08-06;4;Dinner;MI-049;MI-049-STANDARD;Specialty Soda - Karma Cola;Standard;Drinks;12.0;11.983713055942799;;13.048975097812844;;50;;;;;58.72;misecast-demand-p50p90-v1;True
FC-f58ed0d7-6d6b-48c7-9be7-182e49f62e47;2026-08-02;2026-08-07;5;Dinner;MI-049;MI-049-STANDARD;Specialty Soda - Karma Cola;Standard;Drinks;12.25;12.13296032010833;;13.118718071872705;;62;;;;;59.45;misecast-demand-p50p90-v1;True
FC-536f47e1-04f1-4312-bde2-dd476f6b45d8;2026-08-02;2026-08-08;6;Dinner;MI-049;MI-049-STANDARD;Specialty Soda - Karma Cola;Standard;Drinks;14.25;14.373437926055225;;15.42003297561991;;83;;;;;70.43;misecast-demand-p50p90-v1;True
FC-fdab5d93-9678-43b4-8772-8a42c233b896;2026-08-02;2026-08-09;7;Dinner;MI-049;MI-049-STANDARD;Specialty Soda - Karma Cola;Standard;Drinks;13.25;12.783932968160979;;14.853011229085443;;47;;;;;62.64;misecast-demand-p50p90-v1;True
FC-10af2d8a-4ae7-4d8f-b313-ba61a3e306e4;2026-08-02;2026-08-10;8;Dinner;MI-049;MI-049-STANDARD;Specialty Soda - Karma Cola;Standard;Drinks;12.25;12.058882616561746;;13.005797878710297;;35;;;;;59.09;misecast-demand-p50p90-v1;True
FC-ffbbd327-91c7-4d9c-b0ad-21e09ae134c8;2026-08-02;2026-08-11;9;Dinner;MI-049;MI-049-STANDARD;Specialty Soda - Karma Cola;Standard;Drinks;12.0;12.016462794609865;;13.057157162708387;;47;;;;;58.88;misecast-demand-p50p90-v1;True
FC-a3966818-ca21-47dc-80e2-3f8ffd084a07;2026-08-02;2026-08-02;0;Lunch;MI-049;MI-049-STANDARD;Specialty Soda - Karma Cola;Standard;Drinks;14.0;12.42607759364791;;14.15619197262243;;32;;;;;60.89;misecast-demand-p50p90-v1;True
FC-fbf779b8-dc44-43b5-a4b2-022f2be845e8;2026-08-02;2026-08-03;1;Lunch;MI-049;MI-049-STANDARD;Specialty Soda - Karma Cola;Standard;Drinks;12.25;12.014457558630083;;13.00979614869075;;22;;;;;58.87;misecast-demand-p50p90-v1;True
FC-2190332d-8631-49ca-94aa-c58d53adffb7;2026-08-02;2026-08-04;2;Lunch;MI-049;MI-049-STANDARD;Specialty Soda - Karma Cola;Standard;Drinks;12.0;12.037633034661365;;13.014808363538455;;29;;;;;58.98;misecast-demand-p50p90-v1;True
FC-23bf9dff-5542-4199-a9e5-6d07cd59d286;2026-08-02;2026-08-05;3;Lunch;MI-049;MI-049-STANDARD;Specialty Soda - Karma Cola;Standard;Drinks;12.75;11.628272338795139;;13.110470336156931;;22;;;;;56.98;misecast-demand-p50p90-v1;True
FC-eb80a280-8895-4e6c-98ce-9f942fb475a5;2026-08-02;2026-08-06;4;Lunch;MI-049;MI-049-STANDARD;Specialty Soda - Karma Cola;Standard;Drinks;11.5;12.021987639742123;;12.980420272062295;;36;;;;;58.91;misecast-demand-p50p90-v1;True
FC-94d0c2d6-e4a6-452c-b374-0fa8e7c38128;2026-08-02;2026-08-07;5;Lunch;MI-049;MI-049-STANDARD;Specialty Soda - Karma Cola;Standard;Drinks;11.25;12.024320355541123;;12.979701431788618;;37;;;;;58.92;misecast-demand-p50p90-v1;True
FC-ea83f99d-242d-4123-9b91-a5170e6fab34;2026-08-02;2026-08-08;6;Lunch;MI-049;MI-049-STANDARD;Specialty Soda - Karma Cola;Standard;Drinks;13.0;12.263031385224643;;13.904048954915996;;39;;;;;60.09;misecast-demand-p50p90-v1;True
FC-9a3516d9-53d3-41a9-a9a7-d6c0035d8bac;2026-08-02;2026-08-09;7;Lunch;MI-049;MI-049-STANDARD;Specialty Soda - Karma Cola;Standard;Drinks;14.0;12.487836479808125;;14.429087836743262;;30;;;;;61.19;misecast-demand-p50p90-v1;True
FC-dd81fd8a-2c98-41e8-b9f0-7c9387d432ff;2026-08-02;2026-08-10;8;Lunch;MI-049;MI-049-STANDARD;Specialty Soda - Karma Cola;Standard;Drinks;12.25;11.970234364315818;;12.94840220380393;;24;;;;;58.65;misecast-demand-p50p90-v1;True
FC-596cd8b0-23e8-45fa-9b97-428109f6a917;2026-08-02;2026-08-11;9;Lunch;MI-049;MI-049-STANDARD;Specialty Soda - Karma Cola;Standard;Drinks;12.0;12.013249605509703;;12.977589400018337;;26;;;;;58.86;misecast-demand-p50p90-v1;True
FC-08f33355-19df-4874-9193-b68396201f58;2026-08-02;2026-08-02;0;Dinner;MI-050;MI-050-STANDARD;Specialty Soda - Lemmy;Standard;Drinks;13.75;13.56976616524648;;15.308465948514899;;60;;;;;66.49;misecast-demand-p50p90-v1;True
FC-781fad0f-8836-413b-b3fd-8cc53310e148;2026-08-02;2026-08-03;1;Dinner;MI-050;MI-050-STANDARD;Specialty Soda - Lemmy;Standard;Drinks;12.0;11.928736584961168;;12.989007852084507;;38;;;;;58.45;misecast-demand-p50p90-v1;True
FC-194989cc-0fd4-4172-a7b1-30d8787cefc8;2026-08-02;2026-08-04;2;Dinner;MI-050;MI-050-STANDARD;Specialty Soda - Lemmy;Standard;Drinks;12.0;11.959525477568732;;12.989574778451201;;41;;;;;58.6;misecast-demand-p50p90-v1;True
FC-c04b9d21-35c4-45a1-ba01-2ce1c285d54c;2026-08-02;2026-08-05;3;Dinner;MI-050;MI-050-STANDARD;Specialty Soda - Lemmy;Standard;Drinks;11.25;11.962256859251372;;12.99080468120699;;36;;;;;58.62;misecast-demand-p50p90-v1;True
FC-6651e9e7-3988-42e8-a8d0-76cb338e0e07;2026-08-02;2026-08-06;4;Dinner;MI-050;MI-050-STANDARD;Specialty Soda - Lemmy;Standard;Drinks;12.0;11.861660058153983;;13.002283817864837;;50;;;;;58.12;misecast-demand-p50p90-v1;True
FC-b94d73a6-78c4-4a20-908b-402477bafe1e;2026-08-02;2026-08-07;5;Dinner;MI-050;MI-050-STANDARD;Specialty Soda - Lemmy;Standard;Drinks;12.25;12.155369849904247;;13.05942347511104;;62;;;;;59.56;misecast-demand-p50p90-v1;True
FC-fe60b16f-e47e-47e7-ba8f-3cdc2f09f226;2026-08-02;2026-08-08;6;Dinner;MI-050;MI-050-STANDARD;Specialty Soda - Lemmy;Standard;Drinks;14.75;15.156509945273228;;15.990964059896678;;83;;;;;74.27;misecast-demand-p50p90-v1;True
FC-ba38a379-6f04-4ab5-936e-836bd074a66a;2026-08-02;2026-08-09;7;Dinner;MI-050;MI-050-STANDARD;Specialty Soda - Lemmy;Standard;Drinks;13.75;13.375132035162833;;15.334977265435171;;47;;;;;65.54;misecast-demand-p50p90-v1;True
FC-43a9504a-3c0b-43fe-b0c6-d4b73ec30c07;2026-08-02;2026-08-10;8;Dinner;MI-050;MI-050-STANDARD;Specialty Soda - Lemmy;Standard;Drinks;12.0;11.985809182077354;;13.014576410392692;;35;;;;;58.73;misecast-demand-p50p90-v1;True
FC-81e6eb20-13c5-4f64-9c56-ed5fd4cd058b;2026-08-02;2026-08-11;9;Dinner;MI-050;MI-050-STANDARD;Specialty Soda - Lemmy;Standard;Drinks;12.0;11.94129759504696;;13.01524217903111;;47;;;;;58.51;misecast-demand-p50p90-v1;True
FC-58c851a5-0828-4a1e-9d76-53e0e7978824;2026-08-02;2026-08-02;0;Lunch;MI-050;MI-050-STANDARD;Specialty Soda - Lemmy;Standard;Drinks;13.25;13.024592173706122;;13.595100404001204;;32;;;;;63.82;misecast-demand-p50p90-v1;True
FC-b5db5367-0c97-411b-b51b-ada8d795c169;2026-08-02;2026-08-03;1;Lunch;MI-050;MI-050-STANDARD;Specialty Soda - Lemmy;Standard;Drinks;12.0;11.878203915371985;;12.980990147621092;;22;;;;;58.2;misecast-demand-p50p90-v1;True
FC-c9cec56f-7926-443d-a782-10f2bb1bdccf;2026-08-02;2026-08-04;2;Lunch;MI-050;MI-050-STANDARD;Specialty Soda - Lemmy;Standard;Drinks;12.0;11.925574665481069;;12.97736955171917;;29;;;;;58.44;misecast-demand-p50p90-v1;True
FC-ad9130a3-76f7-484f-8a39-908ee963a432;2026-08-02;2026-08-05;3;Lunch;MI-050;MI-050-STANDARD;Specialty Soda - Lemmy;Standard;Drinks;11.5;11.918968128160904;;12.938349317955675;;22;;;;;58.4;misecast-demand-p50p90-v1;True
FC-26ae5755-920c-44db-9b5d-4e9597da8dce;2026-08-02;2026-08-06;4;Lunch;MI-050;MI-050-STANDARD;Specialty Soda - Lemmy;Standard;Drinks;11.75;11.856999120956985;;12.965115050113406;;36;;;;;58.1;misecast-demand-p50p90-v1;True
FC-0e9a1a80-84d2-4503-b495-cd199c5ac9fe;2026-08-02;2026-08-07;5;Lunch;MI-050;MI-050-STANDARD;Specialty Soda - Lemmy;Standard;Drinks;11.0;11.850349031031495;;12.96691210175535;;37;;;;;58.07;misecast-demand-p50p90-v1;True
FC-5ed76ab8-b161-433d-98fb-b57a33caaa92;2026-08-02;2026-08-08;6;Lunch;MI-050;MI-050-STANDARD;Specialty Soda - Lemmy;Standard;Drinks;13.25;13.085543439663457;;13.966424192404208;;39;;;;;64.12;misecast-demand-p50p90-v1;True
FC-24ffa8f6-4116-4e5a-a911-51848caa8c3a;2026-08-02;2026-08-09;7;Lunch;MI-050;MI-050-STANDARD;Specialty Soda - Lemmy;Standard;Drinks;13.25;13.101871192832832;;13.717328131680107;;30;;;;;64.2;misecast-demand-p50p90-v1;True
FC-194749be-ecb7-49e4-9b5c-b308f1f5ab9c;2026-08-02;2026-08-10;8;Lunch;MI-050;MI-050-STANDARD;Specialty Soda - Lemmy;Standard;Drinks;12.0;11.862447424980788;;12.967388769383383;;24;;;;;58.13;misecast-demand-p50p90-v1;True
FC-03347679-1a26-497e-bb35-51818a213e6d;2026-08-02;2026-08-11;9;Lunch;MI-050;MI-050-STANDARD;Specialty Soda - Lemmy;Standard;Drinks;12.0;11.89656742153883;;12.96797310261501;;26;;;;;58.29;misecast-demand-p50p90-v1;True
FC-a3d36906-e917-4fa1-afb6-3eb5b13672be;2026-08-02;2026-08-02;0;Dinner;MI-051;MI-051-STANDARD;Still Water;Standard;Drinks;24.5;22.836114319567525;;26.680454890393197;;60;;;;;68.51;misecast-demand-p50p90-v1;True
FC-83726e2f-2864-48ec-840b-fa9737236dd9;2026-08-02;2026-08-03;1;Dinner;MI-051;MI-051-STANDARD;Still Water;Standard;Drinks;22.0;20.80305900022723;;23.554311149467363;;38;;;;;62.41;misecast-demand-p50p90-v1;True
FC-a4063baf-0d4a-480b-bed2-70b5cd2f888e;2026-08-02;2026-08-04;2;Dinner;MI-051;MI-051-STANDARD;Still Water;Standard;Drinks;22.0;20.969843758716188;;23.494153920518443;;41;;;;;62.91;misecast-demand-p50p90-v1;True
FC-8451060a-9f71-47af-90dc-a22b36692e6a;2026-08-02;2026-08-05;3;Dinner;MI-051;MI-051-STANDARD;Still Water;Standard;Drinks;23.5;20.954974426804107;;23.64971292802443;;36;;;;;62.86;misecast-demand-p50p90-v1;True
FC-df20bbb0-0706-4689-8ba1-6b93e44a9f0a;2026-08-02;2026-08-06;4;Dinner;MI-051;MI-051-STANDARD;Still Water;Standard;Drinks;22.75;21.29849511836199;;23.678767791576593;;50;;;;;63.9;misecast-demand-p50p90-v1;True
FC-7966c0ed-c782-4e7c-86c6-3d19677d33da;2026-08-02;2026-08-07;5;Dinner;MI-051;MI-051-STANDARD;Still Water;Standard;Drinks;21.75;20.97233344054641;;23.229632913775927;;62;;;;;62.92;misecast-demand-p50p90-v1;True
FC-ea2938ce-3e30-4865-a2dd-9bb9fc7d1547;2026-08-02;2026-08-08;6;Dinner;MI-051;MI-051-STANDARD;Still Water;Standard;Drinks;23.25;21.580724539466186;;25.493759159820463;;83;;;;;64.74;misecast-demand-p50p90-v1;True
FC-1aff1078-4af7-46f9-8e56-e8b2c25ee4e0;2026-08-02;2026-08-09;7;Dinner;MI-051;MI-051-STANDARD;Still Water;Standard;Drinks;24.5;22.65158802962643;;26.267727256789446;;47;;;;;67.95;misecast-demand-p50p90-v1;True
FC-6fcf951c-bafc-4a88-b3f4-5c8abe45c531;2026-08-02;2026-08-10;8;Dinner;MI-051;MI-051-STANDARD;Still Water;Standard;Drinks;22.0;20.9642168547746;;23.21914246732495;;35;;;;;62.89;misecast-demand-p50p90-v1;True
FC-1e811a7a-c47a-476c-8c15-d3e031a895d9;2026-08-02;2026-08-11;9;Dinner;MI-051;MI-051-STANDARD;Still Water;Standard;Drinks;22.0;20.98300282215611;;23.46756399195572;;47;;;;;62.95;misecast-demand-p50p90-v1;True
FC-af5cb863-3f64-4825-8821-dcfecc791a14;2026-08-02;2026-08-02;0;Lunch;MI-051;MI-051-STANDARD;Still Water;Standard;Drinks;23.75;22.570956457184938;;26.347051767678234;;32;;;;;67.71;misecast-demand-p50p90-v1;True
FC-9a778467-4353-45ee-8b27-9f04041fe4c3;2026-08-02;2026-08-03;1;Lunch;MI-051;MI-051-STANDARD;Still Water;Standard;Drinks;21.5;20.837573432439267;;23.12702234987602;;22;;;;;62.51;misecast-demand-p50p90-v1;True
FC-9c9e6d05-a617-473d-93c3-1bdba1bc553d;2026-08-02;2026-08-04;2;Lunch;MI-051;MI-051-STANDARD;Still Water;Standard;Drinks;22.25;20.94598371037531;;23.30183393783874;;29;;;;;62.84;misecast-demand-p50p90-v1;True
FC-78e6f5bf-937a-4e26-859f-50a12681c7f3;2026-08-02;2026-08-05;3;Lunch;MI-051;MI-051-STANDARD;Still Water;Standard;Drinks;23.5;21.059306907984148;;23.49963474029857;;22;;;;;63.18;misecast-demand-p50p90-v1;True
FC-851fc3e7-75aa-40d6-a9f7-5e44807fef01;2026-08-02;2026-08-06;4;Lunch;MI-051;MI-051-STANDARD;Still Water;Standard;Drinks;20.75;20.851459988199593;;22.503472189724548;;36;;;;;62.55;misecast-demand-p50p90-v1;True
FC-4a8ce129-f155-4830-bbcf-899c54e416a5;2026-08-02;2026-08-07;5;Lunch;MI-051;MI-051-STANDARD;Still Water;Standard;Drinks;21.5;21.06678211983175;;23.006261627593638;;37;;;;;63.2;misecast-demand-p50p90-v1;True
FC-acb5f7c8-b001-4eec-9a7a-4880c0b031fd;2026-08-02;2026-08-08;6;Lunch;MI-051;MI-051-STANDARD;Still Water;Standard;Drinks;22.75;21.294486957750106;;25.11708288181874;;39;;;;;63.88;misecast-demand-p50p90-v1;True
FC-8f9d18d1-b778-4fc9-95c3-64d1a634864d;2026-08-02;2026-08-09;7;Lunch;MI-051;MI-051-STANDARD;Still Water;Standard;Drinks;23.75;22.306886126376455;;26.22696719424184;;30;;;;;66.92;misecast-demand-p50p90-v1;True
FC-e0955ec9-c91d-4312-bc57-3b16c670f597;2026-08-02;2026-08-10;8;Lunch;MI-051;MI-051-STANDARD;Still Water;Standard;Drinks;21.5;20.97734354027574;;22.994634442388488;;24;;;;;62.93;misecast-demand-p50p90-v1;True
FC-928c616a-ede3-4d0c-8725-63bdd5c70bcf;2026-08-02;2026-08-11;9;Lunch;MI-051;MI-051-STANDARD;Still Water;Standard;Drinks;22.25;20.951202910272446;;23.276688761793597;;26;;;;;62.85;misecast-demand-p50p90-v1;True
FC-b07be1a6-7e97-4d23-804c-5ad66a0384dd;2026-08-02;2026-08-02;0;Dinner;MI-052;MI-052-STANDARD;Yuzu Ginger Cha;Standard;Drinks;13.0;12.251909912061835;;13.768816540241392;;60;;;;;55.13;misecast-demand-p50p90-v1;True
FC-4ee54a27-02b2-43a8-9139-272a30bca97e;2026-08-02;2026-08-03;1;Dinner;MI-052;MI-052-STANDARD;Yuzu Ginger Cha;Standard;Drinks;11.5;11.032703631504855;;12.191446111214605;;38;;;;;49.65;misecast-demand-p50p90-v1;True
FC-8594a56f-185d-4f07-9821-02bb8f1d6d15;2026-08-02;2026-08-04;2;Dinner;MI-052;MI-052-STANDARD;Yuzu Ginger Cha;Standard;Drinks;11.25;11.023859725331535;;12.238000387641092;;41;;;;;49.61;misecast-demand-p50p90-v1;True
FC-928c4216-76e8-4a50-a24e-205afd864172;2026-08-02;2026-08-05;3;Dinner;MI-052;MI-052-STANDARD;Yuzu Ginger Cha;Standard;Drinks;11.5;10.73774759557449;;12.316409725582282;;36;;;;;48.32;misecast-demand-p50p90-v1;True
FC-619eb488-9ac8-4c68-bb66-11db52fe03a6;2026-08-02;2026-08-06;4;Dinner;MI-052;MI-052-STANDARD;Yuzu Ginger Cha;Standard;Drinks;10.25;10.75679920098037;;11.802416865369558;;50;;;;;48.41;misecast-demand-p50p90-v1;True
FC-e0e113c3-beaf-4831-ae6e-b2af1aab6677;2026-08-02;2026-08-07;5;Dinner;MI-052;MI-052-STANDARD;Yuzu Ginger Cha;Standard;Drinks;12.0;11.035979563472164;;12.416123907373604;;62;;;;;49.66;misecast-demand-p50p90-v1;True
FC-64a3e7a2-c0b8-4871-a838-67dc3e2eaad4;2026-08-02;2026-08-08;6;Dinner;MI-052;MI-052-STANDARD;Yuzu Ginger Cha;Standard;Drinks;12.25;12.67163588166209;;14.15398208396126;;83;;;;;57.02;misecast-demand-p50p90-v1;True
FC-b439ecfe-3ae4-4907-af79-15d41befd1d3;2026-08-02;2026-08-09;7;Dinner;MI-052;MI-052-STANDARD;Yuzu Ginger Cha;Standard;Drinks;13.0;12.121807385682986;;13.858179505107103;;47;;;;;54.55;misecast-demand-p50p90-v1;True
FC-69055980-5f75-4121-89d4-838607c622e8;2026-08-02;2026-08-10;8;Dinner;MI-052;MI-052-STANDARD;Yuzu Ginger Cha;Standard;Drinks;11.5;10.814075386258681;;12.273192785270515;;35;;;;;48.66;misecast-demand-p50p90-v1;True
FC-8b7d2ec2-2d74-4237-83a9-6ec7aa0db4b8;2026-08-02;2026-08-11;9;Dinner;MI-052;MI-052-STANDARD;Yuzu Ginger Cha;Standard;Drinks;11.25;10.77732502238827;;12.278437901321539;;47;;;;;48.5;misecast-demand-p50p90-v1;True
FC-c3aa05d3-c404-420f-a2e8-d2bce665425c;2026-08-02;2026-08-02;0;Lunch;MI-052;MI-052-STANDARD;Yuzu Ginger Cha;Standard;Drinks;12.5;12.074596358100964;;13.005604648595103;;32;;;;;54.34;misecast-demand-p50p90-v1;True
FC-26855ace-a362-4c4e-b693-c0982e4996b0;2026-08-02;2026-08-03;1;Lunch;MI-052;MI-052-STANDARD;Yuzu Ginger Cha;Standard;Drinks;12.0;11.050021529028609;;12.004244138728208;;22;;;;;49.73;misecast-demand-p50p90-v1;True
FC-0b028c78-4461-4542-86a6-614fcb7103ed;2026-08-02;2026-08-04;2;Lunch;MI-052;MI-052-STANDARD;Yuzu Ginger Cha;Standard;Drinks;10.75;10.998864605295188;;11.915203172423801;;29;;;;;49.49;misecast-demand-p50p90-v1;True
FC-4b3b297f-00ee-4af1-a50b-e63296e34c07;2026-08-02;2026-08-05;3;Lunch;MI-052;MI-052-STANDARD;Yuzu Ginger Cha;Standard;Drinks;10.25;10.752042332067116;;11.52261551100981;;22;;;;;48.38;misecast-demand-p50p90-v1;True
FC-bd0e8137-2145-4a63-9683-e3038a0a1abb;2026-08-02;2026-08-06;4;Lunch;MI-052;MI-052-STANDARD;Yuzu Ginger Cha;Standard;Drinks;11.5;10.773920467945574;;12.029731376059638;;36;;;;;48.48;misecast-demand-p50p90-v1;True
FC-3c46dd13-cb97-475f-a5ae-b5daa3c2ab24;2026-08-02;2026-08-07;5;Lunch;MI-052;MI-052-STANDARD;Yuzu Ginger Cha;Standard;Drinks;11.25;10.880719165749998;;12.088160894786574;;37;;;;;48.96;misecast-demand-p50p90-v1;True
FC-d762d492-52ea-4eb2-8a6f-018549020fd8;2026-08-02;2026-08-08;6;Lunch;MI-052;MI-052-STANDARD;Yuzu Ginger Cha;Standard;Drinks;12.0;11.958764842404284;;12.937228691658245;;39;;;;;53.81;misecast-demand-p50p90-v1;True
FC-ba1be40f-c9d0-4363-a636-df103da21cbd;2026-08-02;2026-08-09;7;Lunch;MI-052;MI-052-STANDARD;Yuzu Ginger Cha;Standard;Drinks;12.5;12.05881018107605;;13.037817371879495;;30;;;;;54.26;misecast-demand-p50p90-v1;True
FC-d115283d-5196-4ec1-a920-4fd1e6b785ba;2026-08-02;2026-08-10;8;Lunch;MI-052;MI-052-STANDARD;Yuzu Ginger Cha;Standard;Drinks;12.0;10.813888810278948;;12.033734170375427;;24;;;;;48.66;misecast-demand-p50p90-v1;True
FC-26096365-95f5-4e29-a8a8-47101c23b801;2026-08-02;2026-08-11;9;Lunch;MI-052;MI-052-STANDARD;Yuzu Ginger Cha;Standard;Drinks;10.75;10.785377384531612;;11.91287605226607;;26;;;;;48.53;misecast-demand-p50p90-v1;True
FC-9e6c7512-13b8-4010-ac26-9cc41d188a5a;2026-08-02;2026-08-02;0;Dinner;MI-053;MI-053-STANDARD;Avocado;Standard;Add-ons / Modifiers;2.0;2.000132514368892;;3.000007860700649;;60;;;;;4.0;misecast-demand-p50p90-v1;True
FC-953eb86d-8f9c-4f36-8586-5f942ea2e3c3;2026-08-02;2026-08-03;1;Dinner;MI-053;MI-053-STANDARD;Avocado;Standard;Add-ons / Modifiers;1.0;2.000132514368892;;3.000007860700649;;38;;;;;4.0;misecast-demand-p50p90-v1;True
FC-4dfe0937-5e4f-4369-8bc4-b1634de2eee1;2026-08-02;2026-08-04;2;Dinner;MI-053;MI-053-STANDARD;Avocado;Standard;Add-ons / Modifiers;1.5;2.000132514368892;;3.000007860700649;;41;;;;;4.0;misecast-demand-p50p90-v1;True
FC-40c2cf78-e9e8-4f08-836a-c1514a055261;2026-08-02;2026-08-05;3;Dinner;MI-053;MI-053-STANDARD;Avocado;Standard;Add-ons / Modifiers;1.0;2.000132514368892;;2.2474676783133427;;36;;;;;4.0;misecast-demand-p50p90-v1;True
FC-3208ec76-78aa-4612-96ac-c10f5ca720ff;2026-08-02;2026-08-06;4;Dinner;MI-053;MI-053-STANDARD;Avocado;Standard;Add-ons / Modifiers;1.75;2.000132514368892;;2.3508279590121437;;50;;;;;4.0;misecast-demand-p50p90-v1;True
FC-8fafee69-14f1-483d-9319-5709778a4e3a;2026-08-02;2026-08-07;5;Dinner;MI-053;MI-053-STANDARD;Avocado;Standard;Add-ons / Modifiers;1.0;2.000132514368892;;3.000007860700649;;62;;;;;4.0;misecast-demand-p50p90-v1;True
FC-3859c6c7-f9a6-469d-8623-cd4e569aa265;2026-08-02;2026-08-08;6;Dinner;MI-053;MI-053-STANDARD;Avocado;Standard;Add-ons / Modifiers;2.0;2.000132514368892;;2.4468569268645197;;83;;;;;4.0;misecast-demand-p50p90-v1;True
FC-eb961d35-23ab-4863-b431-cabf8ea89e99;2026-08-02;2026-08-09;7;Dinner;MI-053;MI-053-STANDARD;Avocado;Standard;Add-ons / Modifiers;2.0;2.000132514368892;;3.000007860700649;;47;;;;;4.0;misecast-demand-p50p90-v1;True
FC-0dd35c60-2aaa-4212-ab92-a6f1e81ab285;2026-08-02;2026-08-10;8;Dinner;MI-053;MI-053-STANDARD;Avocado;Standard;Add-ons / Modifiers;1.0;2.000132514368892;;2.2474676783133427;;35;;;;;4.0;misecast-demand-p50p90-v1;True
FC-3b60ea29-42a9-41fb-8d7c-8a5f118237e2;2026-08-02;2026-08-11;9;Dinner;MI-053;MI-053-STANDARD;Avocado;Standard;Add-ons / Modifiers;1.5;2.000132514368892;;2.3387416351171657;;47;;;;;4.0;misecast-demand-p50p90-v1;True
FC-f993a9f7-2a5e-485a-b49d-e0fdd0daada4;2026-08-02;2026-08-02;0;Lunch;MI-053;MI-053-STANDARD;Avocado;Standard;Add-ons / Modifiers;1.5;2.000132514368892;;3.000007860700649;;32;;;;;4.0;misecast-demand-p50p90-v1;True
FC-8bee4c5a-2a56-46d0-9114-12226dbe2f54;2026-08-02;2026-08-03;1;Lunch;MI-053;MI-053-STANDARD;Avocado;Standard;Add-ons / Modifiers;1.0;2.000132514368892;;3.000007860700649;;22;;;;;4.0;misecast-demand-p50p90-v1;True
FC-998d3313-54f4-4244-bd1f-0c6196c12db1;2026-08-02;2026-08-04;2;Lunch;MI-053;MI-053-STANDARD;Avocado;Standard;Add-ons / Modifiers;1.5;2.000132514368892;;3.000007860700649;;29;;;;;4.0;misecast-demand-p50p90-v1;True
FC-944d8067-73e1-46d9-81af-07009dc7159d;2026-08-02;2026-08-05;3;Lunch;MI-053;MI-053-STANDARD;Avocado;Standard;Add-ons / Modifiers;1.75;2.000132514368892;;2.3347584178211562;;22;;;;;4.0;misecast-demand-p50p90-v1;True
FC-e9cdd25a-ceaf-49ac-b5f2-d53ae34d62c8;2026-08-02;2026-08-06;4;Lunch;MI-053;MI-053-STANDARD;Avocado;Standard;Add-ons / Modifiers;1.5;2.000132514368892;;2.2434844610173332;;36;;;;;4.0;misecast-demand-p50p90-v1;True
FC-124a9d10-b10e-459c-aa61-8433517334a6;2026-08-02;2026-08-07;5;Lunch;MI-053;MI-053-STANDARD;Avocado;Standard;Add-ons / Modifiers;1.75;2.000132514368892;;3.000007860700649;;37;;;;;4.0;misecast-demand-p50p90-v1;True
FC-5f46c99c-7788-4bad-9116-441100abf71b;2026-08-02;2026-08-08;6;Lunch;MI-053;MI-053-STANDARD;Avocado;Standard;Add-ons / Modifiers;1.25;2.000132514368892;;3.000007860700649;;39;;;;;4.0;misecast-demand-p50p90-v1;True
FC-f3fe9872-b240-4285-82fa-7b617e3c3926;2026-08-02;2026-08-09;7;Lunch;MI-053;MI-053-STANDARD;Avocado;Standard;Add-ons / Modifiers;1.5;2.000132514368892;;3.000007860700649;;30;;;;;4.0;misecast-demand-p50p90-v1;True
FC-199578b7-3d5f-4ed2-b934-3f8267e7bdd3;2026-08-02;2026-08-10;8;Lunch;MI-053;MI-053-STANDARD;Avocado;Standard;Add-ons / Modifiers;1.0;2.000132514368892;;2.2434844610173332;;24;;;;;4.0;misecast-demand-p50p90-v1;True
FC-a8a700e0-04f6-47c8-b718-5f9e6b53f496;2026-08-02;2026-08-11;9;Lunch;MI-053;MI-053-STANDARD;Avocado;Standard;Add-ons / Modifiers;1.5;2.000132514368892;;2.3347584178211562;;26;;;;;4.0;misecast-demand-p50p90-v1;True
FC-7ec11686-7d0e-4608-bb38-deecdbe78b3a;2026-08-02;2026-08-02;0;Dinner;MI-054;MI-054-STANDARD;63 deg egg;Standard;Add-ons / Modifiers;2.0;2.000132514368892;;3.000007860700649;;60;;;;;5.0;misecast-demand-p50p90-v1;True
FC-a5477a3d-4b12-4448-94cb-2682d74ce318;2026-08-02;2026-08-03;1;Dinner;MI-054;MI-054-STANDARD;63 deg egg;Standard;Add-ons / Modifiers;2.0;2.000132514368892;;3.000007860700649;;38;;;;;5.0;misecast-demand-p50p90-v1;True
FC-f94157e9-cd6a-4367-b1ff-95c131bfef77;2026-08-02;2026-08-04;2;Dinner;MI-054;MI-054-STANDARD;63 deg egg;Standard;Add-ons / Modifiers;2.0;2.000132514368892;;3.000007860700649;;41;;;;;5.0;misecast-demand-p50p90-v1;True
FC-64a48fd7-6353-4af7-bc2d-810bbb2055c6;2026-08-02;2026-08-05;3;Dinner;MI-054;MI-054-STANDARD;63 deg egg;Standard;Add-ons / Modifiers;2.0;2.000132514368892;;2.3387416351171657;;36;;;;;5.0;misecast-demand-p50p90-v1;True
FC-8f072fd4-fc5f-4d83-812b-5147873c4da8;2026-08-02;2026-08-06;4;Dinner;MI-054;MI-054-STANDARD;63 deg egg;Standard;Add-ons / Modifiers;2.0;2.000132514368892;;2.3508279590121437;;50;;;;;5.0;misecast-demand-p50p90-v1;True
FC-0802ff24-69f3-4919-a2db-d1e2152066bb;2026-08-02;2026-08-07;5;Dinner;MI-054;MI-054-STANDARD;63 deg egg;Standard;Add-ons / Modifiers;2.0;2.000132514368892;;3.000007860700649;;62;;;;;5.0;misecast-demand-p50p90-v1;True
FC-be9afb7e-30c6-455f-9cac-ee26411c4bb7;2026-08-02;2026-08-08;6;Dinner;MI-054;MI-054-STANDARD;63 deg egg;Standard;Add-ons / Modifiers;2.0;2.000132514368892;;2.4468569268645197;;83;;;;;5.0;misecast-demand-p50p90-v1;True
FC-3eb58594-b5fe-445a-83c8-0b95e17f26cd;2026-08-02;2026-08-09;7;Dinner;MI-054;MI-054-STANDARD;63 deg egg;Standard;Add-ons / Modifiers;2.0;2.000132514368892;;3.000007860700649;;47;;;;;5.0;misecast-demand-p50p90-v1;True
FC-1241fff3-6a18-4e9b-aa5a-c6bf189951ce;2026-08-02;2026-08-10;8;Dinner;MI-054;MI-054-STANDARD;63 deg egg;Standard;Add-ons / Modifiers;2.0;2.000132514368892;;2.3387416351171657;;35;;;;;5.0;misecast-demand-p50p90-v1;True
FC-4d3d05e8-8be4-4788-aeae-31b336df399c;2026-08-02;2026-08-11;9;Dinner;MI-054;MI-054-STANDARD;63 deg egg;Standard;Add-ons / Modifiers;2.0;2.000132514368892;;2.3387416351171657;;47;;;;;5.0;misecast-demand-p50p90-v1;True
FC-5025fcc0-b8cc-43d1-b213-e75b4bd98559;2026-08-02;2026-08-02;0;Lunch;MI-054;MI-054-STANDARD;63 deg egg;Standard;Add-ons / Modifiers;2.0;2.000132514368892;;3.000007860700649;;32;;;;;5.0;misecast-demand-p50p90-v1;True
FC-8c48fd21-3c16-46f3-9016-d986cce5fa5e;2026-08-02;2026-08-03;1;Lunch;MI-054;MI-054-STANDARD;63 deg egg;Standard;Add-ons / Modifiers;2.0;2.000132514368892;;3.000007860700649;;22;;;;;5.0;misecast-demand-p50p90-v1;True
FC-111f6c57-b830-4f26-b2ca-4a84621598c7;2026-08-02;2026-08-04;2;Lunch;MI-054;MI-054-STANDARD;63 deg egg;Standard;Add-ons / Modifiers;2.0;2.000132514368892;;3.000007860700649;;29;;;;;5.0;misecast-demand-p50p90-v1;True
FC-dffe1254-c390-4c62-9634-7892ccf384c8;2026-08-02;2026-08-05;3;Lunch;MI-054;MI-054-STANDARD;63 deg egg;Standard;Add-ons / Modifiers;2.0;2.000132514368892;;2.3347584178211562;;22;;;;;5.0;misecast-demand-p50p90-v1;True
FC-bf82eb39-e8f7-4c41-8e4e-57d6d4740728;2026-08-02;2026-08-06;4;Lunch;MI-054;MI-054-STANDARD;63 deg egg;Standard;Add-ons / Modifiers;2.0;2.000132514368892;;2.3347584178211562;;36;;;;;5.0;misecast-demand-p50p90-v1;True
FC-626642ba-3901-4f41-9a52-3bddfdf2604d;2026-08-02;2026-08-07;5;Lunch;MI-054;MI-054-STANDARD;63 deg egg;Standard;Add-ons / Modifiers;2.0;2.000132514368892;;3.000007860700649;;37;;;;;5.0;misecast-demand-p50p90-v1;True
FC-ce9eb155-c9e1-4738-8cbd-b0f12fcab7f0;2026-08-02;2026-08-08;6;Lunch;MI-054;MI-054-STANDARD;63 deg egg;Standard;Add-ons / Modifiers;2.0;2.000132514368892;;3.000007860700649;;39;;;;;5.0;misecast-demand-p50p90-v1;True
FC-83d4f213-1539-40ec-9748-8ec7cf2bd36e;2026-08-02;2026-08-09;7;Lunch;MI-054;MI-054-STANDARD;63 deg egg;Standard;Add-ons / Modifiers;2.0;2.000132514368892;;3.000007860700649;;30;;;;;5.0;misecast-demand-p50p90-v1;True
FC-1d3fc812-4a27-46ad-9926-85cdf48fa878;2026-08-02;2026-08-10;8;Lunch;MI-054;MI-054-STANDARD;63 deg egg;Standard;Add-ons / Modifiers;2.0;2.000132514368892;;2.3347584178211562;;24;;;;;5.0;misecast-demand-p50p90-v1;True
FC-d7582b49-4f56-483f-bbd1-b271c0ddd224;2026-08-02;2026-08-11;9;Lunch;MI-054;MI-054-STANDARD;63 deg egg;Standard;Add-ons / Modifiers;2.0;2.000132514368892;;2.3347584178211562;;26;;;;;5.0;misecast-demand-p50p90-v1;True
FC-1b6a1c57-5efc-4aa1-b6ae-ba4827a69316;2026-08-02;2026-08-02;0;Dinner;MI-055;MI-055-STANDARD;Extra Salad;Standard;Add-ons / Modifiers;2.5;2.6939949107284673;;3.000007860700649;;60;;;;;5.39;misecast-demand-p50p90-v1;True
FC-803cb487-2bb8-4ee1-bd03-b51b7a991f28;2026-08-02;2026-08-03;1;Dinner;MI-055;MI-055-STANDARD;Extra Salad;Standard;Add-ons / Modifiers;2.0;2.000132514368892;;3.000007860700649;;38;;;;;4.0;misecast-demand-p50p90-v1;True
FC-9cef23f5-5c53-4931-9835-079aad479ec8;2026-08-02;2026-08-04;2;Dinner;MI-055;MI-055-STANDARD;Extra Salad;Standard;Add-ons / Modifiers;2.0;2.000132514368892;;3.000007860700649;;41;;;;;4.0;misecast-demand-p50p90-v1;True
FC-6dfca621-ff82-41e8-bdeb-c406d6722ba9;2026-08-02;2026-08-05;3;Dinner;MI-055;MI-055-STANDARD;Extra Salad;Standard;Add-ons / Modifiers;2.0;2.000132514368892;;2.3387416351171657;;36;;;;;4.0;misecast-demand-p50p90-v1;True
FC-a2dd95be-1361-42df-b1be-4bf3fba6f36e;2026-08-02;2026-08-06;4;Dinner;MI-055;MI-055-STANDARD;Extra Salad;Standard;Add-ons / Modifiers;2.0;2.000132514368892;;2.3508279590121437;;50;;;;;4.0;misecast-demand-p50p90-v1;True
FC-fa9dac4e-eb9e-4d6d-8690-b77293ee37aa;2026-08-02;2026-08-07;5;Dinner;MI-055;MI-055-STANDARD;Extra Salad;Standard;Add-ons / Modifiers;2.25;1.9880462237235947;;3.000007860700649;;62;;;;;3.98;misecast-demand-p50p90-v1;True
FC-d93c9dd6-6475-4f74-8bea-b87cbc1470b8;2026-08-02;2026-08-08;6;Dinner;MI-055;MI-055-STANDARD;Extra Salad;Standard;Add-ons / Modifiers;2.75;2.7053254750263274;;3.015699911353319;;83;;;;;5.41;misecast-demand-p50p90-v1;True
FC-c1cf5fa0-5887-4110-9468-b67c75df81fc;2026-08-02;2026-08-09;7;Dinner;MI-055;MI-055-STANDARD;Extra Salad;Standard;Add-ons / Modifiers;2.5;2.7627025626296327;;3.1064462517406475;;47;;;;;5.53;misecast-demand-p50p90-v1;True
FC-d2dba997-8ae0-470e-b67c-4315121616a0;2026-08-02;2026-08-10;8;Dinner;MI-055;MI-055-STANDARD;Extra Salad;Standard;Add-ons / Modifiers;2.0;2.000132514368892;;2.3387416351171657;;35;;;;;4.0;misecast-demand-p50p90-v1;True
FC-135400ea-723e-4c14-b7a6-d46f82a0f756;2026-08-02;2026-08-11;9;Dinner;MI-055;MI-055-STANDARD;Extra Salad;Standard;Add-ons / Modifiers;2.0;2.000132514368892;;2.3387416351171657;;47;;;;;4.0;misecast-demand-p50p90-v1;True
FC-1b6e91d0-b99f-4ac1-a869-499f7faee617;2026-08-02;2026-08-02;0;Lunch;MI-055;MI-055-STANDARD;Extra Salad;Standard;Add-ons / Modifiers;2.25;1.9879746552687216;;3.000007860700649;;32;;;;;3.98;misecast-demand-p50p90-v1;True
FC-7f31e753-277e-499d-968d-5a98408e4dcb;2026-08-02;2026-08-03;1;Lunch;MI-055;MI-055-STANDARD;Extra Salad;Standard;Add-ons / Modifiers;2.0;2.000132514368892;;3.000007860700649;;22;;;;;4.0;misecast-demand-p50p90-v1;True
FC-aef40151-0e20-4c62-bb59-86be10f9e320;2026-08-02;2026-08-04;2;Lunch;MI-055;MI-055-STANDARD;Extra Salad;Standard;Add-ons / Modifiers;2.0;2.000132514368892;;3.000007860700649;;29;;;;;4.0;misecast-demand-p50p90-v1;True
FC-763f6c78-834a-4b2d-b4a5-916ffaa4645e;2026-08-02;2026-08-05;3;Lunch;MI-055;MI-055-STANDARD;Extra Salad;Standard;Add-ons / Modifiers;2.0;2.000132514368892;;2.3347584178211562;;22;;;;;4.0;misecast-demand-p50p90-v1;True
FC-42fb00cf-826b-4b38-a65f-8079ddf60c4b;2026-08-02;2026-08-06;4;Lunch;MI-055;MI-055-STANDARD;Extra Salad;Standard;Add-ons / Modifiers;2.0;2.000132514368892;;2.3347584178211562;;36;;;;;4.0;misecast-demand-p50p90-v1;True
FC-3e12fd77-5a1a-4acd-a862-8c9856ac333e;2026-08-02;2026-08-07;5;Lunch;MI-055;MI-055-STANDARD;Extra Salad;Standard;Add-ons / Modifiers;2.0;2.000132514368892;;3.000007860700649;;37;;;;;4.0;misecast-demand-p50p90-v1;True
FC-f2ddc7f7-b729-48c9-886f-a3def41c4c76;2026-08-02;2026-08-08;6;Lunch;MI-055;MI-055-STANDARD;Extra Salad;Standard;Add-ons / Modifiers;2.5;2.687321298433874;;3.000007860700649;;39;;;;;5.37;misecast-demand-p50p90-v1;True
FC-f8862900-e85a-49d1-af19-4a1764a3a293;2026-08-02;2026-08-09;7;Lunch;MI-055;MI-055-STANDARD;Extra Salad;Standard;Add-ons / Modifiers;2.25;1.9665336201376669;;3.000007860700649;;30;;;;;3.93;misecast-demand-p50p90-v1;True
FC-b6e783c6-91dd-489b-8da3-53d91763124b;2026-08-02;2026-08-10;8;Lunch;MI-055;MI-055-STANDARD;Extra Salad;Standard;Add-ons / Modifiers;2.0;2.000132514368892;;2.3347584178211562;;24;;;;;4.0;misecast-demand-p50p90-v1;True
FC-2ba91ef8-e694-4ee7-8c94-9774d27ee70a;2026-08-02;2026-08-11;9;Lunch;MI-055;MI-055-STANDARD;Extra Salad;Standard;Add-ons / Modifiers;2.0;2.000132514368892;;2.3347584178211562;;26;;;;;4.0;misecast-demand-p50p90-v1;True
FC-d4d87df4-6370-4f35-86a5-cd6deab64616;2026-08-02;2026-08-02;0;Dinner;MI-056;MI-056-STANDARD;Standard topping (kimchi, corn, edamame, nori, etc.);Standard;Add-ons / Modifiers;1.5;2.000132514368892;;3.000007860700649;;60;;;;;1.0;misecast-demand-p50p90-v1;True
FC-3b7411d4-e7f2-427a-8837-239a8e278a15;2026-08-02;2026-08-03;1;Dinner;MI-056;MI-056-STANDARD;Standard topping (kimchi, corn, edamame, nori, etc.);Standard;Add-ons / Modifiers;1.0;2.000132514368892;;3.000007860700649;;38;;;;;1.0;misecast-demand-p50p90-v1;True
FC-75990cab-205d-41c2-b037-33c3e3d508e7;2026-08-02;2026-08-04;2;Dinner;MI-056;MI-056-STANDARD;Standard topping (kimchi, corn, edamame, nori, etc.);Standard;Add-ons / Modifiers;1.0;2.000132514368892;;3.000007860700649;;41;;;;;1.0;misecast-demand-p50p90-v1;True
FC-8fd748a1-7c7e-45ff-95c8-a05760c2937e;2026-08-02;2026-08-05;3;Dinner;MI-056;MI-056-STANDARD;Standard topping (kimchi, corn, edamame, nori, etc.);Standard;Add-ons / Modifiers;1.0;2.000132514368892;;2.2474676783133427;;36;;;;;1.0;misecast-demand-p50p90-v1;True
FC-0347ba43-941e-4a32-8579-ae557712ec87;2026-08-02;2026-08-06;4;Dinner;MI-056;MI-056-STANDARD;Standard topping (kimchi, corn, edamame, nori, etc.);Standard;Add-ons / Modifiers;1.0;2.000132514368892;;2.2595540022083207;;50;;;;;1.0;misecast-demand-p50p90-v1;True
FC-76a16981-db18-4943-a89d-fe1e2fbfe7eb;2026-08-02;2026-08-07;5;Dinner;MI-056;MI-056-STANDARD;Standard topping (kimchi, corn, edamame, nori, etc.);Standard;Add-ons / Modifiers;1.0;2.000132514368892;;3.000007860700649;;62;;;;;1.0;misecast-demand-p50p90-v1;True
FC-a50e6fcd-df52-47e5-818b-63551d5ee7bc;2026-08-02;2026-08-08;6;Dinner;MI-056;MI-056-STANDARD;Standard topping (kimchi, corn, edamame, nori, etc.);Standard;Add-ons / Modifiers;1.5;2.000132514368892;;2.4468569268645197;;83;;;;;1.0;misecast-demand-p50p90-v1;True
FC-a808e1ae-b2dd-4d55-91e6-7a111b207728;2026-08-02;2026-08-09;7;Dinner;MI-056;MI-056-STANDARD;Standard topping (kimchi, corn, edamame, nori, etc.);Standard;Add-ons / Modifiers;1.5;2.000132514368892;;3.000007860700649;;47;;;;;1.0;misecast-demand-p50p90-v1;True
FC-22cef32e-a368-44ab-aca0-c02429b03c28;2026-08-02;2026-08-10;8;Dinner;MI-056;MI-056-STANDARD;Standard topping (kimchi, corn, edamame, nori, etc.);Standard;Add-ons / Modifiers;1.0;2.000132514368892;;2.2474676783133427;;35;;;;;1.0;misecast-demand-p50p90-v1;True
FC-cc8c1b66-b3fc-4a51-936d-be611506e2cd;2026-08-02;2026-08-11;9;Dinner;MI-056;MI-056-STANDARD;Standard topping (kimchi, corn, edamame, nori, etc.);Standard;Add-ons / Modifiers;1.0;2.000132514368892;;2.2474676783133427;;47;;;;;1.0;misecast-demand-p50p90-v1;True
FC-e86ae57d-50eb-4284-a06e-e087b319833f;2026-08-02;2026-08-02;0;Lunch;MI-056;MI-056-STANDARD;Standard topping (kimchi, corn, edamame, nori, etc.);Standard;Add-ons / Modifiers;1.25;2.000132514368892;;3.000007860700649;;32;;;;;1.0;misecast-demand-p50p90-v1;True
FC-3a515dd8-1e4f-4065-861e-27c56501de70;2026-08-02;2026-08-03;1;Lunch;MI-056;MI-056-STANDARD;Standard topping (kimchi, corn, edamame, nori, etc.);Standard;Add-ons / Modifiers;1.0;2.000132514368892;;3.000007860700649;;22;;;;;1.0;misecast-demand-p50p90-v1;True
FC-41fb8eb1-8537-4fad-97a8-70593ee1d478;2026-08-02;2026-08-04;2;Lunch;MI-056;MI-056-STANDARD;Standard topping (kimchi, corn, edamame, nori, etc.);Standard;Add-ons / Modifiers;1.0;2.000132514368892;;3.000007860700649;;29;;;;;1.0;misecast-demand-p50p90-v1;True
FC-0bb0164a-d1ca-4cae-8f48-561db4a9955f;2026-08-02;2026-08-05;3;Lunch;MI-056;MI-056-STANDARD;Standard topping (kimchi, corn, edamame, nori, etc.);Standard;Add-ons / Modifiers;1.0;2.000132514368892;;2.2434844610173332;;22;;;;;1.0;misecast-demand-p50p90-v1;True
FC-4966e016-b028-4d72-8a2d-a8b61efc5004;2026-08-02;2026-08-06;4;Lunch;MI-056;MI-056-STANDARD;Standard topping (kimchi, corn, edamame, nori, etc.);Standard;Add-ons / Modifiers;1.0;2.000132514368892;;2.2434844610173332;;36;;;;;1.0;misecast-demand-p50p90-v1;True
FC-cd1c0895-aeec-4069-8e26-13e42e8e2772;2026-08-02;2026-08-07;5;Lunch;MI-056;MI-056-STANDARD;Standard topping (kimchi, corn, edamame, nori, etc.);Standard;Add-ons / Modifiers;1.0;2.000132514368892;;3.000007860700649;;37;;;;;1.0;misecast-demand-p50p90-v1;True
FC-c5422496-fb83-42a9-b0d2-7660a500275f;2026-08-02;2026-08-08;6;Lunch;MI-056;MI-056-STANDARD;Standard topping (kimchi, corn, edamame, nori, etc.);Standard;Add-ons / Modifiers;1.5;2.000132514368892;;3.000007860700649;;39;;;;;1.0;misecast-demand-p50p90-v1;True
FC-d4224ef1-3885-47d7-b8a9-cdfae3c70c94;2026-08-02;2026-08-09;7;Lunch;MI-056;MI-056-STANDARD;Standard topping (kimchi, corn, edamame, nori, etc.);Standard;Add-ons / Modifiers;1.25;2.000132514368892;;3.000007860700649;;30;;;;;1.0;misecast-demand-p50p90-v1;True
FC-34785b2a-bd33-40c8-b0dc-31d37279196a;2026-08-02;2026-08-10;8;Lunch;MI-056;MI-056-STANDARD;Standard topping (kimchi, corn, edamame, nori, etc.);Standard;Add-ons / Modifiers;1.0;2.000132514368892;;2.2434844610173332;;24;;;;;1.0;misecast-demand-p50p90-v1;True
FC-713ce5ff-2f1e-4ada-9d66-ff07f34a2ca0;2026-08-02;2026-08-11;9;Lunch;MI-056;MI-056-STANDARD;Standard topping (kimchi, corn, edamame, nori, etc.);Standard;Add-ons / Modifiers;1.0;2.000132514368892;;2.2434844610173332;;26;;;;;1.0;misecast-demand-p50p90-v1;True
FC-54f5c130-d26b-436e-aada-ea24fa4ba795;2026-08-02;2026-08-02;0;Dinner;MI-057;MI-057-STANDARD;Extra Sauce (any);Standard;Add-ons / Modifiers;1.0;2.000132514368892;;3.000007860700649;;60;;;;;3.0;misecast-demand-p50p90-v1;True
FC-512df595-00d6-40d5-b731-ac0183402c81;2026-08-02;2026-08-03;1;Dinner;MI-057;MI-057-STANDARD;Extra Sauce (any);Standard;Add-ons / Modifiers;1.0;2.000132514368892;;3.000007860700649;;38;;;;;3.0;misecast-demand-p50p90-v1;True
FC-14118e91-46e6-4603-87d4-2696167798cd;2026-08-02;2026-08-04;2;Dinner;MI-057;MI-057-STANDARD;Extra Sauce (any);Standard;Add-ons / Modifiers;1.0;2.000132514368892;;3.000007860700649;;41;;;;;3.0;misecast-demand-p50p90-v1;True
FC-7cd460d0-4800-4879-acc9-f738a5794471;2026-08-02;2026-08-05;3;Dinner;MI-057;MI-057-STANDARD;Extra Sauce (any);Standard;Add-ons / Modifiers;1.0;2.000132514368892;;2.2474676783133427;;36;;;;;3.0;misecast-demand-p50p90-v1;True
FC-66866da5-e52a-44f9-94e3-9e2bc54253b4;2026-08-02;2026-08-06;4;Dinner;MI-057;MI-057-STANDARD;Extra Sauce (any);Standard;Add-ons / Modifiers;1.0;2.000132514368892;;2.2595540022083207;;50;;;;;3.0;misecast-demand-p50p90-v1;True
FC-3c5b8f59-e84f-40b1-8cfd-983e35cb2b51;2026-08-02;2026-08-07;5;Dinner;MI-057;MI-057-STANDARD;Extra Sauce (any);Standard;Add-ons / Modifiers;1.0;2.000132514368892;;3.000007860700649;;62;;;;;3.0;misecast-demand-p50p90-v1;True
FC-5db03bec-7488-42d3-a9db-7366c74d7a68;2026-08-02;2026-08-08;6;Dinner;MI-057;MI-057-STANDARD;Extra Sauce (any);Standard;Add-ons / Modifiers;1.25;2.000132514368892;;2.4206779000676186;;83;;;;;3.0;misecast-demand-p50p90-v1;True
FC-e51c543f-7606-4b64-89ac-d1bdec88c48a;2026-08-02;2026-08-09;7;Dinner;MI-057;MI-057-STANDARD;Extra Sauce (any);Standard;Add-ons / Modifiers;1.0;2.000132514368892;;3.000007860700649;;47;;;;;3.0;misecast-demand-p50p90-v1;True
FC-385bd105-64c6-451c-a0d8-10cff86c6c8d;2026-08-02;2026-08-10;8;Dinner;MI-057;MI-057-STANDARD;Extra Sauce (any);Standard;Add-ons / Modifiers;1.0;2.000132514368892;;2.2474676783133427;;35;;;;;3.0;misecast-demand-p50p90-v1;True
FC-61d17f1a-2997-4f41-bb3f-46db790f8413;2026-08-02;2026-08-11;9;Dinner;MI-057;MI-057-STANDARD;Extra Sauce (any);Standard;Add-ons / Modifiers;1.0;2.000132514368892;;2.2474676783133427;;47;;;;;3.0;misecast-demand-p50p90-v1;True
FC-16d83ade-7f7c-4850-aed6-f20ae351a5f6;2026-08-02;2026-08-02;0;Lunch;MI-057;MI-057-STANDARD;Extra Sauce (any);Standard;Add-ons / Modifiers;1.0;2.000132514368892;;3.000007860700649;;32;;;;;3.0;misecast-demand-p50p90-v1;True
FC-07f1e383-4921-48a9-a772-5a9f8005bbb1;2026-08-02;2026-08-03;1;Lunch;MI-057;MI-057-STANDARD;Extra Sauce (any);Standard;Add-ons / Modifiers;1.0;2.000132514368892;;3.000007860700649;;22;;;;;3.0;misecast-demand-p50p90-v1;True
FC-753703e4-ebc1-4a7a-951a-726c9b0bcf57;2026-08-02;2026-08-04;2;Lunch;MI-057;MI-057-STANDARD;Extra Sauce (any);Standard;Add-ons / Modifiers;1.0;2.000132514368892;;3.000007860700649;;29;;;;;3.0;misecast-demand-p50p90-v1;True
FC-7339629e-b079-4d46-bdbe-0519a735dd11;2026-08-02;2026-08-05;3;Lunch;MI-057;MI-057-STANDARD;Extra Sauce (any);Standard;Add-ons / Modifiers;1.0;2.000132514368892;;2.2434844610173332;;22;;;;;3.0;misecast-demand-p50p90-v1;True
FC-91432d80-8a0a-474c-878f-1c5b92df0bd8;2026-08-02;2026-08-06;4;Lunch;MI-057;MI-057-STANDARD;Extra Sauce (any);Standard;Add-ons / Modifiers;1.0;2.000132514368892;;2.2434844610173332;;36;;;;;3.0;misecast-demand-p50p90-v1;True
FC-b1448f44-2af5-49fa-9d56-881b5e59c1e4;2026-08-02;2026-08-07;5;Lunch;MI-057;MI-057-STANDARD;Extra Sauce (any);Standard;Add-ons / Modifiers;1.0;2.000132514368892;;3.000007860700649;;37;;;;;3.0;misecast-demand-p50p90-v1;True
FC-d662c314-9d78-483a-9f43-d3355644a79a;2026-08-02;2026-08-08;6;Lunch;MI-057;MI-057-STANDARD;Extra Sauce (any);Standard;Add-ons / Modifiers;1.0;2.000132514368892;;3.000007860700649;;39;;;;;3.0;misecast-demand-p50p90-v1;True
FC-d0c0c743-0f6d-4e72-84ce-01028194e46f;2026-08-02;2026-08-09;7;Lunch;MI-057;MI-057-STANDARD;Extra Sauce (any);Standard;Add-ons / Modifiers;1.0;2.000132514368892;;3.000007860700649;;30;;;;;3.0;misecast-demand-p50p90-v1;True
FC-5b934b22-8d7f-4adf-9238-3ae6ba19d82e;2026-08-02;2026-08-10;8;Lunch;MI-057;MI-057-STANDARD;Extra Sauce (any);Standard;Add-ons / Modifiers;1.0;2.000132514368892;;2.2434844610173332;;24;;;;;3.0;misecast-demand-p50p90-v1;True
FC-35012966-9d83-4c67-9bb4-f365066eec02;2026-08-02;2026-08-11;9;Lunch;MI-057;MI-057-STANDARD;Extra Sauce (any);Standard;Add-ons / Modifiers;1.0;2.000132514368892;;2.2434844610173332;;26;;;;;3.0;misecast-demand-p50p90-v1;True
FC-9f17cf93-7c78-4534-8646-0f81a834e528;2026-08-02;2026-08-02;0;Dinner;MI-058;MI-058-STANDARD;Extra Sous-vide / Seared Chicken;Standard;Add-ons / Modifiers;3.5;3.4582877239267815;;3.860575717377708;;60;;;;;13.83;misecast-demand-p50p90-v1;True
FC-5cd914c9-c1b2-4dce-af41-4645371af566;2026-08-02;2026-08-03;1;Dinner;MI-058;MI-058-STANDARD;Extra Sous-vide / Seared Chicken;Standard;Add-ons / Modifiers;2.5;2.9999927999091534;;3.000007860700649;;38;;;;;12.0;misecast-demand-p50p90-v1;True
FC-10589273-7867-4553-afe4-3d321f79bb4d;2026-08-02;2026-08-04;2;Dinner;MI-058;MI-058-STANDARD;Extra Sous-vide / Seared Chicken;Standard;Add-ons / Modifiers;3.0;2.9999927999091534;;3.000007860700649;;41;;;;;12.0;misecast-demand-p50p90-v1;True
FC-8e1cd8cb-fb97-48bf-96d7-44ca82e143b2;2026-08-02;2026-08-05;3;Dinner;MI-058;MI-058-STANDARD;Extra Sous-vide / Seared Chicken;Standard;Add-ons / Modifiers;3.0;2.9999927999091534;;3.030231678691764;;36;;;;;12.0;misecast-demand-p50p90-v1;True
FC-9671440b-23b0-479e-815b-08006620d553;2026-08-02;2026-08-06;4;Dinner;MI-058;MI-058-STANDARD;Extra Sous-vide / Seared Chicken;Standard;Add-ons / Modifiers;3.0;2.9999927999091534;;3.042318002586742;;50;;;;;12.0;misecast-demand-p50p90-v1;True
FC-14144711-3eba-4077-971f-9921223dc645;2026-08-02;2026-08-07;5;Dinner;MI-058;MI-058-STANDARD;Extra Sous-vide / Seared Chicken;Standard;Add-ons / Modifiers;3.0;2.9999927999091534;;3.000007860700649;;62;;;;;12.0;misecast-demand-p50p90-v1;True
FC-8293fe48-8c87-4230-bbf7-0c840d225c31;2026-08-02;2026-08-08;6;Dinner;MI-058;MI-058-STANDARD;Extra Sous-vide / Seared Chicken;Standard;Add-ons / Modifiers;3.75;3.3716626916711703;;4.886815520617043;;83;;;;;13.49;misecast-demand-p50p90-v1;True
FC-eaef27fb-6635-48db-a1e8-742185d73f46;2026-08-02;2026-08-09;7;Dinner;MI-058;MI-058-STANDARD;Extra Sous-vide / Seared Chicken;Standard;Add-ons / Modifiers;3.5;3.261449845584648;;3.973834726978101;;47;;;;;13.05;misecast-demand-p50p90-v1;True
FC-73a15436-82d4-4c41-9dda-c9513365aaf2;2026-08-02;2026-08-10;8;Dinner;MI-058;MI-058-STANDARD;Extra Sous-vide / Seared Chicken;Standard;Add-ons / Modifiers;2.5;2.9999927999091534;;3.030231678691764;;35;;;;;12.0;misecast-demand-p50p90-v1;True
FC-09c9b6fb-763f-4ab1-ba17-e5a61fddcdea;2026-08-02;2026-08-11;9;Dinner;MI-058;MI-058-STANDARD;Extra Sous-vide / Seared Chicken;Standard;Add-ons / Modifiers;3.0;2.9999927999091534;;3.030231678691764;;47;;;;;12.0;misecast-demand-p50p90-v1;True
FC-139a21e6-8269-489b-8bb8-185d2a80f005;2026-08-02;2026-08-02;0;Lunch;MI-058;MI-058-STANDARD;Extra Sous-vide / Seared Chicken;Standard;Add-ons / Modifiers;3.0;2.9999927999091534;;3.000007860700649;;32;;;;;12.0;misecast-demand-p50p90-v1;True
FC-37fe7411-3e4b-4723-8506-506fe753eb1a;2026-08-02;2026-08-03;1;Lunch;MI-058;MI-058-STANDARD;Extra Sous-vide / Seared Chicken;Standard;Add-ons / Modifiers;3.0;2.9999927999091534;;3.000007860700649;;22;;;;;12.0;misecast-demand-p50p90-v1;True
FC-2ddd3ef9-82e9-4493-bf09-4c74184466fd;2026-08-02;2026-08-04;2;Lunch;MI-058;MI-058-STANDARD;Extra Sous-vide / Seared Chicken;Standard;Add-ons / Modifiers;3.0;2.9999927999091534;;3.000007860700649;;29;;;;;12.0;misecast-demand-p50p90-v1;True
FC-7cf00137-c27d-4570-aa62-6ac160cf5f85;2026-08-02;2026-08-05;3;Lunch;MI-058;MI-058-STANDARD;Extra Sous-vide / Seared Chicken;Standard;Add-ons / Modifiers;3.0;2.9999927999091534;;3.0262484613957543;;22;;;;;12.0;misecast-demand-p50p90-v1;True
FC-5d645d0b-5e17-4de8-8abc-e7d2cf9103d6;2026-08-02;2026-08-06;4;Lunch;MI-058;MI-058-STANDARD;Extra Sous-vide / Seared Chicken;Standard;Add-ons / Modifiers;3.0;2.9999927999091534;;3.0262484613957543;;36;;;;;12.0;misecast-demand-p50p90-v1;True
FC-7eb3b18b-c393-4d8d-8b77-9ff363c41835;2026-08-02;2026-08-07;5;Lunch;MI-058;MI-058-STANDARD;Extra Sous-vide / Seared Chicken;Standard;Add-ons / Modifiers;2.75;2.9999927999091534;;3.000007860700649;;37;;;;;12.0;misecast-demand-p50p90-v1;True
FC-57a2c8c4-246b-4692-84c1-96d64ba9953e;2026-08-02;2026-08-08;6;Lunch;MI-058;MI-058-STANDARD;Extra Sous-vide / Seared Chicken;Standard;Add-ons / Modifiers;3.0;2.9999927999091534;;3.000007860700649;;39;;;;;12.0;misecast-demand-p50p90-v1;True
FC-2e13204e-5047-4eef-884d-26585acb1f9e;2026-08-02;2026-08-09;7;Lunch;MI-058;MI-058-STANDARD;Extra Sous-vide / Seared Chicken;Standard;Add-ons / Modifiers;3.0;2.9999927999091534;;3.1064462517406475;;30;;;;;12.0;misecast-demand-p50p90-v1;True
FC-65e026df-2094-4089-8753-05753b66e55d;2026-08-02;2026-08-10;8;Lunch;MI-058;MI-058-STANDARD;Extra Sous-vide / Seared Chicken;Standard;Add-ons / Modifiers;3.0;2.9999927999091534;;3.0262484613957543;;24;;;;;12.0;misecast-demand-p50p90-v1;True
FC-c4d81dac-4b1d-400d-a3bf-f44580e3c556;2026-08-02;2026-08-11;9;Lunch;MI-058;MI-058-STANDARD;Extra Sous-vide / Seared Chicken;Standard;Add-ons / Modifiers;3.0;2.9999927999091534;;3.0262484613957543;;26;;;;;12.0;misecast-demand-p50p90-v1;True
FC-e8143ceb-e2b5-42b3-8192-6015659e273e;2026-08-02;2026-08-02;0;Dinner;MI-059;MI-059-STANDARD;Extra Pan Seared Tofu;Standard;Add-ons / Modifiers;2.75;2.9415882514824587;;3.000007860700649;;60;;;;;11.77;misecast-demand-p50p90-v1;True
FC-14e9efb9-894a-4143-84f0-db601e2c0cdf;2026-08-02;2026-08-03;1;Dinner;MI-059;MI-059-STANDARD;Extra Pan Seared Tofu;Standard;Add-ons / Modifiers;2.25;2.032679889339095;;3.000007860700649;;38;;;;;8.13;misecast-demand-p50p90-v1;True
FC-3fed38ef-45c1-4db3-9958-d10969dfc174;2026-08-02;2026-08-04;2;Dinner;MI-059;MI-059-STANDARD;Extra Pan Seared Tofu;Standard;Add-ons / Modifiers;2.25;2.0223056583961494;;3.000007860700649;;41;;;;;8.09;misecast-demand-p50p90-v1;True
FC-7b0e0a72-c7ed-4348-95f5-84b6fb733f79;2026-08-02;2026-08-05;3;Dinner;MI-059;MI-059-STANDARD;Extra Pan Seared Tofu;Standard;Add-ons / Modifiers;2.25;2.0158618692717414;;2.9237932876517654;;36;;;;;8.06;misecast-demand-p50p90-v1;True
FC-e4541f53-5bb9-4d2f-9f8d-9f3acb6454be;2026-08-02;2026-08-06;4;Dinner;MI-059;MI-059-STANDARD;Extra Pan Seared Tofu;Standard;Add-ons / Modifiers;2.5;2.0696998075866295;;3.042318002586742;;50;;;;;8.28;misecast-demand-p50p90-v1;True
FC-81447026-299a-4e61-b08c-25dbf8bae52c;2026-08-02;2026-08-07;5;Dinner;MI-059;MI-059-STANDARD;Extra Pan Seared Tofu;Standard;Add-ons / Modifiers;2.25;1.9866681178121992;;3.000007860700649;;62;;;;;7.95;misecast-demand-p50p90-v1;True
FC-04bf7665-1f1e-4dfc-b7ae-a55484a8afff;2026-08-02;2026-08-08;6;Dinner;MI-059;MI-059-STANDARD;Extra Pan Seared Tofu;Standard;Add-ons / Modifiers;2.5;2.932845686784582;;3.016199089901148;;83;;;;;11.73;misecast-demand-p50p90-v1;True
FC-c3a46ecd-f40c-463f-8a21-6480076c9c41;2026-08-02;2026-08-09;7;Dinner;MI-059;MI-059-STANDARD;Extra Pan Seared Tofu;Standard;Add-ons / Modifiers;2.75;2.863434850061024;;3.1064462517406475;;47;;;;;11.45;misecast-demand-p50p90-v1;True
FC-020e3bb2-8b4a-492f-aa4a-c0af0b99aba4;2026-08-02;2026-08-10;8;Dinner;MI-059;MI-059-STANDARD;Extra Pan Seared Tofu;Standard;Add-ons / Modifiers;2.25;1.9840934533454697;;2.928743962993317;;35;;;;;7.94;misecast-demand-p50p90-v1;True
FC-516cfe42-43fa-46f1-bc26-2d62610c5af9;2026-08-02;2026-08-11;9;Dinner;MI-059;MI-059-STANDARD;Extra Pan Seared Tofu;Standard;Add-ons / Modifiers;2.25;1.977341001430425;;2.928743962993317;;47;;;;;7.91;misecast-demand-p50p90-v1;True
FC-a0464671-d81b-48ae-adfa-d4f47603cfb7;2026-08-02;2026-08-02;0;Lunch;MI-059;MI-059-STANDARD;Extra Pan Seared Tofu;Standard;Add-ons / Modifiers;2.5;2.7325976519539275;;3.000007860700649;;32;;;;;10.93;misecast-demand-p50p90-v1;True
FC-d6ac708c-95e2-4b36-aa9e-7690cc4d77ec;2026-08-02;2026-08-03;1;Lunch;MI-059;MI-059-STANDARD;Extra Pan Seared Tofu;Standard;Add-ons / Modifiers;2.25;2.013159819800482;;3.000007860700649;;22;;;;;8.05;misecast-demand-p50p90-v1;True
FC-efbb8bd0-69fe-4ba4-8095-6498b50fc61d;2026-08-02;2026-08-04;2;Lunch;MI-059;MI-059-STANDARD;Extra Pan Seared Tofu;Standard;Add-ons / Modifiers;2.25;1.9947334375614252;;3.000007860700649;;29;;;;;7.98;misecast-demand-p50p90-v1;True
FC-c51b8699-0092-4092-9f03-1cbfaa6f4586;2026-08-02;2026-08-05;3;Lunch;MI-059;MI-059-STANDARD;Extra Pan Seared Tofu;Standard;Add-ons / Modifiers;2.5;2.1990085273252444;;3.209748522928602;;22;;;;;8.8;misecast-demand-p50p90-v1;True
FC-d5c0071d-c961-4ffc-9533-ea672b833ebe;2026-08-02;2026-08-06;4;Lunch;MI-059;MI-059-STANDARD;Extra Pan Seared Tofu;Standard;Add-ons / Modifiers;2.25;2.0213070485396205;;3.1033101318886036;;36;;;;;8.09;misecast-demand-p50p90-v1;True
FC-6cd86e84-8a80-42e2-bb4d-c3f294bfb189;2026-08-02;2026-08-07;5;Lunch;MI-059;MI-059-STANDARD;Extra Pan Seared Tofu;Standard;Add-ons / Modifiers;2.5;2.0850152859701474;;3.000007860700649;;37;;;;;8.34;misecast-demand-p50p90-v1;True
FC-73ff5854-6986-4462-9222-ffadf4b9bead;2026-08-02;2026-08-08;6;Lunch;MI-059;MI-059-STANDARD;Extra Pan Seared Tofu;Standard;Add-ons / Modifiers;2.25;2.2009802324621295;;3.000007860700649;;39;;;;;8.8;misecast-demand-p50p90-v1;True
FC-1c9f6dd1-4377-4b17-8868-4b04a263714c;2026-08-02;2026-08-09;7;Lunch;MI-059;MI-059-STANDARD;Extra Pan Seared Tofu;Standard;Add-ons / Modifiers;2.5;2.7512249239212627;;3.1064462517406475;;30;;;;;11.0;misecast-demand-p50p90-v1;True
FC-a1a811a1-93d0-4832-ac62-cd5873f1dd27;2026-08-02;2026-08-10;8;Lunch;MI-059;MI-059-STANDARD;Extra Pan Seared Tofu;Standard;Add-ons / Modifiers;2.25;1.963796045288225;;3.1033101318886036;;24;;;;;7.86;misecast-demand-p50p90-v1;True
FC-ce23c071-7e9a-43d8-9044-edc63fbb71d6;2026-08-02;2026-08-11;9;Lunch;MI-059;MI-059-STANDARD;Extra Pan Seared Tofu;Standard;Add-ons / Modifiers;2.25;1.9696724050445793;;3.1033101318886036;;26;;;;;7.88;misecast-demand-p50p90-v1;True
FC-e95cd101-7f7d-42a1-801e-a2fda209d6a3;2026-08-02;2026-08-02;0;Dinner;MI-060;MI-060-STANDARD;Extra Eggplant;Standard;Add-ons / Modifiers;4.25;4.738166795714399;;4.738166795714399;;60;;;;;18.95;misecast-demand-p50p90-v1;True
FC-a2720c66-7917-472c-8204-3191b76c1278;2026-08-02;2026-08-03;1;Dinner;MI-060;MI-060-STANDARD;Extra Eggplant;Standard;Add-ons / Modifiers;3.5;3.92292081492578;;3.999999520733685;;38;;;;;15.69;misecast-demand-p50p90-v1;True
FC-f4958b30-b89d-4463-acc2-5b979ed48ea4;2026-08-02;2026-08-04;2;Dinner;MI-060;MI-060-STANDARD;Extra Eggplant;Standard;Add-ons / Modifiers;3.75;3.9233708730838472;;4.000002452418936;;41;;;;;15.69;misecast-demand-p50p90-v1;True
FC-e297b554-f6de-4ef1-8290-1c6a686a051e;2026-08-02;2026-08-05;3;Dinner;MI-060;MI-060-STANDARD;Extra Eggplant;Standard;Add-ons / Modifiers;3.75;3.947319242160296;;4.000002452418936;;36;;;;;15.79;misecast-demand-p50p90-v1;True
FC-93a8cc07-18a3-494c-885e-786bad88fd15;2026-08-02;2026-08-06;4;Dinner;MI-060;MI-060-STANDARD;Extra Eggplant;Standard;Add-ons / Modifiers;3.75;3.9398302780137793;;4.000002452418936;;50;;;;;15.76;misecast-demand-p50p90-v1;True
FC-737c4af3-02b8-4cc3-bab3-b0d753bb18fb;2026-08-02;2026-08-07;5;Dinner;MI-060;MI-060-STANDARD;Extra Eggplant;Standard;Add-ons / Modifiers;3.75;3.913729456595628;;4.080685785401602;;62;;;;;15.65;misecast-demand-p50p90-v1;True
FC-32b7eb6d-8718-498d-bc50-bd1f01f6d3fe;2026-08-02;2026-08-08;6;Dinner;MI-060;MI-060-STANDARD;Extra Eggplant;Standard;Add-ons / Modifiers;4.5;5.192981748044643;;5.52388734270927;;83;;;;;20.77;misecast-demand-p50p90-v1;True
FC-1699f63e-2489-4659-a6a0-96f1236283bf;2026-08-02;2026-08-09;7;Dinner;MI-060;MI-060-STANDARD;Extra Eggplant;Standard;Add-ons / Modifiers;4.25;4.732959293383331;;4.732959293383331;;47;;;;;18.93;misecast-demand-p50p90-v1;True
FC-c8c89138-bd22-4ff0-8dfa-87a8ce8f4e67;2026-08-02;2026-08-10;8;Dinner;MI-060;MI-060-STANDARD;Extra Eggplant;Standard;Add-ons / Modifiers;3.5;3.967852915908697;;4.106437911773689;;35;;;;;15.87;misecast-demand-p50p90-v1;True
FC-0140535b-2a6e-4a64-8b13-f5c33b03c561;2026-08-02;2026-08-11;9;Dinner;MI-060;MI-060-STANDARD;Extra Eggplant;Standard;Add-ons / Modifiers;3.75;3.9502300131600108;;4.000002452418936;;47;;;;;15.8;misecast-demand-p50p90-v1;True
FC-7b011816-677c-4d45-9809-d830d2684166;2026-08-02;2026-08-02;0;Lunch;MI-060;MI-060-STANDARD;Extra Eggplant;Standard;Add-ons / Modifiers;4.0;3.986726859782543;;4.404851590545579;;32;;;;;15.95;misecast-demand-p50p90-v1;True
FC-c85a2441-f8a8-483a-8c47-052331fb2128;2026-08-02;2026-08-03;1;Lunch;MI-060;MI-060-STANDARD;Extra Eggplant;Standard;Add-ons / Modifiers;3.75;3.9761740387234226;;4.000002452418936;;22;;;;;15.9;misecast-demand-p50p90-v1;True
FC-584ebe2a-0279-4133-8f69-684b1d1eab0b;2026-08-02;2026-08-04;2;Lunch;MI-060;MI-060-STANDARD;Extra Eggplant;Standard;Add-ons / Modifiers;3.5;3.9624942500282803;;3.999999520733685;;29;;;;;15.85;misecast-demand-p50p90-v1;True
FC-8e59af43-5f5f-43e3-ab69-fc903379d326;2026-08-02;2026-08-05;3;Lunch;MI-060;MI-060-STANDARD;Extra Eggplant;Standard;Add-ons / Modifiers;3.25;3.9480236118987895;;4.106437911773689;;22;;;;;15.79;misecast-demand-p50p90-v1;True
FC-382dea90-0c07-4987-8209-6b7671455e6d;2026-08-02;2026-08-06;4;Lunch;MI-060;MI-060-STANDARD;Extra Eggplant;Standard;Add-ons / Modifiers;3.75;3.9739296771432313;;4.000002452418936;;36;;;;;15.9;misecast-demand-p50p90-v1;True
FC-0c3d2a84-5f13-4044-a429-e2a6ab076a28;2026-08-02;2026-08-07;5;Lunch;MI-060;MI-060-STANDARD;Extra Eggplant;Standard;Add-ons / Modifiers;3.5;3.969735995853056;;3.999999520733685;;37;;;;;15.88;misecast-demand-p50p90-v1;True
FC-e975311a-cf39-4c87-b104-efb434896122;2026-08-02;2026-08-08;6;Lunch;MI-060;MI-060-STANDARD;Extra Eggplant;Standard;Add-ons / Modifiers;3.5;3.9901958464638154;;3.999999520733685;;39;;;;;15.96;misecast-demand-p50p90-v1;True
FC-ca485cef-30cb-4ca9-9a5e-7f8878bdf3f9;2026-08-02;2026-08-09;7;Lunch;MI-060;MI-060-STANDARD;Extra Eggplant;Standard;Add-ons / Modifiers;4.0;3.9725153454636932;;4.43960493908228;;30;;;;;15.89;misecast-demand-p50p90-v1;True
FC-a1404398-aef8-4cd8-b5a4-f11bc4eeccdf;2026-08-02;2026-08-10;8;Lunch;MI-060;MI-060-STANDARD;Extra Eggplant;Standard;Add-ons / Modifiers;3.75;3.9760001406327854;;4.000002452418936;;24;;;;;15.9;misecast-demand-p50p90-v1;True
FC-e9222a39-eff6-4fcb-afab-68bd520fdf4e;2026-08-02;2026-08-11;9;Lunch;MI-060;MI-060-STANDARD;Extra Eggplant;Standard;Add-ons / Modifiers;3.5;3.952184108762808;;4.106437911773689;;26;;;;;15.81;misecast-demand-p50p90-v1;True
FC-f6600590-a668-4304-b181-162b2698f234;2026-08-02;2026-08-02;0;Dinner;MI-061;MI-061-STANDARD;Extra Falafels;Standard;Add-ons / Modifiers;5.25;5.450750408535863;;5.9396281806618365;;60;;;;;27.25;misecast-demand-p50p90-v1;True
FC-a2f66858-dc33-40ba-aace-58df0d2e217e;2026-08-02;2026-08-03;1;Dinner;MI-061;MI-061-STANDARD;Extra Falafels;Standard;Add-ons / Modifiers;4.5;4.332594211269426;;4.666491669686209;;38;;;;;21.66;misecast-demand-p50p90-v1;True
FC-48211a9c-23a6-4839-a52b-75596e366717;2026-08-02;2026-08-04;2;Dinner;MI-061;MI-061-STANDARD;Extra Falafels;Standard;Add-ons / Modifiers;4.0;4.431574074860571;;4.666491669686209;;41;;;;;22.16;misecast-demand-p50p90-v1;True
FC-8f775ba4-fb17-410b-8d76-9fecc4cf9bde;2026-08-02;2026-08-05;3;Dinner;MI-061;MI-061-STANDARD;Extra Falafels;Standard;Add-ons / Modifiers;4.75;4.56026315354878;;4.999999922381244;;36;;;;;22.8;misecast-demand-p50p90-v1;True
FC-208e7c71-097e-4419-a8b5-cf11283eba7d;2026-08-02;2026-08-06;4;Dinner;MI-061;MI-061-STANDARD;Extra Falafels;Standard;Add-ons / Modifiers;4.75;4.450508362878046;;4.999999922381244;;50;;;;;22.25;misecast-demand-p50p90-v1;True
FC-af9f64f9-8a91-43d2-98d7-cfed79ae7d6b;2026-08-02;2026-08-07;5;Dinner;MI-061;MI-061-STANDARD;Extra Falafels;Standard;Add-ons / Modifiers;4.75;4.4050233520749975;;4.666491669686209;;62;;;;;22.03;misecast-demand-p50p90-v1;True
FC-88821bca-78c2-4fce-a183-55a48efeb72d;2026-08-02;2026-08-08;6;Dinner;MI-061;MI-061-STANDARD;Extra Falafels;Standard;Add-ons / Modifiers;4.75;4.948561682611096;;5.53739284894586;;83;;;;;24.74;misecast-demand-p50p90-v1;True
FC-1dbecd24-6c83-41ef-9de4-4b8eb6d37ada;2026-08-02;2026-08-09;7;Dinner;MI-061;MI-061-STANDARD;Extra Falafels;Standard;Add-ons / Modifiers;5.25;5.280299934349183;;5.945528852234888;;47;;;;;26.4;misecast-demand-p50p90-v1;True
FC-e82a1bba-e028-44e9-bf15-fceeeb38f494;2026-08-02;2026-08-10;8;Dinner;MI-061;MI-061-STANDARD;Extra Falafels;Standard;Add-ons / Modifiers;4.5;4.382967889541324;;4.666491669686209;;35;;;;;21.91;misecast-demand-p50p90-v1;True
FC-3b43fb3d-24b6-45e9-bafc-63e10d03a490;2026-08-02;2026-08-11;9;Dinner;MI-061;MI-061-STANDARD;Extra Falafels;Standard;Add-ons / Modifiers;4.0;4.455055000100459;;4.666491669686209;;47;;;;;22.28;misecast-demand-p50p90-v1;True
FC-1f58b5aa-5590-4787-9804-fca1c7b3d7bd;2026-08-02;2026-08-02;0;Lunch;MI-061;MI-061-STANDARD;Extra Falafels;Standard;Add-ons / Modifiers;4.75;4.6082517603030935;;4.999999922381244;;32;;;;;23.04;misecast-demand-p50p90-v1;True
FC-07c7cfe7-7f5c-43f2-8e01-b2173f5db567;2026-08-02;2026-08-03;1;Lunch;MI-061;MI-061-STANDARD;Extra Falafels;Standard;Add-ons / Modifiers;4.25;4.031357143172152;;4.666491669686209;;22;;;;;20.16;misecast-demand-p50p90-v1;True
FC-630123c5-ab30-4c4b-b6ff-c6c4810abb13;2026-08-02;2026-08-04;2;Lunch;MI-061;MI-061-STANDARD;Extra Falafels;Standard;Add-ons / Modifiers;4.25;4.053133158092735;;4.666491669686209;;29;;;;;20.27;misecast-demand-p50p90-v1;True
FC-747d7cf0-7896-4043-9afc-dc1b47d7357d;2026-08-02;2026-08-05;3;Lunch;MI-061;MI-061-STANDARD;Extra Falafels;Standard;Add-ons / Modifiers;5.0;4.653387639137232;;5.875171419357487;;22;;;;;23.27;misecast-demand-p50p90-v1;True
FC-3ff006ab-11a6-4ed2-a942-154999293382;2026-08-02;2026-08-06;4;Lunch;MI-061;MI-061-STANDARD;Extra Falafels;Standard;Add-ons / Modifiers;4.25;4.103612453586295;;4.999999922381244;;36;;;;;20.52;misecast-demand-p50p90-v1;True
FC-fddb6814-2c35-4517-8c2a-15cda26a664e;2026-08-02;2026-08-07;5;Lunch;MI-061;MI-061-STANDARD;Extra Falafels;Standard;Add-ons / Modifiers;4.5;4.035517861489494;;4.666491669686209;;37;;;;;20.18;misecast-demand-p50p90-v1;True
FC-bc247e54-8801-4967-a456-b0e29282312c;2026-08-02;2026-08-08;6;Lunch;MI-061;MI-061-STANDARD;Extra Falafels;Standard;Add-ons / Modifiers;5.0;4.785527507939986;;5.898226263455708;;39;;;;;23.93;misecast-demand-p50p90-v1;True
FC-5a0a84fc-0519-4e48-825f-8f1d52b821f8;2026-08-02;2026-08-09;7;Lunch;MI-061;MI-061-STANDARD;Extra Falafels;Standard;Add-ons / Modifiers;4.75;4.59252021511035;;4.999999922381244;;30;;;;;22.96;misecast-demand-p50p90-v1;True
FC-e9fbd65f-43c1-4293-9393-72c2f8879114;2026-08-02;2026-08-10;8;Lunch;MI-061;MI-061-STANDARD;Extra Falafels;Standard;Add-ons / Modifiers;4.25;4.084806945456301;;4.666491669686209;;24;;;;;20.42;misecast-demand-p50p90-v1;True
FC-3bf4b4a5-650a-4299-9ce4-644641334a79;2026-08-02;2026-08-11;9;Lunch;MI-061;MI-061-STANDARD;Extra Falafels;Standard;Add-ons / Modifiers;4.25;4.093693579182683;;4.666491669686209;;26;;;;;20.47;misecast-demand-p50p90-v1;True
FC-72c76885-dd59-411a-8378-397c0ba8ef2c;2026-08-02;2026-08-02;0;Dinner;MI-062;MI-062-STANDARD;Extra Karaage Chicken;Standard;Add-ons / Modifiers;4.0;4.0184412923764565;;4.554351045515322;;60;;;;;20.09;misecast-demand-p50p90-v1;True
FC-88d119bc-0bb1-4e83-8029-6c1025729f75;2026-08-02;2026-08-03;1;Dinner;MI-062;MI-062-STANDARD;Extra Karaage Chicken;Standard;Add-ons / Modifiers;3.75;3.967213186341769;;4.000002452418936;;38;;;;;19.84;misecast-demand-p50p90-v1;True
FC-ab424d38-5831-45eb-ad28-2bce6c785d1e;2026-08-02;2026-08-04;2;Dinner;MI-062;MI-062-STANDARD;Extra Karaage Chicken;Standard;Add-ons / Modifiers;3.25;3.9538719550736148;;3.999999520733685;;41;;;;;19.77;misecast-demand-p50p90-v1;True
FC-872fe9df-8b1b-4e66-b884-4a93d838f341;2026-08-02;2026-08-05;3;Dinner;MI-062;MI-062-STANDARD;Extra Karaage Chicken;Standard;Add-ons / Modifiers;3.5;3.9981921808385237;;4.106437911773689;;36;;;;;19.99;misecast-demand-p50p90-v1;True
FC-e635c3d5-0055-4f5e-a606-c576a68d21cc;2026-08-02;2026-08-06;4;Dinner;MI-062;MI-062-STANDARD;Extra Karaage Chicken;Standard;Add-ons / Modifiers;3.25;3.9664284171787365;;4.106437911773689;;50;;;;;19.83;misecast-demand-p50p90-v1;True
FC-63b43051-b04b-49f3-b327-50821b60cd99;2026-08-02;2026-08-07;5;Dinner;MI-062;MI-062-STANDARD;Extra Karaage Chicken;Standard;Add-ons / Modifiers;4.0;3.9642029105035927;;4.426032508286921;;62;;;;;19.82;misecast-demand-p50p90-v1;True
FC-ae153f62-004e-45bb-9a2b-867b5a092eab;2026-08-02;2026-08-08;6;Dinner;MI-062;MI-062-STANDARD;Extra Karaage Chicken;Standard;Add-ons / Modifiers;4.75;5.087845586558475;;5.5245877015519325;;83;;;;;25.44;misecast-demand-p50p90-v1;True
FC-b32c9009-dacf-474a-9f4d-8b89d3cb5f0e;2026-08-02;2026-08-09;7;Dinner;MI-062;MI-062-STANDARD;Extra Karaage Chicken;Standard;Add-ons / Modifiers;4.0;4.0146523827393645;;4.585465000989457;;47;;;;;20.07;misecast-demand-p50p90-v1;True
FC-0e0d8faa-3314-4561-99fb-ec7928c7c242;2026-08-02;2026-08-10;8;Dinner;MI-062;MI-062-STANDARD;Extra Karaage Chicken;Standard;Add-ons / Modifiers;3.75;3.9847666784124165;;4.000002452418936;;35;;;;;19.92;misecast-demand-p50p90-v1;True
FC-b602a93c-dd7f-4c44-be69-1917592ba46a;2026-08-02;2026-08-11;9;Dinner;MI-062;MI-062-STANDARD;Extra Karaage Chicken;Standard;Add-ons / Modifiers;3.25;3.9923367376022587;;4.106437911773689;;47;;;;;19.96;misecast-demand-p50p90-v1;True
FC-98c3702d-4d9e-4e52-a5d0-607c734fea0c;2026-08-02;2026-08-02;0;Lunch;MI-062;MI-062-STANDARD;Extra Karaage Chicken;Standard;Add-ons / Modifiers;3.75;4.032811088558921;;4.032811088558921;;32;;;;;20.16;misecast-demand-p50p90-v1;True
FC-60b604e8-f4e2-4816-97e4-a67c4f1c8273;2026-08-02;2026-08-03;1;Lunch;MI-062;MI-062-STANDARD;Extra Karaage Chicken;Standard;Add-ons / Modifiers;3.75;3.9879227958863845;;4.000002452418936;;22;;;;;19.94;misecast-demand-p50p90-v1;True
FC-f4ab5960-ff56-4922-96a8-a72c9d7c4633;2026-08-02;2026-08-04;2;Lunch;MI-062;MI-062-STANDARD;Extra Karaage Chicken;Standard;Add-ons / Modifiers;4.0;4.002962059484508;;4.377236095984845;;29;;;;;20.01;misecast-demand-p50p90-v1;True
FC-03987173-18e8-427f-8e81-ed9ea3ed1907;2026-08-02;2026-08-05;3;Lunch;MI-062;MI-062-STANDARD;Extra Karaage Chicken;Standard;Add-ons / Modifiers;3.0;3.985332489008557;;4.106437911773689;;22;;;;;19.93;misecast-demand-p50p90-v1;True
FC-a02cccf7-dc02-49bc-8af8-387cce1b2de9;2026-08-02;2026-08-06;4;Lunch;MI-062;MI-062-STANDARD;Extra Karaage Chicken;Standard;Add-ons / Modifiers;3.5;4.002351715165297;;4.106437911773689;;36;;;;;20.01;misecast-demand-p50p90-v1;True
FC-d541fd0d-2cbd-4b8c-962b-e6e1392912f8;2026-08-02;2026-08-07;5;Lunch;MI-062;MI-062-STANDARD;Extra Karaage Chicken;Standard;Add-ons / Modifiers;3.25;4.01352034741871;;4.01352034741871;;37;;;;;20.07;misecast-demand-p50p90-v1;True
FC-1e9dd39d-023c-40cc-aeb2-6cb709c93c69;2026-08-02;2026-08-08;6;Lunch;MI-062;MI-062-STANDARD;Extra Karaage Chicken;Standard;Add-ons / Modifiers;4.0;4.014930988599438;;4.4080813704601844;;39;;;;;20.07;misecast-demand-p50p90-v1;True
FC-a28e5c0e-bf5b-404c-9c9e-506bf7a00dcf;2026-08-02;2026-08-09;7;Lunch;MI-062;MI-062-STANDARD;Extra Karaage Chicken;Standard;Add-ons / Modifiers;3.75;4.013285874484367;;4.013285874484367;;30;;;;;20.07;misecast-demand-p50p90-v1;True
FC-04b411e5-df53-4626-896d-cc9ac8cc3650;2026-08-02;2026-08-10;8;Lunch;MI-062;MI-062-STANDARD;Extra Karaage Chicken;Standard;Add-ons / Modifiers;3.75;4.009702876591291;;4.009702876591291;;24;;;;;20.05;misecast-demand-p50p90-v1;True
FC-6c23df88-12d0-40f2-90eb-aaefdbd7ba72;2026-08-02;2026-08-11;9;Lunch;MI-062;MI-062-STANDARD;Extra Karaage Chicken;Standard;Add-ons / Modifiers;4.0;4.011108084358224;;4.377236095984845;;26;;;;;20.06;misecast-demand-p50p90-v1;True
FC-7dccdc78-f7a1-44f8-b835-91ff128b2278;2026-08-02;2026-08-02;0;Dinner;MI-063;MI-063-STANDARD;Extra Tiger Prawns;Standard;Add-ons / Modifiers;3.0;2.9964703640295416;;3.000007860700649;;60;;;;;14.98;misecast-demand-p50p90-v1;True
FC-33fd48ac-abe6-4aa3-b00a-678263bc71a8;2026-08-02;2026-08-03;1;Dinner;MI-063;MI-063-STANDARD;Extra Tiger Prawns;Standard;Add-ons / Modifiers;2.0;2.052641410734535;;3.000007860700649;;38;;;;;10.26;misecast-demand-p50p90-v1;True
FC-2d578f10-3561-4bf6-9171-700ea8436b0e;2026-08-02;2026-08-04;2;Dinner;MI-063;MI-063-STANDARD;Extra Tiger Prawns;Standard;Add-ons / Modifiers;2.0;2.0195892246640637;;3.000007860700649;;41;;;;;10.1;misecast-demand-p50p90-v1;True
FC-26be59fb-2b32-4d70-9db7-9bd4b87d6533;2026-08-02;2026-08-05;3;Dinner;MI-063;MI-063-STANDARD;Extra Tiger Prawns;Standard;Add-ons / Modifiers;2.25;2.0821312031614077;;2.928743962993317;;36;;;;;10.41;misecast-demand-p50p90-v1;True
FC-3e9c9524-f43d-4801-a204-d6259fac9781;2026-08-02;2026-08-06;4;Dinner;MI-063;MI-063-STANDARD;Extra Tiger Prawns;Standard;Add-ons / Modifiers;2.25;2.0716093595143494;;2.9358796115467434;;50;;;;;10.36;misecast-demand-p50p90-v1;True
FC-941d1db2-01fe-4bfc-acb1-ce64d1f14544;2026-08-02;2026-08-07;5;Dinner;MI-063;MI-063-STANDARD;Extra Tiger Prawns;Standard;Add-ons / Modifiers;2.0;2.0328153570932113;;3.000007860700649;;62;;;;;10.16;misecast-demand-p50p90-v1;True
FC-017adad5-ac47-4048-8913-d5bafeb5610a;2026-08-02;2026-08-08;6;Dinner;MI-063;MI-063-STANDARD;Extra Tiger Prawns;Standard;Add-ons / Modifiers;3.0;3.0042148780899414;;3.078823918189274;;83;;;;;15.02;misecast-demand-p50p90-v1;True
FC-0cc7c64b-0a22-436f-9117-d11065015981;2026-08-02;2026-08-09;7;Dinner;MI-063;MI-063-STANDARD;Extra Tiger Prawns;Standard;Add-ons / Modifiers;3.0;2.994198717664901;;3.1064462517406475;;47;;;;;14.97;misecast-demand-p50p90-v1;True
FC-2f13c78a-1099-4507-bbd8-2f2cd0d41532;2026-08-02;2026-08-10;8;Dinner;MI-063;MI-063-STANDARD;Extra Tiger Prawns;Standard;Add-ons / Modifiers;2.0;2.94439039154308;;2.94439039154308;;35;;;;;14.72;misecast-demand-p50p90-v1;True
FC-2ba74206-7b5d-43f8-99a3-4e62588d7030;2026-08-02;2026-08-11;9;Dinner;MI-063;MI-063-STANDARD;Extra Tiger Prawns;Standard;Add-ons / Modifiers;2.0;2.9249689415266165;;2.9249689415266165;;47;;;;;14.62;misecast-demand-p50p90-v1;True
FC-a175a0d5-3bff-4179-b429-d236cae32788;2026-08-02;2026-08-02;0;Lunch;MI-063;MI-063-STANDARD;Extra Tiger Prawns;Standard;Add-ons / Modifiers;2.75;2.8171376949559512;;3.000007860700649;;32;;;;;14.09;misecast-demand-p50p90-v1;True
FC-8b3ada5d-0636-4b93-9b93-4451eb53c7ee;2026-08-02;2026-08-03;1;Lunch;MI-063;MI-063-STANDARD;Extra Tiger Prawns;Standard;Add-ons / Modifiers;2.5;2.208404017906382;;3.000007860700649;;22;;;;;11.04;misecast-demand-p50p90-v1;True
FC-98fc0cd6-dd19-47cb-b72a-577a33833526;2026-08-02;2026-08-04;2;Lunch;MI-063;MI-063-STANDARD;Extra Tiger Prawns;Standard;Add-ons / Modifiers;2.5;2.2207030267687204;;3.000007860700649;;29;;;;;11.1;misecast-demand-p50p90-v1;True
FC-911ebe4e-9aed-43b4-a8ac-98ba0cafa21b;2026-08-02;2026-08-05;3;Lunch;MI-063;MI-063-STANDARD;Extra Tiger Prawns;Standard;Add-ons / Modifiers;2.75;2.2551346022981598;;3.031199136737306;;22;;;;;11.28;misecast-demand-p50p90-v1;True
FC-b17cd54b-c0a8-421e-b131-ae69ce9583f6;2026-08-02;2026-08-06;4;Lunch;MI-063;MI-063-STANDARD;Extra Tiger Prawns;Standard;Add-ons / Modifiers;2.25;2.067410711215658;;2.9247607456973075;;36;;;;;10.34;misecast-demand-p50p90-v1;True
FC-699c0365-6e32-4cbf-ba0e-cd95f5a76241;2026-08-02;2026-08-07;5;Lunch;MI-063;MI-063-STANDARD;Extra Tiger Prawns;Standard;Add-ons / Modifiers;2.25;2.038790001591804;;3.000007860700649;;37;;;;;10.19;misecast-demand-p50p90-v1;True
FC-f16e9aae-b038-4dbe-8314-acce30519d76;2026-08-02;2026-08-08;6;Lunch;MI-063;MI-063-STANDARD;Extra Tiger Prawns;Standard;Add-ons / Modifiers;2.5;2.8564698948445173;;3.000007860700649;;39;;;;;14.28;misecast-demand-p50p90-v1;True
FC-f9c05b68-84aa-4440-91a6-98892ebacdde;2026-08-02;2026-08-09;7;Lunch;MI-063;MI-063-STANDARD;Extra Tiger Prawns;Standard;Add-ons / Modifiers;2.75;2.855028017392907;;3.1064462517406475;;30;;;;;14.28;misecast-demand-p50p90-v1;True
FC-ffc1ddac-8eb2-490c-ba66-eccbc69e1778;2026-08-02;2026-08-10;8;Lunch;MI-063;MI-063-STANDARD;Extra Tiger Prawns;Standard;Add-ons / Modifiers;2.5;2.1958013782235066;;3.0262484613957543;;24;;;;;10.98;misecast-demand-p50p90-v1;True
FC-495c036b-0edd-4bcb-819c-3bf8c66a3270;2026-08-02;2026-08-11;9;Lunch;MI-063;MI-063-STANDARD;Extra Tiger Prawns;Standard;Add-ons / Modifiers;2.5;2.2123195405054084;;3.031199136737306;;26;;;;;11.06;misecast-demand-p50p90-v1;True
FC-d26a5aeb-949a-4f80-9d50-42e92f3386f7;2026-08-02;2026-08-02;0;Dinner;MI-064;MI-064-STANDARD;Extra Aburi / Sashimi Salmon;Standard;Add-ons / Modifiers;2.75;2.983056242545046;;3.000007860700649;;60;;;;;17.9;misecast-demand-p50p90-v1;True
FC-521561eb-0259-4aea-932a-40b93f7afe30;2026-08-02;2026-08-03;1;Dinner;MI-064;MI-064-STANDARD;Extra Aburi / Sashimi Salmon;Standard;Add-ons / Modifiers;2.25;1.9583492912719167;;3.000007860700649;;38;;;;;11.75;misecast-demand-p50p90-v1;True
FC-d819840c-c861-42eb-95ed-2d990ca8f673;2026-08-02;2026-08-04;2;Dinner;MI-064;MI-064-STANDARD;Extra Aburi / Sashimi Salmon;Standard;Add-ons / Modifiers;2.0;1.942566826120757;;3.000007860700649;;41;;;;;11.66;misecast-demand-p50p90-v1;True
FC-4f373195-b369-4089-89d1-3b6d56b1cb8b;2026-08-02;2026-08-05;3;Dinner;MI-064;MI-064-STANDARD;Extra Aburi / Sashimi Salmon;Standard;Add-ons / Modifiers;2.75;2.160211323848153;;3.030231678691764;;36;;;;;12.96;misecast-demand-p50p90-v1;True
FC-ccba37e1-5f6e-48e2-9c78-775ab67972b0;2026-08-02;2026-08-06;4;Dinner;MI-064;MI-064-STANDARD;Extra Aburi / Sashimi Salmon;Standard;Add-ons / Modifiers;2.5;2.0222874243800293;;3.0472686779282934;;50;;;;;12.13;misecast-demand-p50p90-v1;True
FC-fac55d2c-ffab-4d67-9eb4-07371160f053;2026-08-02;2026-08-07;5;Dinner;MI-064;MI-064-STANDARD;Extra Aburi / Sashimi Salmon;Standard;Add-ons / Modifiers;2.25;2.0056654716459077;;3.000007860700649;;62;;;;;12.03;misecast-demand-p50p90-v1;True
FC-5396bc7a-a5dc-4e24-91d0-5349cac2abcf;2026-08-02;2026-08-08;6;Dinner;MI-064;MI-064-STANDARD;Extra Aburi / Sashimi Salmon;Standard;Add-ons / Modifiers;2.75;2.9654557269720785;;3.078324739641445;;83;;;;;17.79;misecast-demand-p50p90-v1;True
FC-2ca685f3-41be-481c-95ca-c9a8e0ce9cf3;2026-08-02;2026-08-09;7;Dinner;MI-064;MI-064-STANDARD;Extra Aburi / Sashimi Salmon;Standard;Add-ons / Modifiers;2.75;2.954663438957511;;3.1064462517406475;;47;;;;;17.73;misecast-demand-p50p90-v1;True
FC-95c07c63-4ee8-47f5-aca4-7bd6616ea15f;2026-08-02;2026-08-10;8;Dinner;MI-064;MI-064-STANDARD;Extra Aburi / Sashimi Salmon;Standard;Add-ons / Modifiers;2.25;2.0044282686574832;;2.928743962993317;;35;;;;;12.03;misecast-demand-p50p90-v1;True
FC-4fdd3850-e71f-405b-a85c-ec93321f1fde;2026-08-02;2026-08-11;9;Dinner;MI-064;MI-064-STANDARD;Extra Aburi / Sashimi Salmon;Standard;Add-ons / Modifiers;2.0;2.87575000532284;;2.87575000532284;;47;;;;;17.25;misecast-demand-p50p90-v1;True
FC-dc890c61-234b-4876-8d2e-da3116725ea5;2026-08-02;2026-08-02;0;Lunch;MI-064;MI-064-STANDARD;Extra Aburi / Sashimi Salmon;Standard;Add-ons / Modifiers;2.75;2.8410314302278303;;3.000007860700649;;32;;;;;17.05;misecast-demand-p50p90-v1;True
FC-708def8f-43ea-402a-976a-55c7e4bb0d7e;2026-08-02;2026-08-03;1;Lunch;MI-064;MI-064-STANDARD;Extra Aburi / Sashimi Salmon;Standard;Add-ons / Modifiers;2.5;2.137503841507003;;3.000007860700649;;22;;;;;12.83;misecast-demand-p50p90-v1;True
FC-f6fe3be3-b7e9-463b-a7cb-8cbfd9b5748e;2026-08-02;2026-08-04;2;Lunch;MI-064;MI-064-STANDARD;Extra Aburi / Sashimi Salmon;Standard;Add-ons / Modifiers;2.0;1.9870722759145572;;3.000007860700649;;29;;;;;11.92;misecast-demand-p50p90-v1;True
FC-8b350330-df0c-47d8-9e9d-940d4797798e;2026-08-02;2026-08-05;3;Lunch;MI-064;MI-064-STANDARD;Extra Aburi / Sashimi Salmon;Standard;Add-ons / Modifiers;2.75;2.2660992434281857;;3.0262484613957543;;22;;;;;13.6;misecast-demand-p50p90-v1;True
FC-3a4c18bb-f5d6-4b58-a6a7-d6cd06e2c581;2026-08-02;2026-08-06;4;Lunch;MI-064;MI-064-STANDARD;Extra Aburi / Sashimi Salmon;Standard;Add-ons / Modifiers;2.25;2.010410460806415;;2.919810070355756;;36;;;;;12.06;misecast-demand-p50p90-v1;True
FC-6888924f-4573-41c1-b99f-8764639334ab;2026-08-02;2026-08-07;5;Lunch;MI-064;MI-064-STANDARD;Extra Aburi / Sashimi Salmon;Standard;Add-ons / Modifiers;2.25;1.9805048806054015;;3.000007860700649;;37;;;;;11.88;misecast-demand-p50p90-v1;True
FC-ebd3ae52-afce-400e-a5e9-d66577be35c9;2026-08-02;2026-08-08;6;Lunch;MI-064;MI-064-STANDARD;Extra Aburi / Sashimi Salmon;Standard;Add-ons / Modifiers;3.0;2.8499162690359734;;3.000007860700649;;39;;;;;17.1;misecast-demand-p50p90-v1;True
FC-56c4c8fe-34d6-49de-a271-f425cee939b6;2026-08-02;2026-08-09;7;Lunch;MI-064;MI-064-STANDARD;Extra Aburi / Sashimi Salmon;Standard;Add-ons / Modifiers;2.75;2.8589164351797027;;3.1064462517406475;;30;;;;;17.15;misecast-demand-p50p90-v1;True
FC-237a30b0-e260-4b37-ae50-8b202f8528ec;2026-08-02;2026-08-10;8;Lunch;MI-064;MI-064-STANDARD;Extra Aburi / Sashimi Salmon;Standard;Add-ons / Modifiers;2.5;2.1596709351294363;;3.0262484613957543;;24;;;;;12.96;misecast-demand-p50p90-v1;True
FC-2f0251ff-2e14-4b1e-ae84-39dd87ef353d;2026-08-02;2026-08-11;9;Lunch;MI-064;MI-064-STANDARD;Extra Aburi / Sashimi Salmon;Standard;Add-ons / Modifiers;2.0;2.9340713050656166;;2.9340713050656166;;26;;;;;17.6;misecast-demand-p50p90-v1;True
FC-b8d41157-eb8e-4aac-bf51-86d558585b52;2026-08-02;2026-08-02;0;Dinner;MI-065;MI-065-STANDARD;Extra Sashimi Tuna;Standard;Add-ons / Modifiers;2.75;2.928800663055774;;3.000007860700649;;60;;;;;17.57;misecast-demand-p50p90-v1;True
FC-a2ef0dbd-14d7-4340-b2f0-de262a222ea7;2026-08-02;2026-08-03;1;Dinner;MI-065;MI-065-STANDARD;Extra Sashimi Tuna;Standard;Add-ons / Modifiers;2.25;2.0096206261548257;;3.000007860700649;;38;;;;;12.06;misecast-demand-p50p90-v1;True
FC-deca96e8-f305-4a31-b824-bf3ef9d588fb;2026-08-02;2026-08-04;2;Dinner;MI-065;MI-065-STANDARD;Extra Sashimi Tuna;Standard;Add-ons / Modifiers;2.75;1.9900931260620132;;3.000007860700649;;41;;;;;11.94;misecast-demand-p50p90-v1;True
FC-37bb7712-85c1-4f05-a603-0b693beedb5d;2026-08-02;2026-08-05;3;Dinner;MI-065;MI-065-STANDARD;Extra Sashimi Tuna;Standard;Add-ons / Modifiers;2.0;1.9993570245325962;;2.3387416351171657;;36;;;;;12.0;misecast-demand-p50p90-v1;True
FC-69bd2062-f627-447c-983a-af83e0dab2c2;2026-08-02;2026-08-06;4;Dinner;MI-065;MI-065-STANDARD;Extra Sashimi Tuna;Standard;Add-ons / Modifiers;2.0;2.0006039823030495;;2.3508279590121437;;50;;;;;12.0;misecast-demand-p50p90-v1;True
FC-2365589b-3113-4c7b-99cf-476a910bf281;2026-08-02;2026-08-07;5;Dinner;MI-065;MI-065-STANDARD;Extra Sashimi Tuna;Standard;Add-ons / Modifiers;2.0;1.9970123502104324;;3.000007860700649;;62;;;;;11.98;misecast-demand-p50p90-v1;True
FC-eba24d44-46ba-4ddf-8acd-0ed94d587113;2026-08-02;2026-08-08;6;Dinner;MI-065;MI-065-STANDARD;Extra Sashimi Tuna;Standard;Add-ons / Modifiers;2.75;2.938472795487363;;3.016199089901148;;83;;;;;17.63;misecast-demand-p50p90-v1;True
FC-7a3ca629-0acc-4615-bb68-c90151422f28;2026-08-02;2026-08-09;7;Dinner;MI-065;MI-065-STANDARD;Extra Sashimi Tuna;Standard;Add-ons / Modifiers;2.75;2.939821770980443;;3.1064462517406475;;47;;;;;17.64;misecast-demand-p50p90-v1;True
FC-488bebe2-a69f-47de-a7dd-adb105c22a6a;2026-08-02;2026-08-10;8;Dinner;MI-065;MI-065-STANDARD;Extra Sashimi Tuna;Standard;Add-ons / Modifiers;2.25;2.0110949243475034;;2.928743962993317;;35;;;;;12.07;misecast-demand-p50p90-v1;True
FC-98de6194-a7ea-4548-9537-469e42780534;2026-08-02;2026-08-11;9;Dinner;MI-065;MI-065-STANDARD;Extra Sashimi Tuna;Standard;Add-ons / Modifiers;2.75;2.0080158600398685;;3.030231678691764;;47;;;;;12.05;misecast-demand-p50p90-v1;True
FC-ffa1925f-7c28-4088-8e38-d9e264ede7f1;2026-08-02;2026-08-02;0;Lunch;MI-065;MI-065-STANDARD;Extra Sashimi Tuna;Standard;Add-ons / Modifiers;2.75;2.8120055993636788;;3.000007860700649;;32;;;;;16.87;misecast-demand-p50p90-v1;True
FC-b7a6dd63-e6b0-4d0a-9d29-28dd940de1b4;2026-08-02;2026-08-03;1;Lunch;MI-065;MI-065-STANDARD;Extra Sashimi Tuna;Standard;Add-ons / Modifiers;2.25;1.9899304957047783;;3.000007860700649;;22;;;;;11.94;misecast-demand-p50p90-v1;True
FC-6b645938-bbb8-410b-8209-f4c92a33f7df;2026-08-02;2026-08-04;2;Lunch;MI-065;MI-065-STANDARD;Extra Sashimi Tuna;Standard;Add-ons / Modifiers;2.25;2.0139462343036527;;3.000007860700649;;29;;;;;12.08;misecast-demand-p50p90-v1;True
FC-65b3432c-3366-48c4-8928-805172618f3b;2026-08-02;2026-08-05;3;Lunch;MI-065;MI-065-STANDARD;Extra Sashimi Tuna;Standard;Add-ons / Modifiers;2.0;1.9949303590496932;;2.993136671559637;;22;;;;;11.97;misecast-demand-p50p90-v1;True
FC-39d49d37-ecc3-42da-ac3b-daaf78495e1d;2026-08-02;2026-08-06;4;Lunch;MI-065;MI-065-STANDARD;Extra Sashimi Tuna;Standard;Add-ons / Modifiers;2.5;2.168336446704245;;3.209748522928602;;36;;;;;13.01;misecast-demand-p50p90-v1;True
FC-bde98293-4949-49fb-907e-249012340f55;2026-08-02;2026-08-07;5;Lunch;MI-065;MI-065-STANDARD;Extra Sashimi Tuna;Standard;Add-ons / Modifiers;2.25;2.025570761666307;;3.000007860700649;;37;;;;;12.15;misecast-demand-p50p90-v1;True
FC-f75f6be7-b377-49b6-98ec-c2907ea8c352;2026-08-02;2026-08-08;6;Lunch;MI-065;MI-065-STANDARD;Extra Sashimi Tuna;Standard;Add-ons / Modifiers;2.0;2.210938193028124;;3.000007860700649;;39;;;;;13.27;misecast-demand-p50p90-v1;True
FC-94bb7c8e-206b-48b1-a3b8-bcc8bf410a65;2026-08-02;2026-08-09;7;Lunch;MI-065;MI-065-STANDARD;Extra Sashimi Tuna;Standard;Add-ons / Modifiers;2.75;2.8118709664703134;;3.1064462517406475;;30;;;;;16.87;misecast-demand-p50p90-v1;True
FC-f9fcedd0-568b-470e-ada0-e3755bccd367;2026-08-02;2026-08-10;8;Lunch;MI-065;MI-065-STANDARD;Extra Sashimi Tuna;Standard;Add-ons / Modifiers;2.25;1.9888561939724998;;3.1033101318886036;;24;;;;;11.93;misecast-demand-p50p90-v1;True
FC-f75a2293-85cc-4deb-b46c-7c3fa83617b5;2026-08-02;2026-08-11;9;Lunch;MI-065;MI-065-STANDARD;Extra Sashimi Tuna;Standard;Add-ons / Modifiers;2.25;1.9978805384599854;;3.1033101318886036;;26;;;;;11.99;misecast-demand-p50p90-v1;True
FC-9d6cee1d-1786-46ca-99d3-778936edac28;2026-08-02;2026-08-02;0;Dinner;MI-066;MI-066-STANDARD;Extra Wagyu;Standard;Add-ons / Modifiers;2.5;2.464727650496284;;3.000007860700649;;60;;;;;14.79;misecast-demand-p50p90-v1;True
FC-13e35cef-9690-485e-b09e-bde078bf4a64;2026-08-02;2026-08-03;1;Dinner;MI-066;MI-066-STANDARD;Extra Wagyu;Standard;Add-ons / Modifiers;2.0;2.000132514368892;;3.000007860700649;;38;;;;;12.0;misecast-demand-p50p90-v1;True
FC-91a86bd8-fcde-400a-ba92-a06feb3559ba;2026-08-02;2026-08-04;2;Dinner;MI-066;MI-066-STANDARD;Extra Wagyu;Standard;Add-ons / Modifiers;2.0;2.000132514368892;;3.000007860700649;;41;;;;;12.0;misecast-demand-p50p90-v1;True
FC-1455d03f-7403-4fd9-8ad1-e3a8eab9a21c;2026-08-02;2026-08-05;3;Dinner;MI-066;MI-066-STANDARD;Extra Wagyu;Standard;Add-ons / Modifiers;2.0;2.000132514368892;;2.3387416351171657;;36;;;;;12.0;misecast-demand-p50p90-v1;True
FC-9b6b62e8-e80a-44e3-93cf-40a8dd333a4b;2026-08-02;2026-08-06;4;Dinner;MI-066;MI-066-STANDARD;Extra Wagyu;Standard;Add-ons / Modifiers;2.0;2.000132514368892;;2.3508279590121437;;50;;;;;12.0;misecast-demand-p50p90-v1;True
FC-169fb8f0-3903-43be-b2bc-3ac05b3041a8;2026-08-02;2026-08-07;5;Dinner;MI-066;MI-066-STANDARD;Extra Wagyu;Standard;Add-ons / Modifiers;2.0;2.000132514368892;;3.000007860700649;;62;;;;;12.0;misecast-demand-p50p90-v1;True
FC-5f623de1-ac86-43eb-a3aa-af3ca04a9fec;2026-08-02;2026-08-08;6;Dinner;MI-066;MI-066-STANDARD;Extra Wagyu;Standard;Add-ons / Modifiers;2.5;2.568634278037009;;3.015699911353319;;83;;;;;15.41;misecast-demand-p50p90-v1;True
FC-3605b25c-45a3-4f68-8f4c-7c38aec0e181;2026-08-02;2026-08-09;7;Dinner;MI-066;MI-066-STANDARD;Extra Wagyu;Standard;Add-ons / Modifiers;2.5;2.499706440161062;;3.1064462517406475;;47;;;;;15.0;misecast-demand-p50p90-v1;True
FC-61632133-6631-47bc-b7de-d7b49c4b07af;2026-08-02;2026-08-10;8;Dinner;MI-066;MI-066-STANDARD;Extra Wagyu;Standard;Add-ons / Modifiers;2.0;2.000132514368892;;2.3387416351171657;;35;;;;;12.0;misecast-demand-p50p90-v1;True
FC-e2dea66c-cb84-4a3c-ac28-54ddaa943d68;2026-08-02;2026-08-11;9;Dinner;MI-066;MI-066-STANDARD;Extra Wagyu;Standard;Add-ons / Modifiers;2.0;2.000132514368892;;2.3387416351171657;;47;;;;;12.0;misecast-demand-p50p90-v1;True
FC-37f72bbb-7abc-4c0b-a3a4-3b5d56f26e21;2026-08-02;2026-08-02;0;Lunch;MI-066;MI-066-STANDARD;Extra Wagyu;Standard;Add-ons / Modifiers;2.25;1.9878959812716277;;3.000007860700649;;32;;;;;11.93;misecast-demand-p50p90-v1;True
FC-69a41d4b-fc30-46df-952a-1534e2c6eaca;2026-08-02;2026-08-03;1;Lunch;MI-066;MI-066-STANDARD;Extra Wagyu;Standard;Add-ons / Modifiers;2.0;2.000132514368892;;3.000007860700649;;22;;;;;12.0;misecast-demand-p50p90-v1;True
FC-4bfab0f7-ed49-47fe-922d-59522d8a79c7;2026-08-02;2026-08-04;2;Lunch;MI-066;MI-066-STANDARD;Extra Wagyu;Standard;Add-ons / Modifiers;2.0;2.000132514368892;;3.000007860700649;;29;;;;;12.0;misecast-demand-p50p90-v1;True
FC-c75d382c-b0c2-4f59-b0d5-079280a8e2c1;2026-08-02;2026-08-05;3;Lunch;MI-066;MI-066-STANDARD;Extra Wagyu;Standard;Add-ons / Modifiers;2.0;2.000132514368892;;2.3347584178211562;;22;;;;;12.0;misecast-demand-p50p90-v1;True
FC-08461573-ba07-4eab-9d4e-e90a5a2836c4;2026-08-02;2026-08-06;4;Lunch;MI-066;MI-066-STANDARD;Extra Wagyu;Standard;Add-ons / Modifiers;2.0;2.000132514368892;;2.3347584178211562;;36;;;;;12.0;misecast-demand-p50p90-v1;True
FC-e5eb00b1-3974-4d39-9feb-76f88319bc0e;2026-08-02;2026-08-07;5;Lunch;MI-066;MI-066-STANDARD;Extra Wagyu;Standard;Add-ons / Modifiers;2.0;2.000132514368892;;3.000007860700649;;37;;;;;12.0;misecast-demand-p50p90-v1;True
FC-60966cec-46c5-4f03-8fc1-8797752cbc99;2026-08-02;2026-08-08;6;Lunch;MI-066;MI-066-STANDARD;Extra Wagyu;Standard;Add-ons / Modifiers;2.25;2.0263881561533523;;3.000007860700649;;39;;;;;12.16;misecast-demand-p50p90-v1;True
FC-b3dda94b-11d3-4b66-851b-2c613d56bdba;2026-08-02;2026-08-09;7;Lunch;MI-066;MI-066-STANDARD;Extra Wagyu;Standard;Add-ons / Modifiers;2.25;1.9668664165827654;;3.000007860700649;;30;;;;;11.8;misecast-demand-p50p90-v1;True
FC-ed9ae230-c017-4b89-8663-82cdf0997512;2026-08-02;2026-08-10;8;Lunch;MI-066;MI-066-STANDARD;Extra Wagyu;Standard;Add-ons / Modifiers;2.0;2.000132514368892;;2.3347584178211562;;24;;;;;12.0;misecast-demand-p50p90-v1;True
FC-3add69b2-d48f-4351-8e11-73f4ef003728;2026-08-02;2026-08-11;9;Lunch;MI-066;MI-066-STANDARD;Extra Wagyu;Standard;Add-ons / Modifiers;2.0;2.000132514368892;;2.3347584178211562;;26;;;;;12.0;misecast-demand-p50p90-v1;True
