"_id";"date";"menu_id";"amount_sold"
"SAL-0000001";"2024-01-01";"MI-001";"25"
"SAL-0000002";"2024-01-01";"MI-002";"14"
"SAL-0000003";"2024-01-01";"MI-003";"22"
"SAL-0000004";"2024-01-01";"MI-004";"17"
"SAL-0000005";"2024-01-01";"MI-005";"21"
"SAL-0000006";"2024-01-01";"MI-006";"20"
"SAL-0000007";"2024-01-01";"MI-007";"19"
"SAL-0000008";"2024-01-01";"MI-008";"9"
"SAL-0000009";"2024-01-01";"MI-009";"12"
"SAL-0000010";"2024-01-01";"MI-010";"12"
"SAL-0000011";"2024-01-01";"MI-011";"20"
"SAL-0000012";"2024-01-01";"MI-012";"7"
"SAL-0000013";"2024-01-01";"MI-013";"12"
"SAL-0000014";"2024-01-01";"MI-014";"5"
"SAL-0000015";"2024-01-01";"MI-015";"13"
"SAL-0000016";"2024-01-02";"MI-001";"12"
"SAL-0000017";"2024-01-02";"MI-002";"10"
"SAL-0000018";"2024-01-02";"MI-003";"23"
"SAL-0000019";"2024-01-02";"MI-004";"19"
"SAL-0000020";"2024-01-02";"MI-005";"15"
"SAL-0000021";"2024-01-02";"MI-006";"12"
"SAL-0000022";"2024-01-02";"MI-007";"18"
"SAL-0000023";"2024-01-02";"MI-008";"9"
"SAL-0000024";"2024-01-02";"MI-009";"8"
"SAL-0000025";"2024-01-02";"MI-010";"11"
"SAL-0000026";"2024-01-02";"MI-011";"14"
"SAL-0000027";"2024-01-02";"MI-012";"9"
"SAL-0000028";"2024-01-02";"MI-013";"15"
"SAL-0000029";"2024-01-02";"MI-014";"5"
"SAL-0000030";"2024-01-02";"MI-015";"8"
"SAL-0000031";"2024-01-03";"MI-001";"16"
"SAL-0000032";"2024-01-03";"MI-002";"13"
"SAL-0000033";"2024-01-03";"MI-003";"16"
"SAL-0000034";"2024-01-03";"MI-004";"9"
"SAL-0000035";"2024-01-03";"MI-005";"18"
"SAL-0000036";"2024-01-03";"MI-006";"5"
"SAL-0000037";"2024-01-03";"MI-007";"12"
"SAL-0000038";"2024-01-03";"MI-008";"12"
"SAL-0000039";"2024-01-03";"MI-009";"8"
"SAL-0000040";"2024-01-03";"MI-010";"6"
"SAL-0000041";"2024-01-03";"MI-011";"17"
"SAL-0000042";"2024-01-03";"MI-012";"7"
"SAL-0000043";"2024-01-03";"MI-013";"15"
"SAL-0000044";"2024-01-03";"MI-014";"5"
"SAL-0000045";"2024-01-03";"MI-015";"13"
"SAL-0000046";"2024-01-04";"MI-001";"26"
"SAL-0000047";"2024-01-04";"MI-002";"18"
"SAL-0000048";"2024-01-04";"MI-003";"10"
"SAL-0000049";"2024-01-04";"MI-004";"5"
"SAL-0000050";"2024-01-04";"MI-005";"20"
"SAL-0000051";"2024-01-04";"MI-006";"15"
"SAL-0000052";"2024-01-04";"MI-007";"24"
"SAL-0000053";"2024-01-04";"MI-008";"12"
"SAL-0000054";"2024-01-04";"MI-009";"1"
"SAL-0000055";"2024-01-04";"MI-010";"13"
"SAL-0000056";"2024-01-04";"MI-011";"12"
"SAL-0000057";"2024-01-04";"MI-012";"14"
"SAL-0000058";"2024-01-04";"MI-013";"13"
"SAL-0000059";"2024-01-04";"MI-014";"9"
"SAL-0000060";"2024-01-04";"MI-015";"9"
"SAL-0000061";"2024-01-05";"MI-001";"34"
"SAL-0000062";"2024-01-05";"MI-002";"10"
"SAL-0000063";"2024-01-05";"MI-003";"22"
"SAL-0000064";"2024-01-05";"MI-004";"21"
"SAL-0000065";"2024-01-05";"MI-005";"25"
"SAL-0000066";"2024-01-05";"MI-006";"20"
"SAL-0000067";"2024-01-05";"MI-007";"16"
"SAL-0000068";"2024-01-05";"MI-008";"12"
"SAL-0000069";"2024-01-05";"MI-009";"10"
"SAL-0000070";"2024-01-05";"MI-010";"14"
"SAL-0000071";"2024-01-05";"MI-011";"16"
"SAL-0000072";"2024-01-05";"MI-012";"5"
"SAL-0000073";"2024-01-05";"MI-013";"13"
"SAL-0000074";"2024-01-05";"MI-014";"3"
"SAL-0000075";"2024-01-05";"MI-015";"21"
"SAL-0000076";"2024-01-06";"MI-001";"32"
"SAL-0000077";"2024-01-06";"MI-002";"23"
"SAL-0000078";"2024-01-06";"MI-003";"36"
"SAL-0000079";"2024-01-06";"MI-004";"22"
"SAL-0000080";"2024-01-06";"MI-005";"33"
"SAL-0000081";"2024-01-06";"MI-006";"19"
"SAL-0000082";"2024-01-06";"MI-007";"17"
"SAL-0000083";"2024-01-06";"MI-008";"20"
"SAL-0000084";"2024-01-06";"MI-009";"14"
"SAL-0000085";"2024-01-06";"MI-010";"24"
"SAL-0000086";"2024-01-06";"MI-011";"26"
"SAL-0000087";"2024-01-06";"MI-012";"5"
"SAL-0000088";"2024-01-06";"MI-013";"21"
"SAL-0000089";"2024-01-06";"MI-014";"6"
"SAL-0000090";"2024-01-06";"MI-015";"19"
"SAL-0000091";"2024-01-07";"MI-001";"29"
"SAL-0000092";"2024-01-07";"MI-002";"17"
"SAL-0000093";"2024-01-07";"MI-003";"21"
"SAL-0000094";"2024-01-07";"MI-004";"12"
"SAL-0000095";"2024-01-07";"MI-005";"22"
"SAL-0000096";"2024-01-07";"MI-006";"22"
"SAL-0000097";"2024-01-07";"MI-007";"17"
"SAL-0000098";"2024-01-07";"MI-008";"20"
"SAL-0000099";"2024-01-07";"MI-009";"11"
"SAL-0000100";"2024-01-07";"MI-010";"9"
"SAL-0000101";"2024-01-07";"MI-011";"18"
"SAL-0000102";"2024-01-07";"MI-012";"10"
"SAL-0000103";"2024-01-07";"MI-013";"21"
"SAL-0000104";"2024-01-07";"MI-014";"10"
"SAL-0000105";"2024-01-07";"MI-015";"11"
"SAL-0000106";"2024-01-08";"MI-001";"16"
"SAL-0000107";"2024-01-08";"MI-002";"13"
"SAL-0000108";"2024-01-08";"MI-003";"6"
"SAL-0000109";"2024-01-08";"MI-004";"12"
"SAL-0000110";"2024-01-08";"MI-005";"18"
"SAL-0000111";"2024-01-08";"MI-006";"5"
"SAL-0000112";"2024-01-08";"MI-007";"11"
"SAL-0000113";"2024-01-08";"MI-008";"9"
"SAL-0000114";"2024-01-08";"MI-009";"4"
"SAL-0000115";"2024-01-08";"MI-010";"18"
"SAL-0000116";"2024-01-08";"MI-011";"14"
"SAL-0000117";"2024-01-08";"MI-012";"9"
"SAL-0000118";"2024-01-08";"MI-013";"12"
"SAL-0000119";"2024-01-08";"MI-014";"2"
"SAL-0000120";"2024-01-08";"MI-015";"10"
"SAL-0000121";"2024-01-09";"MI-001";"7"
"SAL-0000122";"2024-01-09";"MI-002";"25"
"SAL-0000123";"2024-01-09";"MI-003";"23"
"SAL-0000124";"2024-01-09";"MI-004";"15"
"SAL-0000125";"2024-01-09";"MI-005";"13"
"SAL-0000126";"2024-01-09";"MI-006";"12"
"SAL-0000127";"2024-01-09";"MI-007";"12"
"SAL-0000128";"2024-01-09";"MI-008";"11"
"SAL-0000129";"2024-01-09";"MI-009";"2"
"SAL-0000130";"2024-01-09";"MI-010";"5"
"SAL-0000131";"2024-01-09";"MI-011";"12"
"SAL-0000132";"2024-01-09";"MI-012";"8"
"SAL-0000133";"2024-01-09";"MI-013";"15"
"SAL-0000134";"2024-01-09";"MI-014";"8"
"SAL-0000135";"2024-01-09";"MI-015";"12"
"SAL-0000136";"2024-01-10";"MI-001";"25"
"SAL-0000137";"2024-01-10";"MI-002";"18"
"SAL-0000138";"2024-01-10";"MI-003";"11"
"SAL-0000139";"2024-01-10";"MI-004";"17"
"SAL-0000140";"2024-01-10";"MI-005";"19"
"SAL-0000141";"2024-01-10";"MI-006";"7"
"SAL-0000142";"2024-01-10";"MI-007";"14"
"SAL-0000143";"2024-01-10";"MI-008";"9"
"SAL-0000144";"2024-01-10";"MI-009";"9"
"SAL-0000145";"2024-01-10";"MI-010";"11"
"SAL-0000146";"2024-01-10";"MI-011";"18"
"SAL-0000147";"2024-01-10";"MI-012";"4"
"SAL-0000148";"2024-01-10";"MI-013";"7"
"SAL-0000149";"2024-01-10";"MI-014";"4"
"SAL-0000150";"2024-01-10";"MI-015";"11"
"SAL-0000151";"2024-01-11";"MI-001";"29"
"SAL-0000152";"2024-01-11";"MI-002";"15"
"SAL-0000153";"2024-01-11";"MI-003";"14"
"SAL-0000154";"2024-01-11";"MI-004";"14"
"SAL-0000155";"2024-01-11";"MI-005";"36"
"SAL-0000156";"2024-01-11";"MI-006";"13"
"SAL-0000157";"2024-01-11";"MI-007";"21"
"SAL-0000158";"2024-01-11";"MI-008";"19"
"SAL-0000159";"2024-01-11";"MI-009";"10"
"SAL-0000160";"2024-01-11";"MI-010";"11"
"SAL-0000161";"2024-01-11";"MI-011";"17"
"SAL-0000162";"2024-01-11";"MI-012";"13"
"SAL-0000163";"2024-01-11";"MI-013";"12"
"SAL-0000164";"2024-01-11";"MI-014";"12"
"SAL-0000165";"2024-01-11";"MI-015";"18"
"SAL-0000166";"2024-01-12";"MI-001";"27"
"SAL-0000167";"2024-01-12";"MI-002";"23"
"SAL-0000168";"2024-01-12";"MI-003";"23"
"SAL-0000169";"2024-01-12";"MI-004";"21"
"SAL-0000170";"2024-01-12";"MI-005";"20"
"SAL-0000171";"2024-01-12";"MI-006";"10"
"SAL-0000172";"2024-01-12";"MI-007";"24"
"SAL-0000173";"2024-01-12";"MI-008";"15"
"SAL-0000174";"2024-01-12";"MI-009";"10"
"SAL-0000175";"2024-01-12";"MI-010";"11"
"SAL-0000176";"2024-01-12";"MI-011";"12"
"SAL-0000177";"2024-01-12";"MI-012";"5"
"SAL-0000178";"2024-01-12";"MI-013";"12"
"SAL-0000179";"2024-01-12";"MI-014";"12"
"SAL-0000180";"2024-01-12";"MI-015";"19"
"SAL-0000181";"2024-01-13";"MI-001";"35"
"SAL-0000182";"2024-01-13";"MI-002";"28"
"SAL-0000183";"2024-01-13";"MI-003";"26"
"SAL-0000184";"2024-01-13";"MI-004";"18"
"SAL-0000185";"2024-01-13";"MI-005";"43"
"SAL-0000186";"2024-01-13";"MI-006";"23"
"SAL-0000187";"2024-01-13";"MI-007";"29"
"SAL-0000188";"2024-01-13";"MI-008";"18"
"SAL-0000189";"2024-01-13";"MI-009";"14"
"SAL-0000190";"2024-01-13";"MI-010";"14"
"SAL-0000191";"2024-01-13";"MI-011";"23"
"SAL-0000192";"2024-01-13";"MI-012";"10"
"SAL-0000193";"2024-01-13";"MI-013";"14"
"SAL-0000194";"2024-01-13";"MI-014";"17"
"SAL-0000195";"2024-01-13";"MI-015";"18"
"SAL-0000196";"2024-01-14";"MI-001";"37"
"SAL-0000197";"2024-01-14";"MI-002";"15"
"SAL-0000198";"2024-01-14";"MI-003";"24"
"SAL-0000199";"2024-01-14";"MI-004";"18"
"SAL-0000200";"2024-01-14";"MI-005";"22"
"SAL-0000201";"2024-01-14";"MI-006";"17"
"SAL-0000202";"2024-01-14";"MI-007";"22"
"SAL-0000203";"2024-01-14";"MI-008";"14"
"SAL-0000204";"2024-01-14";"MI-009";"10"
"SAL-0000205";"2024-01-14";"MI-010";"19"
"SAL-0000206";"2024-01-14";"MI-011";"22"
"SAL-0000207";"2024-01-14";"MI-012";"7"
"SAL-0000208";"2024-01-14";"MI-013";"16"
"SAL-0000209";"2024-01-14";"MI-014";"9"
"SAL-0000210";"2024-01-14";"MI-015";"21"
"SAL-0000211";"2024-01-15";"MI-001";"15"
"SAL-0000212";"2024-01-15";"MI-002";"13"
"SAL-0000213";"2024-01-15";"MI-003";"20"
"SAL-0000214";"2024-01-15";"MI-004";"11"
"SAL-0000215";"2024-01-15";"MI-005";"14"
"SAL-0000216";"2024-01-15";"MI-006";"15"
"SAL-0000217";"2024-01-15";"MI-007";"14"
"SAL-0000218";"2024-01-15";"MI-008";"11"
"SAL-0000219";"2024-01-15";"MI-009";"0"
"SAL-0000220";"2024-01-15";"MI-010";"7"
"SAL-0000221";"2024-01-15";"MI-011";"10"
"SAL-0000222";"2024-01-15";"MI-012";"2"
"SAL-0000223";"2024-01-15";"MI-013";"4"
"SAL-0000224";"2024-01-15";"MI-014";"0"
"SAL-0000225";"2024-01-15";"MI-015";"9"
"SAL-0000226";"2024-01-16";"MI-001";"16"
"SAL-0000227";"2024-01-16";"MI-002";"28"
"SAL-0000228";"2024-01-16";"MI-003";"16"
"SAL-0000229";"2024-01-16";"MI-004";"11"
"SAL-0000230";"2024-01-16";"MI-005";"16"
"SAL-0000231";"2024-01-16";"MI-006";"12"
"SAL-0000232";"2024-01-16";"MI-007";"25"
"SAL-0000233";"2024-01-16";"MI-008";"2"
"SAL-0000234";"2024-01-16";"MI-009";"13"
"SAL-0000235";"2024-01-16";"MI-010";"10"
"SAL-0000236";"2024-01-16";"MI-011";"11"
"SAL-0000237";"2024-01-16";"MI-012";"4"
"SAL-0000238";"2024-01-16";"MI-013";"11"
"SAL-0000239";"2024-01-16";"MI-014";"7"
"SAL-0000240";"2024-01-16";"MI-015";"5"
"SAL-0000241";"2024-01-17";"MI-001";"24"
"SAL-0000242";"2024-01-17";"MI-002";"10"
"SAL-0000243";"2024-01-17";"MI-003";"11"
"SAL-0000244";"2024-01-17";"MI-004";"15"
"SAL-0000245";"2024-01-17";"MI-005";"18"
"SAL-0000246";"2024-01-17";"MI-006";"11"
"SAL-0000247";"2024-01-17";"MI-007";"18"
"SAL-0000248";"2024-01-17";"MI-008";"14"
"SAL-0000249";"2024-01-17";"MI-009";"8"
"SAL-0000250";"2024-01-17";"MI-010";"8"
"SAL-0000251";"2024-01-17";"MI-011";"16"
"SAL-0000252";"2024-01-17";"MI-012";"7"
"SAL-0000253";"2024-01-17";"MI-013";"14"
"SAL-0000254";"2024-01-17";"MI-014";"8"
"SAL-0000255";"2024-01-17";"MI-015";"12"
"SAL-0000256";"2024-01-18";"MI-001";"16"
"SAL-0000257";"2024-01-18";"MI-002";"21"
"SAL-0000258";"2024-01-18";"MI-003";"13"
"SAL-0000259";"2024-01-18";"MI-004";"14"
"SAL-0000260";"2024-01-18";"MI-005";"21"
"SAL-0000261";"2024-01-18";"MI-006";"11"
"SAL-0000262";"2024-01-18";"MI-007";"15"
"SAL-0000263";"2024-01-18";"MI-008";"7"
"SAL-0000264";"2024-01-18";"MI-009";"8"
"SAL-0000265";"2024-01-18";"MI-010";"8"
"SAL-0000266";"2024-01-18";"MI-011";"10"
"SAL-0000267";"2024-01-18";"MI-012";"8"
"SAL-0000268";"2024-01-18";"MI-013";"11"
"SAL-0000269";"2024-01-18";"MI-014";"14"
"SAL-0000270";"2024-01-18";"MI-015";"8"
"SAL-0000271";"2024-01-19";"MI-001";"25"
"SAL-0000272";"2024-01-19";"MI-002";"32"
"SAL-0000273";"2024-01-19";"MI-003";"15"
"SAL-0000274";"2024-01-19";"MI-004";"11"
"SAL-0000275";"2024-01-19";"MI-005";"35"
"SAL-0000276";"2024-01-19";"MI-006";"12"
"SAL-0000277";"2024-01-19";"MI-007";"20"
"SAL-0000278";"2024-01-19";"MI-008";"11"
"SAL-0000279";"2024-01-19";"MI-009";"7"
"SAL-0000280";"2024-01-19";"MI-010";"10"
"SAL-0000281";"2024-01-19";"MI-011";"10"
"SAL-0000282";"2024-01-19";"MI-012";"7"
"SAL-0000283";"2024-01-19";"MI-013";"11"
"SAL-0000284";"2024-01-19";"MI-014";"13"
"SAL-0000285";"2024-01-19";"MI-015";"10"
"SAL-0000286";"2024-01-20";"MI-001";"28"
"SAL-0000287";"2024-01-20";"MI-002";"21"
"SAL-0000288";"2024-01-20";"MI-003";"34"
"SAL-0000289";"2024-01-20";"MI-004";"23"
"SAL-0000290";"2024-01-20";"MI-005";"32"
"SAL-0000291";"2024-01-20";"MI-006";"21"
"SAL-0000292";"2024-01-20";"MI-007";"29"
"SAL-0000293";"2024-01-20";"MI-008";"16"
"SAL-0000294";"2024-01-20";"MI-009";"15"
"SAL-0000295";"2024-01-20";"MI-010";"19"
"SAL-0000296";"2024-01-20";"MI-011";"22"
"SAL-0000297";"2024-01-20";"MI-012";"17"
"SAL-0000298";"2024-01-20";"MI-013";"16"
"SAL-0000299";"2024-01-20";"MI-014";"9"
"SAL-0000300";"2024-01-20";"MI-015";"21"
"SAL-0000301";"2024-01-21";"MI-001";"25"
"SAL-0000302";"2024-01-21";"MI-002";"35"
"SAL-0000303";"2024-01-21";"MI-003";"19"
"SAL-0000304";"2024-01-21";"MI-004";"16"
"SAL-0000305";"2024-01-21";"MI-005";"31"
"SAL-0000306";"2024-01-21";"MI-006";"11"
"SAL-0000307";"2024-01-21";"MI-007";"27"
"SAL-0000308";"2024-01-21";"MI-008";"20"
"SAL-0000309";"2024-01-21";"MI-009";"11"
"SAL-0000310";"2024-01-21";"MI-010";"20"
"SAL-0000311";"2024-01-21";"MI-011";"23"
"SAL-0000312";"2024-01-21";"MI-012";"20"
"SAL-0000313";"2024-01-21";"MI-013";"19"
"SAL-0000314";"2024-01-21";"MI-014";"12"
"SAL-0000315";"2024-01-21";"MI-015";"17"
"SAL-0000316";"2024-01-22";"MI-001";"22"
"SAL-0000317";"2024-01-22";"MI-002";"19"
"SAL-0000318";"2024-01-22";"MI-003";"16"
"SAL-0000319";"2024-01-22";"MI-004";"3"
"SAL-0000320";"2024-01-22";"MI-005";"11"
"SAL-0000321";"2024-01-22";"MI-006";"10"
"SAL-0000322";"2024-01-22";"MI-007";"19"
"SAL-0000323";"2024-01-22";"MI-008";"10"
"SAL-0000324";"2024-01-22";"MI-009";"5"
"SAL-0000325";"2024-01-22";"MI-010";"7"
"SAL-0000326";"2024-01-22";"MI-011";"10"
"SAL-0000327";"2024-01-22";"MI-012";"8"
"SAL-0000328";"2024-01-22";"MI-013";"3"
"SAL-0000329";"2024-01-22";"MI-014";"3"
"SAL-0000330";"2024-01-22";"MI-015";"10"
"SAL-0000331";"2024-01-23";"MI-001";"13"
"SAL-0000332";"2024-01-23";"MI-002";"14"
"SAL-0000333";"2024-01-23";"MI-003";"17"
"SAL-0000334";"2024-01-23";"MI-004";"13"
"SAL-0000335";"2024-01-23";"MI-005";"23"
"SAL-0000336";"2024-01-23";"MI-006";"17"
"SAL-0000337";"2024-01-23";"MI-007";"14"
"SAL-0000338";"2024-01-23";"MI-008";"14"
"SAL-0000339";"2024-01-23";"MI-009";"7"
"SAL-0000340";"2024-01-23";"MI-010";"8"
"SAL-0000341";"2024-01-23";"MI-011";"12"
"SAL-0000342";"2024-01-23";"MI-012";"6"
"SAL-0000343";"2024-01-23";"MI-013";"7"
"SAL-0000344";"2024-01-23";"MI-014";"8"
"SAL-0000345";"2024-01-23";"MI-015";"7"
"SAL-0000346";"2024-01-24";"MI-001";"32"
"SAL-0000347";"2024-01-24";"MI-002";"16"
"SAL-0000348";"2024-01-24";"MI-003";"15"
"SAL-0000349";"2024-01-24";"MI-004";"6"
"SAL-0000350";"2024-01-24";"MI-005";"16"
"SAL-0000351";"2024-01-24";"MI-006";"9"
"SAL-0000352";"2024-01-24";"MI-007";"22"
"SAL-0000353";"2024-01-24";"MI-008";"4"
"SAL-0000354";"2024-01-24";"MI-009";"4"
"SAL-0000355";"2024-01-24";"MI-010";"11"
"SAL-0000356";"2024-01-24";"MI-011";"15"
"SAL-0000357";"2024-01-24";"MI-012";"8"
"SAL-0000358";"2024-01-24";"MI-013";"10"
"SAL-0000359";"2024-01-24";"MI-014";"7"
"SAL-0000360";"2024-01-24";"MI-015";"10"
"SAL-0000361";"2024-01-25";"MI-001";"21"
"SAL-0000362";"2024-01-25";"MI-002";"16"
"SAL-0000363";"2024-01-25";"MI-003";"16"
"SAL-0000364";"2024-01-25";"MI-004";"13"
"SAL-0000365";"2024-01-25";"MI-005";"21"
"SAL-0000366";"2024-01-25";"MI-006";"15"
"SAL-0000367";"2024-01-25";"MI-007";"19"
"SAL-0000368";"2024-01-25";"MI-008";"6"
"SAL-0000369";"2024-01-25";"MI-009";"11"
"SAL-0000370";"2024-01-25";"MI-010";"13"
"SAL-0000371";"2024-01-25";"MI-011";"12"
"SAL-0000372";"2024-01-25";"MI-012";"7"
"SAL-0000373";"2024-01-25";"MI-013";"14"
"SAL-0000374";"2024-01-25";"MI-014";"5"
"SAL-0000375";"2024-01-25";"MI-015";"15"
"SAL-0000376";"2024-01-26";"MI-001";"38"
"SAL-0000377";"2024-01-26";"MI-002";"18"
"SAL-0000378";"2024-01-26";"MI-003";"31"
"SAL-0000379";"2024-01-26";"MI-004";"20"
"SAL-0000380";"2024-01-26";"MI-005";"31"
"SAL-0000381";"2024-01-26";"MI-006";"8"
"SAL-0000382";"2024-01-26";"MI-007";"19"
"SAL-0000383";"2024-01-26";"MI-008";"19"
"SAL-0000384";"2024-01-26";"MI-009";"10"
"SAL-0000385";"2024-01-26";"MI-010";"11"
"SAL-0000386";"2024-01-26";"MI-011";"17"
"SAL-0000387";"2024-01-26";"MI-012";"12"
"SAL-0000388";"2024-01-26";"MI-013";"15"
"SAL-0000389";"2024-01-26";"MI-014";"13"
"SAL-0000390";"2024-01-26";"MI-015";"22"
"SAL-0000391";"2024-01-27";"MI-001";"25"
"SAL-0000392";"2024-01-27";"MI-002";"30"
"SAL-0000393";"2024-01-27";"MI-003";"24"
"SAL-0000394";"2024-01-27";"MI-004";"18"
"SAL-0000395";"2024-01-27";"MI-005";"30"
"SAL-0000396";"2024-01-27";"MI-006";"22"
"SAL-0000397";"2024-01-27";"MI-007";"17"
"SAL-0000398";"2024-01-27";"MI-008";"19"
"SAL-0000399";"2024-01-27";"MI-009";"10"
"SAL-0000400";"2024-01-27";"MI-010";"15"
"SAL-0000401";"2024-01-27";"MI-011";"20"
"SAL-0000402";"2024-01-27";"MI-012";"18"
"SAL-0000403";"2024-01-27";"MI-013";"11"
"SAL-0000404";"2024-01-27";"MI-014";"10"
"SAL-0000405";"2024-01-27";"MI-015";"28"
"SAL-0000406";"2024-01-28";"MI-001";"27"
"SAL-0000407";"2024-01-28";"MI-002";"19"
"SAL-0000408";"2024-01-28";"MI-003";"26"
"SAL-0000409";"2024-01-28";"MI-004";"22"
"SAL-0000410";"2024-01-28";"MI-005";"24"
"SAL-0000411";"2024-01-28";"MI-006";"10"
"SAL-0000412";"2024-01-28";"MI-007";"18"
"SAL-0000413";"2024-01-28";"MI-008";"15"
"SAL-0000414";"2024-01-28";"MI-009";"18"
"SAL-0000415";"2024-01-28";"MI-010";"19"
"SAL-0000416";"2024-01-28";"MI-011";"17"
"SAL-0000417";"2024-01-28";"MI-012";"15"
"SAL-0000418";"2024-01-28";"MI-013";"13"
"SAL-0000419";"2024-01-28";"MI-014";"11"
"SAL-0000420";"2024-01-28";"MI-015";"12"
"SAL-0000421";"2024-01-29";"MI-001";"20"
"SAL-0000422";"2024-01-29";"MI-002";"20"
"SAL-0000423";"2024-01-29";"MI-003";"18"
"SAL-0000424";"2024-01-29";"MI-004";"9"
"SAL-0000425";"2024-01-29";"MI-005";"21"
"SAL-0000426";"2024-01-29";"MI-006";"12"
"SAL-0000427";"2024-01-29";"MI-007";"14"
"SAL-0000428";"2024-01-29";"MI-008";"10"
"SAL-0000429";"2024-01-29";"MI-009";"6"
"SAL-0000430";"2024-01-29";"MI-010";"7"
"SAL-0000431";"2024-01-29";"MI-011";"13"
"SAL-0000432";"2024-01-29";"MI-012";"5"
"SAL-0000433";"2024-01-29";"MI-013";"15"
"SAL-0000434";"2024-01-29";"MI-014";"8"
"SAL-0000435";"2024-01-29";"MI-015";"8"
"SAL-0000436";"2024-01-30";"MI-001";"11"
"SAL-0000437";"2024-01-30";"MI-002";"11"
"SAL-0000438";"2024-01-30";"MI-003";"5"
"SAL-0000439";"2024-01-30";"MI-004";"15"
"SAL-0000440";"2024-01-30";"MI-005";"15"
"SAL-0000441";"2024-01-30";"MI-006";"9"
"SAL-0000442";"2024-01-30";"MI-007";"15"
"SAL-0000443";"2024-01-30";"MI-008";"10"
"SAL-0000444";"2024-01-30";"MI-009";"7"
"SAL-0000445";"2024-01-30";"MI-010";"6"
"SAL-0000446";"2024-01-30";"MI-011";"7"
"SAL-0000447";"2024-01-30";"MI-012";"5"
"SAL-0000448";"2024-01-30";"MI-013";"7"
"SAL-0000449";"2024-01-30";"MI-014";"5"
"SAL-0000450";"2024-01-30";"MI-015";"12"
"SAL-0000451";"2024-01-31";"MI-001";"20"
"SAL-0000452";"2024-01-31";"MI-002";"19"
"SAL-0000453";"2024-01-31";"MI-003";"16"
"SAL-0000454";"2024-01-31";"MI-004";"11"
"SAL-0000455";"2024-01-31";"MI-005";"15"
"SAL-0000456";"2024-01-31";"MI-006";"7"
"SAL-0000457";"2024-01-31";"MI-007";"18"
"SAL-0000458";"2024-01-31";"MI-008";"11"
"SAL-0000459";"2024-01-31";"MI-009";"5"
"SAL-0000460";"2024-01-31";"MI-010";"7"
"SAL-0000461";"2024-01-31";"MI-011";"12"
"SAL-0000462";"2024-01-31";"MI-012";"3"
"SAL-0000463";"2024-01-31";"MI-013";"10"
"SAL-0000464";"2024-01-31";"MI-014";"5"
"SAL-0000465";"2024-01-31";"MI-015";"13"
"SAL-0000466";"2024-02-01";"MI-001";"20"
"SAL-0000467";"2024-02-01";"MI-002";"10"
"SAL-0000468";"2024-02-01";"MI-003";"18"
"SAL-0000469";"2024-02-01";"MI-004";"10"
"SAL-0000470";"2024-02-01";"MI-005";"20"
"SAL-0000471";"2024-02-01";"MI-006";"21"
"SAL-0000472";"2024-02-01";"MI-007";"8"
"SAL-0000473";"2024-02-01";"MI-008";"16"
"SAL-0000474";"2024-02-01";"MI-009";"5"
"SAL-0000475";"2024-02-01";"MI-010";"19"
"SAL-0000476";"2024-02-01";"MI-011";"15"
"SAL-0000477";"2024-02-01";"MI-012";"2"
"SAL-0000478";"2024-02-01";"MI-013";"11"
"SAL-0000479";"2024-02-01";"MI-014";"8"
"SAL-0000480";"2024-02-01";"MI-015";"19"
"SAL-0000481";"2024-02-02";"MI-001";"23"
"SAL-0000482";"2024-02-02";"MI-002";"18"
"SAL-0000483";"2024-02-02";"MI-003";"23"
"SAL-0000484";"2024-02-02";"MI-004";"9"
"SAL-0000485";"2024-02-02";"MI-005";"28"
"SAL-0000486";"2024-02-02";"MI-006";"17"
"SAL-0000487";"2024-02-02";"MI-007";"23"
"SAL-0000488";"2024-02-02";"MI-008";"10"
"SAL-0000489";"2024-02-02";"MI-009";"7"
"SAL-0000490";"2024-02-02";"MI-010";"16"
"SAL-0000491";"2024-02-02";"MI-011";"16"
"SAL-0000492";"2024-02-02";"MI-012";"9"
"SAL-0000493";"2024-02-02";"MI-013";"16"
"SAL-0000494";"2024-02-02";"MI-014";"8"
"SAL-0000495";"2024-02-02";"MI-015";"11"
"SAL-0000496";"2024-02-03";"MI-001";"32"
"SAL-0000497";"2024-02-03";"MI-002";"28"
"SAL-0000498";"2024-02-03";"MI-003";"34"
"SAL-0000499";"2024-02-03";"MI-004";"20"
"SAL-0000500";"2024-02-03";"MI-005";"31"
"SAL-0000501";"2024-02-03";"MI-006";"16"
"SAL-0000502";"2024-02-03";"MI-007";"34"
"SAL-0000503";"2024-02-03";"MI-008";"25"
"SAL-0000504";"2024-02-03";"MI-009";"7"
"SAL-0000505";"2024-02-03";"MI-010";"19"
"SAL-0000506";"2024-02-03";"MI-011";"21"
"SAL-0000507";"2024-02-03";"MI-012";"13"
"SAL-0000508";"2024-02-03";"MI-013";"14"
"SAL-0000509";"2024-02-03";"MI-014";"12"
"SAL-0000510";"2024-02-03";"MI-015";"19"
"SAL-0000511";"2024-02-04";"MI-001";"32"
"SAL-0000512";"2024-02-04";"MI-002";"24"
"SAL-0000513";"2024-02-04";"MI-003";"16"
"SAL-0000514";"2024-02-04";"MI-004";"14"
"SAL-0000515";"2024-02-04";"MI-005";"28"
"SAL-0000516";"2024-02-04";"MI-006";"12"
"SAL-0000517";"2024-02-04";"MI-007";"24"
"SAL-0000518";"2024-02-04";"MI-008";"14"
"SAL-0000519";"2024-02-04";"MI-009";"12"
"SAL-0000520";"2024-02-04";"MI-010";"11"
"SAL-0000521";"2024-02-04";"MI-011";"24"
"SAL-0000522";"2024-02-04";"MI-012";"6"
"SAL-0000523";"2024-02-04";"MI-013";"11"
"SAL-0000524";"2024-02-04";"MI-014";"6"
"SAL-0000525";"2024-02-04";"MI-015";"17"
"SAL-0000526";"2024-02-05";"MI-001";"14"
"SAL-0000527";"2024-02-05";"MI-002";"20"
"SAL-0000528";"2024-02-05";"MI-003";"17"
"SAL-0000529";"2024-02-05";"MI-004";"10"
"SAL-0000530";"2024-02-05";"MI-005";"15"
"SAL-0000531";"2024-02-05";"MI-006";"10"
"SAL-0000532";"2024-02-05";"MI-007";"16"
"SAL-0000533";"2024-02-05";"MI-008";"10"
"SAL-0000534";"2024-02-05";"MI-009";"10"
"SAL-0000535";"2024-02-05";"MI-010";"14"
"SAL-0000536";"2024-02-05";"MI-011";"11"
"SAL-0000537";"2024-02-05";"MI-012";"8"
"SAL-0000538";"2024-02-05";"MI-013";"8"
"SAL-0000539";"2024-02-05";"MI-014";"7"
"SAL-0000540";"2024-02-05";"MI-015";"10"
"SAL-0000541";"2024-02-06";"MI-001";"24"
"SAL-0000542";"2024-02-06";"MI-002";"13"
"SAL-0000543";"2024-02-06";"MI-003";"11"
"SAL-0000544";"2024-02-06";"MI-004";"12"
"SAL-0000545";"2024-02-06";"MI-005";"15"
"SAL-0000546";"2024-02-06";"MI-006";"12"
"SAL-0000547";"2024-02-06";"MI-007";"16"
"SAL-0000548";"2024-02-06";"MI-008";"3"
"SAL-0000549";"2024-02-06";"MI-009";"9"
"SAL-0000550";"2024-02-06";"MI-010";"8"
"SAL-0000551";"2024-02-06";"MI-011";"11"
"SAL-0000552";"2024-02-06";"MI-012";"4"
"SAL-0000553";"2024-02-06";"MI-013";"11"
"SAL-0000554";"2024-02-06";"MI-014";"5"
"SAL-0000555";"2024-02-06";"MI-015";"10"
"SAL-0000556";"2024-02-07";"MI-001";"25"
"SAL-0000557";"2024-02-07";"MI-002";"14"
"SAL-0000558";"2024-02-07";"MI-003";"11"
"SAL-0000559";"2024-02-07";"MI-004";"10"
"SAL-0000560";"2024-02-07";"MI-005";"10"
"SAL-0000561";"2024-02-07";"MI-006";"11"
"SAL-0000562";"2024-02-07";"MI-007";"8"
"SAL-0000563";"2024-02-07";"MI-008";"11"
"SAL-0000564";"2024-02-07";"MI-009";"5"
"SAL-0000565";"2024-02-07";"MI-010";"9"
"SAL-0000566";"2024-02-07";"MI-011";"6"
"SAL-0000567";"2024-02-07";"MI-012";"2"
"SAL-0000568";"2024-02-07";"MI-013";"6"
"SAL-0000569";"2024-02-07";"MI-014";"9"
"SAL-0000570";"2024-02-07";"MI-015";"10"
"SAL-0000571";"2024-02-08";"MI-001";"17"
"SAL-0000572";"2024-02-08";"MI-002";"12"
"SAL-0000573";"2024-02-08";"MI-003";"11"
"SAL-0000574";"2024-02-08";"MI-004";"18"
"SAL-0000575";"2024-02-08";"MI-005";"17"
"SAL-0000576";"2024-02-08";"MI-006";"11"
"SAL-0000577";"2024-02-08";"MI-007";"12"
"SAL-0000578";"2024-02-08";"MI-008";"5"
"SAL-0000579";"2024-02-08";"MI-009";"8"
"SAL-0000580";"2024-02-08";"MI-010";"19"
"SAL-0000581";"2024-02-08";"MI-011";"12"
"SAL-0000582";"2024-02-08";"MI-012";"10"
"SAL-0000583";"2024-02-08";"MI-013";"11"
"SAL-0000584";"2024-02-08";"MI-014";"7"
"SAL-0000585";"2024-02-08";"MI-015";"15"
"SAL-0000586";"2024-02-09";"MI-001";"24"
"SAL-0000587";"2024-02-09";"MI-002";"24"
"SAL-0000588";"2024-02-09";"MI-003";"21"
"SAL-0000589";"2024-02-09";"MI-004";"16"
"SAL-0000590";"2024-02-09";"MI-005";"31"
"SAL-0000591";"2024-02-09";"MI-006";"13"
"SAL-0000592";"2024-02-09";"MI-007";"11"
"SAL-0000593";"2024-02-09";"MI-008";"10"
"SAL-0000594";"2024-02-09";"MI-009";"12"
"SAL-0000595";"2024-02-09";"MI-010";"14"
"SAL-0000596";"2024-02-09";"MI-011";"16"
"SAL-0000597";"2024-02-09";"MI-012";"13"
"SAL-0000598";"2024-02-09";"MI-013";"10"
"SAL-0000599";"2024-02-09";"MI-014";"4"
"SAL-0000600";"2024-02-09";"MI-015";"6"
"SAL-0000601";"2024-02-10";"MI-001";"35"
"SAL-0000602";"2024-02-10";"MI-002";"29"
"SAL-0000603";"2024-02-10";"MI-003";"28"
"SAL-0000604";"2024-02-10";"MI-004";"28"
"SAL-0000605";"2024-02-10";"MI-005";"31"
"SAL-0000606";"2024-02-10";"MI-006";"21"
"SAL-0000607";"2024-02-10";"MI-007";"18"
"SAL-0000608";"2024-02-10";"MI-008";"17"
"SAL-0000609";"2024-02-10";"MI-009";"11"
"SAL-0000610";"2024-02-10";"MI-010";"13"
"SAL-0000611";"2024-02-10";"MI-011";"16"
"SAL-0000612";"2024-02-10";"MI-012";"6"
"SAL-0000613";"2024-02-10";"MI-013";"19"
"SAL-0000614";"2024-02-10";"MI-014";"10"
"SAL-0000615";"2024-02-10";"MI-015";"24"
"SAL-0000616";"2024-02-11";"MI-001";"32"
"SAL-0000617";"2024-02-11";"MI-002";"35"
"SAL-0000618";"2024-02-11";"MI-003";"35"
"SAL-0000619";"2024-02-11";"MI-004";"25"
"SAL-0000620";"2024-02-11";"MI-005";"40"
"SAL-0000621";"2024-02-11";"MI-006";"23"
"SAL-0000622";"2024-02-11";"MI-007";"31"
"SAL-0000623";"2024-02-11";"MI-008";"18"
"SAL-0000624";"2024-02-11";"MI-009";"17"
"SAL-0000625";"2024-02-11";"MI-010";"20"
"SAL-0000626";"2024-02-11";"MI-011";"19"
"SAL-0000627";"2024-02-11";"MI-012";"17"
"SAL-0000628";"2024-02-11";"MI-013";"20"
"SAL-0000629";"2024-02-11";"MI-014";"8"
"SAL-0000630";"2024-02-11";"MI-015";"23"
"SAL-0000631";"2024-02-12";"MI-001";"19"
"SAL-0000632";"2024-02-12";"MI-002";"16"
"SAL-0000633";"2024-02-12";"MI-003";"13"
"SAL-0000634";"2024-02-12";"MI-004";"5"
"SAL-0000635";"2024-02-12";"MI-005";"24"
"SAL-0000636";"2024-02-12";"MI-006";"7"
"SAL-0000637";"2024-02-12";"MI-007";"10"
"SAL-0000638";"2024-02-12";"MI-008";"14"
"SAL-0000639";"2024-02-12";"MI-009";"7"
"SAL-0000640";"2024-02-12";"MI-010";"15"
"SAL-0000641";"2024-02-12";"MI-011";"12"
"SAL-0000642";"2024-02-12";"MI-012";"8"
"SAL-0000643";"2024-02-12";"MI-013";"7"
"SAL-0000644";"2024-02-12";"MI-014";"4"
"SAL-0000645";"2024-02-12";"MI-015";"4"
"SAL-0000646";"2024-02-13";"MI-001";"17"
"SAL-0000647";"2024-02-13";"MI-002";"15"
"SAL-0000648";"2024-02-13";"MI-003";"19"
"SAL-0000649";"2024-02-13";"MI-004";"15"
"SAL-0000650";"2024-02-13";"MI-005";"17"
"SAL-0000651";"2024-02-13";"MI-006";"9"
"SAL-0000652";"2024-02-13";"MI-007";"14"
"SAL-0000653";"2024-02-13";"MI-008";"7"
"SAL-0000654";"2024-02-13";"MI-009";"6"
"SAL-0000655";"2024-02-13";"MI-010";"13"
"SAL-0000656";"2024-02-13";"MI-011";"12"
"SAL-0000657";"2024-02-13";"MI-012";"2"
"SAL-0000658";"2024-02-13";"MI-013";"6"
"SAL-0000659";"2024-02-13";"MI-014";"4"
"SAL-0000660";"2024-02-13";"MI-015";"8"
"SAL-0000661";"2024-02-14";"MI-001";"13"
"SAL-0000662";"2024-02-14";"MI-002";"6"
"SAL-0000663";"2024-02-14";"MI-003";"11"
"SAL-0000664";"2024-02-14";"MI-004";"7"
"SAL-0000665";"2024-02-14";"MI-005";"23"
"SAL-0000666";"2024-02-14";"MI-006";"18"
"SAL-0000667";"2024-02-14";"MI-007";"15"
"SAL-0000668";"2024-02-14";"MI-008";"4"
"SAL-0000669";"2024-02-14";"MI-009";"7"
"SAL-0000670";"2024-02-14";"MI-010";"6"
"SAL-0000671";"2024-02-14";"MI-011";"16"
"SAL-0000672";"2024-02-14";"MI-012";"9"
"SAL-0000673";"2024-02-14";"MI-013";"12"
"SAL-0000674";"2024-02-14";"MI-014";"8"
"SAL-0000675";"2024-02-14";"MI-015";"5"
"SAL-0000676";"2024-02-15";"MI-001";"21"
"SAL-0000677";"2024-02-15";"MI-002";"16"
"SAL-0000678";"2024-02-15";"MI-003";"16"
"SAL-0000679";"2024-02-15";"MI-004";"9"
"SAL-0000680";"2024-02-15";"MI-005";"21"
"SAL-0000681";"2024-02-15";"MI-006";"17"
"SAL-0000682";"2024-02-15";"MI-007";"20"
"SAL-0000683";"2024-02-15";"MI-008";"11"
"SAL-0000684";"2024-02-15";"MI-009";"5"
"SAL-0000685";"2024-02-15";"MI-010";"7"
"SAL-0000686";"2024-02-15";"MI-011";"11"
"SAL-0000687";"2024-02-15";"MI-012";"5"
"SAL-0000688";"2024-02-15";"MI-013";"7"
"SAL-0000689";"2024-02-15";"MI-014";"8"
"SAL-0000690";"2024-02-15";"MI-015";"14"
"SAL-0000691";"2024-02-16";"MI-001";"21"
"SAL-0000692";"2024-02-16";"MI-002";"20"
"SAL-0000693";"2024-02-16";"MI-003";"18"
"SAL-0000694";"2024-02-16";"MI-004";"14"
"SAL-0000695";"2024-02-16";"MI-005";"28"
"SAL-0000696";"2024-02-16";"MI-006";"7"
"SAL-0000697";"2024-02-16";"MI-007";"24"
"SAL-0000698";"2024-02-16";"MI-008";"13"
"SAL-0000699";"2024-02-16";"MI-009";"8"
"SAL-0000700";"2024-02-16";"MI-010";"18"
"SAL-0000701";"2024-02-16";"MI-011";"26"
"SAL-0000702";"2024-02-16";"MI-012";"10"
"SAL-0000703";"2024-02-16";"MI-013";"19"
"SAL-0000704";"2024-02-16";"MI-014";"6"
"SAL-0000705";"2024-02-16";"MI-015";"21"
"SAL-0000706";"2024-02-17";"MI-001";"24"
"SAL-0000707";"2024-02-17";"MI-002";"23"
"SAL-0000708";"2024-02-17";"MI-003";"28"
"SAL-0000709";"2024-02-17";"MI-004";"20"
"SAL-0000710";"2024-02-17";"MI-005";"34"
"SAL-0000711";"2024-02-17";"MI-006";"12"
"SAL-0000712";"2024-02-17";"MI-007";"21"
"SAL-0000713";"2024-02-17";"MI-008";"21"
"SAL-0000714";"2024-02-17";"MI-009";"15"
"SAL-0000715";"2024-02-17";"MI-010";"23"
"SAL-0000716";"2024-02-17";"MI-011";"17"
"SAL-0000717";"2024-02-17";"MI-012";"15"
"SAL-0000718";"2024-02-17";"MI-013";"18"
"SAL-0000719";"2024-02-17";"MI-014";"11"
"SAL-0000720";"2024-02-17";"MI-015";"19"
"SAL-0000721";"2024-02-18";"MI-001";"41"
"SAL-0000722";"2024-02-18";"MI-002";"33"
"SAL-0000723";"2024-02-18";"MI-003";"26"
"SAL-0000724";"2024-02-18";"MI-004";"23"
"SAL-0000725";"2024-02-18";"MI-005";"24"
"SAL-0000726";"2024-02-18";"MI-006";"9"
"SAL-0000727";"2024-02-18";"MI-007";"26"
"SAL-0000728";"2024-02-18";"MI-008";"18"
"SAL-0000729";"2024-02-18";"MI-009";"11"
"SAL-0000730";"2024-02-18";"MI-010";"19"
"SAL-0000731";"2024-02-18";"MI-011";"18"
"SAL-0000732";"2024-02-18";"MI-012";"8"
"SAL-0000733";"2024-02-18";"MI-013";"18"
"SAL-0000734";"2024-02-18";"MI-014";"8"
"SAL-0000735";"2024-02-18";"MI-015";"20"
"SAL-0000736";"2024-02-19";"MI-001";"16"
"SAL-0000737";"2024-02-19";"MI-002";"9"
"SAL-0000738";"2024-02-19";"MI-003";"14"
"SAL-0000739";"2024-02-19";"MI-004";"17"
"SAL-0000740";"2024-02-19";"MI-005";"27"
"SAL-0000741";"2024-02-19";"MI-006";"12"
"SAL-0000742";"2024-02-19";"MI-007";"17"
"SAL-0000743";"2024-02-19";"MI-008";"12"
"SAL-0000744";"2024-02-19";"MI-009";"4"
"SAL-0000745";"2024-02-19";"MI-010";"10"
"SAL-0000746";"2024-02-19";"MI-011";"10"
"SAL-0000747";"2024-02-19";"MI-012";"10"
"SAL-0000748";"2024-02-19";"MI-013";"7"
"SAL-0000749";"2024-02-19";"MI-014";"8"
"SAL-0000750";"2024-02-19";"MI-015";"13"
"SAL-0000751";"2024-02-20";"MI-001";"14"
"SAL-0000752";"2024-02-20";"MI-002";"18"
"SAL-0000753";"2024-02-20";"MI-003";"24"
"SAL-0000754";"2024-02-20";"MI-004";"9"
"SAL-0000755";"2024-02-20";"MI-005";"14"
"SAL-0000756";"2024-02-20";"MI-006";"8"
"SAL-0000757";"2024-02-20";"MI-007";"14"
"SAL-0000758";"2024-02-20";"MI-008";"8"
"SAL-0000759";"2024-02-20";"MI-009";"9"
"SAL-0000760";"2024-02-20";"MI-010";"15"
"SAL-0000761";"2024-02-20";"MI-011";"16"
"SAL-0000762";"2024-02-20";"MI-012";"11"
"SAL-0000763";"2024-02-20";"MI-013";"7"
"SAL-0000764";"2024-02-20";"MI-014";"7"
"SAL-0000765";"2024-02-20";"MI-015";"10"
"SAL-0000766";"2024-02-21";"MI-001";"23"
"SAL-0000767";"2024-02-21";"MI-002";"17"
"SAL-0000768";"2024-02-21";"MI-003";"25"
"SAL-0000769";"2024-02-21";"MI-004";"8"
"SAL-0000770";"2024-02-21";"MI-005";"16"
"SAL-0000771";"2024-02-21";"MI-006";"14"
"SAL-0000772";"2024-02-21";"MI-007";"15"
"SAL-0000773";"2024-02-21";"MI-008";"9"
"SAL-0000774";"2024-02-21";"MI-009";"8"
"SAL-0000775";"2024-02-21";"MI-010";"8"
"SAL-0000776";"2024-02-21";"MI-011";"11"
"SAL-0000777";"2024-02-21";"MI-012";"12"
"SAL-0000778";"2024-02-21";"MI-013";"11"
"SAL-0000779";"2024-02-21";"MI-014";"10"
"SAL-0000780";"2024-02-21";"MI-015";"14"
"SAL-0000781";"2024-02-22";"MI-001";"22"
"SAL-0000782";"2024-02-22";"MI-002";"21"
"SAL-0000783";"2024-02-22";"MI-003";"12"
"SAL-0000784";"2024-02-22";"MI-004";"13"
"SAL-0000785";"2024-02-22";"MI-005";"21"
"SAL-0000786";"2024-02-22";"MI-006";"14"
"SAL-0000787";"2024-02-22";"MI-007";"15"
"SAL-0000788";"2024-02-22";"MI-008";"11"
"SAL-0000789";"2024-02-22";"MI-009";"9"
"SAL-0000790";"2024-02-22";"MI-010";"14"
"SAL-0000791";"2024-02-22";"MI-011";"16"
"SAL-0000792";"2024-02-22";"MI-012";"8"
"SAL-0000793";"2024-02-22";"MI-013";"9"
"SAL-0000794";"2024-02-22";"MI-014";"2"
"SAL-0000795";"2024-02-22";"MI-015";"9"
"SAL-0000796";"2024-02-23";"MI-001";"23"
"SAL-0000797";"2024-02-23";"MI-002";"10"
"SAL-0000798";"2024-02-23";"MI-003";"20"
"SAL-0000799";"2024-02-23";"MI-004";"11"
"SAL-0000800";"2024-02-23";"MI-005";"15"
"SAL-0000801";"2024-02-23";"MI-006";"15"
"SAL-0000802";"2024-02-23";"MI-007";"9"
"SAL-0000803";"2024-02-23";"MI-008";"9"
"SAL-0000804";"2024-02-23";"MI-009";"13"
"SAL-0000805";"2024-02-23";"MI-010";"7"
"SAL-0000806";"2024-02-23";"MI-011";"14"
"SAL-0000807";"2024-02-23";"MI-012";"6"
"SAL-0000808";"2024-02-23";"MI-013";"10"
"SAL-0000809";"2024-02-23";"MI-014";"7"
"SAL-0000810";"2024-02-23";"MI-015";"12"
"SAL-0000811";"2024-02-24";"MI-001";"29"
"SAL-0000812";"2024-02-24";"MI-002";"29"
"SAL-0000813";"2024-02-24";"MI-003";"31"
"SAL-0000814";"2024-02-24";"MI-004";"23"
"SAL-0000815";"2024-02-24";"MI-005";"41"
"SAL-0000816";"2024-02-24";"MI-006";"23"
"SAL-0000817";"2024-02-24";"MI-007";"27"
"SAL-0000818";"2024-02-24";"MI-008";"19"
"SAL-0000819";"2024-02-24";"MI-009";"9"
"SAL-0000820";"2024-02-24";"MI-010";"14"
"SAL-0000821";"2024-02-24";"MI-011";"16"
"SAL-0000822";"2024-02-24";"MI-012";"12"
"SAL-0000823";"2024-02-24";"MI-013";"13"
"SAL-0000824";"2024-02-24";"MI-014";"9"
"SAL-0000825";"2024-02-24";"MI-015";"24"
"SAL-0000826";"2024-02-25";"MI-001";"32"
"SAL-0000827";"2024-02-25";"MI-002";"29"
"SAL-0000828";"2024-02-25";"MI-003";"34"
"SAL-0000829";"2024-02-25";"MI-004";"19"
"SAL-0000830";"2024-02-25";"MI-005";"32"
"SAL-0000831";"2024-02-25";"MI-006";"16"
"SAL-0000832";"2024-02-25";"MI-007";"25"
"SAL-0000833";"2024-02-25";"MI-008";"21"
"SAL-0000834";"2024-02-25";"MI-009";"11"
"SAL-0000835";"2024-02-25";"MI-010";"14"
"SAL-0000836";"2024-02-25";"MI-011";"19"
"SAL-0000837";"2024-02-25";"MI-012";"13"
"SAL-0000838";"2024-02-25";"MI-013";"16"
"SAL-0000839";"2024-02-25";"MI-014";"15"
"SAL-0000840";"2024-02-25";"MI-015";"13"
"SAL-0000841";"2024-02-26";"MI-001";"11"
"SAL-0000842";"2024-02-26";"MI-002";"4"
"SAL-0000843";"2024-02-26";"MI-003";"12"
"SAL-0000844";"2024-02-26";"MI-004";"16"
"SAL-0000845";"2024-02-26";"MI-005";"12"
"SAL-0000846";"2024-02-26";"MI-006";"12"
"SAL-0000847";"2024-02-26";"MI-007";"12"
"SAL-0000848";"2024-02-26";"MI-008";"9"
"SAL-0000849";"2024-02-26";"MI-009";"6"
"SAL-0000850";"2024-02-26";"MI-010";"8"
"SAL-0000851";"2024-02-26";"MI-011";"8"
"SAL-0000852";"2024-02-26";"MI-012";"6"
"SAL-0000853";"2024-02-26";"MI-013";"9"
"SAL-0000854";"2024-02-26";"MI-014";"4"
"SAL-0000855";"2024-02-26";"MI-015";"12"
"SAL-0000856";"2024-02-27";"MI-001";"16"
"SAL-0000857";"2024-02-27";"MI-002";"12"
"SAL-0000858";"2024-02-27";"MI-003";"13"
"SAL-0000859";"2024-02-27";"MI-004";"11"
"SAL-0000860";"2024-02-27";"MI-005";"12"
"SAL-0000861";"2024-02-27";"MI-006";"10"
"SAL-0000862";"2024-02-27";"MI-007";"5"
"SAL-0000863";"2024-02-27";"MI-008";"11"
"SAL-0000864";"2024-02-27";"MI-009";"7"
"SAL-0000865";"2024-02-27";"MI-010";"4"
"SAL-0000866";"2024-02-27";"MI-011";"7"
"SAL-0000867";"2024-02-27";"MI-012";"6"
"SAL-0000868";"2024-02-27";"MI-013";"9"
"SAL-0000869";"2024-02-27";"MI-014";"2"
"SAL-0000870";"2024-02-27";"MI-015";"6"
"SAL-0000871";"2024-02-28";"MI-001";"19"
"SAL-0000872";"2024-02-28";"MI-002";"21"
"SAL-0000873";"2024-02-28";"MI-003";"21"
"SAL-0000874";"2024-02-28";"MI-004";"19"
"SAL-0000875";"2024-02-28";"MI-005";"23"
"SAL-0000876";"2024-02-28";"MI-006";"12"
"SAL-0000877";"2024-02-28";"MI-007";"21"
"SAL-0000878";"2024-02-28";"MI-008";"13"
"SAL-0000879";"2024-02-28";"MI-009";"7"
"SAL-0000880";"2024-02-28";"MI-010";"15"
"SAL-0000881";"2024-02-28";"MI-011";"14"
"SAL-0000882";"2024-02-28";"MI-012";"3"
"SAL-0000883";"2024-02-28";"MI-013";"8"
"SAL-0000884";"2024-02-28";"MI-014";"7"
"SAL-0000885";"2024-02-28";"MI-015";"8"
"SAL-0000886";"2024-02-29";"MI-001";"27"
"SAL-0000887";"2024-02-29";"MI-002";"15"
"SAL-0000888";"2024-02-29";"MI-003";"19"
"SAL-0000889";"2024-02-29";"MI-004";"11"
"SAL-0000890";"2024-02-29";"MI-005";"13"
"SAL-0000891";"2024-02-29";"MI-006";"18"
"SAL-0000892";"2024-02-29";"MI-007";"12"
"SAL-0000893";"2024-02-29";"MI-008";"11"
"SAL-0000894";"2024-02-29";"MI-009";"6"
"SAL-0000895";"2024-02-29";"MI-010";"8"
"SAL-0000896";"2024-02-29";"MI-011";"2"
"SAL-0000897";"2024-02-29";"MI-012";"12"
"SAL-0000898";"2024-02-29";"MI-013";"9"
"SAL-0000899";"2024-02-29";"MI-014";"7"
"SAL-0000900";"2024-02-29";"MI-015";"12"
"SAL-0000901";"2024-03-01";"MI-001";"33"
"SAL-0000902";"2024-03-01";"MI-002";"23"
"SAL-0000903";"2024-03-01";"MI-003";"31"
"SAL-0000904";"2024-03-01";"MI-004";"13"
"SAL-0000905";"2024-03-01";"MI-005";"23"
"SAL-0000906";"2024-03-01";"MI-006";"23"
"SAL-0000907";"2024-03-01";"MI-007";"7"
"SAL-0000908";"2024-03-01";"MI-008";"7"
"SAL-0000909";"2024-03-01";"MI-009";"13"
"SAL-0000910";"2024-03-01";"MI-010";"15"
"SAL-0000911";"2024-03-01";"MI-011";"13"
"SAL-0000912";"2024-03-01";"MI-012";"14"
"SAL-0000913";"2024-03-01";"MI-013";"11"
"SAL-0000914";"2024-03-01";"MI-014";"9"
"SAL-0000915";"2024-03-01";"MI-015";"13"
"SAL-0000916";"2024-03-02";"MI-001";"38"
"SAL-0000917";"2024-03-02";"MI-002";"25"
"SAL-0000918";"2024-03-02";"MI-003";"24"
"SAL-0000919";"2024-03-02";"MI-004";"16"
"SAL-0000920";"2024-03-02";"MI-005";"34"
"SAL-0000921";"2024-03-02";"MI-006";"14"
"SAL-0000922";"2024-03-02";"MI-007";"27"
"SAL-0000923";"2024-03-02";"MI-008";"31"
"SAL-0000924";"2024-03-02";"MI-009";"11"
"SAL-0000925";"2024-03-02";"MI-010";"18"
"SAL-0000926";"2024-03-02";"MI-011";"21"
"SAL-0000927";"2024-03-02";"MI-012";"9"
"SAL-0000928";"2024-03-02";"MI-013";"13"
"SAL-0000929";"2024-03-02";"MI-014";"10"
"SAL-0000930";"2024-03-02";"MI-015";"19"
"SAL-0000931";"2024-03-03";"MI-001";"29"
"SAL-0000932";"2024-03-03";"MI-002";"19"
"SAL-0000933";"2024-03-03";"MI-003";"28"
"SAL-0000934";"2024-03-03";"MI-004";"26"
"SAL-0000935";"2024-03-03";"MI-005";"23"
"SAL-0000936";"2024-03-03";"MI-006";"22"
"SAL-0000937";"2024-03-03";"MI-007";"24"
"SAL-0000938";"2024-03-03";"MI-008";"11"
"SAL-0000939";"2024-03-03";"MI-009";"13"
"SAL-0000940";"2024-03-03";"MI-010";"16"
"SAL-0000941";"2024-03-03";"MI-011";"13"
"SAL-0000942";"2024-03-03";"MI-012";"11"
"SAL-0000943";"2024-03-03";"MI-013";"20"
"SAL-0000944";"2024-03-03";"MI-014";"8"
"SAL-0000945";"2024-03-03";"MI-015";"13"
"SAL-0000946";"2024-03-04";"MI-001";"25"
"SAL-0000947";"2024-03-04";"MI-002";"14"
"SAL-0000948";"2024-03-04";"MI-003";"21"
"SAL-0000949";"2024-03-04";"MI-004";"11"
"SAL-0000950";"2024-03-04";"MI-005";"16"
"SAL-0000951";"2024-03-04";"MI-006";"14"
"SAL-0000952";"2024-03-04";"MI-007";"15"
"SAL-0000953";"2024-03-04";"MI-008";"7"
"SAL-0000954";"2024-03-04";"MI-009";"5"
"SAL-0000955";"2024-03-04";"MI-010";"3"
"SAL-0000956";"2024-03-04";"MI-011";"12"
"SAL-0000957";"2024-03-04";"MI-012";"13"
"SAL-0000958";"2024-03-04";"MI-013";"9"
"SAL-0000959";"2024-03-04";"MI-014";"5"
"SAL-0000960";"2024-03-04";"MI-015";"11"
"SAL-0000961";"2024-03-05";"MI-001";"15"
"SAL-0000962";"2024-03-05";"MI-002";"14"
"SAL-0000963";"2024-03-05";"MI-003";"10"
"SAL-0000964";"2024-03-05";"MI-004";"7"
"SAL-0000965";"2024-03-05";"MI-005";"13"
"SAL-0000966";"2024-03-05";"MI-006";"12"
"SAL-0000967";"2024-03-05";"MI-007";"11"
"SAL-0000968";"2024-03-05";"MI-008";"9"
"SAL-0000969";"2024-03-05";"MI-009";"11"
"SAL-0000970";"2024-03-05";"MI-010";"7"
"SAL-0000971";"2024-03-05";"MI-011";"16"
"SAL-0000972";"2024-03-05";"MI-012";"4"
"SAL-0000973";"2024-03-05";"MI-013";"6"
"SAL-0000974";"2024-03-05";"MI-014";"7"
"SAL-0000975";"2024-03-05";"MI-015";"8"
"SAL-0000976";"2024-03-06";"MI-001";"25"
"SAL-0000977";"2024-03-06";"MI-002";"18"
"SAL-0000978";"2024-03-06";"MI-003";"28"
"SAL-0000979";"2024-03-06";"MI-004";"13"
"SAL-0000980";"2024-03-06";"MI-005";"25"
"SAL-0000981";"2024-03-06";"MI-006";"14"
"SAL-0000982";"2024-03-06";"MI-007";"14"
"SAL-0000983";"2024-03-06";"MI-008";"6"
"SAL-0000984";"2024-03-06";"MI-009";"5"
"SAL-0000985";"2024-03-06";"MI-010";"6"
"SAL-0000986";"2024-03-06";"MI-011";"16"
"SAL-0000987";"2024-03-06";"MI-012";"12"
"SAL-0000988";"2024-03-06";"MI-013";"10"
"SAL-0000989";"2024-03-06";"MI-014";"9"
"SAL-0000990";"2024-03-06";"MI-015";"6"
"SAL-0000991";"2024-03-07";"MI-001";"19"
"SAL-0000992";"2024-03-07";"MI-002";"21"
"SAL-0000993";"2024-03-07";"MI-003";"22"
"SAL-0000994";"2024-03-07";"MI-004";"13"
"SAL-0000995";"2024-03-07";"MI-005";"21"
"SAL-0000996";"2024-03-07";"MI-006";"15"
"SAL-0000997";"2024-03-07";"MI-007";"23"
"SAL-0000998";"2024-03-07";"MI-008";"12"
"SAL-0000999";"2024-03-07";"MI-009";"7"
"SAL-0001000";"2024-03-07";"MI-010";"12"
"SAL-0001001";"2024-03-07";"MI-011";"12"
"SAL-0001002";"2024-03-07";"MI-012";"8"
"SAL-0001003";"2024-03-07";"MI-013";"9"
"SAL-0001004";"2024-03-07";"MI-014";"8"
"SAL-0001005";"2024-03-07";"MI-015";"6"
"SAL-0001006";"2024-03-08";"MI-001";"27"
"SAL-0001007";"2024-03-08";"MI-002";"13"
"SAL-0001008";"2024-03-08";"MI-003";"21"
"SAL-0001009";"2024-03-08";"MI-004";"19"
"SAL-0001010";"2024-03-08";"MI-005";"19"
"SAL-0001011";"2024-03-08";"MI-006";"12"
"SAL-0001012";"2024-03-08";"MI-007";"20"
"SAL-0001013";"2024-03-08";"MI-008";"10"
"SAL-0001014";"2024-03-08";"MI-009";"13"
"SAL-0001015";"2024-03-08";"MI-010";"6"
"SAL-0001016";"2024-03-08";"MI-011";"16"
"SAL-0001017";"2024-03-08";"MI-012";"9"
"SAL-0001018";"2024-03-08";"MI-013";"11"
"SAL-0001019";"2024-03-08";"MI-014";"8"
"SAL-0001020";"2024-03-08";"MI-015";"18"
"SAL-0001021";"2024-03-09";"MI-001";"34"
"SAL-0001022";"2024-03-09";"MI-002";"22"
"SAL-0001023";"2024-03-09";"MI-003";"30"
"SAL-0001024";"2024-03-09";"MI-004";"25"
"SAL-0001025";"2024-03-09";"MI-005";"23"
"SAL-0001026";"2024-03-09";"MI-006";"13"
"SAL-0001027";"2024-03-09";"MI-007";"25"
"SAL-0001028";"2024-03-09";"MI-008";"19"
"SAL-0001029";"2024-03-09";"MI-009";"11"
"SAL-0001030";"2024-03-09";"MI-010";"12"
"SAL-0001031";"2024-03-09";"MI-011";"27"
"SAL-0001032";"2024-03-09";"MI-012";"4"
"SAL-0001033";"2024-03-09";"MI-013";"21"
"SAL-0001034";"2024-03-09";"MI-014";"7"
"SAL-0001035";"2024-03-09";"MI-015";"25"
"SAL-0001036";"2024-03-10";"MI-001";"26"
"SAL-0001037";"2024-03-10";"MI-002";"29"
"SAL-0001038";"2024-03-10";"MI-003";"23"
"SAL-0001039";"2024-03-10";"MI-004";"21"
"SAL-0001040";"2024-03-10";"MI-005";"27"
"SAL-0001041";"2024-03-10";"MI-006";"11"
"SAL-0001042";"2024-03-10";"MI-007";"19"
"SAL-0001043";"2024-03-10";"MI-008";"6"
"SAL-0001044";"2024-03-10";"MI-009";"8"
"SAL-0001045";"2024-03-10";"MI-010";"15"
"SAL-0001046";"2024-03-10";"MI-011";"9"
"SAL-0001047";"2024-03-10";"MI-012";"20"
"SAL-0001048";"2024-03-10";"MI-013";"17"
"SAL-0001049";"2024-03-10";"MI-014";"10"
"SAL-0001050";"2024-03-10";"MI-015";"13"
"SAL-0001051";"2024-03-11";"MI-001";"25"
"SAL-0001052";"2024-03-11";"MI-002";"15"
"SAL-0001053";"2024-03-11";"MI-003";"11"
"SAL-0001054";"2024-03-11";"MI-004";"14"
"SAL-0001055";"2024-03-11";"MI-005";"17"
"SAL-0001056";"2024-03-11";"MI-006";"6"
"SAL-0001057";"2024-03-11";"MI-007";"16"
"SAL-0001058";"2024-03-11";"MI-008";"11"
"SAL-0001059";"2024-03-11";"MI-009";"6"
"SAL-0001060";"2024-03-11";"MI-010";"7"
"SAL-0001061";"2024-03-11";"MI-011";"10"
"SAL-0001062";"2024-03-11";"MI-012";"6"
"SAL-0001063";"2024-03-11";"MI-013";"14"
"SAL-0001064";"2024-03-11";"MI-014";"5"
"SAL-0001065";"2024-03-11";"MI-015";"10"
"SAL-0001066";"2024-03-12";"MI-001";"24"
"SAL-0001067";"2024-03-12";"MI-002";"19"
"SAL-0001068";"2024-03-12";"MI-003";"22"
"SAL-0001069";"2024-03-12";"MI-004";"5"
"SAL-0001070";"2024-03-12";"MI-005";"20"
"SAL-0001071";"2024-03-12";"MI-006";"15"
"SAL-0001072";"2024-03-12";"MI-007";"13"
"SAL-0001073";"2024-03-12";"MI-008";"8"
"SAL-0001074";"2024-03-12";"MI-009";"8"
"SAL-0001075";"2024-03-12";"MI-010";"4"
"SAL-0001076";"2024-03-12";"MI-011";"10"
"SAL-0001077";"2024-03-12";"MI-012";"7"
"SAL-0001078";"2024-03-12";"MI-013";"8"
"SAL-0001079";"2024-03-12";"MI-014";"8"
"SAL-0001080";"2024-03-12";"MI-015";"13"
"SAL-0001081";"2024-03-13";"MI-001";"27"
"SAL-0001082";"2024-03-13";"MI-002";"11"
"SAL-0001083";"2024-03-13";"MI-003";"16"
"SAL-0001084";"2024-03-13";"MI-004";"13"
"SAL-0001085";"2024-03-13";"MI-005";"18"
"SAL-0001086";"2024-03-13";"MI-006";"10"
"SAL-0001087";"2024-03-13";"MI-007";"11"
"SAL-0001088";"2024-03-13";"MI-008";"12"
"SAL-0001089";"2024-03-13";"MI-009";"4"
"SAL-0001090";"2024-03-13";"MI-010";"8"
"SAL-0001091";"2024-03-13";"MI-011";"18"
"SAL-0001092";"2024-03-13";"MI-012";"9"
"SAL-0001093";"2024-03-13";"MI-013";"8"
"SAL-0001094";"2024-03-13";"MI-014";"10"
"SAL-0001095";"2024-03-13";"MI-015";"10"
"SAL-0001096";"2024-03-14";"MI-001";"22"
"SAL-0001097";"2024-03-14";"MI-002";"23"
"SAL-0001098";"2024-03-14";"MI-003";"17"
"SAL-0001099";"2024-03-14";"MI-004";"16"
"SAL-0001100";"2024-03-14";"MI-005";"21"
"SAL-0001101";"2024-03-14";"MI-006";"18"
"SAL-0001102";"2024-03-14";"MI-007";"13"
"SAL-0001103";"2024-03-14";"MI-008";"17"
"SAL-0001104";"2024-03-14";"MI-009";"9"
"SAL-0001105";"2024-03-14";"MI-010";"20"
"SAL-0001106";"2024-03-14";"MI-011";"18"
"SAL-0001107";"2024-03-14";"MI-012";"8"
"SAL-0001108";"2024-03-14";"MI-013";"13"
"SAL-0001109";"2024-03-14";"MI-014";"1"
"SAL-0001110";"2024-03-14";"MI-015";"12"
"SAL-0001111";"2024-03-15";"MI-001";"28"
"SAL-0001112";"2024-03-15";"MI-002";"20"
"SAL-0001113";"2024-03-15";"MI-003";"24"
"SAL-0001114";"2024-03-15";"MI-004";"19"
"SAL-0001115";"2024-03-15";"MI-005";"35"
"SAL-0001116";"2024-03-15";"MI-006";"13"
"SAL-0001117";"2024-03-15";"MI-007";"19"
"SAL-0001118";"2024-03-15";"MI-008";"8"
"SAL-0001119";"2024-03-15";"MI-009";"12"
"SAL-0001120";"2024-03-15";"MI-010";"8"
"SAL-0001121";"2024-03-15";"MI-011";"10"
"SAL-0001122";"2024-03-15";"MI-012";"10"
"SAL-0001123";"2024-03-15";"MI-013";"10"
"SAL-0001124";"2024-03-15";"MI-014";"8"
"SAL-0001125";"2024-03-15";"MI-015";"8"
"SAL-0001126";"2024-03-16";"MI-001";"42"
"SAL-0001127";"2024-03-16";"MI-002";"36"
"SAL-0001128";"2024-03-16";"MI-003";"38"
"SAL-0001129";"2024-03-16";"MI-004";"31"
"SAL-0001130";"2024-03-16";"MI-005";"39"
"SAL-0001131";"2024-03-16";"MI-006";"21"
"SAL-0001132";"2024-03-16";"MI-007";"39"
"SAL-0001133";"2024-03-16";"MI-008";"21"
"SAL-0001134";"2024-03-16";"MI-009";"18"
"SAL-0001135";"2024-03-16";"MI-010";"12"
"SAL-0001136";"2024-03-16";"MI-011";"21"
"SAL-0001137";"2024-03-16";"MI-012";"17"
"SAL-0001138";"2024-03-16";"MI-013";"21"
"SAL-0001139";"2024-03-16";"MI-014";"15"
"SAL-0001140";"2024-03-16";"MI-015";"20"
"SAL-0001141";"2024-03-17";"MI-001";"29"
"SAL-0001142";"2024-03-17";"MI-002";"23"
"SAL-0001143";"2024-03-17";"MI-003";"17"
"SAL-0001144";"2024-03-17";"MI-004";"20"
"SAL-0001145";"2024-03-17";"MI-005";"28"
"SAL-0001146";"2024-03-17";"MI-006";"20"
"SAL-0001147";"2024-03-17";"MI-007";"18"
"SAL-0001148";"2024-03-17";"MI-008";"19"
"SAL-0001149";"2024-03-17";"MI-009";"8"
"SAL-0001150";"2024-03-17";"MI-010";"9"
"SAL-0001151";"2024-03-17";"MI-011";"12"
"SAL-0001152";"2024-03-17";"MI-012";"12"
"SAL-0001153";"2024-03-17";"MI-013";"4"
"SAL-0001154";"2024-03-17";"MI-014";"7"
"SAL-0001155";"2024-03-17";"MI-015";"11"
"SAL-0001156";"2024-03-18";"MI-001";"20"
"SAL-0001157";"2024-03-18";"MI-002";"9"
"SAL-0001158";"2024-03-18";"MI-003";"9"
"SAL-0001159";"2024-03-18";"MI-004";"8"
"SAL-0001160";"2024-03-18";"MI-005";"7"
"SAL-0001161";"2024-03-18";"MI-006";"6"
"SAL-0001162";"2024-03-18";"MI-007";"12"
"SAL-0001163";"2024-03-18";"MI-008";"4"
"SAL-0001164";"2024-03-18";"MI-009";"4"
"SAL-0001165";"2024-03-18";"MI-010";"6"
"SAL-0001166";"2024-03-18";"MI-011";"9"
"SAL-0001167";"2024-03-18";"MI-012";"4"
"SAL-0001168";"2024-03-18";"MI-013";"4"
"SAL-0001169";"2024-03-18";"MI-014";"5"
"SAL-0001170";"2024-03-18";"MI-015";"10"
"SAL-0001171";"2024-03-19";"MI-001";"19"
"SAL-0001172";"2024-03-19";"MI-002";"16"
"SAL-0001173";"2024-03-19";"MI-003";"15"
"SAL-0001174";"2024-03-19";"MI-004";"9"
"SAL-0001175";"2024-03-19";"MI-005";"13"
"SAL-0001176";"2024-03-19";"MI-006";"7"
"SAL-0001177";"2024-03-19";"MI-007";"15"
"SAL-0001178";"2024-03-19";"MI-008";"12"
"SAL-0001179";"2024-03-19";"MI-009";"6"
"SAL-0001180";"2024-03-19";"MI-010";"3"
"SAL-0001181";"2024-03-19";"MI-011";"10"
"SAL-0001182";"2024-03-19";"MI-012";"6"
"SAL-0001183";"2024-03-19";"MI-013";"10"
"SAL-0001184";"2024-03-19";"MI-014";"3"
"SAL-0001185";"2024-03-19";"MI-015";"7"
"SAL-0001186";"2024-03-20";"MI-001";"25"
"SAL-0001187";"2024-03-20";"MI-002";"9"
"SAL-0001188";"2024-03-20";"MI-003";"11"
"SAL-0001189";"2024-03-20";"MI-004";"21"
"SAL-0001190";"2024-03-20";"MI-005";"18"
"SAL-0001191";"2024-03-20";"MI-006";"19"
"SAL-0001192";"2024-03-20";"MI-007";"11"
"SAL-0001193";"2024-03-20";"MI-008";"7"
"SAL-0001194";"2024-03-20";"MI-009";"14"
"SAL-0001195";"2024-03-20";"MI-010";"8"
"SAL-0001196";"2024-03-20";"MI-011";"11"
"SAL-0001197";"2024-03-20";"MI-012";"6"
"SAL-0001198";"2024-03-20";"MI-013";"2"
"SAL-0001199";"2024-03-20";"MI-014";"6"
"SAL-0001200";"2024-03-20";"MI-015";"11"
"SAL-0001201";"2024-03-21";"MI-001";"22"
"SAL-0001202";"2024-03-21";"MI-002";"19"
"SAL-0001203";"2024-03-21";"MI-003";"27"
"SAL-0001204";"2024-03-21";"MI-004";"17"
"SAL-0001205";"2024-03-21";"MI-005";"18"
"SAL-0001206";"2024-03-21";"MI-006";"16"
"SAL-0001207";"2024-03-21";"MI-007";"11"
"SAL-0001208";"2024-03-21";"MI-008";"7"
"SAL-0001209";"2024-03-21";"MI-009";"11"
"SAL-0001210";"2024-03-21";"MI-010";"10"
"SAL-0001211";"2024-03-21";"MI-011";"15"
"SAL-0001212";"2024-03-21";"MI-012";"9"
"SAL-0001213";"2024-03-21";"MI-013";"13"
"SAL-0001214";"2024-03-21";"MI-014";"7"
"SAL-0001215";"2024-03-21";"MI-015";"14"
"SAL-0001216";"2024-03-22";"MI-001";"31"
"SAL-0001217";"2024-03-22";"MI-002";"22"
"SAL-0001218";"2024-03-22";"MI-003";"32"
"SAL-0001219";"2024-03-22";"MI-004";"14"
"SAL-0001220";"2024-03-22";"MI-005";"29"
"SAL-0001221";"2024-03-22";"MI-006";"18"
"SAL-0001222";"2024-03-22";"MI-007";"22"
"SAL-0001223";"2024-03-22";"MI-008";"10"
"SAL-0001224";"2024-03-22";"MI-009";"10"
"SAL-0001225";"2024-03-22";"MI-010";"14"
"SAL-0001226";"2024-03-22";"MI-011";"19"
"SAL-0001227";"2024-03-22";"MI-012";"5"
"SAL-0001228";"2024-03-22";"MI-013";"13"
"SAL-0001229";"2024-03-22";"MI-014";"7"
"SAL-0001230";"2024-03-22";"MI-015";"14"
"SAL-0001231";"2024-03-23";"MI-001";"41"
"SAL-0001232";"2024-03-23";"MI-002";"30"
"SAL-0001233";"2024-03-23";"MI-003";"30"
"SAL-0001234";"2024-03-23";"MI-004";"28"
"SAL-0001235";"2024-03-23";"MI-005";"35"
"SAL-0001236";"2024-03-23";"MI-006";"22"
"SAL-0001237";"2024-03-23";"MI-007";"25"
"SAL-0001238";"2024-03-23";"MI-008";"20"
"SAL-0001239";"2024-03-23";"MI-009";"13"
"SAL-0001240";"2024-03-23";"MI-010";"20"
"SAL-0001241";"2024-03-23";"MI-011";"13"
"SAL-0001242";"2024-03-23";"MI-012";"17"
"SAL-0001243";"2024-03-23";"MI-013";"8"
"SAL-0001244";"2024-03-23";"MI-014";"7"
"SAL-0001245";"2024-03-23";"MI-015";"27"
"SAL-0001246";"2024-03-24";"MI-001";"35"
"SAL-0001247";"2024-03-24";"MI-002";"18"
"SAL-0001248";"2024-03-24";"MI-003";"30"
"SAL-0001249";"2024-03-24";"MI-004";"14"
"SAL-0001250";"2024-03-24";"MI-005";"32"
"SAL-0001251";"2024-03-24";"MI-006";"19"
"SAL-0001252";"2024-03-24";"MI-007";"22"
"SAL-0001253";"2024-03-24";"MI-008";"21"
"SAL-0001254";"2024-03-24";"MI-009";"14"
"SAL-0001255";"2024-03-24";"MI-010";"12"
"SAL-0001256";"2024-03-24";"MI-011";"23"
"SAL-0001257";"2024-03-24";"MI-012";"12"
"SAL-0001258";"2024-03-24";"MI-013";"13"
"SAL-0001259";"2024-03-24";"MI-014";"7"
"SAL-0001260";"2024-03-24";"MI-015";"25"
"SAL-0001261";"2024-03-25";"MI-001";"18"
"SAL-0001262";"2024-03-25";"MI-002";"17"
"SAL-0001263";"2024-03-25";"MI-003";"16"
"SAL-0001264";"2024-03-25";"MI-004";"13"
"SAL-0001265";"2024-03-25";"MI-005";"26"
"SAL-0001266";"2024-03-25";"MI-006";"11"
"SAL-0001267";"2024-03-25";"MI-007";"19"
"SAL-0001268";"2024-03-25";"MI-008";"13"
"SAL-0001269";"2024-03-25";"MI-009";"8"
"SAL-0001270";"2024-03-25";"MI-010";"9"
"SAL-0001271";"2024-03-25";"MI-011";"13"
"SAL-0001272";"2024-03-25";"MI-012";"7"
"SAL-0001273";"2024-03-25";"MI-013";"8"
"SAL-0001274";"2024-03-25";"MI-014";"8"
"SAL-0001275";"2024-03-25";"MI-015";"10"
"SAL-0001276";"2024-03-26";"MI-001";"20"
"SAL-0001277";"2024-03-26";"MI-002";"16"
"SAL-0001278";"2024-03-26";"MI-003";"17"
"SAL-0001279";"2024-03-26";"MI-004";"13"
"SAL-0001280";"2024-03-26";"MI-005";"21"
"SAL-0001281";"2024-03-26";"MI-006";"14"
"SAL-0001282";"2024-03-26";"MI-007";"9"
"SAL-0001283";"2024-03-26";"MI-008";"3"
"SAL-0001284";"2024-03-26";"MI-009";"10"
"SAL-0001285";"2024-03-26";"MI-010";"8"
"SAL-0001286";"2024-03-26";"MI-011";"12"
"SAL-0001287";"2024-03-26";"MI-012";"6"
"SAL-0001288";"2024-03-26";"MI-013";"10"
"SAL-0001289";"2024-03-26";"MI-014";"2"
"SAL-0001290";"2024-03-26";"MI-015";"6"
"SAL-0001291";"2024-03-27";"MI-001";"24"
"SAL-0001292";"2024-03-27";"MI-002";"25"
"SAL-0001293";"2024-03-27";"MI-003";"27"
"SAL-0001294";"2024-03-27";"MI-004";"14"
"SAL-0001295";"2024-03-27";"MI-005";"20"
"SAL-0001296";"2024-03-27";"MI-006";"13"
"SAL-0001297";"2024-03-27";"MI-007";"22"
"SAL-0001298";"2024-03-27";"MI-008";"16"
"SAL-0001299";"2024-03-27";"MI-009";"14"
"SAL-0001300";"2024-03-27";"MI-010";"9"
"SAL-0001301";"2024-03-27";"MI-011";"12"
"SAL-0001302";"2024-03-27";"MI-012";"6"
"SAL-0001303";"2024-03-27";"MI-013";"7"
"SAL-0001304";"2024-03-27";"MI-014";"4"
"SAL-0001305";"2024-03-27";"MI-015";"14"
"SAL-0001306";"2024-03-28";"MI-001";"14"
"SAL-0001307";"2024-03-28";"MI-002";"20"
"SAL-0001308";"2024-03-28";"MI-003";"22"
"SAL-0001309";"2024-03-28";"MI-004";"21"
"SAL-0001310";"2024-03-28";"MI-005";"19"
"SAL-0001311";"2024-03-28";"MI-006";"14"
"SAL-0001312";"2024-03-28";"MI-007";"14"
"SAL-0001313";"2024-03-28";"MI-008";"12"
"SAL-0001314";"2024-03-28";"MI-009";"11"
"SAL-0001315";"2024-03-28";"MI-010";"6"
"SAL-0001316";"2024-03-28";"MI-011";"11"
"SAL-0001317";"2024-03-28";"MI-012";"13"
"SAL-0001318";"2024-03-28";"MI-013";"8"
"SAL-0001319";"2024-03-28";"MI-014";"6"
"SAL-0001320";"2024-03-28";"MI-015";"13"
"SAL-0001321";"2024-03-29";"MI-001";"44"
"SAL-0001322";"2024-03-29";"MI-002";"26"
"SAL-0001323";"2024-03-29";"MI-003";"23"
"SAL-0001324";"2024-03-29";"MI-004";"22"
"SAL-0001325";"2024-03-29";"MI-005";"30"
"SAL-0001326";"2024-03-29";"MI-006";"16"
"SAL-0001327";"2024-03-29";"MI-007";"17"
"SAL-0001328";"2024-03-29";"MI-008";"18"
"SAL-0001329";"2024-03-29";"MI-009";"18"
"SAL-0001330";"2024-03-29";"MI-010";"5"
"SAL-0001331";"2024-03-29";"MI-011";"11"
"SAL-0001332";"2024-03-29";"MI-012";"11"
"SAL-0001333";"2024-03-29";"MI-013";"18"
"SAL-0001334";"2024-03-29";"MI-014";"4"
"SAL-0001335";"2024-03-29";"MI-015";"14"
"SAL-0001336";"2024-03-30";"MI-001";"30"
"SAL-0001337";"2024-03-30";"MI-002";"30"
"SAL-0001338";"2024-03-30";"MI-003";"31"
"SAL-0001339";"2024-03-30";"MI-004";"26"
"SAL-0001340";"2024-03-30";"MI-005";"28"
"SAL-0001341";"2024-03-30";"MI-006";"23"
"SAL-0001342";"2024-03-30";"MI-007";"18"
"SAL-0001343";"2024-03-30";"MI-008";"20"
"SAL-0001344";"2024-03-30";"MI-009";"13"
"SAL-0001345";"2024-03-30";"MI-010";"23"
"SAL-0001346";"2024-03-30";"MI-011";"21"
"SAL-0001347";"2024-03-30";"MI-012";"16"
"SAL-0001348";"2024-03-30";"MI-013";"13"
"SAL-0001349";"2024-03-30";"MI-014";"9"
"SAL-0001350";"2024-03-30";"MI-015";"19"
"SAL-0001351";"2024-03-31";"MI-001";"43"
"SAL-0001352";"2024-03-31";"MI-002";"30"
"SAL-0001353";"2024-03-31";"MI-003";"28"
"SAL-0001354";"2024-03-31";"MI-004";"19"
"SAL-0001355";"2024-03-31";"MI-005";"29"
"SAL-0001356";"2024-03-31";"MI-006";"19"
"SAL-0001357";"2024-03-31";"MI-007";"22"
"SAL-0001358";"2024-03-31";"MI-008";"18"
"SAL-0001359";"2024-03-31";"MI-009";"21"
"SAL-0001360";"2024-03-31";"MI-010";"18"
"SAL-0001361";"2024-03-31";"MI-011";"24"
"SAL-0001362";"2024-03-31";"MI-012";"13"
"SAL-0001363";"2024-03-31";"MI-013";"21"
"SAL-0001364";"2024-03-31";"MI-014";"10"
"SAL-0001365";"2024-03-31";"MI-015";"16"
"SAL-0001366";"2024-04-01";"MI-001";"24"
"SAL-0001367";"2024-04-01";"MI-002";"20"
"SAL-0001368";"2024-04-01";"MI-003";"19"
"SAL-0001369";"2024-04-01";"MI-004";"11"
"SAL-0001370";"2024-04-01";"MI-005";"9"
"SAL-0001371";"2024-04-01";"MI-006";"8"
"SAL-0001372";"2024-04-01";"MI-007";"18"
"SAL-0001373";"2024-04-01";"MI-008";"8"
"SAL-0001374";"2024-04-01";"MI-009";"9"
"SAL-0001375";"2024-04-01";"MI-010";"8"
"SAL-0001376";"2024-04-01";"MI-011";"10"
"SAL-0001377";"2024-04-01";"MI-012";"7"
"SAL-0001378";"2024-04-01";"MI-013";"7"
"SAL-0001379";"2024-04-01";"MI-014";"8"
"SAL-0001380";"2024-04-01";"MI-015";"12"
"SAL-0001381";"2024-04-02";"MI-001";"16"
"SAL-0001382";"2024-04-02";"MI-002";"17"
"SAL-0001383";"2024-04-02";"MI-003";"19"
"SAL-0001384";"2024-04-02";"MI-004";"6"
"SAL-0001385";"2024-04-02";"MI-005";"12"
"SAL-0001386";"2024-04-02";"MI-006";"15"
"SAL-0001387";"2024-04-02";"MI-007";"18"
"SAL-0001388";"2024-04-02";"MI-008";"8"
"SAL-0001389";"2024-04-02";"MI-009";"7"
"SAL-0001390";"2024-04-02";"MI-010";"5"
"SAL-0001391";"2024-04-02";"MI-011";"11"
"SAL-0001392";"2024-04-02";"MI-012";"11"
"SAL-0001393";"2024-04-02";"MI-013";"7"
"SAL-0001394";"2024-04-02";"MI-014";"6"
"SAL-0001395";"2024-04-02";"MI-015";"8"
"SAL-0001396";"2024-04-03";"MI-001";"17"
"SAL-0001397";"2024-04-03";"MI-002";"18"
"SAL-0001398";"2024-04-03";"MI-003";"14"
"SAL-0001399";"2024-04-03";"MI-004";"12"
"SAL-0001400";"2024-04-03";"MI-005";"10"
"SAL-0001401";"2024-04-03";"MI-006";"6"
"SAL-0001402";"2024-04-03";"MI-007";"14"
"SAL-0001403";"2024-04-03";"MI-008";"7"
"SAL-0001404";"2024-04-03";"MI-009";"9"
"SAL-0001405";"2024-04-03";"MI-010";"9"
"SAL-0001406";"2024-04-03";"MI-011";"10"
"SAL-0001407";"2024-04-03";"MI-012";"9"
"SAL-0001408";"2024-04-03";"MI-013";"5"
"SAL-0001409";"2024-04-03";"MI-014";"4"
"SAL-0001410";"2024-04-03";"MI-015";"4"
"SAL-0001411";"2024-04-04";"MI-001";"20"
"SAL-0001412";"2024-04-04";"MI-002";"16"
"SAL-0001413";"2024-04-04";"MI-003";"18"
"SAL-0001414";"2024-04-04";"MI-004";"11"
"SAL-0001415";"2024-04-04";"MI-005";"25"
"SAL-0001416";"2024-04-04";"MI-006";"16"
"SAL-0001417";"2024-04-04";"MI-007";"14"
"SAL-0001418";"2024-04-04";"MI-008";"11"
"SAL-0001419";"2024-04-04";"MI-009";"7"
"SAL-0001420";"2024-04-04";"MI-010";"8"
"SAL-0001421";"2024-04-04";"MI-011";"8"
"SAL-0001422";"2024-04-04";"MI-012";"6"
"SAL-0001423";"2024-04-04";"MI-013";"8"
"SAL-0001424";"2024-04-04";"MI-014";"3"
"SAL-0001425";"2024-04-04";"MI-015";"8"
"SAL-0001426";"2024-04-05";"MI-001";"35"
"SAL-0001427";"2024-04-05";"MI-002";"16"
"SAL-0001428";"2024-04-05";"MI-003";"27"
"SAL-0001429";"2024-04-05";"MI-004";"23"
"SAL-0001430";"2024-04-05";"MI-005";"34"
"SAL-0001431";"2024-04-05";"MI-006";"14"
"SAL-0001432";"2024-04-05";"MI-007";"18"
"SAL-0001433";"2024-04-05";"MI-008";"16"
"SAL-0001434";"2024-04-05";"MI-009";"5"
"SAL-0001435";"2024-04-05";"MI-010";"14"
"SAL-0001436";"2024-04-05";"MI-011";"10"
"SAL-0001437";"2024-04-05";"MI-012";"12"
"SAL-0001438";"2024-04-05";"MI-013";"6"
"SAL-0001439";"2024-04-05";"MI-014";"9"
"SAL-0001440";"2024-04-05";"MI-015";"9"
"SAL-0001441";"2024-04-06";"MI-001";"33"
"SAL-0001442";"2024-04-06";"MI-002";"26"
"SAL-0001443";"2024-04-06";"MI-003";"29"
"SAL-0001444";"2024-04-06";"MI-004";"24"
"SAL-0001445";"2024-04-06";"MI-005";"43"
"SAL-0001446";"2024-04-06";"MI-006";"15"
"SAL-0001447";"2024-04-06";"MI-007";"25"
"SAL-0001448";"2024-04-06";"MI-008";"23"
"SAL-0001449";"2024-04-06";"MI-009";"13"
"SAL-0001450";"2024-04-06";"MI-010";"8"
"SAL-0001451";"2024-04-06";"MI-011";"19"
"SAL-0001452";"2024-04-06";"MI-012";"15"
"SAL-0001453";"2024-04-06";"MI-013";"15"
"SAL-0001454";"2024-04-06";"MI-014";"6"
"SAL-0001455";"2024-04-06";"MI-015";"18"
"SAL-0001456";"2024-04-07";"MI-001";"40"
"SAL-0001457";"2024-04-07";"MI-002";"19"
"SAL-0001458";"2024-04-07";"MI-003";"33"
"SAL-0001459";"2024-04-07";"MI-004";"27"
"SAL-0001460";"2024-04-07";"MI-005";"30"
"SAL-0001461";"2024-04-07";"MI-006";"20"
"SAL-0001462";"2024-04-07";"MI-007";"20"
"SAL-0001463";"2024-04-07";"MI-008";"26"
"SAL-0001464";"2024-04-07";"MI-009";"18"
"SAL-0001465";"2024-04-07";"MI-010";"14"
"SAL-0001466";"2024-04-07";"MI-011";"18"
"SAL-0001467";"2024-04-07";"MI-012";"6"
"SAL-0001468";"2024-04-07";"MI-013";"16"
"SAL-0001469";"2024-04-07";"MI-014";"1"
"SAL-0001470";"2024-04-07";"MI-015";"6"
"SAL-0001471";"2024-04-08";"MI-001";"25"
"SAL-0001472";"2024-04-08";"MI-002";"17"
"SAL-0001473";"2024-04-08";"MI-003";"17"
"SAL-0001474";"2024-04-08";"MI-004";"8"
"SAL-0001475";"2024-04-08";"MI-005";"12"
"SAL-0001476";"2024-04-08";"MI-006";"8"
"SAL-0001477";"2024-04-08";"MI-007";"10"
"SAL-0001478";"2024-04-08";"MI-008";"15"
"SAL-0001479";"2024-04-08";"MI-009";"9"
"SAL-0001480";"2024-04-08";"MI-010";"5"
"SAL-0001481";"2024-04-08";"MI-011";"8"
"SAL-0001482";"2024-04-08";"MI-012";"12"
"SAL-0001483";"2024-04-08";"MI-013";"5"
"SAL-0001484";"2024-04-08";"MI-014";"4"
"SAL-0001485";"2024-04-08";"MI-015";"9"
"SAL-0001486";"2024-04-09";"MI-001";"18"
"SAL-0001487";"2024-04-09";"MI-002";"10"
"SAL-0001488";"2024-04-09";"MI-003";"20"
"SAL-0001489";"2024-04-09";"MI-004";"10"
"SAL-0001490";"2024-04-09";"MI-005";"14"
"SAL-0001491";"2024-04-09";"MI-006";"14"
"SAL-0001492";"2024-04-09";"MI-007";"15"
"SAL-0001493";"2024-04-09";"MI-008";"11"
"SAL-0001494";"2024-04-09";"MI-009";"7"
"SAL-0001495";"2024-04-09";"MI-010";"7"
"SAL-0001496";"2024-04-09";"MI-011";"3"
"SAL-0001497";"2024-04-09";"MI-012";"6"
"SAL-0001498";"2024-04-09";"MI-013";"4"
"SAL-0001499";"2024-04-09";"MI-014";"0"
"SAL-0001500";"2024-04-09";"MI-015";"7"
"SAL-0001501";"2024-04-10";"MI-001";"18"
"SAL-0001502";"2024-04-10";"MI-002";"11"
"SAL-0001503";"2024-04-10";"MI-003";"9"
"SAL-0001504";"2024-04-10";"MI-004";"12"
"SAL-0001505";"2024-04-10";"MI-005";"14"
"SAL-0001506";"2024-04-10";"MI-006";"13"
"SAL-0001507";"2024-04-10";"MI-007";"12"
"SAL-0001508";"2024-04-10";"MI-008";"15"
"SAL-0001509";"2024-04-10";"MI-009";"4"
"SAL-0001510";"2024-04-10";"MI-010";"3"
"SAL-0001511";"2024-04-10";"MI-011";"8"
"SAL-0001512";"2024-04-10";"MI-012";"9"
"SAL-0001513";"2024-04-10";"MI-013";"10"
"SAL-0001514";"2024-04-10";"MI-014";"3"
"SAL-0001515";"2024-04-10";"MI-015";"3"
"SAL-0001516";"2024-04-11";"MI-001";"19"
"SAL-0001517";"2024-04-11";"MI-002";"15"
"SAL-0001518";"2024-04-11";"MI-003";"16"
"SAL-0001519";"2024-04-11";"MI-004";"16"
"SAL-0001520";"2024-04-11";"MI-005";"21"
"SAL-0001521";"2024-04-11";"MI-006";"13"
"SAL-0001522";"2024-04-11";"MI-007";"18"
"SAL-0001523";"2024-04-11";"MI-008";"13"
"SAL-0001524";"2024-04-11";"MI-009";"7"
"SAL-0001525";"2024-04-11";"MI-010";"12"
"SAL-0001526";"2024-04-11";"MI-011";"12"
"SAL-0001527";"2024-04-11";"MI-012";"8"
"SAL-0001528";"2024-04-11";"MI-013";"6"
"SAL-0001529";"2024-04-11";"MI-014";"11"
"SAL-0001530";"2024-04-11";"MI-015";"8"
"SAL-0001531";"2024-04-12";"MI-001";"25"
"SAL-0001532";"2024-04-12";"MI-002";"14"
"SAL-0001533";"2024-04-12";"MI-003";"13"
"SAL-0001534";"2024-04-12";"MI-004";"17"
"SAL-0001535";"2024-04-12";"MI-005";"15"
"SAL-0001536";"2024-04-12";"MI-006";"11"
"SAL-0001537";"2024-04-12";"MI-007";"16"
"SAL-0001538";"2024-04-12";"MI-008";"12"
"SAL-0001539";"2024-04-12";"MI-009";"8"
"SAL-0001540";"2024-04-12";"MI-010";"10"
"SAL-0001541";"2024-04-12";"MI-011";"9"
"SAL-0001542";"2024-04-12";"MI-012";"7"
"SAL-0001543";"2024-04-12";"MI-013";"10"
"SAL-0001544";"2024-04-12";"MI-014";"6"
"SAL-0001545";"2024-04-12";"MI-015";"6"
"SAL-0001546";"2024-04-13";"MI-001";"39"
"SAL-0001547";"2024-04-13";"MI-002";"30"
"SAL-0001548";"2024-04-13";"MI-003";"25"
"SAL-0001549";"2024-04-13";"MI-004";"20"
"SAL-0001550";"2024-04-13";"MI-005";"30"
"SAL-0001551";"2024-04-13";"MI-006";"15"
"SAL-0001552";"2024-04-13";"MI-007";"22"
"SAL-0001553";"2024-04-13";"MI-008";"19"
"SAL-0001554";"2024-04-13";"MI-009";"11"
"SAL-0001555";"2024-04-13";"MI-010";"15"
"SAL-0001556";"2024-04-13";"MI-011";"11"
"SAL-0001557";"2024-04-13";"MI-012";"17"
"SAL-0001558";"2024-04-13";"MI-013";"11"
"SAL-0001559";"2024-04-13";"MI-014";"11"
"SAL-0001560";"2024-04-13";"MI-015";"12"
"SAL-0001561";"2024-04-14";"MI-001";"31"
"SAL-0001562";"2024-04-14";"MI-002";"16"
"SAL-0001563";"2024-04-14";"MI-003";"16"
"SAL-0001564";"2024-04-14";"MI-004";"19"
"SAL-0001565";"2024-04-14";"MI-005";"22"
"SAL-0001566";"2024-04-14";"MI-006";"16"
"SAL-0001567";"2024-04-14";"MI-007";"23"
"SAL-0001568";"2024-04-14";"MI-008";"10"
"SAL-0001569";"2024-04-14";"MI-009";"12"
"SAL-0001570";"2024-04-14";"MI-010";"10"
"SAL-0001571";"2024-04-14";"MI-011";"9"
"SAL-0001572";"2024-04-14";"MI-012";"10"
"SAL-0001573";"2024-04-14";"MI-013";"8"
"SAL-0001574";"2024-04-14";"MI-014";"9"
"SAL-0001575";"2024-04-14";"MI-015";"6"
"SAL-0001576";"2024-04-15";"MI-001";"13"
"SAL-0001577";"2024-04-15";"MI-002";"20"
"SAL-0001578";"2024-04-15";"MI-003";"12"
"SAL-0001579";"2024-04-15";"MI-004";"16"
"SAL-0001580";"2024-04-15";"MI-005";"21"
"SAL-0001581";"2024-04-15";"MI-006";"10"
"SAL-0001582";"2024-04-15";"MI-007";"18"
"SAL-0001583";"2024-04-15";"MI-008";"9"
"SAL-0001584";"2024-04-15";"MI-009";"5"
"SAL-0001585";"2024-04-15";"MI-010";"9"
"SAL-0001586";"2024-04-15";"MI-011";"9"
"SAL-0001587";"2024-04-15";"MI-012";"8"
"SAL-0001588";"2024-04-15";"MI-013";"10"
"SAL-0001589";"2024-04-15";"MI-014";"6"
"SAL-0001590";"2024-04-15";"MI-015";"11"
"SAL-0001591";"2024-04-16";"MI-001";"14"
"SAL-0001592";"2024-04-16";"MI-002";"9"
"SAL-0001593";"2024-04-16";"MI-003";"19"
"SAL-0001594";"2024-04-16";"MI-004";"13"
"SAL-0001595";"2024-04-16";"MI-005";"18"
"SAL-0001596";"2024-04-16";"MI-006";"12"
"SAL-0001597";"2024-04-16";"MI-007";"15"
"SAL-0001598";"2024-04-16";"MI-008";"9"
"SAL-0001599";"2024-04-16";"MI-009";"4"
"SAL-0001600";"2024-04-16";"MI-010";"4"
"SAL-0001601";"2024-04-16";"MI-011";"6"
"SAL-0001602";"2024-04-16";"MI-012";"4"
"SAL-0001603";"2024-04-16";"MI-013";"5"
"SAL-0001604";"2024-04-16";"MI-014";"7"
"SAL-0001605";"2024-04-16";"MI-015";"7"
"SAL-0001606";"2024-04-17";"MI-001";"16"
"SAL-0001607";"2024-04-17";"MI-002";"15"
"SAL-0001608";"2024-04-17";"MI-003";"18"
"SAL-0001609";"2024-04-17";"MI-004";"11"
"SAL-0001610";"2024-04-17";"MI-005";"17"
"SAL-0001611";"2024-04-17";"MI-006";"19"
"SAL-0001612";"2024-04-17";"MI-007";"10"
"SAL-0001613";"2024-04-17";"MI-008";"13"
"SAL-0001614";"2024-04-17";"MI-009";"11"
"SAL-0001615";"2024-04-17";"MI-010";"7"
"SAL-0001616";"2024-04-17";"MI-011";"16"
"SAL-0001617";"2024-04-17";"MI-012";"9"
"SAL-0001618";"2024-04-17";"MI-013";"2"
"SAL-0001619";"2024-04-17";"MI-014";"7"
"SAL-0001620";"2024-04-17";"MI-015";"8"
"SAL-0001621";"2024-04-18";"MI-001";"19"
"SAL-0001622";"2024-04-18";"MI-002";"8"
"SAL-0001623";"2024-04-18";"MI-003";"15"
"SAL-0001624";"2024-04-18";"MI-004";"8"
"SAL-0001625";"2024-04-18";"MI-005";"21"
"SAL-0001626";"2024-04-18";"MI-006";"16"
"SAL-0001627";"2024-04-18";"MI-007";"16"
"SAL-0001628";"2024-04-18";"MI-008";"7"
"SAL-0001629";"2024-04-18";"MI-009";"4"
"SAL-0001630";"2024-04-18";"MI-010";"13"
"SAL-0001631";"2024-04-18";"MI-011";"11"
"SAL-0001632";"2024-04-18";"MI-012";"3"
"SAL-0001633";"2024-04-18";"MI-013";"8"
"SAL-0001634";"2024-04-18";"MI-014";"12"
"SAL-0001635";"2024-04-18";"MI-015";"5"
"SAL-0001636";"2024-04-19";"MI-001";"26"
"SAL-0001637";"2024-04-19";"MI-002";"21"
"SAL-0001638";"2024-04-19";"MI-003";"23"
"SAL-0001639";"2024-04-19";"MI-004";"16"
"SAL-0001640";"2024-04-19";"MI-005";"16"
"SAL-0001641";"2024-04-19";"MI-006";"12"
"SAL-0001642";"2024-04-19";"MI-007";"9"
"SAL-0001643";"2024-04-19";"MI-008";"12"
"SAL-0001644";"2024-04-19";"MI-009";"6"
"SAL-0001645";"2024-04-19";"MI-010";"11"
"SAL-0001646";"2024-04-19";"MI-011";"11"
"SAL-0001647";"2024-04-19";"MI-012";"7"
"SAL-0001648";"2024-04-19";"MI-013";"18"
"SAL-0001649";"2024-04-19";"MI-014";"12"
"SAL-0001650";"2024-04-19";"MI-015";"14"
"SAL-0001651";"2024-04-20";"MI-001";"40"
"SAL-0001652";"2024-04-20";"MI-002";"34"
"SAL-0001653";"2024-04-20";"MI-003";"34"
"SAL-0001654";"2024-04-20";"MI-004";"23"
"SAL-0001655";"2024-04-20";"MI-005";"27"
"SAL-0001656";"2024-04-20";"MI-006";"26"
"SAL-0001657";"2024-04-20";"MI-007";"24"
"SAL-0001658";"2024-04-20";"MI-008";"18"
"SAL-0001659";"2024-04-20";"MI-009";"10"
"SAL-0001660";"2024-04-20";"MI-010";"9"
"SAL-0001661";"2024-04-20";"MI-011";"12"
"SAL-0001662";"2024-04-20";"MI-012";"20"
"SAL-0001663";"2024-04-20";"MI-013";"5"
"SAL-0001664";"2024-04-20";"MI-014";"15"
"SAL-0001665";"2024-04-20";"MI-015";"23"
"SAL-0001666";"2024-04-21";"MI-001";"23"
"SAL-0001667";"2024-04-21";"MI-002";"34"
"SAL-0001668";"2024-04-21";"MI-003";"16"
"SAL-0001669";"2024-04-21";"MI-004";"16"
"SAL-0001670";"2024-04-21";"MI-005";"34"
"SAL-0001671";"2024-04-21";"MI-006";"16"
"SAL-0001672";"2024-04-21";"MI-007";"21"
"SAL-0001673";"2024-04-21";"MI-008";"20"
"SAL-0001674";"2024-04-21";"MI-009";"14"
"SAL-0001675";"2024-04-21";"MI-010";"17"
"SAL-0001676";"2024-04-21";"MI-011";"11"
"SAL-0001677";"2024-04-21";"MI-012";"17"
"SAL-0001678";"2024-04-21";"MI-013";"9"
"SAL-0001679";"2024-04-21";"MI-014";"8"
"SAL-0001680";"2024-04-21";"MI-015";"13"
"SAL-0001681";"2024-04-22";"MI-001";"19"
"SAL-0001682";"2024-04-22";"MI-002";"18"
"SAL-0001683";"2024-04-22";"MI-003";"12"
"SAL-0001684";"2024-04-22";"MI-004";"13"
"SAL-0001685";"2024-04-22";"MI-005";"16"
"SAL-0001686";"2024-04-22";"MI-006";"9"
"SAL-0001687";"2024-04-22";"MI-007";"18"
"SAL-0001688";"2024-04-22";"MI-008";"8"
"SAL-0001689";"2024-04-22";"MI-009";"8"
"SAL-0001690";"2024-04-22";"MI-010";"8"
"SAL-0001691";"2024-04-22";"MI-011";"3"
"SAL-0001692";"2024-04-22";"MI-012";"5"
"SAL-0001693";"2024-04-22";"MI-013";"11"
"SAL-0001694";"2024-04-22";"MI-014";"4"
"SAL-0001695";"2024-04-22";"MI-015";"12"
"SAL-0001696";"2024-04-23";"MI-001";"18"
"SAL-0001697";"2024-04-23";"MI-002";"15"
"SAL-0001698";"2024-04-23";"MI-003";"15"
"SAL-0001699";"2024-04-23";"MI-004";"9"
"SAL-0001700";"2024-04-23";"MI-005";"20"
"SAL-0001701";"2024-04-23";"MI-006";"10"
"SAL-0001702";"2024-04-23";"MI-007";"15"
"SAL-0001703";"2024-04-23";"MI-008";"12"
"SAL-0001704";"2024-04-23";"MI-009";"7"
"SAL-0001705";"2024-04-23";"MI-010";"9"
"SAL-0001706";"2024-04-23";"MI-011";"12"
"SAL-0001707";"2024-04-23";"MI-012";"2"
"SAL-0001708";"2024-04-23";"MI-013";"5"
"SAL-0001709";"2024-04-23";"MI-014";"11"
"SAL-0001710";"2024-04-23";"MI-015";"5"
"SAL-0001711";"2024-04-24";"MI-001";"13"
"SAL-0001712";"2024-04-24";"MI-002";"20"
"SAL-0001713";"2024-04-24";"MI-003";"16"
"SAL-0001714";"2024-04-24";"MI-004";"12"
"SAL-0001715";"2024-04-24";"MI-005";"15"
"SAL-0001716";"2024-04-24";"MI-006";"12"
"SAL-0001717";"2024-04-24";"MI-007";"6"
"SAL-0001718";"2024-04-24";"MI-008";"5"
"SAL-0001719";"2024-04-24";"MI-009";"4"
"SAL-0001720";"2024-04-24";"MI-010";"6"
"SAL-0001721";"2024-04-24";"MI-011";"8"
"SAL-0001722";"2024-04-24";"MI-012";"8"
"SAL-0001723";"2024-04-24";"MI-013";"7"
"SAL-0001724";"2024-04-24";"MI-014";"5"
"SAL-0001725";"2024-04-24";"MI-015";"9"
"SAL-0001726";"2024-04-25";"MI-001";"38"
"SAL-0001727";"2024-04-25";"MI-002";"20"
"SAL-0001728";"2024-04-25";"MI-003";"20"
"SAL-0001729";"2024-04-25";"MI-004";"13"
"SAL-0001730";"2024-04-25";"MI-005";"28"
"SAL-0001731";"2024-04-25";"MI-006";"18"
"SAL-0001732";"2024-04-25";"MI-007";"20"
"SAL-0001733";"2024-04-25";"MI-008";"16"
"SAL-0001734";"2024-04-25";"MI-009";"17"
"SAL-0001735";"2024-04-25";"MI-010";"13"
"SAL-0001736";"2024-04-25";"MI-011";"13"
"SAL-0001737";"2024-04-25";"MI-012";"12"
"SAL-0001738";"2024-04-25";"MI-013";"12"
"SAL-0001739";"2024-04-25";"MI-014";"13"
"SAL-0001740";"2024-04-25";"MI-015";"15"
"SAL-0001741";"2024-04-26";"MI-001";"32"
"SAL-0001742";"2024-04-26";"MI-002";"23"
"SAL-0001743";"2024-04-26";"MI-003";"30"
"SAL-0001744";"2024-04-26";"MI-004";"14"
"SAL-0001745";"2024-04-26";"MI-005";"25"
"SAL-0001746";"2024-04-26";"MI-006";"19"
"SAL-0001747";"2024-04-26";"MI-007";"20"
"SAL-0001748";"2024-04-26";"MI-008";"6"
"SAL-0001749";"2024-04-26";"MI-009";"8"
"SAL-0001750";"2024-04-26";"MI-010";"13"
"SAL-0001751";"2024-04-26";"MI-011";"15"
"SAL-0001752";"2024-04-26";"MI-012";"13"
"SAL-0001753";"2024-04-26";"MI-013";"14"
"SAL-0001754";"2024-04-26";"MI-014";"12"
"SAL-0001755";"2024-04-26";"MI-015";"22"
"SAL-0001756";"2024-04-27";"MI-001";"32"
"SAL-0001757";"2024-04-27";"MI-002";"25"
"SAL-0001758";"2024-04-27";"MI-003";"28"
"SAL-0001759";"2024-04-27";"MI-004";"14"
"SAL-0001760";"2024-04-27";"MI-005";"41"
"SAL-0001761";"2024-04-27";"MI-006";"26"
"SAL-0001762";"2024-04-27";"MI-007";"27"
"SAL-0001763";"2024-04-27";"MI-008";"26"
"SAL-0001764";"2024-04-27";"MI-009";"24"
"SAL-0001765";"2024-04-27";"MI-010";"22"
"SAL-0001766";"2024-04-27";"MI-011";"19"
"SAL-0001767";"2024-04-27";"MI-012";"17"
"SAL-0001768";"2024-04-27";"MI-013";"9"
"SAL-0001769";"2024-04-27";"MI-014";"15"
"SAL-0001770";"2024-04-27";"MI-015";"11"
"SAL-0001771";"2024-04-28";"MI-001";"32"
"SAL-0001772";"2024-04-28";"MI-002";"18"
"SAL-0001773";"2024-04-28";"MI-003";"19"
"SAL-0001774";"2024-04-28";"MI-004";"19"
"SAL-0001775";"2024-04-28";"MI-005";"25"
"SAL-0001776";"2024-04-28";"MI-006";"11"
"SAL-0001777";"2024-04-28";"MI-007";"15"
"SAL-0001778";"2024-04-28";"MI-008";"11"
"SAL-0001779";"2024-04-28";"MI-009";"13"
"SAL-0001780";"2024-04-28";"MI-010";"7"
"SAL-0001781";"2024-04-28";"MI-011";"12"
"SAL-0001782";"2024-04-28";"MI-012";"11"
"SAL-0001783";"2024-04-28";"MI-013";"9"
"SAL-0001784";"2024-04-28";"MI-014";"7"
"SAL-0001785";"2024-04-28";"MI-015";"11"
"SAL-0001786";"2024-04-29";"MI-001";"23"
"SAL-0001787";"2024-04-29";"MI-002";"12"
"SAL-0001788";"2024-04-29";"MI-003";"13"
"SAL-0001789";"2024-04-29";"MI-004";"10"
"SAL-0001790";"2024-04-29";"MI-005";"15"
"SAL-0001791";"2024-04-29";"MI-006";"4"
"SAL-0001792";"2024-04-29";"MI-007";"12"
"SAL-0001793";"2024-04-29";"MI-008";"9"
"SAL-0001794";"2024-04-29";"MI-009";"2"
"SAL-0001795";"2024-04-29";"MI-010";"3"
"SAL-0001796";"2024-04-29";"MI-011";"9"
"SAL-0001797";"2024-04-29";"MI-012";"5"
"SAL-0001798";"2024-04-29";"MI-013";"16"
"SAL-0001799";"2024-04-29";"MI-014";"4"
"SAL-0001800";"2024-04-29";"MI-015";"7"
"SAL-0001801";"2024-04-30";"MI-001";"22"
"SAL-0001802";"2024-04-30";"MI-002";"15"
"SAL-0001803";"2024-04-30";"MI-003";"20"
"SAL-0001804";"2024-04-30";"MI-004";"17"
"SAL-0001805";"2024-04-30";"MI-005";"24"
"SAL-0001806";"2024-04-30";"MI-006";"13"
"SAL-0001807";"2024-04-30";"MI-007";"18"
"SAL-0001808";"2024-04-30";"MI-008";"19"
"SAL-0001809";"2024-04-30";"MI-009";"13"
"SAL-0001810";"2024-04-30";"MI-010";"14"
"SAL-0001811";"2024-04-30";"MI-011";"12"
"SAL-0001812";"2024-04-30";"MI-012";"9"
"SAL-0001813";"2024-04-30";"MI-013";"8"
"SAL-0001814";"2024-04-30";"MI-014";"6"
"SAL-0001815";"2024-04-30";"MI-015";"9"
"SAL-0001816";"2024-05-01";"MI-001";"20"
"SAL-0001817";"2024-05-01";"MI-002";"9"
"SAL-0001818";"2024-05-01";"MI-003";"19"
"SAL-0001819";"2024-05-01";"MI-004";"10"
"SAL-0001820";"2024-05-01";"MI-005";"24"
"SAL-0001821";"2024-05-01";"MI-006";"11"
"SAL-0001822";"2024-05-01";"MI-007";"9"
"SAL-0001823";"2024-05-01";"MI-008";"15"
"SAL-0001824";"2024-05-01";"MI-009";"7"
"SAL-0001825";"2024-05-01";"MI-010";"7"
"SAL-0001826";"2024-05-01";"MI-011";"12"
"SAL-0001827";"2024-05-01";"MI-012";"5"
"SAL-0001828";"2024-05-01";"MI-013";"6"
"SAL-0001829";"2024-05-01";"MI-014";"3"
"SAL-0001830";"2024-05-01";"MI-015";"7"
"SAL-0001831";"2024-05-02";"MI-001";"28"
"SAL-0001832";"2024-05-02";"MI-002";"16"
"SAL-0001833";"2024-05-02";"MI-003";"16"
"SAL-0001834";"2024-05-02";"MI-004";"18"
"SAL-0001835";"2024-05-02";"MI-005";"17"
"SAL-0001836";"2024-05-02";"MI-006";"13"
"SAL-0001837";"2024-05-02";"MI-007";"14"
"SAL-0001838";"2024-05-02";"MI-008";"11"
"SAL-0001839";"2024-05-02";"MI-009";"7"
"SAL-0001840";"2024-05-02";"MI-010";"11"
"SAL-0001841";"2024-05-02";"MI-011";"9"
"SAL-0001842";"2024-05-02";"MI-012";"8"
"SAL-0001843";"2024-05-02";"MI-013";"9"
"SAL-0001844";"2024-05-02";"MI-014";"9"
"SAL-0001845";"2024-05-02";"MI-015";"13"
"SAL-0001846";"2024-05-03";"MI-001";"22"
"SAL-0001847";"2024-05-03";"MI-002";"20"
"SAL-0001848";"2024-05-03";"MI-003";"21"
"SAL-0001849";"2024-05-03";"MI-004";"15"
"SAL-0001850";"2024-05-03";"MI-005";"21"
"SAL-0001851";"2024-05-03";"MI-006";"12"
"SAL-0001852";"2024-05-03";"MI-007";"17"
"SAL-0001853";"2024-05-03";"MI-008";"15"
"SAL-0001854";"2024-05-03";"MI-009";"11"
"SAL-0001855";"2024-05-03";"MI-010";"10"
"SAL-0001856";"2024-05-03";"MI-011";"12"
"SAL-0001857";"2024-05-03";"MI-012";"6"
"SAL-0001858";"2024-05-03";"MI-013";"7"
"SAL-0001859";"2024-05-03";"MI-014";"6"
"SAL-0001860";"2024-05-03";"MI-015";"7"
"SAL-0001861";"2024-05-04";"MI-001";"40"
"SAL-0001862";"2024-05-04";"MI-002";"39"
"SAL-0001863";"2024-05-04";"MI-003";"26"
"SAL-0001864";"2024-05-04";"MI-004";"28"
"SAL-0001865";"2024-05-04";"MI-005";"23"
"SAL-0001866";"2024-05-04";"MI-006";"16"
"SAL-0001867";"2024-05-04";"MI-007";"30"
"SAL-0001868";"2024-05-04";"MI-008";"23"
"SAL-0001869";"2024-05-04";"MI-009";"16"
"SAL-0001870";"2024-05-04";"MI-010";"19"
"SAL-0001871";"2024-05-04";"MI-011";"18"
"SAL-0001872";"2024-05-04";"MI-012";"16"
"SAL-0001873";"2024-05-04";"MI-013";"11"
"SAL-0001874";"2024-05-04";"MI-014";"12"
"SAL-0001875";"2024-05-04";"MI-015";"15"
"SAL-0001876";"2024-05-05";"MI-001";"40"
"SAL-0001877";"2024-05-05";"MI-002";"28"
"SAL-0001878";"2024-05-05";"MI-003";"19"
"SAL-0001879";"2024-05-05";"MI-004";"27"
"SAL-0001880";"2024-05-05";"MI-005";"31"
"SAL-0001881";"2024-05-05";"MI-006";"22"
"SAL-0001882";"2024-05-05";"MI-007";"31"
"SAL-0001883";"2024-05-05";"MI-008";"15"
"SAL-0001884";"2024-05-05";"MI-009";"16"
"SAL-0001885";"2024-05-05";"MI-010";"14"
"SAL-0001886";"2024-05-05";"MI-011";"14"
"SAL-0001887";"2024-05-05";"MI-012";"23"
"SAL-0001888";"2024-05-05";"MI-013";"13"
"SAL-0001889";"2024-05-05";"MI-014";"14"
"SAL-0001890";"2024-05-05";"MI-015";"15"
"SAL-0001891";"2024-05-06";"MI-001";"11"
"SAL-0001892";"2024-05-06";"MI-002";"16"
"SAL-0001893";"2024-05-06";"MI-003";"10"
"SAL-0001894";"2024-05-06";"MI-004";"11"
"SAL-0001895";"2024-05-06";"MI-005";"14"
"SAL-0001896";"2024-05-06";"MI-006";"8"
"SAL-0001897";"2024-05-06";"MI-007";"7"
"SAL-0001898";"2024-05-06";"MI-008";"10"
"SAL-0001899";"2024-05-06";"MI-009";"6"
"SAL-0001900";"2024-05-06";"MI-010";"4"
"SAL-0001901";"2024-05-06";"MI-011";"6"
"SAL-0001902";"2024-05-06";"MI-012";"7"
"SAL-0001903";"2024-05-06";"MI-013";"4"
"SAL-0001904";"2024-05-06";"MI-014";"3"
"SAL-0001905";"2024-05-06";"MI-015";"9"
"SAL-0001906";"2024-05-07";"MI-001";"28"
"SAL-0001907";"2024-05-07";"MI-002";"13"
"SAL-0001908";"2024-05-07";"MI-003";"16"
"SAL-0001909";"2024-05-07";"MI-004";"19"
"SAL-0001910";"2024-05-07";"MI-005";"16"
"SAL-0001911";"2024-05-07";"MI-006";"13"
"SAL-0001912";"2024-05-07";"MI-007";"14"
"SAL-0001913";"2024-05-07";"MI-008";"8"
"SAL-0001914";"2024-05-07";"MI-009";"6"
"SAL-0001915";"2024-05-07";"MI-010";"6"
"SAL-0001916";"2024-05-07";"MI-011";"5"
"SAL-0001917";"2024-05-07";"MI-012";"9"
"SAL-0001918";"2024-05-07";"MI-013";"5"
"SAL-0001919";"2024-05-07";"MI-014";"10"
"SAL-0001920";"2024-05-07";"MI-015";"10"
"SAL-0001921";"2024-05-08";"MI-001";"25"
"SAL-0001922";"2024-05-08";"MI-002";"18"
"SAL-0001923";"2024-05-08";"MI-003";"8"
"SAL-0001924";"2024-05-08";"MI-004";"11"
"SAL-0001925";"2024-05-08";"MI-005";"13"
"SAL-0001926";"2024-05-08";"MI-006";"15"
"SAL-0001927";"2024-05-08";"MI-007";"19"
"SAL-0001928";"2024-05-08";"MI-008";"8"
"SAL-0001929";"2024-05-08";"MI-009";"8"
"SAL-0001930";"2024-05-08";"MI-010";"7"
"SAL-0001931";"2024-05-08";"MI-011";"9"
"SAL-0001932";"2024-05-08";"MI-012";"6"
"SAL-0001933";"2024-05-08";"MI-013";"8"
"SAL-0001934";"2024-05-08";"MI-014";"8"
"SAL-0001935";"2024-05-08";"MI-015";"11"
"SAL-0001936";"2024-05-09";"MI-001";"17"
"SAL-0001937";"2024-05-09";"MI-002";"20"
"SAL-0001938";"2024-05-09";"MI-003";"9"
"SAL-0001939";"2024-05-09";"MI-004";"16"
"SAL-0001940";"2024-05-09";"MI-005";"23"
"SAL-0001941";"2024-05-09";"MI-006";"14"
"SAL-0001942";"2024-05-09";"MI-007";"12"
"SAL-0001943";"2024-05-09";"MI-008";"12"
"SAL-0001944";"2024-05-09";"MI-009";"7"
"SAL-0001945";"2024-05-09";"MI-010";"6"
"SAL-0001946";"2024-05-09";"MI-011";"9"
"SAL-0001947";"2024-05-09";"MI-012";"10"
"SAL-0001948";"2024-05-09";"MI-013";"10"
"SAL-0001949";"2024-05-09";"MI-014";"10"
"SAL-0001950";"2024-05-09";"MI-015";"9"
"SAL-0001951";"2024-05-10";"MI-001";"18"
"SAL-0001952";"2024-05-10";"MI-002";"16"
"SAL-0001953";"2024-05-10";"MI-003";"18"
"SAL-0001954";"2024-05-10";"MI-004";"9"
"SAL-0001955";"2024-05-10";"MI-005";"19"
"SAL-0001956";"2024-05-10";"MI-006";"16"
"SAL-0001957";"2024-05-10";"MI-007";"18"
"SAL-0001958";"2024-05-10";"MI-008";"13"
"SAL-0001959";"2024-05-10";"MI-009";"8"
"SAL-0001960";"2024-05-10";"MI-010";"6"
"SAL-0001961";"2024-05-10";"MI-011";"9"
"SAL-0001962";"2024-05-10";"MI-012";"14"
"SAL-0001963";"2024-05-10";"MI-013";"12"
"SAL-0001964";"2024-05-10";"MI-014";"8"
"SAL-0001965";"2024-05-10";"MI-015";"8"
"SAL-0001966";"2024-05-11";"MI-001";"31"
"SAL-0001967";"2024-05-11";"MI-002";"21"
"SAL-0001968";"2024-05-11";"MI-003";"34"
"SAL-0001969";"2024-05-11";"MI-004";"21"
"SAL-0001970";"2024-05-11";"MI-005";"28"
"SAL-0001971";"2024-05-11";"MI-006";"23"
"SAL-0001972";"2024-05-11";"MI-007";"25"
"SAL-0001973";"2024-05-11";"MI-008";"20"
"SAL-0001974";"2024-05-11";"MI-009";"18"
"SAL-0001975";"2024-05-11";"MI-010";"12"
"SAL-0001976";"2024-05-11";"MI-011";"23"
"SAL-0001977";"2024-05-11";"MI-012";"13"
"SAL-0001978";"2024-05-11";"MI-013";"20"
"SAL-0001979";"2024-05-11";"MI-014";"20"
"SAL-0001980";"2024-05-11";"MI-015";"20"
"SAL-0001981";"2024-05-12";"MI-001";"27"
"SAL-0001982";"2024-05-12";"MI-002";"18"
"SAL-0001983";"2024-05-12";"MI-003";"27"
"SAL-0001984";"2024-05-12";"MI-004";"22"
"SAL-0001985";"2024-05-12";"MI-005";"26"
"SAL-0001986";"2024-05-12";"MI-006";"17"
"SAL-0001987";"2024-05-12";"MI-007";"16"
"SAL-0001988";"2024-05-12";"MI-008";"12"
"SAL-0001989";"2024-05-12";"MI-009";"15"
"SAL-0001990";"2024-05-12";"MI-010";"10"
"SAL-0001991";"2024-05-12";"MI-011";"17"
"SAL-0001992";"2024-05-12";"MI-012";"13"
"SAL-0001993";"2024-05-12";"MI-013";"17"
"SAL-0001994";"2024-05-12";"MI-014";"14"
"SAL-0001995";"2024-05-12";"MI-015";"12"
"SAL-0001996";"2024-05-13";"MI-001";"17"
"SAL-0001997";"2024-05-13";"MI-002";"3"
"SAL-0001998";"2024-05-13";"MI-003";"19"
"SAL-0001999";"2024-05-13";"MI-004";"9"
"SAL-0002000";"2024-05-13";"MI-005";"18"
"SAL-0002001";"2024-05-13";"MI-006";"9"
"SAL-0002002";"2024-05-13";"MI-007";"21"
"SAL-0002003";"2024-05-13";"MI-008";"5"
"SAL-0002004";"2024-05-13";"MI-009";"7"
"SAL-0002005";"2024-05-13";"MI-010";"11"
"SAL-0002006";"2024-05-13";"MI-011";"8"
"SAL-0002007";"2024-05-13";"MI-012";"9"
"SAL-0002008";"2024-05-13";"MI-013";"11"
"SAL-0002009";"2024-05-13";"MI-014";"11"
"SAL-0002010";"2024-05-13";"MI-015";"8"
"SAL-0002011";"2024-05-14";"MI-001";"26"
"SAL-0002012";"2024-05-14";"MI-002";"19"
"SAL-0002013";"2024-05-14";"MI-003";"18"
"SAL-0002014";"2024-05-14";"MI-004";"11"
"SAL-0002015";"2024-05-14";"MI-005";"16"
"SAL-0002016";"2024-05-14";"MI-006";"11"
"SAL-0002017";"2024-05-14";"MI-007";"11"
"SAL-0002018";"2024-05-14";"MI-008";"9"
"SAL-0002019";"2024-05-14";"MI-009";"5"
"SAL-0002020";"2024-05-14";"MI-010";"9"
"SAL-0002021";"2024-05-14";"MI-011";"7"
"SAL-0002022";"2024-05-14";"MI-012";"1"
"SAL-0002023";"2024-05-14";"MI-013";"6"
"SAL-0002024";"2024-05-14";"MI-014";"8"
"SAL-0002025";"2024-05-14";"MI-015";"9"
"SAL-0002026";"2024-05-15";"MI-001";"12"
"SAL-0002027";"2024-05-15";"MI-002";"19"
"SAL-0002028";"2024-05-15";"MI-003";"15"
"SAL-0002029";"2024-05-15";"MI-004";"8"
"SAL-0002030";"2024-05-15";"MI-005";"16"
"SAL-0002031";"2024-05-15";"MI-006";"16"
"SAL-0002032";"2024-05-15";"MI-007";"16"
"SAL-0002033";"2024-05-15";"MI-008";"9"
"SAL-0002034";"2024-05-15";"MI-009";"9"
"SAL-0002035";"2024-05-15";"MI-010";"14"
"SAL-0002036";"2024-05-15";"MI-011";"13"
"SAL-0002037";"2024-05-15";"MI-012";"5"
"SAL-0002038";"2024-05-15";"MI-013";"14"
"SAL-0002039";"2024-05-15";"MI-014";"6"
"SAL-0002040";"2024-05-15";"MI-015";"7"
"SAL-0002041";"2024-05-16";"MI-001";"12"
"SAL-0002042";"2024-05-16";"MI-002";"19"
"SAL-0002043";"2024-05-16";"MI-003";"14"
"SAL-0002044";"2024-05-16";"MI-004";"16"
"SAL-0002045";"2024-05-16";"MI-005";"18"
"SAL-0002046";"2024-05-16";"MI-006";"13"
"SAL-0002047";"2024-05-16";"MI-007";"18"
"SAL-0002048";"2024-05-16";"MI-008";"8"
"SAL-0002049";"2024-05-16";"MI-009";"6"
"SAL-0002050";"2024-05-16";"MI-010";"8"
"SAL-0002051";"2024-05-16";"MI-011";"10"
"SAL-0002052";"2024-05-16";"MI-012";"11"
"SAL-0002053";"2024-05-16";"MI-013";"8"
"SAL-0002054";"2024-05-16";"MI-014";"6"
"SAL-0002055";"2024-05-16";"MI-015";"11"
"SAL-0002056";"2024-05-17";"MI-001";"37"
"SAL-0002057";"2024-05-17";"MI-002";"14"
"SAL-0002058";"2024-05-17";"MI-003";"21"
"SAL-0002059";"2024-05-17";"MI-004";"21"
"SAL-0002060";"2024-05-17";"MI-005";"32"
"SAL-0002061";"2024-05-17";"MI-006";"19"
"SAL-0002062";"2024-05-17";"MI-007";"17"
"SAL-0002063";"2024-05-17";"MI-008";"14"
"SAL-0002064";"2024-05-17";"MI-009";"15"
"SAL-0002065";"2024-05-17";"MI-010";"12"
"SAL-0002066";"2024-05-17";"MI-011";"13"
"SAL-0002067";"2024-05-17";"MI-012";"9"
"SAL-0002068";"2024-05-17";"MI-013";"3"
"SAL-0002069";"2024-05-17";"MI-014";"9"
"SAL-0002070";"2024-05-17";"MI-015";"6"
"SAL-0002071";"2024-05-18";"MI-001";"31"
"SAL-0002072";"2024-05-18";"MI-002";"35"
"SAL-0002073";"2024-05-18";"MI-003";"31"
"SAL-0002074";"2024-05-18";"MI-004";"20"
"SAL-0002075";"2024-05-18";"MI-005";"44"
"SAL-0002076";"2024-05-18";"MI-006";"28"
"SAL-0002077";"2024-05-18";"MI-007";"25"
"SAL-0002078";"2024-05-18";"MI-008";"26"
"SAL-0002079";"2024-05-18";"MI-009";"11"
"SAL-0002080";"2024-05-18";"MI-010";"17"
"SAL-0002081";"2024-05-18";"MI-011";"21"
"SAL-0002082";"2024-05-18";"MI-012";"16"
"SAL-0002083";"2024-05-18";"MI-013";"22"
"SAL-0002084";"2024-05-18";"MI-014";"16"
"SAL-0002085";"2024-05-18";"MI-015";"19"
"SAL-0002086";"2024-05-19";"MI-001";"29"
"SAL-0002087";"2024-05-19";"MI-002";"27"
"SAL-0002088";"2024-05-19";"MI-003";"23"
"SAL-0002089";"2024-05-19";"MI-004";"14"
"SAL-0002090";"2024-05-19";"MI-005";"22"
"SAL-0002091";"2024-05-19";"MI-006";"15"
"SAL-0002092";"2024-05-19";"MI-007";"23"
"SAL-0002093";"2024-05-19";"MI-008";"16"
"SAL-0002094";"2024-05-19";"MI-009";"9"
"SAL-0002095";"2024-05-19";"MI-010";"14"
"SAL-0002096";"2024-05-19";"MI-011";"11"
"SAL-0002097";"2024-05-19";"MI-012";"15"
"SAL-0002098";"2024-05-19";"MI-013";"16"
"SAL-0002099";"2024-05-19";"MI-014";"11"
"SAL-0002100";"2024-05-19";"MI-015";"18"
"SAL-0002101";"2024-05-20";"MI-001";"22"
"SAL-0002102";"2024-05-20";"MI-002";"10"
"SAL-0002103";"2024-05-20";"MI-003";"20"
"SAL-0002104";"2024-05-20";"MI-004";"6"
"SAL-0002105";"2024-05-20";"MI-005";"17"
"SAL-0002106";"2024-05-20";"MI-006";"9"
"SAL-0002107";"2024-05-20";"MI-007";"6"
"SAL-0002108";"2024-05-20";"MI-008";"11"
"SAL-0002109";"2024-05-20";"MI-009";"8"
"SAL-0002110";"2024-05-20";"MI-010";"9"
"SAL-0002111";"2024-05-20";"MI-011";"13"
"SAL-0002112";"2024-05-20";"MI-012";"12"
"SAL-0002113";"2024-05-20";"MI-013";"9"
"SAL-0002114";"2024-05-20";"MI-014";"4"
"SAL-0002115";"2024-05-20";"MI-015";"11"
"SAL-0002116";"2024-05-21";"MI-001";"17"
"SAL-0002117";"2024-05-21";"MI-002";"10"
"SAL-0002118";"2024-05-21";"MI-003";"10"
"SAL-0002119";"2024-05-21";"MI-004";"8"
"SAL-0002120";"2024-05-21";"MI-005";"20"
"SAL-0002121";"2024-05-21";"MI-006";"10"
"SAL-0002122";"2024-05-21";"MI-007";"7"
"SAL-0002123";"2024-05-21";"MI-008";"12"
"SAL-0002124";"2024-05-21";"MI-009";"5"
"SAL-0002125";"2024-05-21";"MI-010";"9"
"SAL-0002126";"2024-05-21";"MI-011";"4"
"SAL-0002127";"2024-05-21";"MI-012";"3"
"SAL-0002128";"2024-05-21";"MI-013";"5"
"SAL-0002129";"2024-05-21";"MI-014";"8"
"SAL-0002130";"2024-05-21";"MI-015";"9"
"SAL-0002131";"2024-05-22";"MI-001";"21"
"SAL-0002132";"2024-05-22";"MI-002";"17"
"SAL-0002133";"2024-05-22";"MI-003";"16"
"SAL-0002134";"2024-05-22";"MI-004";"8"
"SAL-0002135";"2024-05-22";"MI-005";"13"
"SAL-0002136";"2024-05-22";"MI-006";"15"
"SAL-0002137";"2024-05-22";"MI-007";"16"
"SAL-0002138";"2024-05-22";"MI-008";"9"
"SAL-0002139";"2024-05-22";"MI-009";"7"
"SAL-0002140";"2024-05-22";"MI-010";"7"
"SAL-0002141";"2024-05-22";"MI-011";"14"
"SAL-0002142";"2024-05-22";"MI-012";"4"
"SAL-0002143";"2024-05-22";"MI-013";"8"
"SAL-0002144";"2024-05-22";"MI-014";"8"
"SAL-0002145";"2024-05-22";"MI-015";"13"
"SAL-0002146";"2024-05-23";"MI-001";"27"
"SAL-0002147";"2024-05-23";"MI-002";"10"
"SAL-0002148";"2024-05-23";"MI-003";"20"
"SAL-0002149";"2024-05-23";"MI-004";"15"
"SAL-0002150";"2024-05-23";"MI-005";"17"
"SAL-0002151";"2024-05-23";"MI-006";"7"
"SAL-0002152";"2024-05-23";"MI-007";"13"
"SAL-0002153";"2024-05-23";"MI-008";"11"
"SAL-0002154";"2024-05-23";"MI-009";"11"
"SAL-0002155";"2024-05-23";"MI-010";"9"
"SAL-0002156";"2024-05-23";"MI-011";"11"
"SAL-0002157";"2024-05-23";"MI-012";"10"
"SAL-0002158";"2024-05-23";"MI-013";"6"
"SAL-0002159";"2024-05-23";"MI-014";"9"
"SAL-0002160";"2024-05-23";"MI-015";"11"
"SAL-0002161";"2024-05-24";"MI-001";"24"
"SAL-0002162";"2024-05-24";"MI-002";"15"
"SAL-0002163";"2024-05-24";"MI-003";"11"
"SAL-0002164";"2024-05-24";"MI-004";"24"
"SAL-0002165";"2024-05-24";"MI-005";"16"
"SAL-0002166";"2024-05-24";"MI-006";"14"
"SAL-0002167";"2024-05-24";"MI-007";"19"
"SAL-0002168";"2024-05-24";"MI-008";"11"
"SAL-0002169";"2024-05-24";"MI-009";"7"
"SAL-0002170";"2024-05-24";"MI-010";"5"
"SAL-0002171";"2024-05-24";"MI-011";"12"
"SAL-0002172";"2024-05-24";"MI-012";"14"
"SAL-0002173";"2024-05-24";"MI-013";"8"
"SAL-0002174";"2024-05-24";"MI-014";"11"
"SAL-0002175";"2024-05-24";"MI-015";"6"
"SAL-0002176";"2024-05-25";"MI-001";"36"
"SAL-0002177";"2024-05-25";"MI-002";"29"
"SAL-0002178";"2024-05-25";"MI-003";"25"
"SAL-0002179";"2024-05-25";"MI-004";"20"
"SAL-0002180";"2024-05-25";"MI-005";"31"
"SAL-0002181";"2024-05-25";"MI-006";"15"
"SAL-0002182";"2024-05-25";"MI-007";"23"
"SAL-0002183";"2024-05-25";"MI-008";"15"
"SAL-0002184";"2024-05-25";"MI-009";"9"
"SAL-0002185";"2024-05-25";"MI-010";"7"
"SAL-0002186";"2024-05-25";"MI-011";"12"
"SAL-0002187";"2024-05-25";"MI-012";"15"
"SAL-0002188";"2024-05-25";"MI-013";"10"
"SAL-0002189";"2024-05-25";"MI-014";"6"
"SAL-0002190";"2024-05-25";"MI-015";"13"
"SAL-0002191";"2024-05-26";"MI-001";"35"
"SAL-0002192";"2024-05-26";"MI-002";"24"
"SAL-0002193";"2024-05-26";"MI-003";"23"
"SAL-0002194";"2024-05-26";"MI-004";"29"
"SAL-0002195";"2024-05-26";"MI-005";"22"
"SAL-0002196";"2024-05-26";"MI-006";"19"
"SAL-0002197";"2024-05-26";"MI-007";"22"
"SAL-0002198";"2024-05-26";"MI-008";"15"
"SAL-0002199";"2024-05-26";"MI-009";"17"
"SAL-0002200";"2024-05-26";"MI-010";"13"
"SAL-0002201";"2024-05-26";"MI-011";"16"
"SAL-0002202";"2024-05-26";"MI-012";"12"
"SAL-0002203";"2024-05-26";"MI-013";"14"
"SAL-0002204";"2024-05-26";"MI-014";"7"
"SAL-0002205";"2024-05-26";"MI-015";"15"
"SAL-0002206";"2024-05-27";"MI-001";"13"
"SAL-0002207";"2024-05-27";"MI-002";"11"
"SAL-0002208";"2024-05-27";"MI-003";"12"
"SAL-0002209";"2024-05-27";"MI-004";"16"
"SAL-0002210";"2024-05-27";"MI-005";"9"
"SAL-0002211";"2024-05-27";"MI-006";"9"
"SAL-0002212";"2024-05-27";"MI-007";"7"
"SAL-0002213";"2024-05-27";"MI-008";"8"
"SAL-0002214";"2024-05-27";"MI-009";"6"
"SAL-0002215";"2024-05-27";"MI-010";"8"
"SAL-0002216";"2024-05-27";"MI-011";"9"
"SAL-0002217";"2024-05-27";"MI-012";"6"
"SAL-0002218";"2024-05-27";"MI-013";"8"
"SAL-0002219";"2024-05-27";"MI-014";"9"
"SAL-0002220";"2024-05-27";"MI-015";"5"
"SAL-0002221";"2024-05-28";"MI-001";"25"
"SAL-0002222";"2024-05-28";"MI-002";"15"
"SAL-0002223";"2024-05-28";"MI-003";"25"
"SAL-0002224";"2024-05-28";"MI-004";"9"
"SAL-0002225";"2024-05-28";"MI-005";"17"
"SAL-0002226";"2024-05-28";"MI-006";"9"
"SAL-0002227";"2024-05-28";"MI-007";"15"
"SAL-0002228";"2024-05-28";"MI-008";"13"
"SAL-0002229";"2024-05-28";"MI-009";"10"
"SAL-0002230";"2024-05-28";"MI-010";"12"
"SAL-0002231";"2024-05-28";"MI-011";"8"
"SAL-0002232";"2024-05-28";"MI-012";"11"
"SAL-0002233";"2024-05-28";"MI-013";"11"
"SAL-0002234";"2024-05-28";"MI-014";"11"
"SAL-0002235";"2024-05-28";"MI-015";"20"
"SAL-0002236";"2024-05-29";"MI-001";"21"
"SAL-0002237";"2024-05-29";"MI-002";"13"
"SAL-0002238";"2024-05-29";"MI-003";"13"
"SAL-0002239";"2024-05-29";"MI-004";"15"
"SAL-0002240";"2024-05-29";"MI-005";"24"
"SAL-0002241";"2024-05-29";"MI-006";"10"
"SAL-0002242";"2024-05-29";"MI-007";"14"
"SAL-0002243";"2024-05-29";"MI-008";"12"
"SAL-0002244";"2024-05-29";"MI-009";"9"
"SAL-0002245";"2024-05-29";"MI-010";"9"
"SAL-0002246";"2024-05-29";"MI-011";"11"
"SAL-0002247";"2024-05-29";"MI-012";"4"
"SAL-0002248";"2024-05-29";"MI-013";"7"
"SAL-0002249";"2024-05-29";"MI-014";"8"
"SAL-0002250";"2024-05-29";"MI-015";"9"
"SAL-0002251";"2024-05-30";"MI-001";"19"
"SAL-0002252";"2024-05-30";"MI-002";"14"
"SAL-0002253";"2024-05-30";"MI-003";"27"
"SAL-0002254";"2024-05-30";"MI-004";"18"
"SAL-0002255";"2024-05-30";"MI-005";"11"
"SAL-0002256";"2024-05-30";"MI-006";"14"
"SAL-0002257";"2024-05-30";"MI-007";"16"
"SAL-0002258";"2024-05-30";"MI-008";"13"
"SAL-0002259";"2024-05-30";"MI-009";"9"
"SAL-0002260";"2024-05-30";"MI-010";"13"
"SAL-0002261";"2024-05-30";"MI-011";"15"
"SAL-0002262";"2024-05-30";"MI-012";"9"
"SAL-0002263";"2024-05-30";"MI-013";"7"
"SAL-0002264";"2024-05-30";"MI-014";"9"
"SAL-0002265";"2024-05-30";"MI-015";"8"
"SAL-0002266";"2024-05-31";"MI-001";"24"
"SAL-0002267";"2024-05-31";"MI-002";"23"
"SAL-0002268";"2024-05-31";"MI-003";"21"
"SAL-0002269";"2024-05-31";"MI-004";"21"
"SAL-0002270";"2024-05-31";"MI-005";"22"
"SAL-0002271";"2024-05-31";"MI-006";"12"
"SAL-0002272";"2024-05-31";"MI-007";"17"
"SAL-0002273";"2024-05-31";"MI-008";"16"
"SAL-0002274";"2024-05-31";"MI-009";"10"
"SAL-0002275";"2024-05-31";"MI-010";"10"
"SAL-0002276";"2024-05-31";"MI-011";"11"
"SAL-0002277";"2024-05-31";"MI-012";"13"
"SAL-0002278";"2024-05-31";"MI-013";"10"
"SAL-0002279";"2024-05-31";"MI-014";"16"
"SAL-0002280";"2024-05-31";"MI-015";"10"
"SAL-0002281";"2024-06-01";"MI-001";"30"
"SAL-0002282";"2024-06-01";"MI-002";"15"
"SAL-0002283";"2024-06-01";"MI-003";"24"
"SAL-0002284";"2024-06-01";"MI-004";"20"
"SAL-0002285";"2024-06-01";"MI-005";"19"
"SAL-0002286";"2024-06-01";"MI-006";"18"
"SAL-0002287";"2024-06-01";"MI-007";"25"
"SAL-0002288";"2024-06-01";"MI-008";"14"
"SAL-0002289";"2024-06-01";"MI-009";"14"
"SAL-0002290";"2024-06-01";"MI-010";"6"
"SAL-0002291";"2024-06-01";"MI-011";"13"
"SAL-0002292";"2024-06-01";"MI-012";"20"
"SAL-0002293";"2024-06-01";"MI-013";"11"
"SAL-0002294";"2024-06-01";"MI-014";"19"
"SAL-0002295";"2024-06-01";"MI-015";"9"
"SAL-0002296";"2024-06-02";"MI-001";"26"
"SAL-0002297";"2024-06-02";"MI-002";"23"
"SAL-0002298";"2024-06-02";"MI-003";"32"
"SAL-0002299";"2024-06-02";"MI-004";"12"
"SAL-0002300";"2024-06-02";"MI-005";"35"
"SAL-0002301";"2024-06-02";"MI-006";"27"
"SAL-0002302";"2024-06-02";"MI-007";"17"
"SAL-0002303";"2024-06-02";"MI-008";"16"
"SAL-0002304";"2024-06-02";"MI-009";"8"
"SAL-0002305";"2024-06-02";"MI-010";"14"
"SAL-0002306";"2024-06-02";"MI-011";"15"
"SAL-0002307";"2024-06-02";"MI-012";"19"
"SAL-0002308";"2024-06-02";"MI-013";"11"
"SAL-0002309";"2024-06-02";"MI-014";"16"
"SAL-0002310";"2024-06-02";"MI-015";"15"
"SAL-0002311";"2024-06-03";"MI-001";"10"
"SAL-0002312";"2024-06-03";"MI-002";"13"
"SAL-0002313";"2024-06-03";"MI-003";"17"
"SAL-0002314";"2024-06-03";"MI-004";"9"
"SAL-0002315";"2024-06-03";"MI-005";"17"
"SAL-0002316";"2024-06-03";"MI-006";"7"
"SAL-0002317";"2024-06-03";"MI-007";"15"
"SAL-0002318";"2024-06-03";"MI-008";"6"
"SAL-0002319";"2024-06-03";"MI-009";"4"
"SAL-0002320";"2024-06-03";"MI-010";"9"
"SAL-0002321";"2024-06-03";"MI-011";"9"
"SAL-0002322";"2024-06-03";"MI-012";"11"
"SAL-0002323";"2024-06-03";"MI-013";"9"
"SAL-0002324";"2024-06-03";"MI-014";"7"
"SAL-0002325";"2024-06-03";"MI-015";"6"
"SAL-0002326";"2024-06-04";"MI-001";"23"
"SAL-0002327";"2024-06-04";"MI-002";"18"
"SAL-0002328";"2024-06-04";"MI-003";"18"
"SAL-0002329";"2024-06-04";"MI-004";"9"
"SAL-0002330";"2024-06-04";"MI-005";"18"
"SAL-0002331";"2024-06-04";"MI-006";"10"
"SAL-0002332";"2024-06-04";"MI-007";"18"
"SAL-0002333";"2024-06-04";"MI-008";"11"
"SAL-0002334";"2024-06-04";"MI-009";"12"
"SAL-0002335";"2024-06-04";"MI-010";"6"
"SAL-0002336";"2024-06-04";"MI-011";"12"
"SAL-0002337";"2024-06-04";"MI-012";"12"
"SAL-0002338";"2024-06-04";"MI-013";"9"
"SAL-0002339";"2024-06-04";"MI-014";"10"
"SAL-0002340";"2024-06-04";"MI-015";"12"
"SAL-0002341";"2024-06-05";"MI-001";"17"
"SAL-0002342";"2024-06-05";"MI-002";"22"
"SAL-0002343";"2024-06-05";"MI-003";"22"
"SAL-0002344";"2024-06-05";"MI-004";"12"
"SAL-0002345";"2024-06-05";"MI-005";"21"
"SAL-0002346";"2024-06-05";"MI-006";"12"
"SAL-0002347";"2024-06-05";"MI-007";"16"
"SAL-0002348";"2024-06-05";"MI-008";"12"
"SAL-0002349";"2024-06-05";"MI-009";"0"
"SAL-0002350";"2024-06-05";"MI-010";"10"
"SAL-0002351";"2024-06-05";"MI-011";"9"
"SAL-0002352";"2024-06-05";"MI-012";"17"
"SAL-0002353";"2024-06-05";"MI-013";"5"
"SAL-0002354";"2024-06-05";"MI-014";"17"
"SAL-0002355";"2024-06-05";"MI-015";"8"
"SAL-0002356";"2024-06-06";"MI-001";"20"
"SAL-0002357";"2024-06-06";"MI-002";"14"
"SAL-0002358";"2024-06-06";"MI-003";"11"
"SAL-0002359";"2024-06-06";"MI-004";"16"
"SAL-0002360";"2024-06-06";"MI-005";"16"
"SAL-0002361";"2024-06-06";"MI-006";"6"
"SAL-0002362";"2024-06-06";"MI-007";"21"
"SAL-0002363";"2024-06-06";"MI-008";"10"
"SAL-0002364";"2024-06-06";"MI-009";"5"
"SAL-0002365";"2024-06-06";"MI-010";"8"
"SAL-0002366";"2024-06-06";"MI-011";"9"
"SAL-0002367";"2024-06-06";"MI-012";"9"
"SAL-0002368";"2024-06-06";"MI-013";"8"
"SAL-0002369";"2024-06-06";"MI-014";"6"
"SAL-0002370";"2024-06-06";"MI-015";"7"
"SAL-0002371";"2024-06-07";"MI-001";"24"
"SAL-0002372";"2024-06-07";"MI-002";"11"
"SAL-0002373";"2024-06-07";"MI-003";"21"
"SAL-0002374";"2024-06-07";"MI-004";"18"
"SAL-0002375";"2024-06-07";"MI-005";"18"
"SAL-0002376";"2024-06-07";"MI-006";"11"
"SAL-0002377";"2024-06-07";"MI-007";"24"
"SAL-0002378";"2024-06-07";"MI-008";"10"
"SAL-0002379";"2024-06-07";"MI-009";"7"
"SAL-0002380";"2024-06-07";"MI-010";"10"
"SAL-0002381";"2024-06-07";"MI-011";"12"
"SAL-0002382";"2024-06-07";"MI-012";"6"
"SAL-0002383";"2024-06-07";"MI-013";"8"
"SAL-0002384";"2024-06-07";"MI-014";"16"
"SAL-0002385";"2024-06-07";"MI-015";"11"
"SAL-0002386";"2024-06-08";"MI-001";"26"
"SAL-0002387";"2024-06-08";"MI-002";"30"
"SAL-0002388";"2024-06-08";"MI-003";"23"
"SAL-0002389";"2024-06-08";"MI-004";"23"
"SAL-0002390";"2024-06-08";"MI-005";"29"
"SAL-0002391";"2024-06-08";"MI-006";"14"
"SAL-0002392";"2024-06-08";"MI-007";"21"
"SAL-0002393";"2024-06-08";"MI-008";"11"
"SAL-0002394";"2024-06-08";"MI-009";"12"
"SAL-0002395";"2024-06-08";"MI-010";"8"
"SAL-0002396";"2024-06-08";"MI-011";"14"
"SAL-0002397";"2024-06-08";"MI-012";"14"
"SAL-0002398";"2024-06-08";"MI-013";"10"
"SAL-0002399";"2024-06-08";"MI-014";"15"
"SAL-0002400";"2024-06-08";"MI-015";"15"
"SAL-0002401";"2024-06-09";"MI-001";"27"
"SAL-0002402";"2024-06-09";"MI-002";"10"
"SAL-0002403";"2024-06-09";"MI-003";"23"
"SAL-0002404";"2024-06-09";"MI-004";"19"
"SAL-0002405";"2024-06-09";"MI-005";"21"
"SAL-0002406";"2024-06-09";"MI-006";"6"
"SAL-0002407";"2024-06-09";"MI-007";"25"
"SAL-0002408";"2024-06-09";"MI-008";"9"
"SAL-0002409";"2024-06-09";"MI-009";"9"
"SAL-0002410";"2024-06-09";"MI-010";"12"
"SAL-0002411";"2024-06-09";"MI-011";"14"
"SAL-0002412";"2024-06-09";"MI-012";"12"
"SAL-0002413";"2024-06-09";"MI-013";"6"
"SAL-0002414";"2024-06-09";"MI-014";"10"
"SAL-0002415";"2024-06-09";"MI-015";"11"
"SAL-0002416";"2024-06-10";"MI-001";"28"
"SAL-0002417";"2024-06-10";"MI-002";"21"
"SAL-0002418";"2024-06-10";"MI-003";"16"
"SAL-0002419";"2024-06-10";"MI-004";"11"
"SAL-0002420";"2024-06-10";"MI-005";"18"
"SAL-0002421";"2024-06-10";"MI-006";"16"
"SAL-0002422";"2024-06-10";"MI-007";"16"
"SAL-0002423";"2024-06-10";"MI-008";"9"
"SAL-0002424";"2024-06-10";"MI-009";"8"
"SAL-0002425";"2024-06-10";"MI-010";"3"
"SAL-0002426";"2024-06-10";"MI-011";"11"
"SAL-0002427";"2024-06-10";"MI-012";"13"
"SAL-0002428";"2024-06-10";"MI-013";"10"
"SAL-0002429";"2024-06-10";"MI-014";"11"
"SAL-0002430";"2024-06-10";"MI-015";"13"
"SAL-0002431";"2024-06-11";"MI-001";"22"
"SAL-0002432";"2024-06-11";"MI-002";"19"
"SAL-0002433";"2024-06-11";"MI-003";"15"
"SAL-0002434";"2024-06-11";"MI-004";"17"
"SAL-0002435";"2024-06-11";"MI-005";"14"
"SAL-0002436";"2024-06-11";"MI-006";"14"
"SAL-0002437";"2024-06-11";"MI-007";"17"
"SAL-0002438";"2024-06-11";"MI-008";"12"
"SAL-0002439";"2024-06-11";"MI-009";"4"
"SAL-0002440";"2024-06-11";"MI-010";"4"
"SAL-0002441";"2024-06-11";"MI-011";"2"
"SAL-0002442";"2024-06-11";"MI-012";"5"
"SAL-0002443";"2024-06-11";"MI-013";"8"
"SAL-0002444";"2024-06-11";"MI-014";"6"
"SAL-0002445";"2024-06-11";"MI-015";"5"
"SAL-0002446";"2024-06-12";"MI-001";"20"
"SAL-0002447";"2024-06-12";"MI-002";"18"
"SAL-0002448";"2024-06-12";"MI-003";"18"
"SAL-0002449";"2024-06-12";"MI-004";"12"
"SAL-0002450";"2024-06-12";"MI-005";"22"
"SAL-0002451";"2024-06-12";"MI-006";"10"
"SAL-0002452";"2024-06-12";"MI-007";"15"
"SAL-0002453";"2024-06-12";"MI-008";"11"
"SAL-0002454";"2024-06-12";"MI-009";"1"
"SAL-0002455";"2024-06-12";"MI-010";"16"
"SAL-0002456";"2024-06-12";"MI-011";"14"
"SAL-0002457";"2024-06-12";"MI-012";"16"
"SAL-0002458";"2024-06-12";"MI-013";"5"
"SAL-0002459";"2024-06-12";"MI-014";"10"
"SAL-0002460";"2024-06-12";"MI-015";"10"
"SAL-0002461";"2024-06-13";"MI-001";"32"
"SAL-0002462";"2024-06-13";"MI-002";"22"
"SAL-0002463";"2024-06-13";"MI-003";"17"
"SAL-0002464";"2024-06-13";"MI-004";"17"
"SAL-0002465";"2024-06-13";"MI-005";"16"
"SAL-0002466";"2024-06-13";"MI-006";"18"
"SAL-0002467";"2024-06-13";"MI-007";"11"
"SAL-0002468";"2024-06-13";"MI-008";"9"
"SAL-0002469";"2024-06-13";"MI-009";"7"
"SAL-0002470";"2024-06-13";"MI-010";"9"
"SAL-0002471";"2024-06-13";"MI-011";"14"
"SAL-0002472";"2024-06-13";"MI-012";"11"
"SAL-0002473";"2024-06-13";"MI-013";"16"
"SAL-0002474";"2024-06-13";"MI-014";"14"
"SAL-0002475";"2024-06-13";"MI-015";"8"
"SAL-0002476";"2024-06-14";"MI-001";"27"
"SAL-0002477";"2024-06-14";"MI-002";"20"
"SAL-0002478";"2024-06-14";"MI-003";"19"
"SAL-0002479";"2024-06-14";"MI-004";"22"
"SAL-0002480";"2024-06-14";"MI-005";"24"
"SAL-0002481";"2024-06-14";"MI-006";"14"
"SAL-0002482";"2024-06-14";"MI-007";"12"
"SAL-0002483";"2024-06-14";"MI-008";"13"
"SAL-0002484";"2024-06-14";"MI-009";"11"
"SAL-0002485";"2024-06-14";"MI-010";"11"
"SAL-0002486";"2024-06-14";"MI-011";"15"
"SAL-0002487";"2024-06-14";"MI-012";"15"
"SAL-0002488";"2024-06-14";"MI-013";"11"
"SAL-0002489";"2024-06-14";"MI-014";"5"
"SAL-0002490";"2024-06-14";"MI-015";"16"
"SAL-0002491";"2024-06-15";"MI-001";"38"
"SAL-0002492";"2024-06-15";"MI-002";"29"
"SAL-0002493";"2024-06-15";"MI-003";"36"
"SAL-0002494";"2024-06-15";"MI-004";"25"
"SAL-0002495";"2024-06-15";"MI-005";"36"
"SAL-0002496";"2024-06-15";"MI-006";"15"
"SAL-0002497";"2024-06-15";"MI-007";"19"
"SAL-0002498";"2024-06-15";"MI-008";"20"
"SAL-0002499";"2024-06-15";"MI-009";"14"
"SAL-0002500";"2024-06-15";"MI-010";"15"
"SAL-0002501";"2024-06-15";"MI-011";"19"
"SAL-0002502";"2024-06-15";"MI-012";"30"
"SAL-0002503";"2024-06-15";"MI-013";"15"
"SAL-0002504";"2024-06-15";"MI-014";"15"
"SAL-0002505";"2024-06-15";"MI-015";"19"
"SAL-0002506";"2024-06-16";"MI-001";"33"
"SAL-0002507";"2024-06-16";"MI-002";"24"
"SAL-0002508";"2024-06-16";"MI-003";"27"
"SAL-0002509";"2024-06-16";"MI-004";"17"
"SAL-0002510";"2024-06-16";"MI-005";"24"
"SAL-0002511";"2024-06-16";"MI-006";"23"
"SAL-0002512";"2024-06-16";"MI-007";"15"
"SAL-0002513";"2024-06-16";"MI-008";"16"
"SAL-0002514";"2024-06-16";"MI-009";"16"
"SAL-0002515";"2024-06-16";"MI-010";"9"
"SAL-0002516";"2024-06-16";"MI-011";"21"
"SAL-0002517";"2024-06-16";"MI-012";"13"
"SAL-0002518";"2024-06-16";"MI-013";"12"
"SAL-0002519";"2024-06-16";"MI-014";"13"
"SAL-0002520";"2024-06-16";"MI-015";"17"
"SAL-0002521";"2024-06-17";"MI-001";"16"
"SAL-0002522";"2024-06-17";"MI-002";"20"
"SAL-0002523";"2024-06-17";"MI-003";"15"
"SAL-0002524";"2024-06-17";"MI-004";"11"
"SAL-0002525";"2024-06-17";"MI-005";"19"
"SAL-0002526";"2024-06-17";"MI-006";"13"
"SAL-0002527";"2024-06-17";"MI-007";"19"
"SAL-0002528";"2024-06-17";"MI-008";"4"
"SAL-0002529";"2024-06-17";"MI-009";"6"
"SAL-0002530";"2024-06-17";"MI-010";"11"
"SAL-0002531";"2024-06-17";"MI-011";"7"
"SAL-0002532";"2024-06-17";"MI-012";"6"
"SAL-0002533";"2024-06-17";"MI-013";"9"
"SAL-0002534";"2024-06-17";"MI-014";"8"
"SAL-0002535";"2024-06-17";"MI-015";"10"
"SAL-0002536";"2024-06-18";"MI-001";"20"
"SAL-0002537";"2024-06-18";"MI-002";"14"
"SAL-0002538";"2024-06-18";"MI-003";"14"
"SAL-0002539";"2024-06-18";"MI-004";"12"
"SAL-0002540";"2024-06-18";"MI-005";"21"
"SAL-0002541";"2024-06-18";"MI-006";"11"
"SAL-0002542";"2024-06-18";"MI-007";"15"
"SAL-0002543";"2024-06-18";"MI-008";"14"
"SAL-0002544";"2024-06-18";"MI-009";"8"
"SAL-0002545";"2024-06-18";"MI-010";"5"
"SAL-0002546";"2024-06-18";"MI-011";"7"
"SAL-0002547";"2024-06-18";"MI-012";"5"
"SAL-0002548";"2024-06-18";"MI-013";"7"
"SAL-0002549";"2024-06-18";"MI-014";"7"
"SAL-0002550";"2024-06-18";"MI-015";"4"
"SAL-0002551";"2024-06-19";"MI-001";"16"
"SAL-0002552";"2024-06-19";"MI-002";"20"
"SAL-0002553";"2024-06-19";"MI-003";"15"
"SAL-0002554";"2024-06-19";"MI-004";"14"
"SAL-0002555";"2024-06-19";"MI-005";"24"
"SAL-0002556";"2024-06-19";"MI-006";"6"
"SAL-0002557";"2024-06-19";"MI-007";"10"
"SAL-0002558";"2024-06-19";"MI-008";"13"
"SAL-0002559";"2024-06-19";"MI-009";"5"
"SAL-0002560";"2024-06-19";"MI-010";"9"
"SAL-0002561";"2024-06-19";"MI-011";"6"
"SAL-0002562";"2024-06-19";"MI-012";"5"
"SAL-0002563";"2024-06-19";"MI-013";"6"
"SAL-0002564";"2024-06-19";"MI-014";"10"
"SAL-0002565";"2024-06-19";"MI-015";"8"
"SAL-0002566";"2024-06-20";"MI-001";"22"
"SAL-0002567";"2024-06-20";"MI-002";"18"
"SAL-0002568";"2024-06-20";"MI-003";"20"
"SAL-0002569";"2024-06-20";"MI-004";"9"
"SAL-0002570";"2024-06-20";"MI-005";"24"
"SAL-0002571";"2024-06-20";"MI-006";"6"
"SAL-0002572";"2024-06-20";"MI-007";"19"
"SAL-0002573";"2024-06-20";"MI-008";"8"
"SAL-0002574";"2024-06-20";"MI-009";"13"
"SAL-0002575";"2024-06-20";"MI-010";"7"
"SAL-0002576";"2024-06-20";"MI-011";"12"
"SAL-0002577";"2024-06-20";"MI-012";"7"
"SAL-0002578";"2024-06-20";"MI-013";"12"
"SAL-0002579";"2024-06-20";"MI-014";"9"
"SAL-0002580";"2024-06-20";"MI-015";"11"
"SAL-0002581";"2024-06-21";"MI-001";"18"
"SAL-0002582";"2024-06-21";"MI-002";"19"
"SAL-0002583";"2024-06-21";"MI-003";"22"
"SAL-0002584";"2024-06-21";"MI-004";"13"
"SAL-0002585";"2024-06-21";"MI-005";"21"
"SAL-0002586";"2024-06-21";"MI-006";"19"
"SAL-0002587";"2024-06-21";"MI-007";"21"
"SAL-0002588";"2024-06-21";"MI-008";"11"
"SAL-0002589";"2024-06-21";"MI-009";"5"
"SAL-0002590";"2024-06-21";"MI-010";"14"
"SAL-0002591";"2024-06-21";"MI-011";"13"
"SAL-0002592";"2024-06-21";"MI-012";"11"
"SAL-0002593";"2024-06-21";"MI-013";"18"
"SAL-0002594";"2024-06-21";"MI-014";"10"
"SAL-0002595";"2024-06-21";"MI-015";"11"
"SAL-0002596";"2024-06-22";"MI-001";"38"
"SAL-0002597";"2024-06-22";"MI-002";"30"
"SAL-0002598";"2024-06-22";"MI-003";"36"
"SAL-0002599";"2024-06-22";"MI-004";"17"
"SAL-0002600";"2024-06-22";"MI-005";"32"
"SAL-0002601";"2024-06-22";"MI-006";"29"
"SAL-0002602";"2024-06-22";"MI-007";"14"
"SAL-0002603";"2024-06-22";"MI-008";"18"
"SAL-0002604";"2024-06-22";"MI-009";"10"
"SAL-0002605";"2024-06-22";"MI-010";"17"
"SAL-0002606";"2024-06-22";"MI-011";"15"
"SAL-0002607";"2024-06-22";"MI-012";"11"
"SAL-0002608";"2024-06-22";"MI-013";"8"
"SAL-0002609";"2024-06-22";"MI-014";"15"
"SAL-0002610";"2024-06-22";"MI-015";"17"
"SAL-0002611";"2024-06-23";"MI-001";"30"
"SAL-0002612";"2024-06-23";"MI-002";"22"
"SAL-0002613";"2024-06-23";"MI-003";"19"
"SAL-0002614";"2024-06-23";"MI-004";"16"
"SAL-0002615";"2024-06-23";"MI-005";"23"
"SAL-0002616";"2024-06-23";"MI-006";"22"
"SAL-0002617";"2024-06-23";"MI-007";"18"
"SAL-0002618";"2024-06-23";"MI-008";"13"
"SAL-0002619";"2024-06-23";"MI-009";"12"
"SAL-0002620";"2024-06-23";"MI-010";"14"
"SAL-0002621";"2024-06-23";"MI-011";"12"
"SAL-0002622";"2024-06-23";"MI-012";"13"
"SAL-0002623";"2024-06-23";"MI-013";"16"
"SAL-0002624";"2024-06-23";"MI-014";"11"
"SAL-0002625";"2024-06-23";"MI-015";"16"
"SAL-0002626";"2024-06-24";"MI-001";"10"
"SAL-0002627";"2024-06-24";"MI-002";"16"
"SAL-0002628";"2024-06-24";"MI-003";"12"
"SAL-0002629";"2024-06-24";"MI-004";"9"
"SAL-0002630";"2024-06-24";"MI-005";"15"
"SAL-0002631";"2024-06-24";"MI-006";"11"
"SAL-0002632";"2024-06-24";"MI-007";"6"
"SAL-0002633";"2024-06-24";"MI-008";"10"
"SAL-0002634";"2024-06-24";"MI-009";"8"
"SAL-0002635";"2024-06-24";"MI-010";"8"
"SAL-0002636";"2024-06-24";"MI-011";"3"
"SAL-0002637";"2024-06-24";"MI-012";"11"
"SAL-0002638";"2024-06-24";"MI-013";"4"
"SAL-0002639";"2024-06-24";"MI-014";"9"
"SAL-0002640";"2024-06-24";"MI-015";"3"
"SAL-0002641";"2024-06-25";"MI-001";"16"
"SAL-0002642";"2024-06-25";"MI-002";"20"
"SAL-0002643";"2024-06-25";"MI-003";"13"
"SAL-0002644";"2024-06-25";"MI-004";"14"
"SAL-0002645";"2024-06-25";"MI-005";"12"
"SAL-0002646";"2024-06-25";"MI-006";"11"
"SAL-0002647";"2024-06-25";"MI-007";"20"
"SAL-0002648";"2024-06-25";"MI-008";"8"
"SAL-0002649";"2024-06-25";"MI-009";"11"
"SAL-0002650";"2024-06-25";"MI-010";"8"
"SAL-0002651";"2024-06-25";"MI-011";"10"
"SAL-0002652";"2024-06-25";"MI-012";"12"
"SAL-0002653";"2024-06-25";"MI-013";"6"
"SAL-0002654";"2024-06-25";"MI-014";"5"
"SAL-0002655";"2024-06-25";"MI-015";"8"
"SAL-0002656";"2024-06-26";"MI-001";"11"
"SAL-0002657";"2024-06-26";"MI-002";"8"
"SAL-0002658";"2024-06-26";"MI-003";"12"
"SAL-0002659";"2024-06-26";"MI-004";"11"
"SAL-0002660";"2024-06-26";"MI-005";"20"
"SAL-0002661";"2024-06-26";"MI-006";"15"
"SAL-0002662";"2024-06-26";"MI-007";"13"
"SAL-0002663";"2024-06-26";"MI-008";"13"
"SAL-0002664";"2024-06-26";"MI-009";"10"
"SAL-0002665";"2024-06-26";"MI-010";"11"
"SAL-0002666";"2024-06-26";"MI-011";"10"
"SAL-0002667";"2024-06-26";"MI-012";"12"
"SAL-0002668";"2024-06-26";"MI-013";"9"
"SAL-0002669";"2024-06-26";"MI-014";"8"
"SAL-0002670";"2024-06-26";"MI-015";"13"
"SAL-0002671";"2024-06-27";"MI-001";"17"
"SAL-0002672";"2024-06-27";"MI-002";"17"
"SAL-0002673";"2024-06-27";"MI-003";"12"
"SAL-0002674";"2024-06-27";"MI-004";"11"
"SAL-0002675";"2024-06-27";"MI-005";"17"
"SAL-0002676";"2024-06-27";"MI-006";"4"
"SAL-0002677";"2024-06-27";"MI-007";"22"
"SAL-0002678";"2024-06-27";"MI-008";"7"
"SAL-0002679";"2024-06-27";"MI-009";"5"
"SAL-0002680";"2024-06-27";"MI-010";"7"
"SAL-0002681";"2024-06-27";"MI-011";"12"
"SAL-0002682";"2024-06-27";"MI-012";"8"
"SAL-0002683";"2024-06-27";"MI-013";"7"
"SAL-0002684";"2024-06-27";"MI-014";"7"
"SAL-0002685";"2024-06-27";"MI-015";"7"
"SAL-0002686";"2024-06-28";"MI-001";"27"
"SAL-0002687";"2024-06-28";"MI-002";"18"
"SAL-0002688";"2024-06-28";"MI-003";"21"
"SAL-0002689";"2024-06-28";"MI-004";"13"
"SAL-0002690";"2024-06-28";"MI-005";"24"
"SAL-0002691";"2024-06-28";"MI-006";"13"
"SAL-0002692";"2024-06-28";"MI-007";"10"
"SAL-0002693";"2024-06-28";"MI-008";"13"
"SAL-0002694";"2024-06-28";"MI-009";"8"
"SAL-0002695";"2024-06-28";"MI-010";"10"
"SAL-0002696";"2024-06-28";"MI-011";"9"
"SAL-0002697";"2024-06-28";"MI-012";"13"
"SAL-0002698";"2024-06-28";"MI-013";"10"
"SAL-0002699";"2024-06-28";"MI-014";"9"
"SAL-0002700";"2024-06-28";"MI-015";"5"
"SAL-0002701";"2024-06-29";"MI-001";"51"
"SAL-0002702";"2024-06-29";"MI-002";"45"
"SAL-0002703";"2024-06-29";"MI-003";"30"
"SAL-0002704";"2024-06-29";"MI-004";"27"
"SAL-0002705";"2024-06-29";"MI-005";"36"
"SAL-0002706";"2024-06-29";"MI-006";"25"
"SAL-0002707";"2024-06-29";"MI-007";"19"
"SAL-0002708";"2024-06-29";"MI-008";"28"
"SAL-0002709";"2024-06-29";"MI-009";"22"
"SAL-0002710";"2024-06-29";"MI-010";"16"
"SAL-0002711";"2024-06-29";"MI-011";"30"
"SAL-0002712";"2024-06-29";"MI-012";"22"
"SAL-0002713";"2024-06-29";"MI-013";"14"
"SAL-0002714";"2024-06-29";"MI-014";"17"
"SAL-0002715";"2024-06-29";"MI-015";"22"
"SAL-0002716";"2024-06-30";"MI-001";"30"
"SAL-0002717";"2024-06-30";"MI-002";"19"
"SAL-0002718";"2024-06-30";"MI-003";"25"
"SAL-0002719";"2024-06-30";"MI-004";"18"
"SAL-0002720";"2024-06-30";"MI-005";"19"
"SAL-0002721";"2024-06-30";"MI-006";"11"
"SAL-0002722";"2024-06-30";"MI-007";"20"
"SAL-0002723";"2024-06-30";"MI-008";"13"
"SAL-0002724";"2024-06-30";"MI-009";"9"
"SAL-0002725";"2024-06-30";"MI-010";"12"
"SAL-0002726";"2024-06-30";"MI-011";"16"
"SAL-0002727";"2024-06-30";"MI-012";"16"
"SAL-0002728";"2024-06-30";"MI-013";"14"
"SAL-0002729";"2024-06-30";"MI-014";"12"
"SAL-0002730";"2024-06-30";"MI-015";"10"
"SAL-0002731";"2024-07-01";"MI-001";"15"
"SAL-0002732";"2024-07-01";"MI-002";"14"
"SAL-0002733";"2024-07-01";"MI-003";"15"
"SAL-0002734";"2024-07-01";"MI-004";"9"
"SAL-0002735";"2024-07-01";"MI-005";"21"
"SAL-0002736";"2024-07-01";"MI-006";"12"
"SAL-0002737";"2024-07-01";"MI-007";"13"
"SAL-0002738";"2024-07-01";"MI-008";"10"
"SAL-0002739";"2024-07-01";"MI-009";"3"
"SAL-0002740";"2024-07-01";"MI-010";"8"
"SAL-0002741";"2024-07-01";"MI-011";"8"
"SAL-0002742";"2024-07-01";"MI-012";"13"
"SAL-0002743";"2024-07-01";"MI-013";"5"
"SAL-0002744";"2024-07-01";"MI-014";"3"
"SAL-0002745";"2024-07-01";"MI-015";"8"
"SAL-0002746";"2024-07-02";"MI-001";"19"
"SAL-0002747";"2024-07-02";"MI-002";"10"
"SAL-0002748";"2024-07-02";"MI-003";"13"
"SAL-0002749";"2024-07-02";"MI-004";"10"
"SAL-0002750";"2024-07-02";"MI-005";"22"
"SAL-0002751";"2024-07-02";"MI-006";"9"
"SAL-0002752";"2024-07-02";"MI-007";"11"
"SAL-0002753";"2024-07-02";"MI-008";"8"
"SAL-0002754";"2024-07-02";"MI-009";"8"
"SAL-0002755";"2024-07-02";"MI-010";"7"
"SAL-0002756";"2024-07-02";"MI-011";"9"
"SAL-0002757";"2024-07-02";"MI-012";"8"
"SAL-0002758";"2024-07-02";"MI-013";"3"
"SAL-0002759";"2024-07-02";"MI-014";"10"
"SAL-0002760";"2024-07-02";"MI-015";"8"
"SAL-0002761";"2024-07-03";"MI-001";"21"
"SAL-0002762";"2024-07-03";"MI-002";"6"
"SAL-0002763";"2024-07-03";"MI-003";"13"
"SAL-0002764";"2024-07-03";"MI-004";"15"
"SAL-0002765";"2024-07-03";"MI-005";"21"
"SAL-0002766";"2024-07-03";"MI-006";"10"
"SAL-0002767";"2024-07-03";"MI-007";"12"
"SAL-0002768";"2024-07-03";"MI-008";"14"
"SAL-0002769";"2024-07-03";"MI-009";"6"
"SAL-0002770";"2024-07-03";"MI-010";"6"
"SAL-0002771";"2024-07-03";"MI-011";"6"
"SAL-0002772";"2024-07-03";"MI-012";"8"
"SAL-0002773";"2024-07-03";"MI-013";"6"
"SAL-0002774";"2024-07-03";"MI-014";"10"
"SAL-0002775";"2024-07-03";"MI-015";"13"
"SAL-0002776";"2024-07-04";"MI-001";"12"
"SAL-0002777";"2024-07-04";"MI-002";"17"
"SAL-0002778";"2024-07-04";"MI-003";"13"
"SAL-0002779";"2024-07-04";"MI-004";"12"
"SAL-0002780";"2024-07-04";"MI-005";"9"
"SAL-0002781";"2024-07-04";"MI-006";"8"
"SAL-0002782";"2024-07-04";"MI-007";"10"
"SAL-0002783";"2024-07-04";"MI-008";"6"
"SAL-0002784";"2024-07-04";"MI-009";"10"
"SAL-0002785";"2024-07-04";"MI-010";"6"
"SAL-0002786";"2024-07-04";"MI-011";"11"
"SAL-0002787";"2024-07-04";"MI-012";"4"
"SAL-0002788";"2024-07-04";"MI-013";"5"
"SAL-0002789";"2024-07-04";"MI-014";"6"
"SAL-0002790";"2024-07-04";"MI-015";"8"
"SAL-0002791";"2024-07-05";"MI-001";"28"
"SAL-0002792";"2024-07-05";"MI-002";"22"
"SAL-0002793";"2024-07-05";"MI-003";"10"
"SAL-0002794";"2024-07-05";"MI-004";"11"
"SAL-0002795";"2024-07-05";"MI-005";"27"
"SAL-0002796";"2024-07-05";"MI-006";"10"
"SAL-0002797";"2024-07-05";"MI-007";"29"
"SAL-0002798";"2024-07-05";"MI-008";"8"
"SAL-0002799";"2024-07-05";"MI-009";"4"
"SAL-0002800";"2024-07-05";"MI-010";"11"
"SAL-0002801";"2024-07-05";"MI-011";"15"
"SAL-0002802";"2024-07-05";"MI-012";"5"
"SAL-0002803";"2024-07-05";"MI-013";"13"
"SAL-0002804";"2024-07-05";"MI-014";"16"
"SAL-0002805";"2024-07-05";"MI-015";"13"
"SAL-0002806";"2024-07-06";"MI-001";"42"
"SAL-0002807";"2024-07-06";"MI-002";"24"
"SAL-0002808";"2024-07-06";"MI-003";"26"
"SAL-0002809";"2024-07-06";"MI-004";"22"
"SAL-0002810";"2024-07-06";"MI-005";"38"
"SAL-0002811";"2024-07-06";"MI-006";"27"
"SAL-0002812";"2024-07-06";"MI-007";"36"
"SAL-0002813";"2024-07-06";"MI-008";"27"
"SAL-0002814";"2024-07-06";"MI-009";"17"
"SAL-0002815";"2024-07-06";"MI-010";"18"
"SAL-0002816";"2024-07-06";"MI-011";"19"
"SAL-0002817";"2024-07-06";"MI-012";"19"
"SAL-0002818";"2024-07-06";"MI-013";"10"
"SAL-0002819";"2024-07-06";"MI-014";"19"
"SAL-0002820";"2024-07-06";"MI-015";"20"
"SAL-0002821";"2024-07-07";"MI-001";"43"
"SAL-0002822";"2024-07-07";"MI-002";"30"
"SAL-0002823";"2024-07-07";"MI-003";"30"
"SAL-0002824";"2024-07-07";"MI-004";"18"
"SAL-0002825";"2024-07-07";"MI-005";"44"
"SAL-0002826";"2024-07-07";"MI-006";"26"
"SAL-0002827";"2024-07-07";"MI-007";"26"
"SAL-0002828";"2024-07-07";"MI-008";"21"
"SAL-0002829";"2024-07-07";"MI-009";"19"
"SAL-0002830";"2024-07-07";"MI-010";"15"
"SAL-0002831";"2024-07-07";"MI-011";"16"
"SAL-0002832";"2024-07-07";"MI-012";"19"
"SAL-0002833";"2024-07-07";"MI-013";"12"
"SAL-0002834";"2024-07-07";"MI-014";"9"
"SAL-0002835";"2024-07-07";"MI-015";"20"
"SAL-0002836";"2024-07-08";"MI-001";"21"
"SAL-0002837";"2024-07-08";"MI-002";"16"
"SAL-0002838";"2024-07-08";"MI-003";"15"
"SAL-0002839";"2024-07-08";"MI-004";"17"
"SAL-0002840";"2024-07-08";"MI-005";"21"
"SAL-0002841";"2024-07-08";"MI-006";"17"
"SAL-0002842";"2024-07-08";"MI-007";"19"
"SAL-0002843";"2024-07-08";"MI-008";"10"
"SAL-0002844";"2024-07-08";"MI-009";"5"
"SAL-0002845";"2024-07-08";"MI-010";"12"
"SAL-0002846";"2024-07-08";"MI-011";"7"
"SAL-0002847";"2024-07-08";"MI-012";"10"
"SAL-0002848";"2024-07-08";"MI-013";"5"
"SAL-0002849";"2024-07-08";"MI-014";"15"
"SAL-0002850";"2024-07-08";"MI-015";"10"
"SAL-0002851";"2024-07-09";"MI-001";"18"
"SAL-0002852";"2024-07-09";"MI-002";"14"
"SAL-0002853";"2024-07-09";"MI-003";"17"
"SAL-0002854";"2024-07-09";"MI-004";"13"
"SAL-0002855";"2024-07-09";"MI-005";"15"
"SAL-0002856";"2024-07-09";"MI-006";"10"
"SAL-0002857";"2024-07-09";"MI-007";"11"
"SAL-0002858";"2024-07-09";"MI-008";"7"
"SAL-0002859";"2024-07-09";"MI-009";"7"
"SAL-0002860";"2024-07-09";"MI-010";"8"
"SAL-0002861";"2024-07-09";"MI-011";"10"
"SAL-0002862";"2024-07-09";"MI-012";"10"
"SAL-0002863";"2024-07-09";"MI-013";"9"
"SAL-0002864";"2024-07-09";"MI-014";"7"
"SAL-0002865";"2024-07-09";"MI-015";"12"
"SAL-0002866";"2024-07-10";"MI-001";"12"
"SAL-0002867";"2024-07-10";"MI-002";"14"
"SAL-0002868";"2024-07-10";"MI-003";"17"
"SAL-0002869";"2024-07-10";"MI-004";"14"
"SAL-0002870";"2024-07-10";"MI-005";"15"
"SAL-0002871";"2024-07-10";"MI-006";"6"
"SAL-0002872";"2024-07-10";"MI-007";"14"
"SAL-0002873";"2024-07-10";"MI-008";"6"
"SAL-0002874";"2024-07-10";"MI-009";"8"
"SAL-0002875";"2024-07-10";"MI-010";"6"
"SAL-0002876";"2024-07-10";"MI-011";"10"
"SAL-0002877";"2024-07-10";"MI-012";"12"
"SAL-0002878";"2024-07-10";"MI-013";"9"
"SAL-0002879";"2024-07-10";"MI-014";"4"
"SAL-0002880";"2024-07-10";"MI-015";"4"
"SAL-0002881";"2024-07-11";"MI-001";"22"
"SAL-0002882";"2024-07-11";"MI-002";"25"
"SAL-0002883";"2024-07-11";"MI-003";"15"
"SAL-0002884";"2024-07-11";"MI-004";"16"
"SAL-0002885";"2024-07-11";"MI-005";"15"
"SAL-0002886";"2024-07-11";"MI-006";"18"
"SAL-0002887";"2024-07-11";"MI-007";"11"
"SAL-0002888";"2024-07-11";"MI-008";"8"
"SAL-0002889";"2024-07-11";"MI-009";"12"
"SAL-0002890";"2024-07-11";"MI-010";"13"
"SAL-0002891";"2024-07-11";"MI-011";"6"
"SAL-0002892";"2024-07-11";"MI-012";"14"
"SAL-0002893";"2024-07-11";"MI-013";"18"
"SAL-0002894";"2024-07-11";"MI-014";"7"
"SAL-0002895";"2024-07-11";"MI-015";"8"
"SAL-0002896";"2024-07-12";"MI-001";"27"
"SAL-0002897";"2024-07-12";"MI-002";"22"
"SAL-0002898";"2024-07-12";"MI-003";"19"
"SAL-0002899";"2024-07-12";"MI-004";"13"
"SAL-0002900";"2024-07-12";"MI-005";"17"
"SAL-0002901";"2024-07-12";"MI-006";"14"
"SAL-0002902";"2024-07-12";"MI-007";"18"
"SAL-0002903";"2024-07-12";"MI-008";"21"
"SAL-0002904";"2024-07-12";"MI-009";"4"
"SAL-0002905";"2024-07-12";"MI-010";"10"
"SAL-0002906";"2024-07-12";"MI-011";"11"
"SAL-0002907";"2024-07-12";"MI-012";"5"
"SAL-0002908";"2024-07-12";"MI-013";"10"
"SAL-0002909";"2024-07-12";"MI-014";"15"
"SAL-0002910";"2024-07-12";"MI-015";"11"
"SAL-0002911";"2024-07-13";"MI-001";"46"
"SAL-0002912";"2024-07-13";"MI-002";"31"
"SAL-0002913";"2024-07-13";"MI-003";"24"
"SAL-0002914";"2024-07-13";"MI-004";"26"
"SAL-0002915";"2024-07-13";"MI-005";"41"
"SAL-0002916";"2024-07-13";"MI-006";"29"
"SAL-0002917";"2024-07-13";"MI-007";"20"
"SAL-0002918";"2024-07-13";"MI-008";"24"
"SAL-0002919";"2024-07-13";"MI-009";"21"
"SAL-0002920";"2024-07-13";"MI-010";"17"
"SAL-0002921";"2024-07-13";"MI-011";"15"
"SAL-0002922";"2024-07-13";"MI-012";"19"
"SAL-0002923";"2024-07-13";"MI-013";"14"
"SAL-0002924";"2024-07-13";"MI-014";"17"
"SAL-0002925";"2024-07-13";"MI-015";"22"
"SAL-0002926";"2024-07-14";"MI-001";"26"
"SAL-0002927";"2024-07-14";"MI-002";"21"
"SAL-0002928";"2024-07-14";"MI-003";"23"
"SAL-0002929";"2024-07-14";"MI-004";"22"
"SAL-0002930";"2024-07-14";"MI-005";"34"
"SAL-0002931";"2024-07-14";"MI-006";"17"
"SAL-0002932";"2024-07-14";"MI-007";"23"
"SAL-0002933";"2024-07-14";"MI-008";"17"
"SAL-0002934";"2024-07-14";"MI-009";"12"
"SAL-0002935";"2024-07-14";"MI-010";"15"
"SAL-0002936";"2024-07-14";"MI-011";"19"
"SAL-0002937";"2024-07-14";"MI-012";"11"
"SAL-0002938";"2024-07-14";"MI-013";"12"
"SAL-0002939";"2024-07-14";"MI-014";"13"
"SAL-0002940";"2024-07-14";"MI-015";"1"
"SAL-0002941";"2024-07-15";"MI-001";"22"
"SAL-0002942";"2024-07-15";"MI-002";"11"
"SAL-0002943";"2024-07-15";"MI-003";"18"
"SAL-0002944";"2024-07-15";"MI-004";"18"
"SAL-0002945";"2024-07-15";"MI-005";"13"
"SAL-0002946";"2024-07-15";"MI-006";"7"
"SAL-0002947";"2024-07-15";"MI-007";"14"
"SAL-0002948";"2024-07-15";"MI-008";"7"
"SAL-0002949";"2024-07-15";"MI-009";"6"
"SAL-0002950";"2024-07-15";"MI-010";"7"
"SAL-0002951";"2024-07-15";"MI-011";"6"
"SAL-0002952";"2024-07-15";"MI-012";"8"
"SAL-0002953";"2024-07-15";"MI-013";"3"
"SAL-0002954";"2024-07-15";"MI-014";"6"
"SAL-0002955";"2024-07-15";"MI-015";"11"
"SAL-0002956";"2024-07-16";"MI-001";"21"
"SAL-0002957";"2024-07-16";"MI-002";"6"
"SAL-0002958";"2024-07-16";"MI-003";"16"
"SAL-0002959";"2024-07-16";"MI-004";"9"
"SAL-0002960";"2024-07-16";"MI-005";"17"
"SAL-0002961";"2024-07-16";"MI-006";"13"
"SAL-0002962";"2024-07-16";"MI-007";"15"
"SAL-0002963";"2024-07-16";"MI-008";"8"
"SAL-0002964";"2024-07-16";"MI-009";"10"
"SAL-0002965";"2024-07-16";"MI-010";"8"
"SAL-0002966";"2024-07-16";"MI-011";"7"
"SAL-0002967";"2024-07-16";"MI-012";"7"
"SAL-0002968";"2024-07-16";"MI-013";"7"
"SAL-0002969";"2024-07-16";"MI-014";"10"
"SAL-0002970";"2024-07-16";"MI-015";"11"
"SAL-0002971";"2024-07-17";"MI-001";"21"
"SAL-0002972";"2024-07-17";"MI-002";"15"
"SAL-0002973";"2024-07-17";"MI-003";"18"
"SAL-0002974";"2024-07-17";"MI-004";"16"
"SAL-0002975";"2024-07-17";"MI-005";"26"
"SAL-0002976";"2024-07-17";"MI-006";"15"
"SAL-0002977";"2024-07-17";"MI-007";"14"
"SAL-0002978";"2024-07-17";"MI-008";"12"
"SAL-0002979";"2024-07-17";"MI-009";"17"
"SAL-0002980";"2024-07-17";"MI-010";"14"
"SAL-0002981";"2024-07-17";"MI-011";"5"
"SAL-0002982";"2024-07-17";"MI-012";"11"
"SAL-0002983";"2024-07-17";"MI-013";"11"
"SAL-0002984";"2024-07-17";"MI-014";"12"
"SAL-0002985";"2024-07-17";"MI-015";"8"
"SAL-0002986";"2024-07-18";"MI-001";"28"
"SAL-0002987";"2024-07-18";"MI-002";"14"
"SAL-0002988";"2024-07-18";"MI-003";"21"
"SAL-0002989";"2024-07-18";"MI-004";"16"
"SAL-0002990";"2024-07-18";"MI-005";"20"
"SAL-0002991";"2024-07-18";"MI-006";"10"
"SAL-0002992";"2024-07-18";"MI-007";"14"
"SAL-0002993";"2024-07-18";"MI-008";"8"
"SAL-0002994";"2024-07-18";"MI-009";"6"
"SAL-0002995";"2024-07-18";"MI-010";"8"
"SAL-0002996";"2024-07-18";"MI-011";"16"
"SAL-0002997";"2024-07-18";"MI-012";"5"
"SAL-0002998";"2024-07-18";"MI-013";"11"
"SAL-0002999";"2024-07-18";"MI-014";"7"
"SAL-0003000";"2024-07-18";"MI-015";"17"
"SAL-0003001";"2024-07-19";"MI-001";"32"
"SAL-0003002";"2024-07-19";"MI-002";"14"
"SAL-0003003";"2024-07-19";"MI-003";"14"
"SAL-0003004";"2024-07-19";"MI-004";"16"
"SAL-0003005";"2024-07-19";"MI-005";"30"
"SAL-0003006";"2024-07-19";"MI-006";"11"
"SAL-0003007";"2024-07-19";"MI-007";"12"
"SAL-0003008";"2024-07-19";"MI-008";"14"
"SAL-0003009";"2024-07-19";"MI-009";"10"
"SAL-0003010";"2024-07-19";"MI-010";"13"
"SAL-0003011";"2024-07-19";"MI-011";"16"
"SAL-0003012";"2024-07-19";"MI-012";"10"
"SAL-0003013";"2024-07-19";"MI-013";"11"
"SAL-0003014";"2024-07-19";"MI-014";"11"
"SAL-0003015";"2024-07-19";"MI-015";"9"
"SAL-0003016";"2024-07-20";"MI-001";"36"
"SAL-0003017";"2024-07-20";"MI-002";"28"
"SAL-0003018";"2024-07-20";"MI-003";"30"
"SAL-0003019";"2024-07-20";"MI-004";"21"
"SAL-0003020";"2024-07-20";"MI-005";"26"
"SAL-0003021";"2024-07-20";"MI-006";"19"
"SAL-0003022";"2024-07-20";"MI-007";"22"
"SAL-0003023";"2024-07-20";"MI-008";"28"
"SAL-0003024";"2024-07-20";"MI-009";"26"
"SAL-0003025";"2024-07-20";"MI-010";"17"
"SAL-0003026";"2024-07-20";"MI-011";"19"
"SAL-0003027";"2024-07-20";"MI-012";"23"
"SAL-0003028";"2024-07-20";"MI-013";"8"
"SAL-0003029";"2024-07-20";"MI-014";"16"
"SAL-0003030";"2024-07-20";"MI-015";"24"
"SAL-0003031";"2024-07-21";"MI-001";"33"
"SAL-0003032";"2024-07-21";"MI-002";"30"
"SAL-0003033";"2024-07-21";"MI-003";"34"
"SAL-0003034";"2024-07-21";"MI-004";"18"
"SAL-0003035";"2024-07-21";"MI-005";"39"
"SAL-0003036";"2024-07-21";"MI-006";"11"
"SAL-0003037";"2024-07-21";"MI-007";"25"
"SAL-0003038";"2024-07-21";"MI-008";"16"
"SAL-0003039";"2024-07-21";"MI-009";"13"
"SAL-0003040";"2024-07-21";"MI-010";"13"
"SAL-0003041";"2024-07-21";"MI-011";"10"
"SAL-0003042";"2024-07-21";"MI-012";"13"
"SAL-0003043";"2024-07-21";"MI-013";"12"
"SAL-0003044";"2024-07-21";"MI-014";"7"
"SAL-0003045";"2024-07-21";"MI-015";"12"
"SAL-0003046";"2024-07-22";"MI-001";"10"
"SAL-0003047";"2024-07-22";"MI-002";"12"
"SAL-0003048";"2024-07-22";"MI-003";"18"
"SAL-0003049";"2024-07-22";"MI-004";"9"
"SAL-0003050";"2024-07-22";"MI-005";"17"
"SAL-0003051";"2024-07-22";"MI-006";"11"
"SAL-0003052";"2024-07-22";"MI-007";"11"
"SAL-0003053";"2024-07-22";"MI-008";"8"
"SAL-0003054";"2024-07-22";"MI-009";"5"
"SAL-0003055";"2024-07-22";"MI-010";"8"
"SAL-0003056";"2024-07-22";"MI-011";"8"
"SAL-0003057";"2024-07-22";"MI-012";"2"
"SAL-0003058";"2024-07-22";"MI-013";"8"
"SAL-0003059";"2024-07-22";"MI-014";"4"
"SAL-0003060";"2024-07-22";"MI-015";"6"
"SAL-0003061";"2024-07-23";"MI-001";"19"
"SAL-0003062";"2024-07-23";"MI-002";"21"
"SAL-0003063";"2024-07-23";"MI-003";"22"
"SAL-0003064";"2024-07-23";"MI-004";"13"
"SAL-0003065";"2024-07-23";"MI-005";"11"
"SAL-0003066";"2024-07-23";"MI-006";"7"
"SAL-0003067";"2024-07-23";"MI-007";"21"
"SAL-0003068";"2024-07-23";"MI-008";"12"
"SAL-0003069";"2024-07-23";"MI-009";"6"
"SAL-0003070";"2024-07-23";"MI-010";"4"
"SAL-0003071";"2024-07-23";"MI-011";"11"
"SAL-0003072";"2024-07-23";"MI-012";"9"
"SAL-0003073";"2024-07-23";"MI-013";"7"
"SAL-0003074";"2024-07-23";"MI-014";"7"
"SAL-0003075";"2024-07-23";"MI-015";"5"
"SAL-0003076";"2024-07-24";"MI-001";"26"
"SAL-0003077";"2024-07-24";"MI-002";"12"
"SAL-0003078";"2024-07-24";"MI-003";"15"
"SAL-0003079";"2024-07-24";"MI-004";"19"
"SAL-0003080";"2024-07-24";"MI-005";"23"
"SAL-0003081";"2024-07-24";"MI-006";"13"
"SAL-0003082";"2024-07-24";"MI-007";"18"
"SAL-0003083";"2024-07-24";"MI-008";"12"
"SAL-0003084";"2024-07-24";"MI-009";"6"
"SAL-0003085";"2024-07-24";"MI-010";"12"
"SAL-0003086";"2024-07-24";"MI-011";"3"
"SAL-0003087";"2024-07-24";"MI-012";"14"
"SAL-0003088";"2024-07-24";"MI-013";"4"
"SAL-0003089";"2024-07-24";"MI-014";"14"
"SAL-0003090";"2024-07-24";"MI-015";"11"
"SAL-0003091";"2024-07-25";"MI-001";"23"
"SAL-0003092";"2024-07-25";"MI-002";"21"
"SAL-0003093";"2024-07-25";"MI-003";"17"
"SAL-0003094";"2024-07-25";"MI-004";"8"
"SAL-0003095";"2024-07-25";"MI-005";"20"
"SAL-0003096";"2024-07-25";"MI-006";"3"
"SAL-0003097";"2024-07-25";"MI-007";"16"
"SAL-0003098";"2024-07-25";"MI-008";"13"
"SAL-0003099";"2024-07-25";"MI-009";"9"
"SAL-0003100";"2024-07-25";"MI-010";"10"
"SAL-0003101";"2024-07-25";"MI-011";"11"
"SAL-0003102";"2024-07-25";"MI-012";"12"
"SAL-0003103";"2024-07-25";"MI-013";"8"
"SAL-0003104";"2024-07-25";"MI-014";"8"
"SAL-0003105";"2024-07-25";"MI-015";"14"
"SAL-0003106";"2024-07-26";"MI-001";"25"
"SAL-0003107";"2024-07-26";"MI-002";"16"
"SAL-0003108";"2024-07-26";"MI-003";"16"
"SAL-0003109";"2024-07-26";"MI-004";"5"
"SAL-0003110";"2024-07-26";"MI-005";"21"
"SAL-0003111";"2024-07-26";"MI-006";"12"
"SAL-0003112";"2024-07-26";"MI-007";"19"
"SAL-0003113";"2024-07-26";"MI-008";"13"
"SAL-0003114";"2024-07-26";"MI-009";"14"
"SAL-0003115";"2024-07-26";"MI-010";"5"
"SAL-0003116";"2024-07-26";"MI-011";"11"
"SAL-0003117";"2024-07-26";"MI-012";"12"
"SAL-0003118";"2024-07-26";"MI-013";"11"
"SAL-0003119";"2024-07-26";"MI-014";"11"
"SAL-0003120";"2024-07-26";"MI-015";"11"
"SAL-0003121";"2024-07-27";"MI-001";"31"
"SAL-0003122";"2024-07-27";"MI-002";"25"
"SAL-0003123";"2024-07-27";"MI-003";"20"
"SAL-0003124";"2024-07-27";"MI-004";"28"
"SAL-0003125";"2024-07-27";"MI-005";"27"
"SAL-0003126";"2024-07-27";"MI-006";"19"
"SAL-0003127";"2024-07-27";"MI-007";"24"
"SAL-0003128";"2024-07-27";"MI-008";"8"
"SAL-0003129";"2024-07-27";"MI-009";"19"
"SAL-0003130";"2024-07-27";"MI-010";"15"
"SAL-0003131";"2024-07-27";"MI-011";"13"
"SAL-0003132";"2024-07-27";"MI-012";"7"
"SAL-0003133";"2024-07-27";"MI-013";"10"
"SAL-0003134";"2024-07-27";"MI-014";"6"
"SAL-0003135";"2024-07-27";"MI-015";"17"
"SAL-0003136";"2024-07-28";"MI-001";"23"
"SAL-0003137";"2024-07-28";"MI-002";"25"
"SAL-0003138";"2024-07-28";"MI-003";"24"
"SAL-0003139";"2024-07-28";"MI-004";"20"
"SAL-0003140";"2024-07-28";"MI-005";"23"
"SAL-0003141";"2024-07-28";"MI-006";"22"
"SAL-0003142";"2024-07-28";"MI-007";"23"
"SAL-0003143";"2024-07-28";"MI-008";"22"
"SAL-0003144";"2024-07-28";"MI-009";"12"
"SAL-0003145";"2024-07-28";"MI-010";"14"
"SAL-0003146";"2024-07-28";"MI-011";"10"
"SAL-0003147";"2024-07-28";"MI-012";"24"
"SAL-0003148";"2024-07-28";"MI-013";"13"
"SAL-0003149";"2024-07-28";"MI-014";"18"
"SAL-0003150";"2024-07-28";"MI-015";"10"
"SAL-0003151";"2024-07-29";"MI-001";"13"
"SAL-0003152";"2024-07-29";"MI-002";"15"
"SAL-0003153";"2024-07-29";"MI-003";"15"
"SAL-0003154";"2024-07-29";"MI-004";"12"
"SAL-0003155";"2024-07-29";"MI-005";"6"
"SAL-0003156";"2024-07-29";"MI-006";"9"
"SAL-0003157";"2024-07-29";"MI-007";"10"
"SAL-0003158";"2024-07-29";"MI-008";"12"
"SAL-0003159";"2024-07-29";"MI-009";"3"
"SAL-0003160";"2024-07-29";"MI-010";"11"
"SAL-0003161";"2024-07-29";"MI-011";"10"
"SAL-0003162";"2024-07-29";"MI-012";"8"
"SAL-0003163";"2024-07-29";"MI-013";"7"
"SAL-0003164";"2024-07-29";"MI-014";"8"
"SAL-0003165";"2024-07-29";"MI-015";"1"
"SAL-0003166";"2024-07-30";"MI-001";"26"
"SAL-0003167";"2024-07-30";"MI-002";"8"
"SAL-0003168";"2024-07-30";"MI-003";"16"
"SAL-0003169";"2024-07-30";"MI-004";"15"
"SAL-0003170";"2024-07-30";"MI-005";"13"
"SAL-0003171";"2024-07-30";"MI-006";"14"
"SAL-0003172";"2024-07-30";"MI-007";"14"
"SAL-0003173";"2024-07-30";"MI-008";"5"
"SAL-0003174";"2024-07-30";"MI-009";"4"
"SAL-0003175";"2024-07-30";"MI-010";"5"
"SAL-0003176";"2024-07-30";"MI-011";"9"
"SAL-0003177";"2024-07-30";"MI-012";"10"
"SAL-0003178";"2024-07-30";"MI-013";"8"
"SAL-0003179";"2024-07-30";"MI-014";"8"
"SAL-0003180";"2024-07-30";"MI-015";"11"
"SAL-0003181";"2024-07-31";"MI-001";"21"
"SAL-0003182";"2024-07-31";"MI-002";"13"
"SAL-0003183";"2024-07-31";"MI-003";"19"
"SAL-0003184";"2024-07-31";"MI-004";"8"
"SAL-0003185";"2024-07-31";"MI-005";"19"
"SAL-0003186";"2024-07-31";"MI-006";"15"
"SAL-0003187";"2024-07-31";"MI-007";"5"
"SAL-0003188";"2024-07-31";"MI-008";"7"
"SAL-0003189";"2024-07-31";"MI-009";"12"
"SAL-0003190";"2024-07-31";"MI-010";"6"
"SAL-0003191";"2024-07-31";"MI-011";"8"
"SAL-0003192";"2024-07-31";"MI-012";"14"
"SAL-0003193";"2024-07-31";"MI-013";"9"
"SAL-0003194";"2024-07-31";"MI-014";"11"
"SAL-0003195";"2024-07-31";"MI-015";"11"
"SAL-0003196";"2024-08-01";"MI-001";"15"
"SAL-0003197";"2024-08-01";"MI-002";"18"
"SAL-0003198";"2024-08-01";"MI-003";"6"
"SAL-0003199";"2024-08-01";"MI-004";"19"
"SAL-0003200";"2024-08-01";"MI-005";"19"
"SAL-0003201";"2024-08-01";"MI-006";"10"
"SAL-0003202";"2024-08-01";"MI-007";"11"
"SAL-0003203";"2024-08-01";"MI-008";"12"
"SAL-0003204";"2024-08-01";"MI-009";"8"
"SAL-0003205";"2024-08-01";"MI-010";"9"
"SAL-0003206";"2024-08-01";"MI-011";"7"
"SAL-0003207";"2024-08-01";"MI-012";"2"
"SAL-0003208";"2024-08-01";"MI-013";"9"
"SAL-0003209";"2024-08-01";"MI-014";"7"
"SAL-0003210";"2024-08-01";"MI-015";"9"
"SAL-0003211";"2024-08-02";"MI-001";"30"
"SAL-0003212";"2024-08-02";"MI-002";"20"
"SAL-0003213";"2024-08-02";"MI-003";"21"
"SAL-0003214";"2024-08-02";"MI-004";"16"
"SAL-0003215";"2024-08-02";"MI-005";"15"
"SAL-0003216";"2024-08-02";"MI-006";"16"
"SAL-0003217";"2024-08-02";"MI-007";"15"
"SAL-0003218";"2024-08-02";"MI-008";"9"
"SAL-0003219";"2024-08-02";"MI-009";"5"
"SAL-0003220";"2024-08-02";"MI-010";"11"
"SAL-0003221";"2024-08-02";"MI-011";"17"
"SAL-0003222";"2024-08-02";"MI-012";"13"
"SAL-0003223";"2024-08-02";"MI-013";"12"
"SAL-0003224";"2024-08-02";"MI-014";"7"
"SAL-0003225";"2024-08-02";"MI-015";"13"
"SAL-0003226";"2024-08-03";"MI-001";"40"
"SAL-0003227";"2024-08-03";"MI-002";"22"
"SAL-0003228";"2024-08-03";"MI-003";"24"
"SAL-0003229";"2024-08-03";"MI-004";"23"
"SAL-0003230";"2024-08-03";"MI-005";"30"
"SAL-0003231";"2024-08-03";"MI-006";"23"
"SAL-0003232";"2024-08-03";"MI-007";"25"
"SAL-0003233";"2024-08-03";"MI-008";"20"
"SAL-0003234";"2024-08-03";"MI-009";"14"
"SAL-0003235";"2024-08-03";"MI-010";"13"
"SAL-0003236";"2024-08-03";"MI-011";"13"
"SAL-0003237";"2024-08-03";"MI-012";"20"
"SAL-0003238";"2024-08-03";"MI-013";"22"
"SAL-0003239";"2024-08-03";"MI-014";"6"
"SAL-0003240";"2024-08-03";"MI-015";"15"
"SAL-0003241";"2024-08-04";"MI-001";"38"
"SAL-0003242";"2024-08-04";"MI-002";"23"
"SAL-0003243";"2024-08-04";"MI-003";"25"
"SAL-0003244";"2024-08-04";"MI-004";"21"
"SAL-0003245";"2024-08-04";"MI-005";"36"
"SAL-0003246";"2024-08-04";"MI-006";"25"
"SAL-0003247";"2024-08-04";"MI-007";"31"
"SAL-0003248";"2024-08-04";"MI-008";"18"
"SAL-0003249";"2024-08-04";"MI-009";"20"
"SAL-0003250";"2024-08-04";"MI-010";"9"
"SAL-0003251";"2024-08-04";"MI-011";"17"
"SAL-0003252";"2024-08-04";"MI-012";"18"
"SAL-0003253";"2024-08-04";"MI-013";"18"
"SAL-0003254";"2024-08-04";"MI-014";"23"
"SAL-0003255";"2024-08-04";"MI-015";"23"
"SAL-0003256";"2024-08-05";"MI-001";"13"
"SAL-0003257";"2024-08-05";"MI-002";"17"
"SAL-0003258";"2024-08-05";"MI-003";"29"
"SAL-0003259";"2024-08-05";"MI-004";"10"
"SAL-0003260";"2024-08-05";"MI-005";"15"
"SAL-0003261";"2024-08-05";"MI-006";"12"
"SAL-0003262";"2024-08-05";"MI-007";"14"
"SAL-0003263";"2024-08-05";"MI-008";"14"
"SAL-0003264";"2024-08-05";"MI-009";"9"
"SAL-0003265";"2024-08-05";"MI-010";"9"
"SAL-0003266";"2024-08-05";"MI-011";"14"
"SAL-0003267";"2024-08-05";"MI-012";"4"
"SAL-0003268";"2024-08-05";"MI-013";"10"
"SAL-0003269";"2024-08-05";"MI-014";"12"
"SAL-0003270";"2024-08-05";"MI-015";"9"
"SAL-0003271";"2024-08-06";"MI-001";"27"
"SAL-0003272";"2024-08-06";"MI-002";"9"
"SAL-0003273";"2024-08-06";"MI-003";"18"
"SAL-0003274";"2024-08-06";"MI-004";"13"
"SAL-0003275";"2024-08-06";"MI-005";"19"
"SAL-0003276";"2024-08-06";"MI-006";"2"
"SAL-0003277";"2024-08-06";"MI-007";"17"
"SAL-0003278";"2024-08-06";"MI-008";"3"
"SAL-0003279";"2024-08-06";"MI-009";"4"
"SAL-0003280";"2024-08-06";"MI-010";"6"
"SAL-0003281";"2024-08-06";"MI-011";"10"
"SAL-0003282";"2024-08-06";"MI-012";"7"
"SAL-0003283";"2024-08-06";"MI-013";"5"
"SAL-0003284";"2024-08-06";"MI-014";"12"
"SAL-0003285";"2024-08-06";"MI-015";"6"
"SAL-0003286";"2024-08-07";"MI-001";"23"
"SAL-0003287";"2024-08-07";"MI-002";"20"
"SAL-0003288";"2024-08-07";"MI-003";"20"
"SAL-0003289";"2024-08-07";"MI-004";"17"
"SAL-0003290";"2024-08-07";"MI-005";"11"
"SAL-0003291";"2024-08-07";"MI-006";"14"
"SAL-0003292";"2024-08-07";"MI-007";"19"
"SAL-0003293";"2024-08-07";"MI-008";"8"
"SAL-0003294";"2024-08-07";"MI-009";"12"
"SAL-0003295";"2024-08-07";"MI-010";"7"
"SAL-0003296";"2024-08-07";"MI-011";"11"
"SAL-0003297";"2024-08-07";"MI-012";"5"
"SAL-0003298";"2024-08-07";"MI-013";"13"
"SAL-0003299";"2024-08-07";"MI-014";"7"
"SAL-0003300";"2024-08-07";"MI-015";"5"
"SAL-0003301";"2024-08-08";"MI-001";"15"
"SAL-0003302";"2024-08-08";"MI-002";"16"
"SAL-0003303";"2024-08-08";"MI-003";"14"
"SAL-0003304";"2024-08-08";"MI-004";"16"
"SAL-0003305";"2024-08-08";"MI-005";"14"
"SAL-0003306";"2024-08-08";"MI-006";"12"
"SAL-0003307";"2024-08-08";"MI-007";"5"
"SAL-0003308";"2024-08-08";"MI-008";"11"
"SAL-0003309";"2024-08-08";"MI-009";"3"
"SAL-0003310";"2024-08-08";"MI-010";"12"
"SAL-0003311";"2024-08-08";"MI-011";"8"
"SAL-0003312";"2024-08-08";"MI-012";"5"
"SAL-0003313";"2024-08-08";"MI-013";"9"
"SAL-0003314";"2024-08-08";"MI-014";"6"
"SAL-0003315";"2024-08-08";"MI-015";"14"
"SAL-0003316";"2024-08-09";"MI-001";"23"
"SAL-0003317";"2024-08-09";"MI-002";"17"
"SAL-0003318";"2024-08-09";"MI-003";"22"
"SAL-0003319";"2024-08-09";"MI-004";"13"
"SAL-0003320";"2024-08-09";"MI-005";"21"
"SAL-0003321";"2024-08-09";"MI-006";"15"
"SAL-0003322";"2024-08-09";"MI-007";"16"
"SAL-0003323";"2024-08-09";"MI-008";"13"
"SAL-0003324";"2024-08-09";"MI-009";"10"
"SAL-0003325";"2024-08-09";"MI-010";"11"
"SAL-0003326";"2024-08-09";"MI-011";"13"
"SAL-0003327";"2024-08-09";"MI-012";"8"
"SAL-0003328";"2024-08-09";"MI-013";"8"
"SAL-0003329";"2024-08-09";"MI-014";"7"
"SAL-0003330";"2024-08-09";"MI-015";"4"
"SAL-0003331";"2024-08-10";"MI-001";"29"
"SAL-0003332";"2024-08-10";"MI-002";"32"
"SAL-0003333";"2024-08-10";"MI-003";"26"
"SAL-0003334";"2024-08-10";"MI-004";"23"
"SAL-0003335";"2024-08-10";"MI-005";"35"
"SAL-0003336";"2024-08-10";"MI-006";"19"
"SAL-0003337";"2024-08-10";"MI-007";"18"
"SAL-0003338";"2024-08-10";"MI-008";"24"
"SAL-0003339";"2024-08-10";"MI-009";"16"
"SAL-0003340";"2024-08-10";"MI-010";"18"
"SAL-0003341";"2024-08-10";"MI-011";"27"
"SAL-0003342";"2024-08-10";"MI-012";"19"
"SAL-0003343";"2024-08-10";"MI-013";"14"
"SAL-0003344";"2024-08-10";"MI-014";"17"
"SAL-0003345";"2024-08-10";"MI-015";"17"
"SAL-0003346";"2024-08-11";"MI-001";"41"
"SAL-0003347";"2024-08-11";"MI-002";"27"
"SAL-0003348";"2024-08-11";"MI-003";"17"
"SAL-0003349";"2024-08-11";"MI-004";"15"
"SAL-0003350";"2024-08-11";"MI-005";"17"
"SAL-0003351";"2024-08-11";"MI-006";"22"
"SAL-0003352";"2024-08-11";"MI-007";"18"
"SAL-0003353";"2024-08-11";"MI-008";"19"
"SAL-0003354";"2024-08-11";"MI-009";"11"
"SAL-0003355";"2024-08-11";"MI-010";"13"
"SAL-0003356";"2024-08-11";"MI-011";"12"
"SAL-0003357";"2024-08-11";"MI-012";"11"
"SAL-0003358";"2024-08-11";"MI-013";"11"
"SAL-0003359";"2024-08-11";"MI-014";"13"
"SAL-0003360";"2024-08-11";"MI-015";"17"
"SAL-0003361";"2024-08-12";"MI-001";"14"
"SAL-0003362";"2024-08-12";"MI-002";"21"
"SAL-0003363";"2024-08-12";"MI-003";"16"
"SAL-0003364";"2024-08-12";"MI-004";"16"
"SAL-0003365";"2024-08-12";"MI-005";"14"
"SAL-0003366";"2024-08-12";"MI-006";"5"
"SAL-0003367";"2024-08-12";"MI-007";"9"
"SAL-0003368";"2024-08-12";"MI-008";"9"
"SAL-0003369";"2024-08-12";"MI-009";"3"
"SAL-0003370";"2024-08-12";"MI-010";"6"
"SAL-0003371";"2024-08-12";"MI-011";"8"
"SAL-0003372";"2024-08-12";"MI-012";"5"
"SAL-0003373";"2024-08-12";"MI-013";"5"
"SAL-0003374";"2024-08-12";"MI-014";"8"
"SAL-0003375";"2024-08-12";"MI-015";"5"
"SAL-0003376";"2024-08-13";"MI-001";"24"
"SAL-0003377";"2024-08-13";"MI-002";"13"
"SAL-0003378";"2024-08-13";"MI-003";"13"
"SAL-0003379";"2024-08-13";"MI-004";"7"
"SAL-0003380";"2024-08-13";"MI-005";"17"
"SAL-0003381";"2024-08-13";"MI-006";"13"
"SAL-0003382";"2024-08-13";"MI-007";"11"
"SAL-0003383";"2024-08-13";"MI-008";"10"
"SAL-0003384";"2024-08-13";"MI-009";"10"
"SAL-0003385";"2024-08-13";"MI-010";"9"
"SAL-0003386";"2024-08-13";"MI-011";"9"
"SAL-0003387";"2024-08-13";"MI-012";"9"
"SAL-0003388";"2024-08-13";"MI-013";"8"
"SAL-0003389";"2024-08-13";"MI-014";"6"
"SAL-0003390";"2024-08-13";"MI-015";"10"
"SAL-0003391";"2024-08-14";"MI-001";"19"
"SAL-0003392";"2024-08-14";"MI-002";"12"
"SAL-0003393";"2024-08-14";"MI-003";"14"
"SAL-0003394";"2024-08-14";"MI-004";"9"
"SAL-0003395";"2024-08-14";"MI-005";"24"
"SAL-0003396";"2024-08-14";"MI-006";"7"
"SAL-0003397";"2024-08-14";"MI-007";"14"
"SAL-0003398";"2024-08-14";"MI-008";"8"
"SAL-0003399";"2024-08-14";"MI-009";"5"
"SAL-0003400";"2024-08-14";"MI-010";"5"
"SAL-0003401";"2024-08-14";"MI-011";"6"
"SAL-0003402";"2024-08-14";"MI-012";"4"
"SAL-0003403";"2024-08-14";"MI-013";"4"
"SAL-0003404";"2024-08-14";"MI-014";"9"
"SAL-0003405";"2024-08-14";"MI-015";"5"
"SAL-0003406";"2024-08-15";"MI-001";"21"
"SAL-0003407";"2024-08-15";"MI-002";"12"
"SAL-0003408";"2024-08-15";"MI-003";"18"
"SAL-0003409";"2024-08-15";"MI-004";"6"
"SAL-0003410";"2024-08-15";"MI-005";"13"
"SAL-0003411";"2024-08-15";"MI-006";"10"
"SAL-0003412";"2024-08-15";"MI-007";"16"
"SAL-0003413";"2024-08-15";"MI-008";"7"
"SAL-0003414";"2024-08-15";"MI-009";"7"
"SAL-0003415";"2024-08-15";"MI-010";"4"
"SAL-0003416";"2024-08-15";"MI-011";"9"
"SAL-0003417";"2024-08-15";"MI-012";"8"
"SAL-0003418";"2024-08-15";"MI-013";"9"
"SAL-0003419";"2024-08-15";"MI-014";"5"
"SAL-0003420";"2024-08-15";"MI-015";"10"
"SAL-0003421";"2024-08-16";"MI-001";"18"
"SAL-0003422";"2024-08-16";"MI-002";"26"
"SAL-0003423";"2024-08-16";"MI-003";"23"
"SAL-0003424";"2024-08-16";"MI-004";"14"
"SAL-0003425";"2024-08-16";"MI-005";"22"
"SAL-0003426";"2024-08-16";"MI-006";"9"
"SAL-0003427";"2024-08-16";"MI-007";"16"
"SAL-0003428";"2024-08-16";"MI-008";"9"
"SAL-0003429";"2024-08-16";"MI-009";"11"
"SAL-0003430";"2024-08-16";"MI-010";"16"
"SAL-0003431";"2024-08-16";"MI-011";"19"
"SAL-0003432";"2024-08-16";"MI-012";"17"
"SAL-0003433";"2024-08-16";"MI-013";"15"
"SAL-0003434";"2024-08-16";"MI-014";"10"
"SAL-0003435";"2024-08-16";"MI-015";"7"
"SAL-0003436";"2024-08-17";"MI-001";"28"
"SAL-0003437";"2024-08-17";"MI-002";"30"
"SAL-0003438";"2024-08-17";"MI-003";"27"
"SAL-0003439";"2024-08-17";"MI-004";"18"
"SAL-0003440";"2024-08-17";"MI-005";"27"
"SAL-0003441";"2024-08-17";"MI-006";"15"
"SAL-0003442";"2024-08-17";"MI-007";"24"
"SAL-0003443";"2024-08-17";"MI-008";"19"
"SAL-0003444";"2024-08-17";"MI-009";"9"
"SAL-0003445";"2024-08-17";"MI-010";"8"
"SAL-0003446";"2024-08-17";"MI-011";"17"
"SAL-0003447";"2024-08-17";"MI-012";"17"
"SAL-0003448";"2024-08-17";"MI-013";"9"
"SAL-0003449";"2024-08-17";"MI-014";"14"
"SAL-0003450";"2024-08-17";"MI-015";"17"
"SAL-0003451";"2024-08-18";"MI-001";"25"
"SAL-0003452";"2024-08-18";"MI-002";"20"
"SAL-0003453";"2024-08-18";"MI-003";"21"
"SAL-0003454";"2024-08-18";"MI-004";"21"
"SAL-0003455";"2024-08-18";"MI-005";"26"
"SAL-0003456";"2024-08-18";"MI-006";"16"
"SAL-0003457";"2024-08-18";"MI-007";"28"
"SAL-0003458";"2024-08-18";"MI-008";"17"
"SAL-0003459";"2024-08-18";"MI-009";"10"
"SAL-0003460";"2024-08-18";"MI-010";"17"
"SAL-0003461";"2024-08-18";"MI-011";"15"
"SAL-0003462";"2024-08-18";"MI-012";"19"
"SAL-0003463";"2024-08-18";"MI-013";"15"
"SAL-0003464";"2024-08-18";"MI-014";"17"
"SAL-0003465";"2024-08-18";"MI-015";"10"
"SAL-0003466";"2024-08-19";"MI-001";"18"
"SAL-0003467";"2024-08-19";"MI-002";"13"
"SAL-0003468";"2024-08-19";"MI-003";"16"
"SAL-0003469";"2024-08-19";"MI-004";"6"
"SAL-0003470";"2024-08-19";"MI-005";"18"
"SAL-0003471";"2024-08-19";"MI-006";"9"
"SAL-0003472";"2024-08-19";"MI-007";"11"
"SAL-0003473";"2024-08-19";"MI-008";"9"
"SAL-0003474";"2024-08-19";"MI-009";"5"
"SAL-0003475";"2024-08-19";"MI-010";"12"
"SAL-0003476";"2024-08-19";"MI-011";"3"
"SAL-0003477";"2024-08-19";"MI-012";"7"
"SAL-0003478";"2024-08-19";"MI-013";"6"
"SAL-0003479";"2024-08-19";"MI-014";"5"
"SAL-0003480";"2024-08-19";"MI-015";"8"
"SAL-0003481";"2024-08-20";"MI-001";"10"
"SAL-0003482";"2024-08-20";"MI-002";"9"
"SAL-0003483";"2024-08-20";"MI-003";"10"
"SAL-0003484";"2024-08-20";"MI-004";"10"
"SAL-0003485";"2024-08-20";"MI-005";"12"
"SAL-0003486";"2024-08-20";"MI-006";"14"
"SAL-0003487";"2024-08-20";"MI-007";"16"
"SAL-0003488";"2024-08-20";"MI-008";"1"
"SAL-0003489";"2024-08-20";"MI-009";"10"
"SAL-0003490";"2024-08-20";"MI-010";"7"
"SAL-0003491";"2024-08-20";"MI-011";"10"
"SAL-0003492";"2024-08-20";"MI-012";"6"
"SAL-0003493";"2024-08-20";"MI-013";"6"
"SAL-0003494";"2024-08-20";"MI-014";"9"
"SAL-0003495";"2024-08-20";"MI-015";"6"
"SAL-0003496";"2024-08-21";"MI-001";"23"
"SAL-0003497";"2024-08-21";"MI-002";"15"
"SAL-0003498";"2024-08-21";"MI-003";"16"
"SAL-0003499";"2024-08-21";"MI-004";"7"
"SAL-0003500";"2024-08-21";"MI-005";"17"
"SAL-0003501";"2024-08-21";"MI-006";"10"
"SAL-0003502";"2024-08-21";"MI-007";"12"
"SAL-0003503";"2024-08-21";"MI-008";"13"
"SAL-0003504";"2024-08-21";"MI-009";"8"
"SAL-0003505";"2024-08-21";"MI-010";"3"
"SAL-0003506";"2024-08-21";"MI-011";"7"
"SAL-0003507";"2024-08-21";"MI-012";"8"
"SAL-0003508";"2024-08-21";"MI-013";"6"
"SAL-0003509";"2024-08-21";"MI-014";"4"
"SAL-0003510";"2024-08-21";"MI-015";"11"
"SAL-0003511";"2024-08-22";"MI-001";"16"
"SAL-0003512";"2024-08-22";"MI-002";"14"
"SAL-0003513";"2024-08-22";"MI-003";"24"
"SAL-0003514";"2024-08-22";"MI-004";"17"
"SAL-0003515";"2024-08-22";"MI-005";"19"
"SAL-0003516";"2024-08-22";"MI-006";"15"
"SAL-0003517";"2024-08-22";"MI-007";"13"
"SAL-0003518";"2024-08-22";"MI-008";"8"
"SAL-0003519";"2024-08-22";"MI-009";"8"
"SAL-0003520";"2024-08-22";"MI-010";"4"
"SAL-0003521";"2024-08-22";"MI-011";"7"
"SAL-0003522";"2024-08-22";"MI-012";"9"
"SAL-0003523";"2024-08-22";"MI-013";"8"
"SAL-0003524";"2024-08-22";"MI-014";"6"
"SAL-0003525";"2024-08-22";"MI-015";"10"
"SAL-0003526";"2024-08-23";"MI-001";"30"
"SAL-0003527";"2024-08-23";"MI-002";"25"
"SAL-0003528";"2024-08-23";"MI-003";"26"
"SAL-0003529";"2024-08-23";"MI-004";"16"
"SAL-0003530";"2024-08-23";"MI-005";"37"
"SAL-0003531";"2024-08-23";"MI-006";"16"
"SAL-0003532";"2024-08-23";"MI-007";"14"
"SAL-0003533";"2024-08-23";"MI-008";"14"
"SAL-0003534";"2024-08-23";"MI-009";"10"
"SAL-0003535";"2024-08-23";"MI-010";"10"
"SAL-0003536";"2024-08-23";"MI-011";"11"
"SAL-0003537";"2024-08-23";"MI-012";"11"
"SAL-0003538";"2024-08-23";"MI-013";"11"
"SAL-0003539";"2024-08-23";"MI-014";"14"
"SAL-0003540";"2024-08-23";"MI-015";"13"
"SAL-0003541";"2024-08-24";"MI-001";"30"
"SAL-0003542";"2024-08-24";"MI-002";"34"
"SAL-0003543";"2024-08-24";"MI-003";"28"
"SAL-0003544";"2024-08-24";"MI-004";"23"
"SAL-0003545";"2024-08-24";"MI-005";"39"
"SAL-0003546";"2024-08-24";"MI-006";"22"
"SAL-0003547";"2024-08-24";"MI-007";"22"
"SAL-0003548";"2024-08-24";"MI-008";"22"
"SAL-0003549";"2024-08-24";"MI-009";"13"
"SAL-0003550";"2024-08-24";"MI-010";"15"
"SAL-0003551";"2024-08-24";"MI-011";"9"
"SAL-0003552";"2024-08-24";"MI-012";"12"
"SAL-0003553";"2024-08-24";"MI-013";"14"
"SAL-0003554";"2024-08-24";"MI-014";"14"
"SAL-0003555";"2024-08-24";"MI-015";"18"
"SAL-0003556";"2024-08-25";"MI-001";"31"
"SAL-0003557";"2024-08-25";"MI-002";"22"
"SAL-0003558";"2024-08-25";"MI-003";"35"
"SAL-0003559";"2024-08-25";"MI-004";"20"
"SAL-0003560";"2024-08-25";"MI-005";"24"
"SAL-0003561";"2024-08-25";"MI-006";"17"
"SAL-0003562";"2024-08-25";"MI-007";"19"
"SAL-0003563";"2024-08-25";"MI-008";"16"
"SAL-0003564";"2024-08-25";"MI-009";"10"
"SAL-0003565";"2024-08-25";"MI-010";"20"
"SAL-0003566";"2024-08-25";"MI-011";"15"
"SAL-0003567";"2024-08-25";"MI-012";"23"
"SAL-0003568";"2024-08-25";"MI-013";"9"
"SAL-0003569";"2024-08-25";"MI-014";"11"
"SAL-0003570";"2024-08-25";"MI-015";"14"
"SAL-0003571";"2024-08-26";"MI-001";"22"
"SAL-0003572";"2024-08-26";"MI-002";"8"
"SAL-0003573";"2024-08-26";"MI-003";"16"
"SAL-0003574";"2024-08-26";"MI-004";"17"
"SAL-0003575";"2024-08-26";"MI-005";"16"
"SAL-0003576";"2024-08-26";"MI-006";"8"
"SAL-0003577";"2024-08-26";"MI-007";"19"
"SAL-0003578";"2024-08-26";"MI-008";"6"
"SAL-0003579";"2024-08-26";"MI-009";"8"
"SAL-0003580";"2024-08-26";"MI-010";"10"
"SAL-0003581";"2024-08-26";"MI-011";"9"
"SAL-0003582";"2024-08-26";"MI-012";"7"
"SAL-0003583";"2024-08-26";"MI-013";"9"
"SAL-0003584";"2024-08-26";"MI-014";"6"
"SAL-0003585";"2024-08-26";"MI-015";"12"
"SAL-0003586";"2024-08-27";"MI-001";"15"
"SAL-0003587";"2024-08-27";"MI-002";"11"
"SAL-0003588";"2024-08-27";"MI-003";"23"
"SAL-0003589";"2024-08-27";"MI-004";"16"
"SAL-0003590";"2024-08-27";"MI-005";"11"
"SAL-0003591";"2024-08-27";"MI-006";"14"
"SAL-0003592";"2024-08-27";"MI-007";"21"
"SAL-0003593";"2024-08-27";"MI-008";"13"
"SAL-0003594";"2024-08-27";"MI-009";"3"
"SAL-0003595";"2024-08-27";"MI-010";"10"
"SAL-0003596";"2024-08-27";"MI-011";"9"
"SAL-0003597";"2024-08-27";"MI-012";"12"
"SAL-0003598";"2024-08-27";"MI-013";"6"
"SAL-0003599";"2024-08-27";"MI-014";"12"
"SAL-0003600";"2024-08-27";"MI-015";"10"
"SAL-0003601";"2024-08-28";"MI-001";"25"
"SAL-0003602";"2024-08-28";"MI-002";"18"
"SAL-0003603";"2024-08-28";"MI-003";"17"
"SAL-0003604";"2024-08-28";"MI-004";"13"
"SAL-0003605";"2024-08-28";"MI-005";"17"
"SAL-0003606";"2024-08-28";"MI-006";"18"
"SAL-0003607";"2024-08-28";"MI-007";"11"
"SAL-0003608";"2024-08-28";"MI-008";"10"
"SAL-0003609";"2024-08-28";"MI-009";"8"
"SAL-0003610";"2024-08-28";"MI-010";"7"
"SAL-0003611";"2024-08-28";"MI-011";"18"
"SAL-0003612";"2024-08-28";"MI-012";"7"
"SAL-0003613";"2024-08-28";"MI-013";"9"
"SAL-0003614";"2024-08-28";"MI-014";"12"
"SAL-0003615";"2024-08-28";"MI-015";"4"
"SAL-0003616";"2024-08-29";"MI-001";"19"
"SAL-0003617";"2024-08-29";"MI-002";"27"
"SAL-0003618";"2024-08-29";"MI-003";"20"
"SAL-0003619";"2024-08-29";"MI-004";"16"
"SAL-0003620";"2024-08-29";"MI-005";"20"
"SAL-0003621";"2024-08-29";"MI-006";"9"
"SAL-0003622";"2024-08-29";"MI-007";"15"
"SAL-0003623";"2024-08-29";"MI-008";"5"
"SAL-0003624";"2024-08-29";"MI-009";"8"
"SAL-0003625";"2024-08-29";"MI-010";"4"
"SAL-0003626";"2024-08-29";"MI-011";"13"
"SAL-0003627";"2024-08-29";"MI-012";"5"
"SAL-0003628";"2024-08-29";"MI-013";"10"
"SAL-0003629";"2024-08-29";"MI-014";"5"
"SAL-0003630";"2024-08-29";"MI-015";"12"
"SAL-0003631";"2024-08-30";"MI-001";"28"
"SAL-0003632";"2024-08-30";"MI-002";"20"
"SAL-0003633";"2024-08-30";"MI-003";"28"
"SAL-0003634";"2024-08-30";"MI-004";"17"
"SAL-0003635";"2024-08-30";"MI-005";"30"
"SAL-0003636";"2024-08-30";"MI-006";"15"
"SAL-0003637";"2024-08-30";"MI-007";"18"
"SAL-0003638";"2024-08-30";"MI-008";"9"
"SAL-0003639";"2024-08-30";"MI-009";"10"
"SAL-0003640";"2024-08-30";"MI-010";"9"
"SAL-0003641";"2024-08-30";"MI-011";"19"
"SAL-0003642";"2024-08-30";"MI-012";"11"
"SAL-0003643";"2024-08-30";"MI-013";"11"
"SAL-0003644";"2024-08-30";"MI-014";"13"
"SAL-0003645";"2024-08-30";"MI-015";"14"
"SAL-0003646";"2024-08-31";"MI-001";"29"
"SAL-0003647";"2024-08-31";"MI-002";"33"
"SAL-0003648";"2024-08-31";"MI-003";"27"
"SAL-0003649";"2024-08-31";"MI-004";"16"
"SAL-0003650";"2024-08-31";"MI-005";"31"
"SAL-0003651";"2024-08-31";"MI-006";"17"
"SAL-0003652";"2024-08-31";"MI-007";"29"
"SAL-0003653";"2024-08-31";"MI-008";"23"
"SAL-0003654";"2024-08-31";"MI-009";"12"
"SAL-0003655";"2024-08-31";"MI-010";"6"
"SAL-0003656";"2024-08-31";"MI-011";"14"
"SAL-0003657";"2024-08-31";"MI-012";"20"
"SAL-0003658";"2024-08-31";"MI-013";"14"
"SAL-0003659";"2024-08-31";"MI-014";"15"
"SAL-0003660";"2024-08-31";"MI-015";"14"
"SAL-0003661";"2024-09-01";"MI-001";"26"
"SAL-0003662";"2024-09-01";"MI-002";"18"
"SAL-0003663";"2024-09-01";"MI-003";"22"
"SAL-0003664";"2024-09-01";"MI-004";"12"
"SAL-0003665";"2024-09-01";"MI-005";"24"
"SAL-0003666";"2024-09-01";"MI-006";"16"
"SAL-0003667";"2024-09-01";"MI-007";"20"
"SAL-0003668";"2024-09-01";"MI-008";"14"
"SAL-0003669";"2024-09-01";"MI-009";"14"
"SAL-0003670";"2024-09-01";"MI-010";"16"
"SAL-0003671";"2024-09-01";"MI-011";"15"
"SAL-0003672";"2024-09-01";"MI-012";"15"
"SAL-0003673";"2024-09-01";"MI-013";"15"
"SAL-0003674";"2024-09-01";"MI-014";"12"
"SAL-0003675";"2024-09-01";"MI-015";"20"
"SAL-0003676";"2024-09-02";"MI-001";"15"
"SAL-0003677";"2024-09-02";"MI-002";"17"
"SAL-0003678";"2024-09-02";"MI-003";"6"
"SAL-0003679";"2024-09-02";"MI-004";"9"
"SAL-0003680";"2024-09-02";"MI-005";"17"
"SAL-0003681";"2024-09-02";"MI-006";"9"
"SAL-0003682";"2024-09-02";"MI-007";"9"
"SAL-0003683";"2024-09-02";"MI-008";"9"
"SAL-0003684";"2024-09-02";"MI-009";"3"
"SAL-0003685";"2024-09-02";"MI-010";"6"
"SAL-0003686";"2024-09-02";"MI-011";"5"
"SAL-0003687";"2024-09-02";"MI-012";"11"
"SAL-0003688";"2024-09-02";"MI-013";"9"
"SAL-0003689";"2024-09-02";"MI-014";"7"
"SAL-0003690";"2024-09-02";"MI-015";"6"
"SAL-0003691";"2024-09-03";"MI-001";"13"
"SAL-0003692";"2024-09-03";"MI-002";"9"
"SAL-0003693";"2024-09-03";"MI-003";"13"
"SAL-0003694";"2024-09-03";"MI-004";"11"
"SAL-0003695";"2024-09-03";"MI-005";"13"
"SAL-0003696";"2024-09-03";"MI-006";"14"
"SAL-0003697";"2024-09-03";"MI-007";"14"
"SAL-0003698";"2024-09-03";"MI-008";"5"
"SAL-0003699";"2024-09-03";"MI-009";"13"
"SAL-0003700";"2024-09-03";"MI-010";"9"
"SAL-0003701";"2024-09-03";"MI-011";"10"
"SAL-0003702";"2024-09-03";"MI-012";"10"
"SAL-0003703";"2024-09-03";"MI-013";"3"
"SAL-0003704";"2024-09-03";"MI-014";"10"
"SAL-0003705";"2024-09-03";"MI-015";"8"
"SAL-0003706";"2024-09-04";"MI-001";"9"
"SAL-0003707";"2024-09-04";"MI-002";"17"
"SAL-0003708";"2024-09-04";"MI-003";"11"
"SAL-0003709";"2024-09-04";"MI-004";"12"
"SAL-0003710";"2024-09-04";"MI-005";"23"
"SAL-0003711";"2024-09-04";"MI-006";"11"
"SAL-0003712";"2024-09-04";"MI-007";"10"
"SAL-0003713";"2024-09-04";"MI-008";"5"
"SAL-0003714";"2024-09-04";"MI-009";"5"
"SAL-0003715";"2024-09-04";"MI-010";"8"
"SAL-0003716";"2024-09-04";"MI-011";"9"
"SAL-0003717";"2024-09-04";"MI-012";"5"
"SAL-0003718";"2024-09-04";"MI-013";"10"
"SAL-0003719";"2024-09-04";"MI-014";"5"
"SAL-0003720";"2024-09-04";"MI-015";"8"
"SAL-0003721";"2024-09-05";"MI-001";"23"
"SAL-0003722";"2024-09-05";"MI-002";"21"
"SAL-0003723";"2024-09-05";"MI-003";"14"
"SAL-0003724";"2024-09-05";"MI-004";"7"
"SAL-0003725";"2024-09-05";"MI-005";"18"
"SAL-0003726";"2024-09-05";"MI-006";"10"
"SAL-0003727";"2024-09-05";"MI-007";"27"
"SAL-0003728";"2024-09-05";"MI-008";"11"
"SAL-0003729";"2024-09-05";"MI-009";"11"
"SAL-0003730";"2024-09-05";"MI-010";"12"
"SAL-0003731";"2024-09-05";"MI-011";"7"
"SAL-0003732";"2024-09-05";"MI-012";"10"
"SAL-0003733";"2024-09-05";"MI-013";"12"
"SAL-0003734";"2024-09-05";"MI-014";"9"
"SAL-0003735";"2024-09-05";"MI-015";"8"
"SAL-0003736";"2024-09-06";"MI-001";"27"
"SAL-0003737";"2024-09-06";"MI-002";"14"
"SAL-0003738";"2024-09-06";"MI-003";"18"
"SAL-0003739";"2024-09-06";"MI-004";"13"
"SAL-0003740";"2024-09-06";"MI-005";"27"
"SAL-0003741";"2024-09-06";"MI-006";"13"
"SAL-0003742";"2024-09-06";"MI-007";"20"
"SAL-0003743";"2024-09-06";"MI-008";"18"
"SAL-0003744";"2024-09-06";"MI-009";"10"
"SAL-0003745";"2024-09-06";"MI-010";"3"
"SAL-0003746";"2024-09-06";"MI-011";"15"
"SAL-0003747";"2024-09-06";"MI-012";"10"
"SAL-0003748";"2024-09-06";"MI-013";"9"
"SAL-0003749";"2024-09-06";"MI-014";"7"
"SAL-0003750";"2024-09-06";"MI-015";"9"
"SAL-0003751";"2024-09-07";"MI-001";"38"
"SAL-0003752";"2024-09-07";"MI-002";"26"
"SAL-0003753";"2024-09-07";"MI-003";"28"
"SAL-0003754";"2024-09-07";"MI-004";"14"
"SAL-0003755";"2024-09-07";"MI-005";"30"
"SAL-0003756";"2024-09-07";"MI-006";"26"
"SAL-0003757";"2024-09-07";"MI-007";"19"
"SAL-0003758";"2024-09-07";"MI-008";"23"
"SAL-0003759";"2024-09-07";"MI-009";"19"
"SAL-0003760";"2024-09-07";"MI-010";"15"
"SAL-0003761";"2024-09-07";"MI-011";"17"
"SAL-0003762";"2024-09-07";"MI-012";"18"
"SAL-0003763";"2024-09-07";"MI-013";"9"
"SAL-0003764";"2024-09-07";"MI-014";"15"
"SAL-0003765";"2024-09-07";"MI-015";"15"
"SAL-0003766";"2024-09-08";"MI-001";"27"
"SAL-0003767";"2024-09-08";"MI-002";"23"
"SAL-0003768";"2024-09-08";"MI-003";"21"
"SAL-0003769";"2024-09-08";"MI-004";"12"
"SAL-0003770";"2024-09-08";"MI-005";"36"
"SAL-0003771";"2024-09-08";"MI-006";"16"
"SAL-0003772";"2024-09-08";"MI-007";"14"
"SAL-0003773";"2024-09-08";"MI-008";"17"
"SAL-0003774";"2024-09-08";"MI-009";"16"
"SAL-0003775";"2024-09-08";"MI-010";"5"
"SAL-0003776";"2024-09-08";"MI-011";"9"
"SAL-0003777";"2024-09-08";"MI-012";"7"
"SAL-0003778";"2024-09-08";"MI-013";"12"
"SAL-0003779";"2024-09-08";"MI-014";"7"
"SAL-0003780";"2024-09-08";"MI-015";"10"
"SAL-0003781";"2024-09-09";"MI-001";"10"
"SAL-0003782";"2024-09-09";"MI-002";"12"
"SAL-0003783";"2024-09-09";"MI-003";"19"
"SAL-0003784";"2024-09-09";"MI-004";"11"
"SAL-0003785";"2024-09-09";"MI-005";"14"
"SAL-0003786";"2024-09-09";"MI-006";"7"
"SAL-0003787";"2024-09-09";"MI-007";"12"
"SAL-0003788";"2024-09-09";"MI-008";"8"
"SAL-0003789";"2024-09-09";"MI-009";"8"
"SAL-0003790";"2024-09-09";"MI-010";"9"
"SAL-0003791";"2024-09-09";"MI-011";"8"
"SAL-0003792";"2024-09-09";"MI-012";"11"
"SAL-0003793";"2024-09-09";"MI-013";"9"
"SAL-0003794";"2024-09-09";"MI-014";"8"
"SAL-0003795";"2024-09-09";"MI-015";"6"
"SAL-0003796";"2024-09-10";"MI-001";"15"
"SAL-0003797";"2024-09-10";"MI-002";"23"
"SAL-0003798";"2024-09-10";"MI-003";"25"
"SAL-0003799";"2024-09-10";"MI-004";"10"
"SAL-0003800";"2024-09-10";"MI-005";"24"
"SAL-0003801";"2024-09-10";"MI-006";"8"
"SAL-0003802";"2024-09-10";"MI-007";"12"
"SAL-0003803";"2024-09-10";"MI-008";"9"
"SAL-0003804";"2024-09-10";"MI-009";"8"
"SAL-0003805";"2024-09-10";"MI-010";"6"
"SAL-0003806";"2024-09-10";"MI-011";"12"
"SAL-0003807";"2024-09-10";"MI-012";"13"
"SAL-0003808";"2024-09-10";"MI-013";"5"
"SAL-0003809";"2024-09-10";"MI-014";"7"
"SAL-0003810";"2024-09-10";"MI-015";"9"
"SAL-0003811";"2024-09-11";"MI-001";"20"
"SAL-0003812";"2024-09-11";"MI-002";"17"
"SAL-0003813";"2024-09-11";"MI-003";"13"
"SAL-0003814";"2024-09-11";"MI-004";"10"
"SAL-0003815";"2024-09-11";"MI-005";"9"
"SAL-0003816";"2024-09-11";"MI-006";"13"
"SAL-0003817";"2024-09-11";"MI-007";"15"
"SAL-0003818";"2024-09-11";"MI-008";"9"
"SAL-0003819";"2024-09-11";"MI-009";"8"
"SAL-0003820";"2024-09-11";"MI-010";"9"
"SAL-0003821";"2024-09-11";"MI-011";"11"
"SAL-0003822";"2024-09-11";"MI-012";"11"
"SAL-0003823";"2024-09-11";"MI-013";"5"
"SAL-0003824";"2024-09-11";"MI-014";"8"
"SAL-0003825";"2024-09-11";"MI-015";"10"
"SAL-0003826";"2024-09-12";"MI-001";"27"
"SAL-0003827";"2024-09-12";"MI-002";"11"
"SAL-0003828";"2024-09-12";"MI-003";"22"
"SAL-0003829";"2024-09-12";"MI-004";"14"
"SAL-0003830";"2024-09-12";"MI-005";"11"
"SAL-0003831";"2024-09-12";"MI-006";"12"
"SAL-0003832";"2024-09-12";"MI-007";"20"
"SAL-0003833";"2024-09-12";"MI-008";"12"
"SAL-0003834";"2024-09-12";"MI-009";"6"
"SAL-0003835";"2024-09-12";"MI-010";"6"
"SAL-0003836";"2024-09-12";"MI-011";"1"
"SAL-0003837";"2024-09-12";"MI-012";"11"
"SAL-0003838";"2024-09-12";"MI-013";"9"
"SAL-0003839";"2024-09-12";"MI-014";"7"
"SAL-0003840";"2024-09-12";"MI-015";"14"
"SAL-0003841";"2024-09-13";"MI-001";"28"
"SAL-0003842";"2024-09-13";"MI-002";"17"
"SAL-0003843";"2024-09-13";"MI-003";"26"
"SAL-0003844";"2024-09-13";"MI-004";"15"
"SAL-0003845";"2024-09-13";"MI-005";"22"
"SAL-0003846";"2024-09-13";"MI-006";"15"
"SAL-0003847";"2024-09-13";"MI-007";"18"
"SAL-0003848";"2024-09-13";"MI-008";"8"
"SAL-0003849";"2024-09-13";"MI-009";"10"
"SAL-0003850";"2024-09-13";"MI-010";"12"
"SAL-0003851";"2024-09-13";"MI-011";"13"
"SAL-0003852";"2024-09-13";"MI-012";"16"
"SAL-0003853";"2024-09-13";"MI-013";"12"
"SAL-0003854";"2024-09-13";"MI-014";"9"
"SAL-0003855";"2024-09-13";"MI-015";"16"
"SAL-0003856";"2024-09-14";"MI-001";"35"
"SAL-0003857";"2024-09-14";"MI-002";"28"
"SAL-0003858";"2024-09-14";"MI-003";"33"
"SAL-0003859";"2024-09-14";"MI-004";"19"
"SAL-0003860";"2024-09-14";"MI-005";"40"
"SAL-0003861";"2024-09-14";"MI-006";"18"
"SAL-0003862";"2024-09-14";"MI-007";"30"
"SAL-0003863";"2024-09-14";"MI-008";"18"
"SAL-0003864";"2024-09-14";"MI-009";"16"
"SAL-0003865";"2024-09-14";"MI-010";"18"
"SAL-0003866";"2024-09-14";"MI-011";"19"
"SAL-0003867";"2024-09-14";"MI-012";"16"
"SAL-0003868";"2024-09-14";"MI-013";"9"
"SAL-0003869";"2024-09-14";"MI-014";"13"
"SAL-0003870";"2024-09-14";"MI-015";"15"
"SAL-0003871";"2024-09-15";"MI-001";"40"
"SAL-0003872";"2024-09-15";"MI-002";"23"
"SAL-0003873";"2024-09-15";"MI-003";"25"
"SAL-0003874";"2024-09-15";"MI-004";"15"
"SAL-0003875";"2024-09-15";"MI-005";"32"
"SAL-0003876";"2024-09-15";"MI-006";"22"
"SAL-0003877";"2024-09-15";"MI-007";"24"
"SAL-0003878";"2024-09-15";"MI-008";"8"
"SAL-0003879";"2024-09-15";"MI-009";"17"
"SAL-0003880";"2024-09-15";"MI-010";"14"
"SAL-0003881";"2024-09-15";"MI-011";"9"
"SAL-0003882";"2024-09-15";"MI-012";"16"
"SAL-0003883";"2024-09-15";"MI-013";"20"
"SAL-0003884";"2024-09-15";"MI-014";"10"
"SAL-0003885";"2024-09-15";"MI-015";"17"
"SAL-0003886";"2024-09-16";"MI-001";"22"
"SAL-0003887";"2024-09-16";"MI-002";"12"
"SAL-0003888";"2024-09-16";"MI-003";"17"
"SAL-0003889";"2024-09-16";"MI-004";"14"
"SAL-0003890";"2024-09-16";"MI-005";"11"
"SAL-0003891";"2024-09-16";"MI-006";"13"
"SAL-0003892";"2024-09-16";"MI-007";"21"
"SAL-0003893";"2024-09-16";"MI-008";"7"
"SAL-0003894";"2024-09-16";"MI-009";"7"
"SAL-0003895";"2024-09-16";"MI-010";"7"
"SAL-0003896";"2024-09-16";"MI-011";"11"
"SAL-0003897";"2024-09-16";"MI-012";"7"
"SAL-0003898";"2024-09-16";"MI-013";"7"
"SAL-0003899";"2024-09-16";"MI-014";"10"
"SAL-0003900";"2024-09-16";"MI-015";"8"
"SAL-0003901";"2024-09-17";"MI-001";"29"
"SAL-0003902";"2024-09-17";"MI-002";"11"
"SAL-0003903";"2024-09-17";"MI-003";"15"
"SAL-0003904";"2024-09-17";"MI-004";"7"
"SAL-0003905";"2024-09-17";"MI-005";"12"
"SAL-0003906";"2024-09-17";"MI-006";"8"
"SAL-0003907";"2024-09-17";"MI-007";"15"
"SAL-0003908";"2024-09-17";"MI-008";"12"
"SAL-0003909";"2024-09-17";"MI-009";"10"
"SAL-0003910";"2024-09-17";"MI-010";"8"
"SAL-0003911";"2024-09-17";"MI-011";"13"
"SAL-0003912";"2024-09-17";"MI-012";"5"
"SAL-0003913";"2024-09-17";"MI-013";"13"
"SAL-0003914";"2024-09-17";"MI-014";"8"
"SAL-0003915";"2024-09-17";"MI-015";"10"
"SAL-0003916";"2024-09-18";"MI-001";"17"
"SAL-0003917";"2024-09-18";"MI-002";"8"
"SAL-0003918";"2024-09-18";"MI-003";"12"
"SAL-0003919";"2024-09-18";"MI-004";"14"
"SAL-0003920";"2024-09-18";"MI-005";"23"
"SAL-0003921";"2024-09-18";"MI-006";"8"
"SAL-0003922";"2024-09-18";"MI-007";"17"
"SAL-0003923";"2024-09-18";"MI-008";"10"
"SAL-0003924";"2024-09-18";"MI-009";"3"
"SAL-0003925";"2024-09-18";"MI-010";"7"
"SAL-0003926";"2024-09-18";"MI-011";"10"
"SAL-0003927";"2024-09-18";"MI-012";"3"
"SAL-0003928";"2024-09-18";"MI-013";"12"
"SAL-0003929";"2024-09-18";"MI-014";"5"
"SAL-0003930";"2024-09-18";"MI-015";"12"
"SAL-0003931";"2024-09-19";"MI-001";"17"
"SAL-0003932";"2024-09-19";"MI-002";"19"
"SAL-0003933";"2024-09-19";"MI-003";"15"
"SAL-0003934";"2024-09-19";"MI-004";"20"
"SAL-0003935";"2024-09-19";"MI-005";"14"
"SAL-0003936";"2024-09-19";"MI-006";"9"
"SAL-0003937";"2024-09-19";"MI-007";"17"
"SAL-0003938";"2024-09-19";"MI-008";"5"
"SAL-0003939";"2024-09-19";"MI-009";"5"
"SAL-0003940";"2024-09-19";"MI-010";"5"
"SAL-0003941";"2024-09-19";"MI-011";"3"
"SAL-0003942";"2024-09-19";"MI-012";"3"
"SAL-0003943";"2024-09-19";"MI-013";"4"
"SAL-0003944";"2024-09-19";"MI-014";"8"
"SAL-0003945";"2024-09-19";"MI-015";"2"
"SAL-0003946";"2024-09-20";"MI-001";"28"
"SAL-0003947";"2024-09-20";"MI-002";"14"
"SAL-0003948";"2024-09-20";"MI-003";"19"
"SAL-0003949";"2024-09-20";"MI-004";"17"
"SAL-0003950";"2024-09-20";"MI-005";"24"
"SAL-0003951";"2024-09-20";"MI-006";"19"
"SAL-0003952";"2024-09-20";"MI-007";"13"
"SAL-0003953";"2024-09-20";"MI-008";"5"
"SAL-0003954";"2024-09-20";"MI-009";"13"
"SAL-0003955";"2024-09-20";"MI-010";"8"
"SAL-0003956";"2024-09-20";"MI-011";"16"
"SAL-0003957";"2024-09-20";"MI-012";"7"
"SAL-0003958";"2024-09-20";"MI-013";"11"
"SAL-0003959";"2024-09-20";"MI-014";"8"
"SAL-0003960";"2024-09-20";"MI-015";"10"
"SAL-0003961";"2024-09-21";"MI-001";"39"
"SAL-0003962";"2024-09-21";"MI-002";"16"
"SAL-0003963";"2024-09-21";"MI-003";"35"
"SAL-0003964";"2024-09-21";"MI-004";"11"
"SAL-0003965";"2024-09-21";"MI-005";"35"
"SAL-0003966";"2024-09-21";"MI-006";"18"
"SAL-0003967";"2024-09-21";"MI-007";"20"
"SAL-0003968";"2024-09-21";"MI-008";"15"
"SAL-0003969";"2024-09-21";"MI-009";"16"
"SAL-0003970";"2024-09-21";"MI-010";"21"
"SAL-0003971";"2024-09-21";"MI-011";"17"
"SAL-0003972";"2024-09-21";"MI-012";"21"
"SAL-0003973";"2024-09-21";"MI-013";"16"
"SAL-0003974";"2024-09-21";"MI-014";"11"
"SAL-0003975";"2024-09-21";"MI-015";"19"
"SAL-0003976";"2024-09-22";"MI-001";"36"
"SAL-0003977";"2024-09-22";"MI-002";"27"
"SAL-0003978";"2024-09-22";"MI-003";"26"
"SAL-0003979";"2024-09-22";"MI-004";"18"
"SAL-0003980";"2024-09-22";"MI-005";"23"
"SAL-0003981";"2024-09-22";"MI-006";"20"
"SAL-0003982";"2024-09-22";"MI-007";"17"
"SAL-0003983";"2024-09-22";"MI-008";"15"
"SAL-0003984";"2024-09-22";"MI-009";"4"
"SAL-0003985";"2024-09-22";"MI-010";"8"
"SAL-0003986";"2024-09-22";"MI-011";"12"
"SAL-0003987";"2024-09-22";"MI-012";"18"
"SAL-0003988";"2024-09-22";"MI-013";"7"
"SAL-0003989";"2024-09-22";"MI-014";"18"
"SAL-0003990";"2024-09-22";"MI-015";"15"
"SAL-0003991";"2024-09-23";"MI-001";"21"
"SAL-0003992";"2024-09-23";"MI-002";"15"
"SAL-0003993";"2024-09-23";"MI-003";"14"
"SAL-0003994";"2024-09-23";"MI-004";"9"
"SAL-0003995";"2024-09-23";"MI-005";"17"
"SAL-0003996";"2024-09-23";"MI-006";"7"
"SAL-0003997";"2024-09-23";"MI-007";"14"
"SAL-0003998";"2024-09-23";"MI-008";"2"
"SAL-0003999";"2024-09-23";"MI-009";"7"
"SAL-0004000";"2024-09-23";"MI-010";"8"
"SAL-0004001";"2024-09-23";"MI-011";"8"
"SAL-0004002";"2024-09-23";"MI-012";"9"
"SAL-0004003";"2024-09-23";"MI-013";"6"
"SAL-0004004";"2024-09-23";"MI-014";"4"
"SAL-0004005";"2024-09-23";"MI-015";"10"
"SAL-0004006";"2024-09-24";"MI-001";"19"
"SAL-0004007";"2024-09-24";"MI-002";"13"
"SAL-0004008";"2024-09-24";"MI-003";"21"
"SAL-0004009";"2024-09-24";"MI-004";"7"
"SAL-0004010";"2024-09-24";"MI-005";"19"
"SAL-0004011";"2024-09-24";"MI-006";"8"
"SAL-0004012";"2024-09-24";"MI-007";"17"
"SAL-0004013";"2024-09-24";"MI-008";"10"
"SAL-0004014";"2024-09-24";"MI-009";"5"
"SAL-0004015";"2024-09-24";"MI-010";"5"
"SAL-0004016";"2024-09-24";"MI-011";"5"
"SAL-0004017";"2024-09-24";"MI-012";"4"
"SAL-0004018";"2024-09-24";"MI-013";"3"
"SAL-0004019";"2024-09-24";"MI-014";"0"
"SAL-0004020";"2024-09-24";"MI-015";"8"
"SAL-0004021";"2024-09-25";"MI-001";"22"
"SAL-0004022";"2024-09-25";"MI-002";"20"
"SAL-0004023";"2024-09-25";"MI-003";"17"
"SAL-0004024";"2024-09-25";"MI-004";"10"
"SAL-0004025";"2024-09-25";"MI-005";"23"
"SAL-0004026";"2024-09-25";"MI-006";"10"
"SAL-0004027";"2024-09-25";"MI-007";"12"
"SAL-0004028";"2024-09-25";"MI-008";"9"
"SAL-0004029";"2024-09-25";"MI-009";"10"
"SAL-0004030";"2024-09-25";"MI-010";"10"
"SAL-0004031";"2024-09-25";"MI-011";"12"
"SAL-0004032";"2024-09-25";"MI-012";"6"
"SAL-0004033";"2024-09-25";"MI-013";"9"
"SAL-0004034";"2024-09-25";"MI-014";"4"
"SAL-0004035";"2024-09-25";"MI-015";"11"
"SAL-0004036";"2024-09-26";"MI-001";"21"
"SAL-0004037";"2024-09-26";"MI-002";"22"
"SAL-0004038";"2024-09-26";"MI-003";"24"
"SAL-0004039";"2024-09-26";"MI-004";"13"
"SAL-0004040";"2024-09-26";"MI-005";"26"
"SAL-0004041";"2024-09-26";"MI-006";"8"
"SAL-0004042";"2024-09-26";"MI-007";"13"
"SAL-0004043";"2024-09-26";"MI-008";"12"
"SAL-0004044";"2024-09-26";"MI-009";"9"
"SAL-0004045";"2024-09-26";"MI-010";"5"
"SAL-0004046";"2024-09-26";"MI-011";"17"
"SAL-0004047";"2024-09-26";"MI-012";"10"
"SAL-0004048";"2024-09-26";"MI-013";"4"
"SAL-0004049";"2024-09-26";"MI-014";"7"
"SAL-0004050";"2024-09-26";"MI-015";"12"
"SAL-0004051";"2024-09-27";"MI-001";"28"
"SAL-0004052";"2024-09-27";"MI-002";"16"
"SAL-0004053";"2024-09-27";"MI-003";"21"
"SAL-0004054";"2024-09-27";"MI-004";"17"
"SAL-0004055";"2024-09-27";"MI-005";"21"
"SAL-0004056";"2024-09-27";"MI-006";"15"
"SAL-0004057";"2024-09-27";"MI-007";"19"
"SAL-0004058";"2024-09-27";"MI-008";"4"
"SAL-0004059";"2024-09-27";"MI-009";"12"
"SAL-0004060";"2024-09-27";"MI-010";"19"
"SAL-0004061";"2024-09-27";"MI-011";"15"
"SAL-0004062";"2024-09-27";"MI-012";"5"
"SAL-0004063";"2024-09-27";"MI-013";"9"
"SAL-0004064";"2024-09-27";"MI-014";"11"
"SAL-0004065";"2024-09-27";"MI-015";"8"
"SAL-0004066";"2024-09-28";"MI-001";"40"
"SAL-0004067";"2024-09-28";"MI-002";"21"
"SAL-0004068";"2024-09-28";"MI-003";"26"
"SAL-0004069";"2024-09-28";"MI-004";"12"
"SAL-0004070";"2024-09-28";"MI-005";"36"
"SAL-0004071";"2024-09-28";"MI-006";"21"
"SAL-0004072";"2024-09-28";"MI-007";"25"
"SAL-0004073";"2024-09-28";"MI-008";"13"
"SAL-0004074";"2024-09-28";"MI-009";"11"
"SAL-0004075";"2024-09-28";"MI-010";"9"
"SAL-0004076";"2024-09-28";"MI-011";"11"
"SAL-0004077";"2024-09-28";"MI-012";"10"
"SAL-0004078";"2024-09-28";"MI-013";"16"
"SAL-0004079";"2024-09-28";"MI-014";"13"
"SAL-0004080";"2024-09-28";"MI-015";"5"
"SAL-0004081";"2024-09-29";"MI-001";"30"
"SAL-0004082";"2024-09-29";"MI-002";"27"
"SAL-0004083";"2024-09-29";"MI-003";"21"
"SAL-0004084";"2024-09-29";"MI-004";"16"
"SAL-0004085";"2024-09-29";"MI-005";"25"
"SAL-0004086";"2024-09-29";"MI-006";"20"
"SAL-0004087";"2024-09-29";"MI-007";"11"
"SAL-0004088";"2024-09-29";"MI-008";"15"
"SAL-0004089";"2024-09-29";"MI-009";"14"
"SAL-0004090";"2024-09-29";"MI-010";"11"
"SAL-0004091";"2024-09-29";"MI-011";"11"
"SAL-0004092";"2024-09-29";"MI-012";"10"
"SAL-0004093";"2024-09-29";"MI-013";"11"
"SAL-0004094";"2024-09-29";"MI-014";"14"
"SAL-0004095";"2024-09-29";"MI-015";"9"
"SAL-0004096";"2024-09-30";"MI-001";"12"
"SAL-0004097";"2024-09-30";"MI-002";"20"
"SAL-0004098";"2024-09-30";"MI-003";"17"
"SAL-0004099";"2024-09-30";"MI-004";"14"
"SAL-0004100";"2024-09-30";"MI-005";"17"
"SAL-0004101";"2024-09-30";"MI-006";"10"
"SAL-0004102";"2024-09-30";"MI-007";"15"
"SAL-0004103";"2024-09-30";"MI-008";"13"
"SAL-0004104";"2024-09-30";"MI-009";"2"
"SAL-0004105";"2024-09-30";"MI-010";"8"
"SAL-0004106";"2024-09-30";"MI-011";"7"
"SAL-0004107";"2024-09-30";"MI-012";"7"
"SAL-0004108";"2024-09-30";"MI-013";"14"
"SAL-0004109";"2024-09-30";"MI-014";"5"
"SAL-0004110";"2024-09-30";"MI-015";"7"
"SAL-0004111";"2024-10-01";"MI-001";"11"
"SAL-0004112";"2024-10-01";"MI-002";"7"
"SAL-0004113";"2024-10-01";"MI-003";"17"
"SAL-0004114";"2024-10-01";"MI-004";"12"
"SAL-0004115";"2024-10-01";"MI-005";"11"
"SAL-0004116";"2024-10-01";"MI-006";"9"
"SAL-0004117";"2024-10-01";"MI-007";"8"
"SAL-0004118";"2024-10-01";"MI-008";"11"
"SAL-0004119";"2024-10-01";"MI-009";"5"
"SAL-0004120";"2024-10-01";"MI-010";"4"
"SAL-0004121";"2024-10-01";"MI-011";"7"
"SAL-0004122";"2024-10-01";"MI-012";"13"
"SAL-0004123";"2024-10-01";"MI-013";"11"
"SAL-0004124";"2024-10-01";"MI-014";"3"
"SAL-0004125";"2024-10-01";"MI-015";"6"
"SAL-0004126";"2024-10-02";"MI-001";"22"
"SAL-0004127";"2024-10-02";"MI-002";"13"
"SAL-0004128";"2024-10-02";"MI-003";"13"
"SAL-0004129";"2024-10-02";"MI-004";"15"
"SAL-0004130";"2024-10-02";"MI-005";"20"
"SAL-0004131";"2024-10-02";"MI-006";"12"
"SAL-0004132";"2024-10-02";"MI-007";"10"
"SAL-0004133";"2024-10-02";"MI-008";"9"
"SAL-0004134";"2024-10-02";"MI-009";"2"
"SAL-0004135";"2024-10-02";"MI-010";"9"
"SAL-0004136";"2024-10-02";"MI-011";"12"
"SAL-0004137";"2024-10-02";"MI-012";"5"
"SAL-0004138";"2024-10-02";"MI-013";"9"
"SAL-0004139";"2024-10-02";"MI-014";"7"
"SAL-0004140";"2024-10-02";"MI-015";"11"
"SAL-0004141";"2024-10-03";"MI-001";"11"
"SAL-0004142";"2024-10-03";"MI-002";"18"
"SAL-0004143";"2024-10-03";"MI-003";"21"
"SAL-0004144";"2024-10-03";"MI-004";"15"
"SAL-0004145";"2024-10-03";"MI-005";"18"
"SAL-0004146";"2024-10-03";"MI-006";"8"
"SAL-0004147";"2024-10-03";"MI-007";"10"
"SAL-0004148";"2024-10-03";"MI-008";"9"
"SAL-0004149";"2024-10-03";"MI-009";"6"
"SAL-0004150";"2024-10-03";"MI-010";"8"
"SAL-0004151";"2024-10-03";"MI-011";"11"
"SAL-0004152";"2024-10-03";"MI-012";"7"
"SAL-0004153";"2024-10-03";"MI-013";"6"
"SAL-0004154";"2024-10-03";"MI-014";"5"
"SAL-0004155";"2024-10-03";"MI-015";"6"
"SAL-0004156";"2024-10-04";"MI-001";"20"
"SAL-0004157";"2024-10-04";"MI-002";"17"
"SAL-0004158";"2024-10-04";"MI-003";"24"
"SAL-0004159";"2024-10-04";"MI-004";"17"
"SAL-0004160";"2024-10-04";"MI-005";"30"
"SAL-0004161";"2024-10-04";"MI-006";"6"
"SAL-0004162";"2024-10-04";"MI-007";"15"
"SAL-0004163";"2024-10-04";"MI-008";"5"
"SAL-0004164";"2024-10-04";"MI-009";"5"
"SAL-0004165";"2024-10-04";"MI-010";"9"
"SAL-0004166";"2024-10-04";"MI-011";"8"
"SAL-0004167";"2024-10-04";"MI-012";"8"
"SAL-0004168";"2024-10-04";"MI-013";"5"
"SAL-0004169";"2024-10-04";"MI-014";"10"
"SAL-0004170";"2024-10-04";"MI-015";"8"
"SAL-0004171";"2024-10-05";"MI-001";"49"
"SAL-0004172";"2024-10-05";"MI-002";"31"
"SAL-0004173";"2024-10-05";"MI-003";"35"
"SAL-0004174";"2024-10-05";"MI-004";"21"
"SAL-0004175";"2024-10-05";"MI-005";"35"
"SAL-0004176";"2024-10-05";"MI-006";"29"
"SAL-0004177";"2024-10-05";"MI-007";"38"
"SAL-0004178";"2024-10-05";"MI-008";"10"
"SAL-0004179";"2024-10-05";"MI-009";"19"
"SAL-0004180";"2024-10-05";"MI-010";"21"
"SAL-0004181";"2024-10-05";"MI-011";"21"
"SAL-0004182";"2024-10-05";"MI-012";"17"
"SAL-0004183";"2024-10-05";"MI-013";"17"
"SAL-0004184";"2024-10-05";"MI-014";"11"
"SAL-0004185";"2024-10-05";"MI-015";"25"
"SAL-0004186";"2024-10-06";"MI-001";"33"
"SAL-0004187";"2024-10-06";"MI-002";"25"
"SAL-0004188";"2024-10-06";"MI-003";"34"
"SAL-0004189";"2024-10-06";"MI-004";"24"
"SAL-0004190";"2024-10-06";"MI-005";"40"
"SAL-0004191";"2024-10-06";"MI-006";"26"
"SAL-0004192";"2024-10-06";"MI-007";"21"
"SAL-0004193";"2024-10-06";"MI-008";"21"
"SAL-0004194";"2024-10-06";"MI-009";"14"
"SAL-0004195";"2024-10-06";"MI-010";"15"
"SAL-0004196";"2024-10-06";"MI-011";"19"
"SAL-0004197";"2024-10-06";"MI-012";"16"
"SAL-0004198";"2024-10-06";"MI-013";"14"
"SAL-0004199";"2024-10-06";"MI-014";"15"
"SAL-0004200";"2024-10-06";"MI-015";"16"
"SAL-0004201";"2024-10-07";"MI-001";"20"
"SAL-0004202";"2024-10-07";"MI-002";"14"
"SAL-0004203";"2024-10-07";"MI-003";"17"
"SAL-0004204";"2024-10-07";"MI-004";"13"
"SAL-0004205";"2024-10-07";"MI-005";"17"
"SAL-0004206";"2024-10-07";"MI-006";"14"
"SAL-0004207";"2024-10-07";"MI-007";"12"
"SAL-0004208";"2024-10-07";"MI-008";"9"
"SAL-0004209";"2024-10-07";"MI-009";"10"
"SAL-0004210";"2024-10-07";"MI-010";"11"
"SAL-0004211";"2024-10-07";"MI-011";"8"
"SAL-0004212";"2024-10-07";"MI-012";"7"
"SAL-0004213";"2024-10-07";"MI-013";"9"
"SAL-0004214";"2024-10-07";"MI-014";"7"
"SAL-0004215";"2024-10-07";"MI-015";"10"
"SAL-0004216";"2024-10-08";"MI-001";"27"
"SAL-0004217";"2024-10-08";"MI-002";"22"
"SAL-0004218";"2024-10-08";"MI-003";"25"
"SAL-0004219";"2024-10-08";"MI-004";"14"
"SAL-0004220";"2024-10-08";"MI-005";"31"
"SAL-0004221";"2024-10-08";"MI-006";"13"
"SAL-0004222";"2024-10-08";"MI-007";"18"
"SAL-0004223";"2024-10-08";"MI-008";"20"
"SAL-0004224";"2024-10-08";"MI-009";"7"
"SAL-0004225";"2024-10-08";"MI-010";"13"
"SAL-0004226";"2024-10-08";"MI-011";"10"
"SAL-0004227";"2024-10-08";"MI-012";"10"
"SAL-0004228";"2024-10-08";"MI-013";"9"
"SAL-0004229";"2024-10-08";"MI-014";"12"
"SAL-0004230";"2024-10-08";"MI-015";"16"
"SAL-0004231";"2024-10-09";"MI-001";"14"
"SAL-0004232";"2024-10-09";"MI-002";"13"
"SAL-0004233";"2024-10-09";"MI-003";"18"
"SAL-0004234";"2024-10-09";"MI-004";"10"
"SAL-0004235";"2024-10-09";"MI-005";"24"
"SAL-0004236";"2024-10-09";"MI-006";"16"
"SAL-0004237";"2024-10-09";"MI-007";"14"
"SAL-0004238";"2024-10-09";"MI-008";"8"
"SAL-0004239";"2024-10-09";"MI-009";"7"
"SAL-0004240";"2024-10-09";"MI-010";"8"
"SAL-0004241";"2024-10-09";"MI-011";"8"
"SAL-0004242";"2024-10-09";"MI-012";"8"
"SAL-0004243";"2024-10-09";"MI-013";"8"
"SAL-0004244";"2024-10-09";"MI-014";"7"
"SAL-0004245";"2024-10-09";"MI-015";"10"
"SAL-0004246";"2024-10-10";"MI-001";"27"
"SAL-0004247";"2024-10-10";"MI-002";"16"
"SAL-0004248";"2024-10-10";"MI-003";"22"
"SAL-0004249";"2024-10-10";"MI-004";"19"
"SAL-0004250";"2024-10-10";"MI-005";"24"
"SAL-0004251";"2024-10-10";"MI-006";"9"
"SAL-0004252";"2024-10-10";"MI-007";"20"
"SAL-0004253";"2024-10-10";"MI-008";"16"
"SAL-0004254";"2024-10-10";"MI-009";"8"
"SAL-0004255";"2024-10-10";"MI-010";"9"
"SAL-0004256";"2024-10-10";"MI-011";"10"
"SAL-0004257";"2024-10-10";"MI-012";"4"
"SAL-0004258";"2024-10-10";"MI-013";"7"
"SAL-0004259";"2024-10-10";"MI-014";"9"
"SAL-0004260";"2024-10-10";"MI-015";"9"
"SAL-0004261";"2024-10-11";"MI-001";"30"
"SAL-0004262";"2024-10-11";"MI-002";"25"
"SAL-0004263";"2024-10-11";"MI-003";"26"
"SAL-0004264";"2024-10-11";"MI-004";"13"
"SAL-0004265";"2024-10-11";"MI-005";"15"
"SAL-0004266";"2024-10-11";"MI-006";"20"
"SAL-0004267";"2024-10-11";"MI-007";"21"
"SAL-0004268";"2024-10-11";"MI-008";"11"
"SAL-0004269";"2024-10-11";"MI-009";"11"
"SAL-0004270";"2024-10-11";"MI-010";"10"
"SAL-0004271";"2024-10-11";"MI-011";"16"
"SAL-0004272";"2024-10-11";"MI-012";"11"
"SAL-0004273";"2024-10-11";"MI-013";"14"
"SAL-0004274";"2024-10-11";"MI-014";"6"
"SAL-0004275";"2024-10-11";"MI-015";"8"
"SAL-0004276";"2024-10-12";"MI-001";"30"
"SAL-0004277";"2024-10-12";"MI-002";"30"
"SAL-0004278";"2024-10-12";"MI-003";"33"
"SAL-0004279";"2024-10-12";"MI-004";"15"
"SAL-0004280";"2024-10-12";"MI-005";"32"
"SAL-0004281";"2024-10-12";"MI-006";"28"
"SAL-0004282";"2024-10-12";"MI-007";"26"
"SAL-0004283";"2024-10-12";"MI-008";"18"
"SAL-0004284";"2024-10-12";"MI-009";"13"
"SAL-0004285";"2024-10-12";"MI-010";"10"
"SAL-0004286";"2024-10-12";"MI-011";"17"
"SAL-0004287";"2024-10-12";"MI-012";"18"
"SAL-0004288";"2024-10-12";"MI-013";"20"
"SAL-0004289";"2024-10-12";"MI-014";"10"
"SAL-0004290";"2024-10-12";"MI-015";"22"
"SAL-0004291";"2024-10-13";"MI-001";"36"
"SAL-0004292";"2024-10-13";"MI-002";"29"
"SAL-0004293";"2024-10-13";"MI-003";"29"
"SAL-0004294";"2024-10-13";"MI-004";"21"
"SAL-0004295";"2024-10-13";"MI-005";"26"
"SAL-0004296";"2024-10-13";"MI-006";"21"
"SAL-0004297";"2024-10-13";"MI-007";"26"
"SAL-0004298";"2024-10-13";"MI-008";"22"
"SAL-0004299";"2024-10-13";"MI-009";"12"
"SAL-0004300";"2024-10-13";"MI-010";"14"
"SAL-0004301";"2024-10-13";"MI-011";"11"
"SAL-0004302";"2024-10-13";"MI-012";"10"
"SAL-0004303";"2024-10-13";"MI-013";"9"
"SAL-0004304";"2024-10-13";"MI-014";"10"
"SAL-0004305";"2024-10-13";"MI-015";"16"
"SAL-0004306";"2024-10-14";"MI-001";"16"
"SAL-0004307";"2024-10-14";"MI-002";"15"
"SAL-0004308";"2024-10-14";"MI-003";"11"
"SAL-0004309";"2024-10-14";"MI-004";"10"
"SAL-0004310";"2024-10-14";"MI-005";"24"
"SAL-0004311";"2024-10-14";"MI-006";"14"
"SAL-0004312";"2024-10-14";"MI-007";"12"
"SAL-0004313";"2024-10-14";"MI-008";"9"
"SAL-0004314";"2024-10-14";"MI-009";"6"
"SAL-0004315";"2024-10-14";"MI-010";"7"
"SAL-0004316";"2024-10-14";"MI-011";"12"
"SAL-0004317";"2024-10-14";"MI-012";"6"
"SAL-0004318";"2024-10-14";"MI-013";"9"
"SAL-0004319";"2024-10-14";"MI-014";"6"
"SAL-0004320";"2024-10-14";"MI-015";"12"
"SAL-0004321";"2024-10-15";"MI-001";"21"
"SAL-0004322";"2024-10-15";"MI-002";"12"
"SAL-0004323";"2024-10-15";"MI-003";"19"
"SAL-0004324";"2024-10-15";"MI-004";"13"
"SAL-0004325";"2024-10-15";"MI-005";"13"
"SAL-0004326";"2024-10-15";"MI-006";"14"
"SAL-0004327";"2024-10-15";"MI-007";"10"
"SAL-0004328";"2024-10-15";"MI-008";"5"
"SAL-0004329";"2024-10-15";"MI-009";"7"
"SAL-0004330";"2024-10-15";"MI-010";"8"
"SAL-0004331";"2024-10-15";"MI-011";"8"
"SAL-0004332";"2024-10-15";"MI-012";"3"
"SAL-0004333";"2024-10-15";"MI-013";"5"
"SAL-0004334";"2024-10-15";"MI-014";"0"
"SAL-0004335";"2024-10-15";"MI-015";"9"
"SAL-0004336";"2024-10-16";"MI-001";"25"
"SAL-0004337";"2024-10-16";"MI-002";"18"
"SAL-0004338";"2024-10-16";"MI-003";"11"
"SAL-0004339";"2024-10-16";"MI-004";"13"
"SAL-0004340";"2024-10-16";"MI-005";"15"
"SAL-0004341";"2024-10-16";"MI-006";"17"
"SAL-0004342";"2024-10-16";"MI-007";"15"
"SAL-0004343";"2024-10-16";"MI-008";"7"
"SAL-0004344";"2024-10-16";"MI-009";"4"
"SAL-0004345";"2024-10-16";"MI-010";"9"
"SAL-0004346";"2024-10-16";"MI-011";"9"
"SAL-0004347";"2024-10-16";"MI-012";"4"
"SAL-0004348";"2024-10-16";"MI-013";"7"
"SAL-0004349";"2024-10-16";"MI-014";"6"
"SAL-0004350";"2024-10-16";"MI-015";"7"
"SAL-0004351";"2024-10-17";"MI-001";"16"
"SAL-0004352";"2024-10-17";"MI-002";"19"
"SAL-0004353";"2024-10-17";"MI-003";"8"
"SAL-0004354";"2024-10-17";"MI-004";"13"
"SAL-0004355";"2024-10-17";"MI-005";"14"
"SAL-0004356";"2024-10-17";"MI-006";"10"
"SAL-0004357";"2024-10-17";"MI-007";"12"
"SAL-0004358";"2024-10-17";"MI-008";"11"
"SAL-0004359";"2024-10-17";"MI-009";"4"
"SAL-0004360";"2024-10-17";"MI-010";"6"
"SAL-0004361";"2024-10-17";"MI-011";"16"
"SAL-0004362";"2024-10-17";"MI-012";"8"
"SAL-0004363";"2024-10-17";"MI-013";"11"
"SAL-0004364";"2024-10-17";"MI-014";"5"
"SAL-0004365";"2024-10-17";"MI-015";"9"
"SAL-0004366";"2024-10-18";"MI-001";"35"
"SAL-0004367";"2024-10-18";"MI-002";"16"
"SAL-0004368";"2024-10-18";"MI-003";"26"
"SAL-0004369";"2024-10-18";"MI-004";"16"
"SAL-0004370";"2024-10-18";"MI-005";"26"
"SAL-0004371";"2024-10-18";"MI-006";"20"
"SAL-0004372";"2024-10-18";"MI-007";"24"
"SAL-0004373";"2024-10-18";"MI-008";"12"
"SAL-0004374";"2024-10-18";"MI-009";"12"
"SAL-0004375";"2024-10-18";"MI-010";"7"
"SAL-0004376";"2024-10-18";"MI-011";"9"
"SAL-0004377";"2024-10-18";"MI-012";"15"
"SAL-0004378";"2024-10-18";"MI-013";"10"
"SAL-0004379";"2024-10-18";"MI-014";"7"
"SAL-0004380";"2024-10-18";"MI-015";"16"
"SAL-0004381";"2024-10-19";"MI-001";"46"
"SAL-0004382";"2024-10-19";"MI-002";"30"
"SAL-0004383";"2024-10-19";"MI-003";"25"
"SAL-0004384";"2024-10-19";"MI-004";"19"
"SAL-0004385";"2024-10-19";"MI-005";"32"
"SAL-0004386";"2024-10-19";"MI-006";"23"
"SAL-0004387";"2024-10-19";"MI-007";"25"
"SAL-0004388";"2024-10-19";"MI-008";"13"
"SAL-0004389";"2024-10-19";"MI-009";"19"
"SAL-0004390";"2024-10-19";"MI-010";"16"
"SAL-0004391";"2024-10-19";"MI-011";"20"
"SAL-0004392";"2024-10-19";"MI-012";"19"
"SAL-0004393";"2024-10-19";"MI-013";"14"
"SAL-0004394";"2024-10-19";"MI-014";"9"
"SAL-0004395";"2024-10-19";"MI-015";"10"
"SAL-0004396";"2024-10-20";"MI-001";"29"
"SAL-0004397";"2024-10-20";"MI-002";"24"
"SAL-0004398";"2024-10-20";"MI-003";"30"
"SAL-0004399";"2024-10-20";"MI-004";"20"
"SAL-0004400";"2024-10-20";"MI-005";"30"
"SAL-0004401";"2024-10-20";"MI-006";"21"
"SAL-0004402";"2024-10-20";"MI-007";"23"
"SAL-0004403";"2024-10-20";"MI-008";"16"
"SAL-0004404";"2024-10-20";"MI-009";"14"
"SAL-0004405";"2024-10-20";"MI-010";"13"
"SAL-0004406";"2024-10-20";"MI-011";"12"
"SAL-0004407";"2024-10-20";"MI-012";"10"
"SAL-0004408";"2024-10-20";"MI-013";"10"
"SAL-0004409";"2024-10-20";"MI-014";"6"
"SAL-0004410";"2024-10-20";"MI-015";"16"
"SAL-0004411";"2024-10-21";"MI-001";"18"
"SAL-0004412";"2024-10-21";"MI-002";"12"
"SAL-0004413";"2024-10-21";"MI-003";"13"
"SAL-0004414";"2024-10-21";"MI-004";"12"
"SAL-0004415";"2024-10-21";"MI-005";"18"
"SAL-0004416";"2024-10-21";"MI-006";"12"
"SAL-0004417";"2024-10-21";"MI-007";"10"
"SAL-0004418";"2024-10-21";"MI-008";"12"
"SAL-0004419";"2024-10-21";"MI-009";"8"
"SAL-0004420";"2024-10-21";"MI-010";"12"
"SAL-0004421";"2024-10-21";"MI-011";"7"
"SAL-0004422";"2024-10-21";"MI-012";"5"
"SAL-0004423";"2024-10-21";"MI-013";"13"
"SAL-0004424";"2024-10-21";"MI-014";"4"
"SAL-0004425";"2024-10-21";"MI-015";"9"
"SAL-0004426";"2024-10-22";"MI-001";"20"
"SAL-0004427";"2024-10-22";"MI-002";"18"
"SAL-0004428";"2024-10-22";"MI-003";"16"
"SAL-0004429";"2024-10-22";"MI-004";"7"
"SAL-0004430";"2024-10-22";"MI-005";"20"
"SAL-0004431";"2024-10-22";"MI-006";"10"
"SAL-0004432";"2024-10-22";"MI-007";"14"
"SAL-0004433";"2024-10-22";"MI-008";"10"
"SAL-0004434";"2024-10-22";"MI-009";"6"
"SAL-0004435";"2024-10-22";"MI-010";"8"
"SAL-0004436";"2024-10-22";"MI-011";"9"
"SAL-0004437";"2024-10-22";"MI-012";"6"
"SAL-0004438";"2024-10-22";"MI-013";"5"
"SAL-0004439";"2024-10-22";"MI-014";"1"
"SAL-0004440";"2024-10-22";"MI-015";"5"
"SAL-0004441";"2024-10-23";"MI-001";"18"
"SAL-0004442";"2024-10-23";"MI-002";"18"
"SAL-0004443";"2024-10-23";"MI-003";"9"
"SAL-0004444";"2024-10-23";"MI-004";"14"
"SAL-0004445";"2024-10-23";"MI-005";"19"
"SAL-0004446";"2024-10-23";"MI-006";"14"
"SAL-0004447";"2024-10-23";"MI-007";"9"
"SAL-0004448";"2024-10-23";"MI-008";"8"
"SAL-0004449";"2024-10-23";"MI-009";"8"
"SAL-0004450";"2024-10-23";"MI-010";"5"
"SAL-0004451";"2024-10-23";"MI-011";"13"
"SAL-0004452";"2024-10-23";"MI-012";"11"
"SAL-0004453";"2024-10-23";"MI-013";"1"
"SAL-0004454";"2024-10-23";"MI-014";"4"
"SAL-0004455";"2024-10-23";"MI-015";"10"
"SAL-0004456";"2024-10-24";"MI-001";"24"
"SAL-0004457";"2024-10-24";"MI-002";"25"
"SAL-0004458";"2024-10-24";"MI-003";"17"
"SAL-0004459";"2024-10-24";"MI-004";"14"
"SAL-0004460";"2024-10-24";"MI-005";"22"
"SAL-0004461";"2024-10-24";"MI-006";"10"
"SAL-0004462";"2024-10-24";"MI-007";"21"
"SAL-0004463";"2024-10-24";"MI-008";"11"
"SAL-0004464";"2024-10-24";"MI-009";"10"
"SAL-0004465";"2024-10-24";"MI-010";"16"
"SAL-0004466";"2024-10-24";"MI-011";"16"
"SAL-0004467";"2024-10-24";"MI-012";"10"
"SAL-0004468";"2024-10-24";"MI-013";"13"
"SAL-0004469";"2024-10-24";"MI-014";"8"
"SAL-0004470";"2024-10-24";"MI-015";"12"
"SAL-0004471";"2024-10-25";"MI-001";"26"
"SAL-0004472";"2024-10-25";"MI-002";"15"
"SAL-0004473";"2024-10-25";"MI-003";"16"
"SAL-0004474";"2024-10-25";"MI-004";"19"
"SAL-0004475";"2024-10-25";"MI-005";"20"
"SAL-0004476";"2024-10-25";"MI-006";"11"
"SAL-0004477";"2024-10-25";"MI-007";"17"
"SAL-0004478";"2024-10-25";"MI-008";"8"
"SAL-0004479";"2024-10-25";"MI-009";"7"
"SAL-0004480";"2024-10-25";"MI-010";"11"
"SAL-0004481";"2024-10-25";"MI-011";"13"
"SAL-0004482";"2024-10-25";"MI-012";"8"
"SAL-0004483";"2024-10-25";"MI-013";"10"
"SAL-0004484";"2024-10-25";"MI-014";"5"
"SAL-0004485";"2024-10-25";"MI-015";"11"
"SAL-0004486";"2024-10-26";"MI-001";"30"
"SAL-0004487";"2024-10-26";"MI-002";"29"
"SAL-0004488";"2024-10-26";"MI-003";"37"
"SAL-0004489";"2024-10-26";"MI-004";"18"
"SAL-0004490";"2024-10-26";"MI-005";"33"
"SAL-0004491";"2024-10-26";"MI-006";"17"
"SAL-0004492";"2024-10-26";"MI-007";"21"
"SAL-0004493";"2024-10-26";"MI-008";"14"
"SAL-0004494";"2024-10-26";"MI-009";"14"
"SAL-0004495";"2024-10-26";"MI-010";"13"
"SAL-0004496";"2024-10-26";"MI-011";"15"
"SAL-0004497";"2024-10-26";"MI-012";"15"
"SAL-0004498";"2024-10-26";"MI-013";"13"
"SAL-0004499";"2024-10-26";"MI-014";"13"
"SAL-0004500";"2024-10-26";"MI-015";"17"
"SAL-0004501";"2024-10-27";"MI-001";"39"
"SAL-0004502";"2024-10-27";"MI-002";"27"
"SAL-0004503";"2024-10-27";"MI-003";"27"
"SAL-0004504";"2024-10-27";"MI-004";"18"
"SAL-0004505";"2024-10-27";"MI-005";"28"
"SAL-0004506";"2024-10-27";"MI-006";"17"
"SAL-0004507";"2024-10-27";"MI-007";"30"
"SAL-0004508";"2024-10-27";"MI-008";"18"
"SAL-0004509";"2024-10-27";"MI-009";"12"
"SAL-0004510";"2024-10-27";"MI-010";"11"
"SAL-0004511";"2024-10-27";"MI-011";"18"
"SAL-0004512";"2024-10-27";"MI-012";"15"
"SAL-0004513";"2024-10-27";"MI-013";"7"
"SAL-0004514";"2024-10-27";"MI-014";"10"
"SAL-0004515";"2024-10-27";"MI-015";"15"
"SAL-0004516";"2024-10-28";"MI-001";"23"
"SAL-0004517";"2024-10-28";"MI-002";"8"
"SAL-0004518";"2024-10-28";"MI-003";"12"
"SAL-0004519";"2024-10-28";"MI-004";"11"
"SAL-0004520";"2024-10-28";"MI-005";"23"
"SAL-0004521";"2024-10-28";"MI-006";"6"
"SAL-0004522";"2024-10-28";"MI-007";"16"
"SAL-0004523";"2024-10-28";"MI-008";"10"
"SAL-0004524";"2024-10-28";"MI-009";"5"
"SAL-0004525";"2024-10-28";"MI-010";"10"
"SAL-0004526";"2024-10-28";"MI-011";"10"
"SAL-0004527";"2024-10-28";"MI-012";"2"
"SAL-0004528";"2024-10-28";"MI-013";"9"
"SAL-0004529";"2024-10-28";"MI-014";"10"
"SAL-0004530";"2024-10-28";"MI-015";"10"
"SAL-0004531";"2024-10-29";"MI-001";"16"
"SAL-0004532";"2024-10-29";"MI-002";"8"
"SAL-0004533";"2024-10-29";"MI-003";"15"
"SAL-0004534";"2024-10-29";"MI-004";"15"
"SAL-0004535";"2024-10-29";"MI-005";"8"
"SAL-0004536";"2024-10-29";"MI-006";"13"
"SAL-0004537";"2024-10-29";"MI-007";"11"
"SAL-0004538";"2024-10-29";"MI-008";"6"
"SAL-0004539";"2024-10-29";"MI-009";"9"
"SAL-0004540";"2024-10-29";"MI-010";"11"
"SAL-0004541";"2024-10-29";"MI-011";"6"
"SAL-0004542";"2024-10-29";"MI-012";"7"
"SAL-0004543";"2024-10-29";"MI-013";"5"
"SAL-0004544";"2024-10-29";"MI-014";"2"
"SAL-0004545";"2024-10-29";"MI-015";"5"
"SAL-0004546";"2024-10-30";"MI-001";"20"
"SAL-0004547";"2024-10-30";"MI-002";"17"
"SAL-0004548";"2024-10-30";"MI-003";"22"
"SAL-0004549";"2024-10-30";"MI-004";"8"
"SAL-0004550";"2024-10-30";"MI-005";"22"
"SAL-0004551";"2024-10-30";"MI-006";"7"
"SAL-0004552";"2024-10-30";"MI-007";"15"
"SAL-0004553";"2024-10-30";"MI-008";"9"
"SAL-0004554";"2024-10-30";"MI-009";"6"
"SAL-0004555";"2024-10-30";"MI-010";"6"
"SAL-0004556";"2024-10-30";"MI-011";"11"
"SAL-0004557";"2024-10-30";"MI-012";"10"
"SAL-0004558";"2024-10-30";"MI-013";"2"
"SAL-0004559";"2024-10-30";"MI-014";"5"
"SAL-0004560";"2024-10-30";"MI-015";"8"
"SAL-0004561";"2024-10-31";"MI-001";"24"
"SAL-0004562";"2024-10-31";"MI-002";"18"
"SAL-0004563";"2024-10-31";"MI-003";"21"
"SAL-0004564";"2024-10-31";"MI-004";"11"
"SAL-0004565";"2024-10-31";"MI-005";"14"
"SAL-0004566";"2024-10-31";"MI-006";"10"
"SAL-0004567";"2024-10-31";"MI-007";"18"
"SAL-0004568";"2024-10-31";"MI-008";"15"
"SAL-0004569";"2024-10-31";"MI-009";"8"
"SAL-0004570";"2024-10-31";"MI-010";"9"
"SAL-0004571";"2024-10-31";"MI-011";"9"
"SAL-0004572";"2024-10-31";"MI-012";"11"
"SAL-0004573";"2024-10-31";"MI-013";"11"
"SAL-0004574";"2024-10-31";"MI-014";"8"
"SAL-0004575";"2024-10-31";"MI-015";"8"
"SAL-0004576";"2024-11-01";"MI-001";"21"
"SAL-0004577";"2024-11-01";"MI-002";"12"
"SAL-0004578";"2024-11-01";"MI-003";"16"
"SAL-0004579";"2024-11-01";"MI-004";"20"
"SAL-0004580";"2024-11-01";"MI-005";"24"
"SAL-0004581";"2024-11-01";"MI-006";"12"
"SAL-0004582";"2024-11-01";"MI-007";"16"
"SAL-0004583";"2024-11-01";"MI-008";"10"
"SAL-0004584";"2024-11-01";"MI-009";"12"
"SAL-0004585";"2024-11-01";"MI-010";"9"
"SAL-0004586";"2024-11-01";"MI-011";"15"
"SAL-0004587";"2024-11-01";"MI-012";"7"
"SAL-0004588";"2024-11-01";"MI-013";"15"
"SAL-0004589";"2024-11-01";"MI-014";"6"
"SAL-0004590";"2024-11-01";"MI-015";"9"
"SAL-0004591";"2024-11-02";"MI-001";"24"
"SAL-0004592";"2024-11-02";"MI-002";"23"
"SAL-0004593";"2024-11-02";"MI-003";"30"
"SAL-0004594";"2024-11-02";"MI-004";"22"
"SAL-0004595";"2024-11-02";"MI-005";"30"
"SAL-0004596";"2024-11-02";"MI-006";"15"
"SAL-0004597";"2024-11-02";"MI-007";"23"
"SAL-0004598";"2024-11-02";"MI-008";"18"
"SAL-0004599";"2024-11-02";"MI-009";"14"
"SAL-0004600";"2024-11-02";"MI-010";"10"
"SAL-0004601";"2024-11-02";"MI-011";"10"
"SAL-0004602";"2024-11-02";"MI-012";"14"
"SAL-0004603";"2024-11-02";"MI-013";"14"
"SAL-0004604";"2024-11-02";"MI-014";"10"
"SAL-0004605";"2024-11-02";"MI-015";"15"
"SAL-0004606";"2024-11-03";"MI-001";"26"
"SAL-0004607";"2024-11-03";"MI-002";"19"
"SAL-0004608";"2024-11-03";"MI-003";"25"
"SAL-0004609";"2024-11-03";"MI-004";"20"
"SAL-0004610";"2024-11-03";"MI-005";"30"
"SAL-0004611";"2024-11-03";"MI-006";"14"
"SAL-0004612";"2024-11-03";"MI-007";"16"
"SAL-0004613";"2024-11-03";"MI-008";"17"
"SAL-0004614";"2024-11-03";"MI-009";"10"
"SAL-0004615";"2024-11-03";"MI-010";"12"
"SAL-0004616";"2024-11-03";"MI-011";"16"
"SAL-0004617";"2024-11-03";"MI-012";"7"
"SAL-0004618";"2024-11-03";"MI-013";"4"
"SAL-0004619";"2024-11-03";"MI-014";"16"
"SAL-0004620";"2024-11-03";"MI-015";"19"
"SAL-0004621";"2024-11-04";"MI-001";"9"
"SAL-0004622";"2024-11-04";"MI-002";"13"
"SAL-0004623";"2024-11-04";"MI-003";"18"
"SAL-0004624";"2024-11-04";"MI-004";"10"
"SAL-0004625";"2024-11-04";"MI-005";"8"
"SAL-0004626";"2024-11-04";"MI-006";"9"
"SAL-0004627";"2024-11-04";"MI-007";"12"
"SAL-0004628";"2024-11-04";"MI-008";"6"
"SAL-0004629";"2024-11-04";"MI-009";"6"
"SAL-0004630";"2024-11-04";"MI-010";"8"
"SAL-0004631";"2024-11-04";"MI-011";"10"
"SAL-0004632";"2024-11-04";"MI-012";"12"
"SAL-0004633";"2024-11-04";"MI-013";"5"
"SAL-0004634";"2024-11-04";"MI-014";"3"
"SAL-0004635";"2024-11-04";"MI-015";"6"
"SAL-0004636";"2024-11-05";"MI-001";"20"
"SAL-0004637";"2024-11-05";"MI-002";"25"
"SAL-0004638";"2024-11-05";"MI-003";"14"
"SAL-0004639";"2024-11-05";"MI-004";"12"
"SAL-0004640";"2024-11-05";"MI-005";"20"
"SAL-0004641";"2024-11-05";"MI-006";"11"
"SAL-0004642";"2024-11-05";"MI-007";"20"
"SAL-0004643";"2024-11-05";"MI-008";"5"
"SAL-0004644";"2024-11-05";"MI-009";"11"
"SAL-0004645";"2024-11-05";"MI-010";"11"
"SAL-0004646";"2024-11-05";"MI-011";"14"
"SAL-0004647";"2024-11-05";"MI-012";"8"
"SAL-0004648";"2024-11-05";"MI-013";"5"
"SAL-0004649";"2024-11-05";"MI-014";"10"
"SAL-0004650";"2024-11-05";"MI-015";"8"
"SAL-0004651";"2024-11-06";"MI-001";"23"
"SAL-0004652";"2024-11-06";"MI-002";"13"
"SAL-0004653";"2024-11-06";"MI-003";"18"
"SAL-0004654";"2024-11-06";"MI-004";"19"
"SAL-0004655";"2024-11-06";"MI-005";"19"
"SAL-0004656";"2024-11-06";"MI-006";"10"
"SAL-0004657";"2024-11-06";"MI-007";"11"
"SAL-0004658";"2024-11-06";"MI-008";"4"
"SAL-0004659";"2024-11-06";"MI-009";"4"
"SAL-0004660";"2024-11-06";"MI-010";"5"
"SAL-0004661";"2024-11-06";"MI-011";"11"
"SAL-0004662";"2024-11-06";"MI-012";"8"
"SAL-0004663";"2024-11-06";"MI-013";"5"
"SAL-0004664";"2024-11-06";"MI-014";"5"
"SAL-0004665";"2024-11-06";"MI-015";"11"
"SAL-0004666";"2024-11-07";"MI-001";"16"
"SAL-0004667";"2024-11-07";"MI-002";"11"
"SAL-0004668";"2024-11-07";"MI-003";"17"
"SAL-0004669";"2024-11-07";"MI-004";"18"
"SAL-0004670";"2024-11-07";"MI-005";"15"
"SAL-0004671";"2024-11-07";"MI-006";"9"
"SAL-0004672";"2024-11-07";"MI-007";"19"
"SAL-0004673";"2024-11-07";"MI-008";"8"
"SAL-0004674";"2024-11-07";"MI-009";"10"
"SAL-0004675";"2024-11-07";"MI-010";"10"
"SAL-0004676";"2024-11-07";"MI-011";"7"
"SAL-0004677";"2024-11-07";"MI-012";"3"
"SAL-0004678";"2024-11-07";"MI-013";"10"
"SAL-0004679";"2024-11-07";"MI-014";"4"
"SAL-0004680";"2024-11-07";"MI-015";"12"
"SAL-0004681";"2024-11-08";"MI-001";"19"
"SAL-0004682";"2024-11-08";"MI-002";"22"
"SAL-0004683";"2024-11-08";"MI-003";"19"
"SAL-0004684";"2024-11-08";"MI-004";"17"
"SAL-0004685";"2024-11-08";"MI-005";"21"
"SAL-0004686";"2024-11-08";"MI-006";"6"
"SAL-0004687";"2024-11-08";"MI-007";"21"
"SAL-0004688";"2024-11-08";"MI-008";"13"
"SAL-0004689";"2024-11-08";"MI-009";"8"
"SAL-0004690";"2024-11-08";"MI-010";"18"
"SAL-0004691";"2024-11-08";"MI-011";"12"
"SAL-0004692";"2024-11-08";"MI-012";"12"
"SAL-0004693";"2024-11-08";"MI-013";"10"
"SAL-0004694";"2024-11-08";"MI-014";"8"
"SAL-0004695";"2024-11-08";"MI-015";"13"
"SAL-0004696";"2024-11-09";"MI-001";"47"
"SAL-0004697";"2024-11-09";"MI-002";"35"
"SAL-0004698";"2024-11-09";"MI-003";"34"
"SAL-0004699";"2024-11-09";"MI-004";"23"
"SAL-0004700";"2024-11-09";"MI-005";"33"
"SAL-0004701";"2024-11-09";"MI-006";"30"
"SAL-0004702";"2024-11-09";"MI-007";"31"
"SAL-0004703";"2024-11-09";"MI-008";"21"
"SAL-0004704";"2024-11-09";"MI-009";"16"
"SAL-0004705";"2024-11-09";"MI-010";"27"
"SAL-0004706";"2024-11-09";"MI-011";"22"
"SAL-0004707";"2024-11-09";"MI-012";"15"
"SAL-0004708";"2024-11-09";"MI-013";"19"
"SAL-0004709";"2024-11-09";"MI-014";"10"
"SAL-0004710";"2024-11-09";"MI-015";"10"
"SAL-0004711";"2024-11-10";"MI-001";"47"
"SAL-0004712";"2024-11-10";"MI-002";"38"
"SAL-0004713";"2024-11-10";"MI-003";"28"
"SAL-0004714";"2024-11-10";"MI-004";"18"
"SAL-0004715";"2024-11-10";"MI-005";"24"
"SAL-0004716";"2024-11-10";"MI-006";"20"
"SAL-0004717";"2024-11-10";"MI-007";"33"
"SAL-0004718";"2024-11-10";"MI-008";"12"
"SAL-0004719";"2024-11-10";"MI-009";"18"
"SAL-0004720";"2024-11-10";"MI-010";"20"
"SAL-0004721";"2024-11-10";"MI-011";"26"
"SAL-0004722";"2024-11-10";"MI-012";"16"
"SAL-0004723";"2024-11-10";"MI-013";"21"
"SAL-0004724";"2024-11-10";"MI-014";"9"
"SAL-0004725";"2024-11-10";"MI-015";"19"
"SAL-0004726";"2024-11-11";"MI-001";"21"
"SAL-0004727";"2024-11-11";"MI-002";"7"
"SAL-0004728";"2024-11-11";"MI-003";"19"
"SAL-0004729";"2024-11-11";"MI-004";"8"
"SAL-0004730";"2024-11-11";"MI-005";"21"
"SAL-0004731";"2024-11-11";"MI-006";"7"
"SAL-0004732";"2024-11-11";"MI-007";"9"
"SAL-0004733";"2024-11-11";"MI-008";"3"
"SAL-0004734";"2024-11-11";"MI-009";"11"
"SAL-0004735";"2024-11-11";"MI-010";"13"
"SAL-0004736";"2024-11-11";"MI-011";"8"
"SAL-0004737";"2024-11-11";"MI-012";"6"
"SAL-0004738";"2024-11-11";"MI-013";"13"
"SAL-0004739";"2024-11-11";"MI-014";"8"
"SAL-0004740";"2024-11-11";"MI-015";"15"
"SAL-0004741";"2024-11-12";"MI-001";"18"
"SAL-0004742";"2024-11-12";"MI-002";"8"
"SAL-0004743";"2024-11-12";"MI-003";"11"
"SAL-0004744";"2024-11-12";"MI-004";"10"
"SAL-0004745";"2024-11-12";"MI-005";"10"
"SAL-0004746";"2024-11-12";"MI-006";"19"
"SAL-0004747";"2024-11-12";"MI-007";"14"
"SAL-0004748";"2024-11-12";"MI-008";"9"
"SAL-0004749";"2024-11-12";"MI-009";"2"
"SAL-0004750";"2024-11-12";"MI-010";"8"
"SAL-0004751";"2024-11-12";"MI-011";"6"
"SAL-0004752";"2024-11-12";"MI-012";"6"
"SAL-0004753";"2024-11-12";"MI-013";"11"
"SAL-0004754";"2024-11-12";"MI-014";"1"
"SAL-0004755";"2024-11-12";"MI-015";"11"
"SAL-0004756";"2024-11-13";"MI-001";"19"
"SAL-0004757";"2024-11-13";"MI-002";"7"
"SAL-0004758";"2024-11-13";"MI-003";"12"
"SAL-0004759";"2024-11-13";"MI-004";"12"
"SAL-0004760";"2024-11-13";"MI-005";"11"
"SAL-0004761";"2024-11-13";"MI-006";"8"
"SAL-0004762";"2024-11-13";"MI-007";"11"
"SAL-0004763";"2024-11-13";"MI-008";"4"
"SAL-0004764";"2024-11-13";"MI-009";"7"
"SAL-0004765";"2024-11-13";"MI-010";"9"
"SAL-0004766";"2024-11-13";"MI-011";"7"
"SAL-0004767";"2024-11-13";"MI-012";"7"
"SAL-0004768";"2024-11-13";"MI-013";"6"
"SAL-0004769";"2024-11-13";"MI-014";"3"
"SAL-0004770";"2024-11-13";"MI-015";"12"
"SAL-0004771";"2024-11-14";"MI-001";"26"
"SAL-0004772";"2024-11-14";"MI-002";"16"
"SAL-0004773";"2024-11-14";"MI-003";"19"
"SAL-0004774";"2024-11-14";"MI-004";"21"
"SAL-0004775";"2024-11-14";"MI-005";"23"
"SAL-0004776";"2024-11-14";"MI-006";"20"
"SAL-0004777";"2024-11-14";"MI-007";"17"
"SAL-0004778";"2024-11-14";"MI-008";"15"
"SAL-0004779";"2024-11-14";"MI-009";"15"
"SAL-0004780";"2024-11-14";"MI-010";"9"
"SAL-0004781";"2024-11-14";"MI-011";"24"
"SAL-0004782";"2024-11-14";"MI-012";"7"
"SAL-0004783";"2024-11-14";"MI-013";"13"
"SAL-0004784";"2024-11-14";"MI-014";"5"
"SAL-0004785";"2024-11-14";"MI-015";"15"
"SAL-0004786";"2024-11-15";"MI-001";"34"
"SAL-0004787";"2024-11-15";"MI-002";"18"
"SAL-0004788";"2024-11-15";"MI-003";"25"
"SAL-0004789";"2024-11-15";"MI-004";"18"
"SAL-0004790";"2024-11-15";"MI-005";"23"
"SAL-0004791";"2024-11-15";"MI-006";"11"
"SAL-0004792";"2024-11-15";"MI-007";"6"
"SAL-0004793";"2024-11-15";"MI-008";"15"
"SAL-0004794";"2024-11-15";"MI-009";"9"
"SAL-0004795";"2024-11-15";"MI-010";"11"
"SAL-0004796";"2024-11-15";"MI-011";"18"
"SAL-0004797";"2024-11-15";"MI-012";"7"
"SAL-0004798";"2024-11-15";"MI-013";"8"
"SAL-0004799";"2024-11-15";"MI-014";"5"
"SAL-0004800";"2024-11-15";"MI-015";"12"
"SAL-0004801";"2024-11-16";"MI-001";"46"
"SAL-0004802";"2024-11-16";"MI-002";"30"
"SAL-0004803";"2024-11-16";"MI-003";"31"
"SAL-0004804";"2024-11-16";"MI-004";"16"
"SAL-0004805";"2024-11-16";"MI-005";"42"
"SAL-0004806";"2024-11-16";"MI-006";"20"
"SAL-0004807";"2024-11-16";"MI-007";"25"
"SAL-0004808";"2024-11-16";"MI-008";"24"
"SAL-0004809";"2024-11-16";"MI-009";"19"
"SAL-0004810";"2024-11-16";"MI-010";"17"
"SAL-0004811";"2024-11-16";"MI-011";"7"
"SAL-0004812";"2024-11-16";"MI-012";"20"
"SAL-0004813";"2024-11-16";"MI-013";"14"
"SAL-0004814";"2024-11-16";"MI-014";"8"
"SAL-0004815";"2024-11-16";"MI-015";"13"
"SAL-0004816";"2024-11-17";"MI-001";"24"
"SAL-0004817";"2024-11-17";"MI-002";"27"
"SAL-0004818";"2024-11-17";"MI-003";"22"
"SAL-0004819";"2024-11-17";"MI-004";"20"
"SAL-0004820";"2024-11-17";"MI-005";"25"
"SAL-0004821";"2024-11-17";"MI-006";"9"
"SAL-0004822";"2024-11-17";"MI-007";"16"
"SAL-0004823";"2024-11-17";"MI-008";"15"
"SAL-0004824";"2024-11-17";"MI-009";"8"
"SAL-0004825";"2024-11-17";"MI-010";"14"
"SAL-0004826";"2024-11-17";"MI-011";"16"
"SAL-0004827";"2024-11-17";"MI-012";"10"
"SAL-0004828";"2024-11-17";"MI-013";"12"
"SAL-0004829";"2024-11-17";"MI-014";"10"
"SAL-0004830";"2024-11-17";"MI-015";"14"
"SAL-0004831";"2024-11-18";"MI-001";"20"
"SAL-0004832";"2024-11-18";"MI-002";"8"
"SAL-0004833";"2024-11-18";"MI-003";"20"
"SAL-0004834";"2024-11-18";"MI-004";"7"
"SAL-0004835";"2024-11-18";"MI-005";"36"
"SAL-0004836";"2024-11-18";"MI-006";"13"
"SAL-0004837";"2024-11-18";"MI-007";"12"
"SAL-0004838";"2024-11-18";"MI-008";"13"
"SAL-0004839";"2024-11-18";"MI-009";"11"
"SAL-0004840";"2024-11-18";"MI-010";"10"
"SAL-0004841";"2024-11-18";"MI-011";"16"
"SAL-0004842";"2024-11-18";"MI-012";"6"
"SAL-0004843";"2024-11-18";"MI-013";"11"
"SAL-0004844";"2024-11-18";"MI-014";"4"
"SAL-0004845";"2024-11-18";"MI-015";"16"
"SAL-0004846";"2024-11-19";"MI-001";"24"
"SAL-0004847";"2024-11-19";"MI-002";"14"
"SAL-0004848";"2024-11-19";"MI-003";"18"
"SAL-0004849";"2024-11-19";"MI-004";"6"
"SAL-0004850";"2024-11-19";"MI-005";"13"
"SAL-0004851";"2024-11-19";"MI-006";"7"
"SAL-0004852";"2024-11-19";"MI-007";"8"
"SAL-0004853";"2024-11-19";"MI-008";"7"
"SAL-0004854";"2024-11-19";"MI-009";"5"
"SAL-0004855";"2024-11-19";"MI-010";"7"
"SAL-0004856";"2024-11-19";"MI-011";"4"
"SAL-0004857";"2024-11-19";"MI-012";"7"
"SAL-0004858";"2024-11-19";"MI-013";"10"
"SAL-0004859";"2024-11-19";"MI-014";"6"
"SAL-0004860";"2024-11-19";"MI-015";"9"
"SAL-0004861";"2024-11-20";"MI-001";"18"
"SAL-0004862";"2024-11-20";"MI-002";"17"
"SAL-0004863";"2024-11-20";"MI-003";"16"
"SAL-0004864";"2024-11-20";"MI-004";"14"
"SAL-0004865";"2024-11-20";"MI-005";"27"
"SAL-0004866";"2024-11-20";"MI-006";"9"
"SAL-0004867";"2024-11-20";"MI-007";"10"
"SAL-0004868";"2024-11-20";"MI-008";"7"
"SAL-0004869";"2024-11-20";"MI-009";"4"
"SAL-0004870";"2024-11-20";"MI-010";"14"
"SAL-0004871";"2024-11-20";"MI-011";"12"
"SAL-0004872";"2024-11-20";"MI-012";"5"
"SAL-0004873";"2024-11-20";"MI-013";"12"
"SAL-0004874";"2024-11-20";"MI-014";"6"
"SAL-0004875";"2024-11-20";"MI-015";"11"
"SAL-0004876";"2024-11-21";"MI-001";"23"
"SAL-0004877";"2024-11-21";"MI-002";"13"
"SAL-0004878";"2024-11-21";"MI-003";"15"
"SAL-0004879";"2024-11-21";"MI-004";"19"
"SAL-0004880";"2024-11-21";"MI-005";"18"
"SAL-0004881";"2024-11-21";"MI-006";"16"
"SAL-0004882";"2024-11-21";"MI-007";"18"
"SAL-0004883";"2024-11-21";"MI-008";"10"
"SAL-0004884";"2024-11-21";"MI-009";"11"
"SAL-0004885";"2024-11-21";"MI-010";"7"
"SAL-0004886";"2024-11-21";"MI-011";"14"
"SAL-0004887";"2024-11-21";"MI-012";"12"
"SAL-0004888";"2024-11-21";"MI-013";"13"
"SAL-0004889";"2024-11-21";"MI-014";"4"
"SAL-0004890";"2024-11-21";"MI-015";"7"
"SAL-0004891";"2024-11-22";"MI-001";"20"
"SAL-0004892";"2024-11-22";"MI-002";"21"
"SAL-0004893";"2024-11-22";"MI-003";"26"
"SAL-0004894";"2024-11-22";"MI-004";"13"
"SAL-0004895";"2024-11-22";"MI-005";"24"
"SAL-0004896";"2024-11-22";"MI-006";"11"
"SAL-0004897";"2024-11-22";"MI-007";"19"
"SAL-0004898";"2024-11-22";"MI-008";"14"
"SAL-0004899";"2024-11-22";"MI-009";"9"
"SAL-0004900";"2024-11-22";"MI-010";"9"
"SAL-0004901";"2024-11-22";"MI-011";"12"
"SAL-0004902";"2024-11-22";"MI-012";"4"
"SAL-0004903";"2024-11-22";"MI-013";"12"
"SAL-0004904";"2024-11-22";"MI-014";"9"
"SAL-0004905";"2024-11-22";"MI-015";"13"
"SAL-0004906";"2024-11-23";"MI-001";"49"
"SAL-0004907";"2024-11-23";"MI-002";"38"
"SAL-0004908";"2024-11-23";"MI-003";"23"
"SAL-0004909";"2024-11-23";"MI-004";"25"
"SAL-0004910";"2024-11-23";"MI-005";"32"
"SAL-0004911";"2024-11-23";"MI-006";"22"
"SAL-0004912";"2024-11-23";"MI-007";"27"
"SAL-0004913";"2024-11-23";"MI-008";"21"
"SAL-0004914";"2024-11-23";"MI-009";"18"
"SAL-0004915";"2024-11-23";"MI-010";"13"
"SAL-0004916";"2024-11-23";"MI-011";"17"
"SAL-0004917";"2024-11-23";"MI-012";"19"
"SAL-0004918";"2024-11-23";"MI-013";"9"
"SAL-0004919";"2024-11-23";"MI-014";"21"
"SAL-0004920";"2024-11-23";"MI-015";"19"
"SAL-0004921";"2024-11-24";"MI-001";"22"
"SAL-0004922";"2024-11-24";"MI-002";"21"
"SAL-0004923";"2024-11-24";"MI-003";"29"
"SAL-0004924";"2024-11-24";"MI-004";"15"
"SAL-0004925";"2024-11-24";"MI-005";"23"
"SAL-0004926";"2024-11-24";"MI-006";"22"
"SAL-0004927";"2024-11-24";"MI-007";"13"
"SAL-0004928";"2024-11-24";"MI-008";"14"
"SAL-0004929";"2024-11-24";"MI-009";"11"
"SAL-0004930";"2024-11-24";"MI-010";"8"
"SAL-0004931";"2024-11-24";"MI-011";"15"
"SAL-0004932";"2024-11-24";"MI-012";"8"
"SAL-0004933";"2024-11-24";"MI-013";"11"
"SAL-0004934";"2024-11-24";"MI-014";"10"
"SAL-0004935";"2024-11-24";"MI-015";"7"
"SAL-0004936";"2024-11-25";"MI-001";"19"
"SAL-0004937";"2024-11-25";"MI-002";"13"
"SAL-0004938";"2024-11-25";"MI-003";"12"
"SAL-0004939";"2024-11-25";"MI-004";"12"
"SAL-0004940";"2024-11-25";"MI-005";"22"
"SAL-0004941";"2024-11-25";"MI-006";"12"
"SAL-0004942";"2024-11-25";"MI-007";"9"
"SAL-0004943";"2024-11-25";"MI-008";"11"
"SAL-0004944";"2024-11-25";"MI-009";"4"
"SAL-0004945";"2024-11-25";"MI-010";"8"
"SAL-0004946";"2024-11-25";"MI-011";"9"
"SAL-0004947";"2024-11-25";"MI-012";"1"
"SAL-0004948";"2024-11-25";"MI-013";"12"
"SAL-0004949";"2024-11-25";"MI-014";"6"
"SAL-0004950";"2024-11-25";"MI-015";"6"
"SAL-0004951";"2024-11-26";"MI-001";"19"
"SAL-0004952";"2024-11-26";"MI-002";"19"
"SAL-0004953";"2024-11-26";"MI-003";"23"
"SAL-0004954";"2024-11-26";"MI-004";"13"
"SAL-0004955";"2024-11-26";"MI-005";"19"
"SAL-0004956";"2024-11-26";"MI-006";"11"
"SAL-0004957";"2024-11-26";"MI-007";"16"
"SAL-0004958";"2024-11-26";"MI-008";"12"
"SAL-0004959";"2024-11-26";"MI-009";"6"
"SAL-0004960";"2024-11-26";"MI-010";"6"
"SAL-0004961";"2024-11-26";"MI-011";"8"
"SAL-0004962";"2024-11-26";"MI-012";"13"
"SAL-0004963";"2024-11-26";"MI-013";"7"
"SAL-0004964";"2024-11-26";"MI-014";"5"
"SAL-0004965";"2024-11-26";"MI-015";"14"
"SAL-0004966";"2024-11-27";"MI-001";"30"
"SAL-0004967";"2024-11-27";"MI-002";"18"
"SAL-0004968";"2024-11-27";"MI-003";"18"
"SAL-0004969";"2024-11-27";"MI-004";"14"
"SAL-0004970";"2024-11-27";"MI-005";"15"
"SAL-0004971";"2024-11-27";"MI-006";"17"
"SAL-0004972";"2024-11-27";"MI-007";"16"
"SAL-0004973";"2024-11-27";"MI-008";"11"
"SAL-0004974";"2024-11-27";"MI-009";"4"
"SAL-0004975";"2024-11-27";"MI-010";"4"
"SAL-0004976";"2024-11-27";"MI-011";"11"
"SAL-0004977";"2024-11-27";"MI-012";"9"
"SAL-0004978";"2024-11-27";"MI-013";"7"
"SAL-0004979";"2024-11-27";"MI-014";"4"
"SAL-0004980";"2024-11-27";"MI-015";"12"
"SAL-0004981";"2024-11-28";"MI-001";"22"
"SAL-0004982";"2024-11-28";"MI-002";"10"
"SAL-0004983";"2024-11-28";"MI-003";"10"
"SAL-0004984";"2024-11-28";"MI-004";"15"
"SAL-0004985";"2024-11-28";"MI-005";"17"
"SAL-0004986";"2024-11-28";"MI-006";"13"
"SAL-0004987";"2024-11-28";"MI-007";"12"
"SAL-0004988";"2024-11-28";"MI-008";"11"
"SAL-0004989";"2024-11-28";"MI-009";"9"
"SAL-0004990";"2024-11-28";"MI-010";"7"
"SAL-0004991";"2024-11-28";"MI-011";"16"
"SAL-0004992";"2024-11-28";"MI-012";"13"
"SAL-0004993";"2024-11-28";"MI-013";"10"
"SAL-0004994";"2024-11-28";"MI-014";"10"
"SAL-0004995";"2024-11-28";"MI-015";"10"
"SAL-0004996";"2024-11-29";"MI-001";"37"
"SAL-0004997";"2024-11-29";"MI-002";"24"
"SAL-0004998";"2024-11-29";"MI-003";"27"
"SAL-0004999";"2024-11-29";"MI-004";"14"
"SAL-0005000";"2024-11-29";"MI-005";"18"
"SAL-0005001";"2024-11-29";"MI-006";"15"
"SAL-0005002";"2024-11-29";"MI-007";"10"
"SAL-0005003";"2024-11-29";"MI-008";"13"
"SAL-0005004";"2024-11-29";"MI-009";"13"
"SAL-0005005";"2024-11-29";"MI-010";"13"
"SAL-0005006";"2024-11-29";"MI-011";"7"
"SAL-0005007";"2024-11-29";"MI-012";"7"
"SAL-0005008";"2024-11-29";"MI-013";"12"
"SAL-0005009";"2024-11-29";"MI-014";"2"
"SAL-0005010";"2024-11-29";"MI-015";"16"
"SAL-0005011";"2024-11-30";"MI-001";"44"
"SAL-0005012";"2024-11-30";"MI-002";"21"
"SAL-0005013";"2024-11-30";"MI-003";"28"
"SAL-0005014";"2024-11-30";"MI-004";"25"
"SAL-0005015";"2024-11-30";"MI-005";"39"
"SAL-0005016";"2024-11-30";"MI-006";"23"
"SAL-0005017";"2024-11-30";"MI-007";"26"
"SAL-0005018";"2024-11-30";"MI-008";"28"
"SAL-0005019";"2024-11-30";"MI-009";"16"
"SAL-0005020";"2024-11-30";"MI-010";"19"
"SAL-0005021";"2024-11-30";"MI-011";"28"
"SAL-0005022";"2024-11-30";"MI-012";"19"
"SAL-0005023";"2024-11-30";"MI-013";"16"
"SAL-0005024";"2024-11-30";"MI-014";"6"
"SAL-0005025";"2024-11-30";"MI-015";"23"
"SAL-0005026";"2024-12-01";"MI-001";"36"
"SAL-0005027";"2024-12-01";"MI-002";"26"
"SAL-0005028";"2024-12-01";"MI-003";"30"
"SAL-0005029";"2024-12-01";"MI-004";"16"
"SAL-0005030";"2024-12-01";"MI-005";"34"
"SAL-0005031";"2024-12-01";"MI-006";"13"
"SAL-0005032";"2024-12-01";"MI-007";"26"
"SAL-0005033";"2024-12-01";"MI-008";"10"
"SAL-0005034";"2024-12-01";"MI-009";"7"
"SAL-0005035";"2024-12-01";"MI-010";"19"
"SAL-0005036";"2024-12-01";"MI-011";"16"
"SAL-0005037";"2024-12-01";"MI-012";"10"
"SAL-0005038";"2024-12-01";"MI-013";"19"
"SAL-0005039";"2024-12-01";"MI-014";"14"
"SAL-0005040";"2024-12-01";"MI-015";"19"
"SAL-0005041";"2024-12-02";"MI-001";"25"
"SAL-0005042";"2024-12-02";"MI-002";"13"
"SAL-0005043";"2024-12-02";"MI-003";"17"
"SAL-0005044";"2024-12-02";"MI-004";"9"
"SAL-0005045";"2024-12-02";"MI-005";"24"
"SAL-0005046";"2024-12-02";"MI-006";"4"
"SAL-0005047";"2024-12-02";"MI-007";"8"
"SAL-0005048";"2024-12-02";"MI-008";"11"
"SAL-0005049";"2024-12-02";"MI-009";"8"
"SAL-0005050";"2024-12-02";"MI-010";"9"
"SAL-0005051";"2024-12-02";"MI-011";"5"
"SAL-0005052";"2024-12-02";"MI-012";"7"
"SAL-0005053";"2024-12-02";"MI-013";"6"
"SAL-0005054";"2024-12-02";"MI-014";"6"
"SAL-0005055";"2024-12-02";"MI-015";"10"
"SAL-0005056";"2024-12-03";"MI-001";"23"
"SAL-0005057";"2024-12-03";"MI-002";"13"
"SAL-0005058";"2024-12-03";"MI-003";"13"
"SAL-0005059";"2024-12-03";"MI-004";"17"
"SAL-0005060";"2024-12-03";"MI-005";"20"
"SAL-0005061";"2024-12-03";"MI-006";"10"
"SAL-0005062";"2024-12-03";"MI-007";"15"
"SAL-0005063";"2024-12-03";"MI-008";"6"
"SAL-0005064";"2024-12-03";"MI-009";"9"
"SAL-0005065";"2024-12-03";"MI-010";"5"
"SAL-0005066";"2024-12-03";"MI-011";"11"
"SAL-0005067";"2024-12-03";"MI-012";"3"
"SAL-0005068";"2024-12-03";"MI-013";"11"
"SAL-0005069";"2024-12-03";"MI-014";"8"
"SAL-0005070";"2024-12-03";"MI-015";"9"
"SAL-0005071";"2024-12-04";"MI-001";"16"
"SAL-0005072";"2024-12-04";"MI-002";"13"
"SAL-0005073";"2024-12-04";"MI-003";"10"
"SAL-0005074";"2024-12-04";"MI-004";"15"
"SAL-0005075";"2024-12-04";"MI-005";"12"
"SAL-0005076";"2024-12-04";"MI-006";"6"
"SAL-0005077";"2024-12-04";"MI-007";"16"
"SAL-0005078";"2024-12-04";"MI-008";"9"
"SAL-0005079";"2024-12-04";"MI-009";"4"
"SAL-0005080";"2024-12-04";"MI-010";"10"
"SAL-0005081";"2024-12-04";"MI-011";"20"
"SAL-0005082";"2024-12-04";"MI-012";"5"
"SAL-0005083";"2024-12-04";"MI-013";"13"
"SAL-0005084";"2024-12-04";"MI-014";"3"
"SAL-0005085";"2024-12-04";"MI-015";"9"
"SAL-0005086";"2024-12-05";"MI-001";"12"
"SAL-0005087";"2024-12-05";"MI-002";"26"
"SAL-0005088";"2024-12-05";"MI-003";"17"
"SAL-0005089";"2024-12-05";"MI-004";"11"
"SAL-0005090";"2024-12-05";"MI-005";"20"
"SAL-0005091";"2024-12-05";"MI-006";"10"
"SAL-0005092";"2024-12-05";"MI-007";"14"
"SAL-0005093";"2024-12-05";"MI-008";"12"
"SAL-0005094";"2024-12-05";"MI-009";"9"
"SAL-0005095";"2024-12-05";"MI-010";"10"
"SAL-0005096";"2024-12-05";"MI-011";"18"
"SAL-0005097";"2024-12-05";"MI-012";"10"
"SAL-0005098";"2024-12-05";"MI-013";"15"
"SAL-0005099";"2024-12-05";"MI-014";"6"
"SAL-0005100";"2024-12-05";"MI-015";"12"
"SAL-0005101";"2024-12-06";"MI-001";"28"
"SAL-0005102";"2024-12-06";"MI-002";"28"
"SAL-0005103";"2024-12-06";"MI-003";"19"
"SAL-0005104";"2024-12-06";"MI-004";"22"
"SAL-0005105";"2024-12-06";"MI-005";"18"
"SAL-0005106";"2024-12-06";"MI-006";"20"
"SAL-0005107";"2024-12-06";"MI-007";"21"
"SAL-0005108";"2024-12-06";"MI-008";"16"
"SAL-0005109";"2024-12-06";"MI-009";"11"
"SAL-0005110";"2024-12-06";"MI-010";"13"
"SAL-0005111";"2024-12-06";"MI-011";"20"
"SAL-0005112";"2024-12-06";"MI-012";"8"
"SAL-0005113";"2024-12-06";"MI-013";"16"
"SAL-0005114";"2024-12-06";"MI-014";"14"
"SAL-0005115";"2024-12-06";"MI-015";"7"
"SAL-0005116";"2024-12-07";"MI-001";"34"
"SAL-0005117";"2024-12-07";"MI-002";"29"
"SAL-0005118";"2024-12-07";"MI-003";"26"
"SAL-0005119";"2024-12-07";"MI-004";"22"
"SAL-0005120";"2024-12-07";"MI-005";"15"
"SAL-0005121";"2024-12-07";"MI-006";"14"
"SAL-0005122";"2024-12-07";"MI-007";"27"
"SAL-0005123";"2024-12-07";"MI-008";"20"
"SAL-0005124";"2024-12-07";"MI-009";"8"
"SAL-0005125";"2024-12-07";"MI-010";"11"
"SAL-0005126";"2024-12-07";"MI-011";"14"
"SAL-0005127";"2024-12-07";"MI-012";"10"
"SAL-0005128";"2024-12-07";"MI-013";"11"
"SAL-0005129";"2024-12-07";"MI-014";"9"
"SAL-0005130";"2024-12-07";"MI-015";"10"
"SAL-0005131";"2024-12-08";"MI-001";"29"
"SAL-0005132";"2024-12-08";"MI-002";"30"
"SAL-0005133";"2024-12-08";"MI-003";"27"
"SAL-0005134";"2024-12-08";"MI-004";"21"
"SAL-0005135";"2024-12-08";"MI-005";"27"
"SAL-0005136";"2024-12-08";"MI-006";"20"
"SAL-0005137";"2024-12-08";"MI-007";"22"
"SAL-0005138";"2024-12-08";"MI-008";"31"
"SAL-0005139";"2024-12-08";"MI-009";"11"
"SAL-0005140";"2024-12-08";"MI-010";"21"
"SAL-0005141";"2024-12-08";"MI-011";"26"
"SAL-0005142";"2024-12-08";"MI-012";"8"
"SAL-0005143";"2024-12-08";"MI-013";"13"
"SAL-0005144";"2024-12-08";"MI-014";"11"
"SAL-0005145";"2024-12-08";"MI-015";"26"
"SAL-0005146";"2024-12-09";"MI-001";"21"
"SAL-0005147";"2024-12-09";"MI-002";"15"
"SAL-0005148";"2024-12-09";"MI-003";"12"
"SAL-0005149";"2024-12-09";"MI-004";"14"
"SAL-0005150";"2024-12-09";"MI-005";"12"
"SAL-0005151";"2024-12-09";"MI-006";"15"
"SAL-0005152";"2024-12-09";"MI-007";"8"
"SAL-0005153";"2024-12-09";"MI-008";"8"
"SAL-0005154";"2024-12-09";"MI-009";"4"
"SAL-0005155";"2024-12-09";"MI-010";"7"
"SAL-0005156";"2024-12-09";"MI-011";"7"
"SAL-0005157";"2024-12-09";"MI-012";"5"
"SAL-0005158";"2024-12-09";"MI-013";"7"
"SAL-0005159";"2024-12-09";"MI-014";"7"
"SAL-0005160";"2024-12-09";"MI-015";"5"
"SAL-0005161";"2024-12-10";"MI-001";"14"
"SAL-0005162";"2024-12-10";"MI-002";"17"
"SAL-0005163";"2024-12-10";"MI-003";"16"
"SAL-0005164";"2024-12-10";"MI-004";"12"
"SAL-0005165";"2024-12-10";"MI-005";"16"
"SAL-0005166";"2024-12-10";"MI-006";"11"
"SAL-0005167";"2024-12-10";"MI-007";"12"
"SAL-0005168";"2024-12-10";"MI-008";"9"
"SAL-0005169";"2024-12-10";"MI-009";"5"
"SAL-0005170";"2024-12-10";"MI-010";"13"
"SAL-0005171";"2024-12-10";"MI-011";"10"
"SAL-0005172";"2024-12-10";"MI-012";"5"
"SAL-0005173";"2024-12-10";"MI-013";"4"
"SAL-0005174";"2024-12-10";"MI-014";"6"
"SAL-0005175";"2024-12-10";"MI-015";"13"
"SAL-0005176";"2024-12-11";"MI-001";"31"
"SAL-0005177";"2024-12-11";"MI-002";"22"
"SAL-0005178";"2024-12-11";"MI-003";"18"
"SAL-0005179";"2024-12-11";"MI-004";"12"
"SAL-0005180";"2024-12-11";"MI-005";"21"
"SAL-0005181";"2024-12-11";"MI-006";"9"
"SAL-0005182";"2024-12-11";"MI-007";"19"
"SAL-0005183";"2024-12-11";"MI-008";"11"
"SAL-0005184";"2024-12-11";"MI-009";"9"
"SAL-0005185";"2024-12-11";"MI-010";"18"
"SAL-0005186";"2024-12-11";"MI-011";"17"
"SAL-0005187";"2024-12-11";"MI-012";"6"
"SAL-0005188";"2024-12-11";"MI-013";"15"
"SAL-0005189";"2024-12-11";"MI-014";"8"
"SAL-0005190";"2024-12-11";"MI-015";"15"
"SAL-0005191";"2024-12-12";"MI-001";"25"
"SAL-0005192";"2024-12-12";"MI-002";"23"
"SAL-0005193";"2024-12-12";"MI-003";"21"
"SAL-0005194";"2024-12-12";"MI-004";"17"
"SAL-0005195";"2024-12-12";"MI-005";"22"
"SAL-0005196";"2024-12-12";"MI-006";"8"
"SAL-0005197";"2024-12-12";"MI-007";"10"
"SAL-0005198";"2024-12-12";"MI-008";"11"
"SAL-0005199";"2024-12-12";"MI-009";"7"
"SAL-0005200";"2024-12-12";"MI-010";"13"
"SAL-0005201";"2024-12-12";"MI-011";"15"
"SAL-0005202";"2024-12-12";"MI-012";"9"
"SAL-0005203";"2024-12-12";"MI-013";"9"
"SAL-0005204";"2024-12-12";"MI-014";"9"
"SAL-0005205";"2024-12-12";"MI-015";"9"
"SAL-0005206";"2024-12-13";"MI-001";"29"
"SAL-0005207";"2024-12-13";"MI-002";"22"
"SAL-0005208";"2024-12-13";"MI-003";"22"
"SAL-0005209";"2024-12-13";"MI-004";"15"
"SAL-0005210";"2024-12-13";"MI-005";"23"
"SAL-0005211";"2024-12-13";"MI-006";"21"
"SAL-0005212";"2024-12-13";"MI-007";"21"
"SAL-0005213";"2024-12-13";"MI-008";"18"
"SAL-0005214";"2024-12-13";"MI-009";"10"
"SAL-0005215";"2024-12-13";"MI-010";"10"
"SAL-0005216";"2024-12-13";"MI-011";"15"
"SAL-0005217";"2024-12-13";"MI-012";"12"
"SAL-0005218";"2024-12-13";"MI-013";"17"
"SAL-0005219";"2024-12-13";"MI-014";"6"
"SAL-0005220";"2024-12-13";"MI-015";"20"
"SAL-0005221";"2024-12-14";"MI-001";"30"
"SAL-0005222";"2024-12-14";"MI-002";"24"
"SAL-0005223";"2024-12-14";"MI-003";"31"
"SAL-0005224";"2024-12-14";"MI-004";"22"
"SAL-0005225";"2024-12-14";"MI-005";"39"
"SAL-0005226";"2024-12-14";"MI-006";"28"
"SAL-0005227";"2024-12-14";"MI-007";"28"
"SAL-0005228";"2024-12-14";"MI-008";"22"
"SAL-0005229";"2024-12-14";"MI-009";"12"
"SAL-0005230";"2024-12-14";"MI-010";"25"
"SAL-0005231";"2024-12-14";"MI-011";"27"
"SAL-0005232";"2024-12-14";"MI-012";"15"
"SAL-0005233";"2024-12-14";"MI-013";"17"
"SAL-0005234";"2024-12-14";"MI-014";"13"
"SAL-0005235";"2024-12-14";"MI-015";"17"
"SAL-0005236";"2024-12-15";"MI-001";"42"
"SAL-0005237";"2024-12-15";"MI-002";"21"
"SAL-0005238";"2024-12-15";"MI-003";"34"
"SAL-0005239";"2024-12-15";"MI-004";"15"
"SAL-0005240";"2024-12-15";"MI-005";"32"
"SAL-0005241";"2024-12-15";"MI-006";"19"
"SAL-0005242";"2024-12-15";"MI-007";"23"
"SAL-0005243";"2024-12-15";"MI-008";"19"
"SAL-0005244";"2024-12-15";"MI-009";"10"
"SAL-0005245";"2024-12-15";"MI-010";"6"
"SAL-0005246";"2024-12-15";"MI-011";"21"
"SAL-0005247";"2024-12-15";"MI-012";"9"
"SAL-0005248";"2024-12-15";"MI-013";"26"
"SAL-0005249";"2024-12-15";"MI-014";"16"
"SAL-0005250";"2024-12-15";"MI-015";"15"
"SAL-0005251";"2024-12-16";"MI-001";"24"
"SAL-0005252";"2024-12-16";"MI-002";"7"
"SAL-0005253";"2024-12-16";"MI-003";"12"
"SAL-0005254";"2024-12-16";"MI-004";"10"
"SAL-0005255";"2024-12-16";"MI-005";"14"
"SAL-0005256";"2024-12-16";"MI-006";"9"
"SAL-0005257";"2024-12-16";"MI-007";"10"
"SAL-0005258";"2024-12-16";"MI-008";"6"
"SAL-0005259";"2024-12-16";"MI-009";"2"
"SAL-0005260";"2024-12-16";"MI-010";"4"
"SAL-0005261";"2024-12-16";"MI-011";"9"
"SAL-0005262";"2024-12-16";"MI-012";"6"
"SAL-0005263";"2024-12-16";"MI-013";"10"
"SAL-0005264";"2024-12-16";"MI-014";"9"
"SAL-0005265";"2024-12-16";"MI-015";"13"
"SAL-0005266";"2024-12-17";"MI-001";"23"
"SAL-0005267";"2024-12-17";"MI-002";"16"
"SAL-0005268";"2024-12-17";"MI-003";"12"
"SAL-0005269";"2024-12-17";"MI-004";"13"
"SAL-0005270";"2024-12-17";"MI-005";"18"
"SAL-0005271";"2024-12-17";"MI-006";"9"
"SAL-0005272";"2024-12-17";"MI-007";"21"
"SAL-0005273";"2024-12-17";"MI-008";"7"
"SAL-0005274";"2024-12-17";"MI-009";"7"
"SAL-0005275";"2024-12-17";"MI-010";"11"
"SAL-0005276";"2024-12-17";"MI-011";"21"
"SAL-0005277";"2024-12-17";"MI-012";"7"
"SAL-0005278";"2024-12-17";"MI-013";"15"
"SAL-0005279";"2024-12-17";"MI-014";"8"
"SAL-0005280";"2024-12-17";"MI-015";"16"
"SAL-0005281";"2024-12-18";"MI-001";"16"
"SAL-0005282";"2024-12-18";"MI-002";"11"
"SAL-0005283";"2024-12-18";"MI-003";"20"
"SAL-0005284";"2024-12-18";"MI-004";"14"
"SAL-0005285";"2024-12-18";"MI-005";"18"
"SAL-0005286";"2024-12-18";"MI-006";"11"
"SAL-0005287";"2024-12-18";"MI-007";"13"
"SAL-0005288";"2024-12-18";"MI-008";"11"
"SAL-0005289";"2024-12-18";"MI-009";"7"
"SAL-0005290";"2024-12-18";"MI-010";"6"
"SAL-0005291";"2024-12-18";"MI-011";"15"
"SAL-0005292";"2024-12-18";"MI-012";"7"
"SAL-0005293";"2024-12-18";"MI-013";"10"
"SAL-0005294";"2024-12-18";"MI-014";"7"
"SAL-0005295";"2024-12-18";"MI-015";"17"
"SAL-0005296";"2024-12-19";"MI-001";"23"
"SAL-0005297";"2024-12-19";"MI-002";"26"
"SAL-0005298";"2024-12-19";"MI-003";"26"
"SAL-0005299";"2024-12-19";"MI-004";"13"
"SAL-0005300";"2024-12-19";"MI-005";"23"
"SAL-0005301";"2024-12-19";"MI-006";"18"
"SAL-0005302";"2024-12-19";"MI-007";"15"
"SAL-0005303";"2024-12-19";"MI-008";"9"
"SAL-0005304";"2024-12-19";"MI-009";"9"
"SAL-0005305";"2024-12-19";"MI-010";"7"
"SAL-0005306";"2024-12-19";"MI-011";"11"
"SAL-0005307";"2024-12-19";"MI-012";"7"
"SAL-0005308";"2024-12-19";"MI-013";"11"
"SAL-0005309";"2024-12-19";"MI-014";"8"
"SAL-0005310";"2024-12-19";"MI-015";"15"
"SAL-0005311";"2024-12-20";"MI-001";"27"
"SAL-0005312";"2024-12-20";"MI-002";"20"
"SAL-0005313";"2024-12-20";"MI-003";"24"
"SAL-0005314";"2024-12-20";"MI-004";"14"
"SAL-0005315";"2024-12-20";"MI-005";"22"
"SAL-0005316";"2024-12-20";"MI-006";"20"
"SAL-0005317";"2024-12-20";"MI-007";"18"
"SAL-0005318";"2024-12-20";"MI-008";"12"
"SAL-0005319";"2024-12-20";"MI-009";"10"
"SAL-0005320";"2024-12-20";"MI-010";"11"
"SAL-0005321";"2024-12-20";"MI-011";"19"
"SAL-0005322";"2024-12-20";"MI-012";"7"
"SAL-0005323";"2024-12-20";"MI-013";"21"
"SAL-0005324";"2024-12-20";"MI-014";"2"
"SAL-0005325";"2024-12-20";"MI-015";"16"
"SAL-0005326";"2024-12-21";"MI-001";"22"
"SAL-0005327";"2024-12-21";"MI-002";"27"
"SAL-0005328";"2024-12-21";"MI-003";"21"
"SAL-0005329";"2024-12-21";"MI-004";"21"
"SAL-0005330";"2024-12-21";"MI-005";"30"
"SAL-0005331";"2024-12-21";"MI-006";"17"
"SAL-0005332";"2024-12-21";"MI-007";"25"
"SAL-0005333";"2024-12-21";"MI-008";"15"
"SAL-0005334";"2024-12-21";"MI-009";"16"
"SAL-0005335";"2024-12-21";"MI-010";"26"
"SAL-0005336";"2024-12-21";"MI-011";"25"
"SAL-0005337";"2024-12-21";"MI-012";"10"
"SAL-0005338";"2024-12-21";"MI-013";"15"
"SAL-0005339";"2024-12-21";"MI-014";"9"
"SAL-0005340";"2024-12-21";"MI-015";"20"
"SAL-0005341";"2024-12-22";"MI-001";"36"
"SAL-0005342";"2024-12-22";"MI-002";"28"
"SAL-0005343";"2024-12-22";"MI-003";"28"
"SAL-0005344";"2024-12-22";"MI-004";"13"
"SAL-0005345";"2024-12-22";"MI-005";"34"
"SAL-0005346";"2024-12-22";"MI-006";"13"
"SAL-0005347";"2024-12-22";"MI-007";"18"
"SAL-0005348";"2024-12-22";"MI-008";"18"
"SAL-0005349";"2024-12-22";"MI-009";"11"
"SAL-0005350";"2024-12-22";"MI-010";"20"
"SAL-0005351";"2024-12-22";"MI-011";"32"
"SAL-0005352";"2024-12-22";"MI-012";"10"
"SAL-0005353";"2024-12-22";"MI-013";"14"
"SAL-0005354";"2024-12-22";"MI-014";"9"
"SAL-0005355";"2024-12-22";"MI-015";"27"
"SAL-0005356";"2024-12-23";"MI-001";"15"
"SAL-0005357";"2024-12-23";"MI-002";"14"
"SAL-0005358";"2024-12-23";"MI-003";"11"
"SAL-0005359";"2024-12-23";"MI-004";"12"
"SAL-0005360";"2024-12-23";"MI-005";"8"
"SAL-0005361";"2024-12-23";"MI-006";"10"
"SAL-0005362";"2024-12-23";"MI-007";"11"
"SAL-0005363";"2024-12-23";"MI-008";"9"
"SAL-0005364";"2024-12-23";"MI-009";"8"
"SAL-0005365";"2024-12-23";"MI-010";"7"
"SAL-0005366";"2024-12-23";"MI-011";"10"
"SAL-0005367";"2024-12-23";"MI-012";"4"
"SAL-0005368";"2024-12-23";"MI-013";"9"
"SAL-0005369";"2024-12-23";"MI-014";"5"
"SAL-0005370";"2024-12-23";"MI-015";"9"
"SAL-0005371";"2024-12-24";"MI-001";"28"
"SAL-0005372";"2024-12-24";"MI-002";"15"
"SAL-0005373";"2024-12-24";"MI-003";"16"
"SAL-0005374";"2024-12-24";"MI-004";"16"
"SAL-0005375";"2024-12-24";"MI-005";"17"
"SAL-0005376";"2024-12-24";"MI-006";"6"
"SAL-0005377";"2024-12-24";"MI-007";"19"
"SAL-0005378";"2024-12-24";"MI-008";"6"
"SAL-0005379";"2024-12-24";"MI-009";"10"
"SAL-0005380";"2024-12-24";"MI-010";"8"
"SAL-0005381";"2024-12-24";"MI-011";"5"
"SAL-0005382";"2024-12-24";"MI-012";"5"
"SAL-0005383";"2024-12-24";"MI-013";"7"
"SAL-0005384";"2024-12-24";"MI-014";"7"
"SAL-0005385";"2024-12-24";"MI-015";"9"
"SAL-0005386";"2024-12-25";"MI-001";"19"
"SAL-0005387";"2024-12-25";"MI-002";"16"
"SAL-0005388";"2024-12-25";"MI-003";"19"
"SAL-0005389";"2024-12-25";"MI-004";"17"
"SAL-0005390";"2024-12-25";"MI-005";"28"
"SAL-0005391";"2024-12-25";"MI-006";"9"
"SAL-0005392";"2024-12-25";"MI-007";"20"
"SAL-0005393";"2024-12-25";"MI-008";"3"
"SAL-0005394";"2024-12-25";"MI-009";"6"
"SAL-0005395";"2024-12-25";"MI-010";"12"
"SAL-0005396";"2024-12-25";"MI-011";"10"
"SAL-0005397";"2024-12-25";"MI-012";"9"
"SAL-0005398";"2024-12-25";"MI-013";"14"
"SAL-0005399";"2024-12-25";"MI-014";"6"
"SAL-0005400";"2024-12-25";"MI-015";"13"
"SAL-0005401";"2024-12-26";"MI-001";"24"
"SAL-0005402";"2024-12-26";"MI-002";"12"
"SAL-0005403";"2024-12-26";"MI-003";"21"
"SAL-0005404";"2024-12-26";"MI-004";"13"
"SAL-0005405";"2024-12-26";"MI-005";"24"
"SAL-0005406";"2024-12-26";"MI-006";"9"
"SAL-0005407";"2024-12-26";"MI-007";"19"
"SAL-0005408";"2024-12-26";"MI-008";"18"
"SAL-0005409";"2024-12-26";"MI-009";"3"
"SAL-0005410";"2024-12-26";"MI-010";"13"
"SAL-0005411";"2024-12-26";"MI-011";"15"
"SAL-0005412";"2024-12-26";"MI-012";"9"
"SAL-0005413";"2024-12-26";"MI-013";"10"
"SAL-0005414";"2024-12-26";"MI-014";"5"
"SAL-0005415";"2024-12-26";"MI-015";"10"
"SAL-0005416";"2024-12-27";"MI-001";"21"
"SAL-0005417";"2024-12-27";"MI-002";"18"
"SAL-0005418";"2024-12-27";"MI-003";"14"
"SAL-0005419";"2024-12-27";"MI-004";"21"
"SAL-0005420";"2024-12-27";"MI-005";"23"
"SAL-0005421";"2024-12-27";"MI-006";"16"
"SAL-0005422";"2024-12-27";"MI-007";"17"
"SAL-0005423";"2024-12-27";"MI-008";"10"
"SAL-0005424";"2024-12-27";"MI-009";"10"
"SAL-0005425";"2024-12-27";"MI-010";"12"
"SAL-0005426";"2024-12-27";"MI-011";"16"
"SAL-0005427";"2024-12-27";"MI-012";"9"
"SAL-0005428";"2024-12-27";"MI-013";"17"
"SAL-0005429";"2024-12-27";"MI-014";"11"
"SAL-0005430";"2024-12-27";"MI-015";"11"
"SAL-0005431";"2024-12-28";"MI-001";"31"
"SAL-0005432";"2024-12-28";"MI-002";"34"
"SAL-0005433";"2024-12-28";"MI-003";"33"
"SAL-0005434";"2024-12-28";"MI-004";"29"
"SAL-0005435";"2024-12-28";"MI-005";"32"
"SAL-0005436";"2024-12-28";"MI-006";"21"
"SAL-0005437";"2024-12-28";"MI-007";"25"
"SAL-0005438";"2024-12-28";"MI-008";"19"
"SAL-0005439";"2024-12-28";"MI-009";"16"
"SAL-0005440";"2024-12-28";"MI-010";"19"
"SAL-0005441";"2024-12-28";"MI-011";"22"
"SAL-0005442";"2024-12-28";"MI-012";"14"
"SAL-0005443";"2024-12-28";"MI-013";"17"
"SAL-0005444";"2024-12-28";"MI-014";"14"
"SAL-0005445";"2024-12-28";"MI-015";"30"
"SAL-0005446";"2024-12-29";"MI-001";"41"
"SAL-0005447";"2024-12-29";"MI-002";"29"
"SAL-0005448";"2024-12-29";"MI-003";"33"
"SAL-0005449";"2024-12-29";"MI-004";"17"
"SAL-0005450";"2024-12-29";"MI-005";"35"
"SAL-0005451";"2024-12-29";"MI-006";"20"
"SAL-0005452";"2024-12-29";"MI-007";"25"
"SAL-0005453";"2024-12-29";"MI-008";"20"
"SAL-0005454";"2024-12-29";"MI-009";"17"
"SAL-0005455";"2024-12-29";"MI-010";"13"
"SAL-0005456";"2024-12-29";"MI-011";"23"
"SAL-0005457";"2024-12-29";"MI-012";"16"
"SAL-0005458";"2024-12-29";"MI-013";"13"
"SAL-0005459";"2024-12-29";"MI-014";"8"
"SAL-0005460";"2024-12-29";"MI-015";"20"
"SAL-0005461";"2024-12-30";"MI-001";"24"
"SAL-0005462";"2024-12-30";"MI-002";"12"
"SAL-0005463";"2024-12-30";"MI-003";"15"
"SAL-0005464";"2024-12-30";"MI-004";"11"
"SAL-0005465";"2024-12-30";"MI-005";"18"
"SAL-0005466";"2024-12-30";"MI-006";"11"
"SAL-0005467";"2024-12-30";"MI-007";"9"
"SAL-0005468";"2024-12-30";"MI-008";"12"
"SAL-0005469";"2024-12-30";"MI-009";"6"
"SAL-0005470";"2024-12-30";"MI-010";"9"
"SAL-0005471";"2024-12-30";"MI-011";"10"
"SAL-0005472";"2024-12-30";"MI-012";"8"
"SAL-0005473";"2024-12-30";"MI-013";"11"
"SAL-0005474";"2024-12-30";"MI-014";"4"
"SAL-0005475";"2024-12-30";"MI-015";"12"
"SAL-0005476";"2024-12-31";"MI-001";"22"
"SAL-0005477";"2024-12-31";"MI-002";"18"
"SAL-0005478";"2024-12-31";"MI-003";"12"
"SAL-0005479";"2024-12-31";"MI-004";"12"
"SAL-0005480";"2024-12-31";"MI-005";"17"
"SAL-0005481";"2024-12-31";"MI-006";"14"
"SAL-0005482";"2024-12-31";"MI-007";"15"
"SAL-0005483";"2024-12-31";"MI-008";"10"
"SAL-0005484";"2024-12-31";"MI-009";"3"
"SAL-0005485";"2024-12-31";"MI-010";"8"
"SAL-0005486";"2024-12-31";"MI-011";"10"
"SAL-0005487";"2024-12-31";"MI-012";"9"
"SAL-0005488";"2024-12-31";"MI-013";"8"
"SAL-0005489";"2024-12-31";"MI-014";"11"
"SAL-0005490";"2024-12-31";"MI-015";"13"
"SAL-0005491";"2025-01-01";"MI-001";"29"
"SAL-0005492";"2025-01-01";"MI-002";"13"
"SAL-0005493";"2025-01-01";"MI-003";"18"
"SAL-0005494";"2025-01-01";"MI-004";"17"
"SAL-0005495";"2025-01-01";"MI-005";"23"
"SAL-0005496";"2025-01-01";"MI-006";"13"
"SAL-0005497";"2025-01-01";"MI-007";"14"
"SAL-0005498";"2025-01-01";"MI-008";"10"
"SAL-0005499";"2025-01-01";"MI-009";"7"
"SAL-0005500";"2025-01-01";"MI-010";"12"
"SAL-0005501";"2025-01-01";"MI-011";"12"
"SAL-0005502";"2025-01-01";"MI-012";"10"
"SAL-0005503";"2025-01-01";"MI-013";"13"
"SAL-0005504";"2025-01-01";"MI-014";"12"
"SAL-0005505";"2025-01-01";"MI-015";"9"
"SAL-0005506";"2025-01-02";"MI-001";"30"
"SAL-0005507";"2025-01-02";"MI-002";"19"
"SAL-0005508";"2025-01-02";"MI-003";"25"
"SAL-0005509";"2025-01-02";"MI-004";"13"
"SAL-0005510";"2025-01-02";"MI-005";"16"
"SAL-0005511";"2025-01-02";"MI-006";"0"
"SAL-0005512";"2025-01-02";"MI-007";"15"
"SAL-0005513";"2025-01-02";"MI-008";"8"
"SAL-0005514";"2025-01-02";"MI-009";"6"
"SAL-0005515";"2025-01-02";"MI-010";"10"
"SAL-0005516";"2025-01-02";"MI-011";"18"
"SAL-0005517";"2025-01-02";"MI-012";"6"
"SAL-0005518";"2025-01-02";"MI-013";"10"
"SAL-0005519";"2025-01-02";"MI-014";"7"
"SAL-0005520";"2025-01-02";"MI-015";"12"
"SAL-0005521";"2025-01-03";"MI-001";"27"
"SAL-0005522";"2025-01-03";"MI-002";"15"
"SAL-0005523";"2025-01-03";"MI-003";"27"
"SAL-0005524";"2025-01-03";"MI-004";"13"
"SAL-0005525";"2025-01-03";"MI-005";"28"
"SAL-0005526";"2025-01-03";"MI-006";"5"
"SAL-0005527";"2025-01-03";"MI-007";"25"
"SAL-0005528";"2025-01-03";"MI-008";"11"
"SAL-0005529";"2025-01-03";"MI-009";"9"
"SAL-0005530";"2025-01-03";"MI-010";"8"
"SAL-0005531";"2025-01-03";"MI-011";"6"
"SAL-0005532";"2025-01-03";"MI-012";"8"
"SAL-0005533";"2025-01-03";"MI-013";"7"
"SAL-0005534";"2025-01-03";"MI-014";"11"
"SAL-0005535";"2025-01-03";"MI-015";"13"
"SAL-0005536";"2025-01-04";"MI-001";"44"
"SAL-0005537";"2025-01-04";"MI-002";"34"
"SAL-0005538";"2025-01-04";"MI-003";"33"
"SAL-0005539";"2025-01-04";"MI-004";"21"
"SAL-0005540";"2025-01-04";"MI-005";"30"
"SAL-0005541";"2025-01-04";"MI-006";"29"
"SAL-0005542";"2025-01-04";"MI-007";"23"
"SAL-0005543";"2025-01-04";"MI-008";"20"
"SAL-0005544";"2025-01-04";"MI-009";"21"
"SAL-0005545";"2025-01-04";"MI-010";"13"
"SAL-0005546";"2025-01-04";"MI-011";"15"
"SAL-0005547";"2025-01-04";"MI-012";"14"
"SAL-0005548";"2025-01-04";"MI-013";"9"
"SAL-0005549";"2025-01-04";"MI-014";"13"
"SAL-0005550";"2025-01-04";"MI-015";"22"
"SAL-0005551";"2025-01-05";"MI-001";"36"
"SAL-0005552";"2025-01-05";"MI-002";"29"
"SAL-0005553";"2025-01-05";"MI-003";"27"
"SAL-0005554";"2025-01-05";"MI-004";"16"
"SAL-0005555";"2025-01-05";"MI-005";"33"
"SAL-0005556";"2025-01-05";"MI-006";"16"
"SAL-0005557";"2025-01-05";"MI-007";"26"
"SAL-0005558";"2025-01-05";"MI-008";"13"
"SAL-0005559";"2025-01-05";"MI-009";"10"
"SAL-0005560";"2025-01-05";"MI-010";"10"
"SAL-0005561";"2025-01-05";"MI-011";"14"
"SAL-0005562";"2025-01-05";"MI-012";"9"
"SAL-0005563";"2025-01-05";"MI-013";"16"
"SAL-0005564";"2025-01-05";"MI-014";"15"
"SAL-0005565";"2025-01-05";"MI-015";"5"
"SAL-0005566";"2025-01-06";"MI-001";"24"
"SAL-0005567";"2025-01-06";"MI-002";"25"
"SAL-0005568";"2025-01-06";"MI-003";"22"
"SAL-0005569";"2025-01-06";"MI-004";"14"
"SAL-0005570";"2025-01-06";"MI-005";"16"
"SAL-0005571";"2025-01-06";"MI-006";"9"
"SAL-0005572";"2025-01-06";"MI-007";"14"
"SAL-0005573";"2025-01-06";"MI-008";"8"
"SAL-0005574";"2025-01-06";"MI-009";"1"
"SAL-0005575";"2025-01-06";"MI-010";"10"
"SAL-0005576";"2025-01-06";"MI-011";"7"
"SAL-0005577";"2025-01-06";"MI-012";"6"
"SAL-0005578";"2025-01-06";"MI-013";"4"
"SAL-0005579";"2025-01-06";"MI-014";"4"
"SAL-0005580";"2025-01-06";"MI-015";"7"
"SAL-0005581";"2025-01-07";"MI-001";"16"
"SAL-0005582";"2025-01-07";"MI-002";"13"
"SAL-0005583";"2025-01-07";"MI-003";"17"
"SAL-0005584";"2025-01-07";"MI-004";"9"
"SAL-0005585";"2025-01-07";"MI-005";"16"
"SAL-0005586";"2025-01-07";"MI-006";"9"
"SAL-0005587";"2025-01-07";"MI-007";"12"
"SAL-0005588";"2025-01-07";"MI-008";"8"
"SAL-0005589";"2025-01-07";"MI-009";"5"
"SAL-0005590";"2025-01-07";"MI-010";"11"
"SAL-0005591";"2025-01-07";"MI-011";"13"
"SAL-0005592";"2025-01-07";"MI-012";"8"
"SAL-0005593";"2025-01-07";"MI-013";"14"
"SAL-0005594";"2025-01-07";"MI-014";"6"
"SAL-0005595";"2025-01-07";"MI-015";"15"
"SAL-0005596";"2025-01-08";"MI-001";"21"
"SAL-0005597";"2025-01-08";"MI-002";"10"
"SAL-0005598";"2025-01-08";"MI-003";"22"
"SAL-0005599";"2025-01-08";"MI-004";"15"
"SAL-0005600";"2025-01-08";"MI-005";"23"
"SAL-0005601";"2025-01-08";"MI-006";"10"
"SAL-0005602";"2025-01-08";"MI-007";"13"
"SAL-0005603";"2025-01-08";"MI-008";"12"
"SAL-0005604";"2025-01-08";"MI-009";"7"
"SAL-0005605";"2025-01-08";"MI-010";"6"
"SAL-0005606";"2025-01-08";"MI-011";"13"
"SAL-0005607";"2025-01-08";"MI-012";"6"
"SAL-0005608";"2025-01-08";"MI-013";"9"
"SAL-0005609";"2025-01-08";"MI-014";"5"
"SAL-0005610";"2025-01-08";"MI-015";"8"
"SAL-0005611";"2025-01-09";"MI-001";"21"
"SAL-0005612";"2025-01-09";"MI-002";"17"
"SAL-0005613";"2025-01-09";"MI-003";"13"
"SAL-0005614";"2025-01-09";"MI-004";"11"
"SAL-0005615";"2025-01-09";"MI-005";"16"
"SAL-0005616";"2025-01-09";"MI-006";"14"
"SAL-0005617";"2025-01-09";"MI-007";"16"
"SAL-0005618";"2025-01-09";"MI-008";"13"
"SAL-0005619";"2025-01-09";"MI-009";"9"
"SAL-0005620";"2025-01-09";"MI-010";"16"
"SAL-0005621";"2025-01-09";"MI-011";"10"
"SAL-0005622";"2025-01-09";"MI-012";"9"
"SAL-0005623";"2025-01-09";"MI-013";"8"
"SAL-0005624";"2025-01-09";"MI-014";"5"
"SAL-0005625";"2025-01-09";"MI-015";"16"
"SAL-0005626";"2025-01-10";"MI-001";"30"
"SAL-0005627";"2025-01-10";"MI-002";"13"
"SAL-0005628";"2025-01-10";"MI-003";"26"
"SAL-0005629";"2025-01-10";"MI-004";"13"
"SAL-0005630";"2025-01-10";"MI-005";"19"
"SAL-0005631";"2025-01-10";"MI-006";"12"
"SAL-0005632";"2025-01-10";"MI-007";"23"
"SAL-0005633";"2025-01-10";"MI-008";"10"
"SAL-0005634";"2025-01-10";"MI-009";"4"
"SAL-0005635";"2025-01-10";"MI-010";"3"
"SAL-0005636";"2025-01-10";"MI-011";"15"
"SAL-0005637";"2025-01-10";"MI-012";"9"
"SAL-0005638";"2025-01-10";"MI-013";"7"
"SAL-0005639";"2025-01-10";"MI-014";"6"
"SAL-0005640";"2025-01-10";"MI-015";"16"
"SAL-0005641";"2025-01-11";"MI-001";"27"
"SAL-0005642";"2025-01-11";"MI-002";"20"
"SAL-0005643";"2025-01-11";"MI-003";"23"
"SAL-0005644";"2025-01-11";"MI-004";"22"
"SAL-0005645";"2025-01-11";"MI-005";"25"
"SAL-0005646";"2025-01-11";"MI-006";"13"
"SAL-0005647";"2025-01-11";"MI-007";"20"
"SAL-0005648";"2025-01-11";"MI-008";"9"
"SAL-0005649";"2025-01-11";"MI-009";"9"
"SAL-0005650";"2025-01-11";"MI-010";"15"
"SAL-0005651";"2025-01-11";"MI-011";"18"
"SAL-0005652";"2025-01-11";"MI-012";"13"
"SAL-0005653";"2025-01-11";"MI-013";"17"
"SAL-0005654";"2025-01-11";"MI-014";"10"
"SAL-0005655";"2025-01-11";"MI-015";"19"
"SAL-0005656";"2025-01-12";"MI-001";"21"
"SAL-0005657";"2025-01-12";"MI-002";"27"
"SAL-0005658";"2025-01-12";"MI-003";"28"
"SAL-0005659";"2025-01-12";"MI-004";"26"
"SAL-0005660";"2025-01-12";"MI-005";"24"
"SAL-0005661";"2025-01-12";"MI-006";"14"
"SAL-0005662";"2025-01-12";"MI-007";"18"
"SAL-0005663";"2025-01-12";"MI-008";"8"
"SAL-0005664";"2025-01-12";"MI-009";"13"
"SAL-0005665";"2025-01-12";"MI-010";"14"
"SAL-0005666";"2025-01-12";"MI-011";"16"
"SAL-0005667";"2025-01-12";"MI-012";"12"
"SAL-0005668";"2025-01-12";"MI-013";"11"
"SAL-0005669";"2025-01-12";"MI-014";"6"
"SAL-0005670";"2025-01-12";"MI-015";"16"
"SAL-0005671";"2025-01-13";"MI-001";"21"
"SAL-0005672";"2025-01-13";"MI-002";"14"
"SAL-0005673";"2025-01-13";"MI-003";"16"
"SAL-0005674";"2025-01-13";"MI-004";"12"
"SAL-0005675";"2025-01-13";"MI-005";"15"
"SAL-0005676";"2025-01-13";"MI-006";"18"
"SAL-0005677";"2025-01-13";"MI-007";"17"
"SAL-0005678";"2025-01-13";"MI-008";"6"
"SAL-0005679";"2025-01-13";"MI-009";"16"
"SAL-0005680";"2025-01-13";"MI-010";"14"
"SAL-0005681";"2025-01-13";"MI-011";"8"
"SAL-0005682";"2025-01-13";"MI-012";"10"
"SAL-0005683";"2025-01-13";"MI-013";"7"
"SAL-0005684";"2025-01-13";"MI-014";"5"
"SAL-0005685";"2025-01-13";"MI-015";"3"
"SAL-0005686";"2025-01-14";"MI-001";"18"
"SAL-0005687";"2025-01-14";"MI-002";"14"
"SAL-0005688";"2025-01-14";"MI-003";"18"
"SAL-0005689";"2025-01-14";"MI-004";"13"
"SAL-0005690";"2025-01-14";"MI-005";"16"
"SAL-0005691";"2025-01-14";"MI-006";"9"
"SAL-0005692";"2025-01-14";"MI-007";"13"
"SAL-0005693";"2025-01-14";"MI-008";"10"
"SAL-0005694";"2025-01-14";"MI-009";"6"
"SAL-0005695";"2025-01-14";"MI-010";"10"
"SAL-0005696";"2025-01-14";"MI-011";"10"
"SAL-0005697";"2025-01-14";"MI-012";"7"
"SAL-0005698";"2025-01-14";"MI-013";"6"
"SAL-0005699";"2025-01-14";"MI-014";"7"
"SAL-0005700";"2025-01-14";"MI-015";"11"
"SAL-0005701";"2025-01-15";"MI-001";"13"
"SAL-0005702";"2025-01-15";"MI-002";"16"
"SAL-0005703";"2025-01-15";"MI-003";"10"
"SAL-0005704";"2025-01-15";"MI-004";"14"
"SAL-0005705";"2025-01-15";"MI-005";"16"
"SAL-0005706";"2025-01-15";"MI-006";"10"
"SAL-0005707";"2025-01-15";"MI-007";"17"
"SAL-0005708";"2025-01-15";"MI-008";"9"
"SAL-0005709";"2025-01-15";"MI-009";"6"
"SAL-0005710";"2025-01-15";"MI-010";"13"
"SAL-0005711";"2025-01-15";"MI-011";"14"
"SAL-0005712";"2025-01-15";"MI-012";"8"
"SAL-0005713";"2025-01-15";"MI-013";"6"
"SAL-0005714";"2025-01-15";"MI-014";"9"
"SAL-0005715";"2025-01-15";"MI-015";"4"
"SAL-0005716";"2025-01-16";"MI-001";"29"
"SAL-0005717";"2025-01-16";"MI-002";"20"
"SAL-0005718";"2025-01-16";"MI-003";"15"
"SAL-0005719";"2025-01-16";"MI-004";"18"
"SAL-0005720";"2025-01-16";"MI-005";"24"
"SAL-0005721";"2025-01-16";"MI-006";"7"
"SAL-0005722";"2025-01-16";"MI-007";"19"
"SAL-0005723";"2025-01-16";"MI-008";"19"
"SAL-0005724";"2025-01-16";"MI-009";"11"
"SAL-0005725";"2025-01-16";"MI-010";"10"
"SAL-0005726";"2025-01-16";"MI-011";"15"
"SAL-0005727";"2025-01-16";"MI-012";"6"
"SAL-0005728";"2025-01-16";"MI-013";"10"
"SAL-0005729";"2025-01-16";"MI-014";"6"
"SAL-0005730";"2025-01-16";"MI-015";"13"
"SAL-0005731";"2025-01-17";"MI-001";"22"
"SAL-0005732";"2025-01-17";"MI-002";"24"
"SAL-0005733";"2025-01-17";"MI-003";"24"
"SAL-0005734";"2025-01-17";"MI-004";"17"
"SAL-0005735";"2025-01-17";"MI-005";"23"
"SAL-0005736";"2025-01-17";"MI-006";"15"
"SAL-0005737";"2025-01-17";"MI-007";"19"
"SAL-0005738";"2025-01-17";"MI-008";"14"
"SAL-0005739";"2025-01-17";"MI-009";"6"
"SAL-0005740";"2025-01-17";"MI-010";"10"
"SAL-0005741";"2025-01-17";"MI-011";"15"
"SAL-0005742";"2025-01-17";"MI-012";"15"
"SAL-0005743";"2025-01-17";"MI-013";"8"
"SAL-0005744";"2025-01-17";"MI-014";"9"
"SAL-0005745";"2025-01-17";"MI-015";"8"
"SAL-0005746";"2025-01-18";"MI-001";"29"
"SAL-0005747";"2025-01-18";"MI-002";"29"
"SAL-0005748";"2025-01-18";"MI-003";"30"
"SAL-0005749";"2025-01-18";"MI-004";"20"
"SAL-0005750";"2025-01-18";"MI-005";"33"
"SAL-0005751";"2025-01-18";"MI-006";"21"
"SAL-0005752";"2025-01-18";"MI-007";"11"
"SAL-0005753";"2025-01-18";"MI-008";"14"
"SAL-0005754";"2025-01-18";"MI-009";"15"
"SAL-0005755";"2025-01-18";"MI-010";"16"
"SAL-0005756";"2025-01-18";"MI-011";"27"
"SAL-0005757";"2025-01-18";"MI-012";"7"
"SAL-0005758";"2025-01-18";"MI-013";"22"
"SAL-0005759";"2025-01-18";"MI-014";"7"
"SAL-0005760";"2025-01-18";"MI-015";"24"
"SAL-0005761";"2025-01-19";"MI-001";"29"
"SAL-0005762";"2025-01-19";"MI-002";"21"
"SAL-0005763";"2025-01-19";"MI-003";"24"
"SAL-0005764";"2025-01-19";"MI-004";"19"
"SAL-0005765";"2025-01-19";"MI-005";"25"
"SAL-0005766";"2025-01-19";"MI-006";"16"
"SAL-0005767";"2025-01-19";"MI-007";"26"
"SAL-0005768";"2025-01-19";"MI-008";"7"
"SAL-0005769";"2025-01-19";"MI-009";"16"
"SAL-0005770";"2025-01-19";"MI-010";"12"
"SAL-0005771";"2025-01-19";"MI-011";"17"
"SAL-0005772";"2025-01-19";"MI-012";"12"
"SAL-0005773";"2025-01-19";"MI-013";"14"
"SAL-0005774";"2025-01-19";"MI-014";"8"
"SAL-0005775";"2025-01-19";"MI-015";"19"
"SAL-0005776";"2025-01-20";"MI-001";"16"
"SAL-0005777";"2025-01-20";"MI-002";"16"
"SAL-0005778";"2025-01-20";"MI-003";"16"
"SAL-0005779";"2025-01-20";"MI-004";"7"
"SAL-0005780";"2025-01-20";"MI-005";"21"
"SAL-0005781";"2025-01-20";"MI-006";"9"
"SAL-0005782";"2025-01-20";"MI-007";"12"
"SAL-0005783";"2025-01-20";"MI-008";"13"
"SAL-0005784";"2025-01-20";"MI-009";"9"
"SAL-0005785";"2025-01-20";"MI-010";"11"
"SAL-0005786";"2025-01-20";"MI-011";"9"
"SAL-0005787";"2025-01-20";"MI-012";"5"
"SAL-0005788";"2025-01-20";"MI-013";"8"
"SAL-0005789";"2025-01-20";"MI-014";"3"
"SAL-0005790";"2025-01-20";"MI-015";"13"
"SAL-0005791";"2025-01-21";"MI-001";"17"
"SAL-0005792";"2025-01-21";"MI-002";"13"
"SAL-0005793";"2025-01-21";"MI-003";"17"
"SAL-0005794";"2025-01-21";"MI-004";"20"
"SAL-0005795";"2025-01-21";"MI-005";"6"
"SAL-0005796";"2025-01-21";"MI-006";"8"
"SAL-0005797";"2025-01-21";"MI-007";"9"
"SAL-0005798";"2025-01-21";"MI-008";"6"
"SAL-0005799";"2025-01-21";"MI-009";"7"
"SAL-0005800";"2025-01-21";"MI-010";"7"
"SAL-0005801";"2025-01-21";"MI-011";"10"
"SAL-0005802";"2025-01-21";"MI-012";"5"
"SAL-0005803";"2025-01-21";"MI-013";"9"
"SAL-0005804";"2025-01-21";"MI-014";"6"
"SAL-0005805";"2025-01-21";"MI-015";"12"
"SAL-0005806";"2025-01-22";"MI-001";"23"
"SAL-0005807";"2025-01-22";"MI-002";"12"
"SAL-0005808";"2025-01-22";"MI-003";"15"
"SAL-0005809";"2025-01-22";"MI-004";"14"
"SAL-0005810";"2025-01-22";"MI-005";"18"
"SAL-0005811";"2025-01-22";"MI-006";"10"
"SAL-0005812";"2025-01-22";"MI-007";"18"
"SAL-0005813";"2025-01-22";"MI-008";"13"
"SAL-0005814";"2025-01-22";"MI-009";"8"
"SAL-0005815";"2025-01-22";"MI-010";"9"
"SAL-0005816";"2025-01-22";"MI-011";"10"
"SAL-0005817";"2025-01-22";"MI-012";"3"
"SAL-0005818";"2025-01-22";"MI-013";"9"
"SAL-0005819";"2025-01-22";"MI-014";"5"
"SAL-0005820";"2025-01-22";"MI-015";"12"
"SAL-0005821";"2025-01-23";"MI-001";"22"
"SAL-0005822";"2025-01-23";"MI-002";"12"
"SAL-0005823";"2025-01-23";"MI-003";"22"
"SAL-0005824";"2025-01-23";"MI-004";"16"
"SAL-0005825";"2025-01-23";"MI-005";"22"
"SAL-0005826";"2025-01-23";"MI-006";"9"
"SAL-0005827";"2025-01-23";"MI-007";"9"
"SAL-0005828";"2025-01-23";"MI-008";"13"
"SAL-0005829";"2025-01-23";"MI-009";"10"
"SAL-0005830";"2025-01-23";"MI-010";"10"
"SAL-0005831";"2025-01-23";"MI-011";"10"
"SAL-0005832";"2025-01-23";"MI-012";"7"
"SAL-0005833";"2025-01-23";"MI-013";"13"
"SAL-0005834";"2025-01-23";"MI-014";"8"
"SAL-0005835";"2025-01-23";"MI-015";"13"
"SAL-0005836";"2025-01-24";"MI-001";"26"
"SAL-0005837";"2025-01-24";"MI-002";"25"
"SAL-0005838";"2025-01-24";"MI-003";"25"
"SAL-0005839";"2025-01-24";"MI-004";"24"
"SAL-0005840";"2025-01-24";"MI-005";"24"
"SAL-0005841";"2025-01-24";"MI-006";"18"
"SAL-0005842";"2025-01-24";"MI-007";"16"
"SAL-0005843";"2025-01-24";"MI-008";"3"
"SAL-0005844";"2025-01-24";"MI-009";"18"
"SAL-0005845";"2025-01-24";"MI-010";"13"
"SAL-0005846";"2025-01-24";"MI-011";"23"
"SAL-0005847";"2025-01-24";"MI-012";"8"
"SAL-0005848";"2025-01-24";"MI-013";"6"
"SAL-0005849";"2025-01-24";"MI-014";"10"
"SAL-0005850";"2025-01-24";"MI-015";"12"
"SAL-0005851";"2025-01-25";"MI-001";"30"
"SAL-0005852";"2025-01-25";"MI-002";"26"
"SAL-0005853";"2025-01-25";"MI-003";"22"
"SAL-0005854";"2025-01-25";"MI-004";"23"
"SAL-0005855";"2025-01-25";"MI-005";"32"
"SAL-0005856";"2025-01-25";"MI-006";"15"
"SAL-0005857";"2025-01-25";"MI-007";"19"
"SAL-0005858";"2025-01-25";"MI-008";"14"
"SAL-0005859";"2025-01-25";"MI-009";"11"
"SAL-0005860";"2025-01-25";"MI-010";"17"
"SAL-0005861";"2025-01-25";"MI-011";"20"
"SAL-0005862";"2025-01-25";"MI-012";"10"
"SAL-0005863";"2025-01-25";"MI-013";"10"
"SAL-0005864";"2025-01-25";"MI-014";"3"
"SAL-0005865";"2025-01-25";"MI-015";"20"
"SAL-0005866";"2025-01-26";"MI-001";"42"
"SAL-0005867";"2025-01-26";"MI-002";"32"
"SAL-0005868";"2025-01-26";"MI-003";"34"
"SAL-0005869";"2025-01-26";"MI-004";"30"
"SAL-0005870";"2025-01-26";"MI-005";"34"
"SAL-0005871";"2025-01-26";"MI-006";"27"
"SAL-0005872";"2025-01-26";"MI-007";"33"
"SAL-0005873";"2025-01-26";"MI-008";"27"
"SAL-0005874";"2025-01-26";"MI-009";"15"
"SAL-0005875";"2025-01-26";"MI-010";"16"
"SAL-0005876";"2025-01-26";"MI-011";"29"
"SAL-0005877";"2025-01-26";"MI-012";"15"
"SAL-0005878";"2025-01-26";"MI-013";"7"
"SAL-0005879";"2025-01-26";"MI-014";"18"
"SAL-0005880";"2025-01-26";"MI-015";"21"
"SAL-0005881";"2025-01-27";"MI-001";"16"
"SAL-0005882";"2025-01-27";"MI-002";"15"
"SAL-0005883";"2025-01-27";"MI-003";"17"
"SAL-0005884";"2025-01-27";"MI-004";"11"
"SAL-0005885";"2025-01-27";"MI-005";"26"
"SAL-0005886";"2025-01-27";"MI-006";"5"
"SAL-0005887";"2025-01-27";"MI-007";"11"
"SAL-0005888";"2025-01-27";"MI-008";"10"
"SAL-0005889";"2025-01-27";"MI-009";"5"
"SAL-0005890";"2025-01-27";"MI-010";"7"
"SAL-0005891";"2025-01-27";"MI-011";"12"
"SAL-0005892";"2025-01-27";"MI-012";"6"
"SAL-0005893";"2025-01-27";"MI-013";"2"
"SAL-0005894";"2025-01-27";"MI-014";"3"
"SAL-0005895";"2025-01-27";"MI-015";"12"
"SAL-0005896";"2025-01-28";"MI-001";"16"
"SAL-0005897";"2025-01-28";"MI-002";"12"
"SAL-0005898";"2025-01-28";"MI-003";"15"
"SAL-0005899";"2025-01-28";"MI-004";"9"
"SAL-0005900";"2025-01-28";"MI-005";"14"
"SAL-0005901";"2025-01-28";"MI-006";"15"
"SAL-0005902";"2025-01-28";"MI-007";"10"
"SAL-0005903";"2025-01-28";"MI-008";"10"
"SAL-0005904";"2025-01-28";"MI-009";"6"
"SAL-0005905";"2025-01-28";"MI-010";"7"
"SAL-0005906";"2025-01-28";"MI-011";"12"
"SAL-0005907";"2025-01-28";"MI-012";"6"
"SAL-0005908";"2025-01-28";"MI-013";"4"
"SAL-0005909";"2025-01-28";"MI-014";"6"
"SAL-0005910";"2025-01-28";"MI-015";"5"
"SAL-0005911";"2025-01-29";"MI-001";"22"
"SAL-0005912";"2025-01-29";"MI-002";"17"
"SAL-0005913";"2025-01-29";"MI-003";"27"
"SAL-0005914";"2025-01-29";"MI-004";"15"
"SAL-0005915";"2025-01-29";"MI-005";"29"
"SAL-0005916";"2025-01-29";"MI-006";"14"
"SAL-0005917";"2025-01-29";"MI-007";"9"
"SAL-0005918";"2025-01-29";"MI-008";"8"
"SAL-0005919";"2025-01-29";"MI-009";"8"
"SAL-0005920";"2025-01-29";"MI-010";"12"
"SAL-0005921";"2025-01-29";"MI-011";"8"
"SAL-0005922";"2025-01-29";"MI-012";"9"
"SAL-0005923";"2025-01-29";"MI-013";"8"
"SAL-0005924";"2025-01-29";"MI-014";"8"
"SAL-0005925";"2025-01-29";"MI-015";"13"
"SAL-0005926";"2025-01-30";"MI-001";"25"
"SAL-0005927";"2025-01-30";"MI-002";"12"
"SAL-0005928";"2025-01-30";"MI-003";"26"
"SAL-0005929";"2025-01-30";"MI-004";"13"
"SAL-0005930";"2025-01-30";"MI-005";"23"
"SAL-0005931";"2025-01-30";"MI-006";"8"
"SAL-0005932";"2025-01-30";"MI-007";"13"
"SAL-0005933";"2025-01-30";"MI-008";"8"
"SAL-0005934";"2025-01-30";"MI-009";"3"
"SAL-0005935";"2025-01-30";"MI-010";"9"
"SAL-0005936";"2025-01-30";"MI-011";"17"
"SAL-0005937";"2025-01-30";"MI-012";"6"
"SAL-0005938";"2025-01-30";"MI-013";"17"
"SAL-0005939";"2025-01-30";"MI-014";"5"
"SAL-0005940";"2025-01-30";"MI-015";"21"
"SAL-0005941";"2025-01-31";"MI-001";"33"
"SAL-0005942";"2025-01-31";"MI-002";"18"
"SAL-0005943";"2025-01-31";"MI-003";"23"
"SAL-0005944";"2025-01-31";"MI-004";"19"
"SAL-0005945";"2025-01-31";"MI-005";"15"
"SAL-0005946";"2025-01-31";"MI-006";"15"
"SAL-0005947";"2025-01-31";"MI-007";"16"
"SAL-0005948";"2025-01-31";"MI-008";"8"
"SAL-0005949";"2025-01-31";"MI-009";"5"
"SAL-0005950";"2025-01-31";"MI-010";"9"
"SAL-0005951";"2025-01-31";"MI-011";"17"
"SAL-0005952";"2025-01-31";"MI-012";"11"
"SAL-0005953";"2025-01-31";"MI-013";"13"
"SAL-0005954";"2025-01-31";"MI-014";"7"
"SAL-0005955";"2025-01-31";"MI-015";"12"
"SAL-0005956";"2025-02-01";"MI-001";"37"
"SAL-0005957";"2025-02-01";"MI-002";"22"
"SAL-0005958";"2025-02-01";"MI-003";"20"
"SAL-0005959";"2025-02-01";"MI-004";"19"
"SAL-0005960";"2025-02-01";"MI-005";"26"
"SAL-0005961";"2025-02-01";"MI-006";"18"
"SAL-0005962";"2025-02-01";"MI-007";"25"
"SAL-0005963";"2025-02-01";"MI-008";"18"
"SAL-0005964";"2025-02-01";"MI-009";"21"
"SAL-0005965";"2025-02-01";"MI-010";"16"
"SAL-0005966";"2025-02-01";"MI-011";"21"
"SAL-0005967";"2025-02-01";"MI-012";"7"
"SAL-0005968";"2025-02-01";"MI-013";"23"
"SAL-0005969";"2025-02-01";"MI-014";"17"
"SAL-0005970";"2025-02-01";"MI-015";"19"
"SAL-0005971";"2025-02-02";"MI-001";"35"
"SAL-0005972";"2025-02-02";"MI-002";"29"
"SAL-0005973";"2025-02-02";"MI-003";"28"
"SAL-0005974";"2025-02-02";"MI-004";"21"
"SAL-0005975";"2025-02-02";"MI-005";"28"
"SAL-0005976";"2025-02-02";"MI-006";"10"
"SAL-0005977";"2025-02-02";"MI-007";"18"
"SAL-0005978";"2025-02-02";"MI-008";"15"
"SAL-0005979";"2025-02-02";"MI-009";"15"
"SAL-0005980";"2025-02-02";"MI-010";"14"
"SAL-0005981";"2025-02-02";"MI-011";"11"
"SAL-0005982";"2025-02-02";"MI-012";"15"
"SAL-0005983";"2025-02-02";"MI-013";"10"
"SAL-0005984";"2025-02-02";"MI-014";"10"
"SAL-0005985";"2025-02-02";"MI-015";"14"
"SAL-0005986";"2025-02-03";"MI-001";"12"
"SAL-0005987";"2025-02-03";"MI-002";"7"
"SAL-0005988";"2025-02-03";"MI-003";"10"
"SAL-0005989";"2025-02-03";"MI-004";"12"
"SAL-0005990";"2025-02-03";"MI-005";"10"
"SAL-0005991";"2025-02-03";"MI-006";"5"
"SAL-0005992";"2025-02-03";"MI-007";"12"
"SAL-0005993";"2025-02-03";"MI-008";"10"
"SAL-0005994";"2025-02-03";"MI-009";"2"
"SAL-0005995";"2025-02-03";"MI-010";"4"
"SAL-0005996";"2025-02-03";"MI-011";"3"
"SAL-0005997";"2025-02-03";"MI-012";"4"
"SAL-0005998";"2025-02-03";"MI-013";"8"
"SAL-0005999";"2025-02-03";"MI-014";"2"
"SAL-0006000";"2025-02-03";"MI-015";"3"
"SAL-0006001";"2025-02-04";"MI-001";"18"
"SAL-0006002";"2025-02-04";"MI-002";"16"
"SAL-0006003";"2025-02-04";"MI-003";"14"
"SAL-0006004";"2025-02-04";"MI-004";"4"
"SAL-0006005";"2025-02-04";"MI-005";"16"
"SAL-0006006";"2025-02-04";"MI-006";"20"
"SAL-0006007";"2025-02-04";"MI-007";"12"
"SAL-0006008";"2025-02-04";"MI-008";"6"
"SAL-0006009";"2025-02-04";"MI-009";"9"
"SAL-0006010";"2025-02-04";"MI-010";"12"
"SAL-0006011";"2025-02-04";"MI-011";"11"
"SAL-0006012";"2025-02-04";"MI-012";"8"
"SAL-0006013";"2025-02-04";"MI-013";"10"
"SAL-0006014";"2025-02-04";"MI-014";"9"
"SAL-0006015";"2025-02-04";"MI-015";"9"
"SAL-0006016";"2025-02-05";"MI-001";"24"
"SAL-0006017";"2025-02-05";"MI-002";"12"
"SAL-0006018";"2025-02-05";"MI-003";"20"
"SAL-0006019";"2025-02-05";"MI-004";"16"
"SAL-0006020";"2025-02-05";"MI-005";"19"
"SAL-0006021";"2025-02-05";"MI-006";"14"
"SAL-0006022";"2025-02-05";"MI-007";"12"
"SAL-0006023";"2025-02-05";"MI-008";"10"
"SAL-0006024";"2025-02-05";"MI-009";"12"
"SAL-0006025";"2025-02-05";"MI-010";"15"
"SAL-0006026";"2025-02-05";"MI-011";"11"
"SAL-0006027";"2025-02-05";"MI-012";"7"
"SAL-0006028";"2025-02-05";"MI-013";"8"
"SAL-0006029";"2025-02-05";"MI-014";"1"
"SAL-0006030";"2025-02-05";"MI-015";"7"
"SAL-0006031";"2025-02-06";"MI-001";"27"
"SAL-0006032";"2025-02-06";"MI-002";"12"
"SAL-0006033";"2025-02-06";"MI-003";"14"
"SAL-0006034";"2025-02-06";"MI-004";"14"
"SAL-0006035";"2025-02-06";"MI-005";"17"
"SAL-0006036";"2025-02-06";"MI-006";"8"
"SAL-0006037";"2025-02-06";"MI-007";"13"
"SAL-0006038";"2025-02-06";"MI-008";"9"
"SAL-0006039";"2025-02-06";"MI-009";"8"
"SAL-0006040";"2025-02-06";"MI-010";"15"
"SAL-0006041";"2025-02-06";"MI-011";"14"
"SAL-0006042";"2025-02-06";"MI-012";"8"
"SAL-0006043";"2025-02-06";"MI-013";"9"
"SAL-0006044";"2025-02-06";"MI-014";"5"
"SAL-0006045";"2025-02-06";"MI-015";"9"
"SAL-0006046";"2025-02-07";"MI-001";"25"
"SAL-0006047";"2025-02-07";"MI-002";"23"
"SAL-0006048";"2025-02-07";"MI-003";"18"
"SAL-0006049";"2025-02-07";"MI-004";"17"
"SAL-0006050";"2025-02-07";"MI-005";"22"
"SAL-0006051";"2025-02-07";"MI-006";"10"
"SAL-0006052";"2025-02-07";"MI-007";"17"
"SAL-0006053";"2025-02-07";"MI-008";"8"
"SAL-0006054";"2025-02-07";"MI-009";"9"
"SAL-0006055";"2025-02-07";"MI-010";"19"
"SAL-0006056";"2025-02-07";"MI-011";"14"
"SAL-0006057";"2025-02-07";"MI-012";"4"
"SAL-0006058";"2025-02-07";"MI-013";"17"
"SAL-0006059";"2025-02-07";"MI-014";"5"
"SAL-0006060";"2025-02-07";"MI-015";"11"
"SAL-0006061";"2025-02-08";"MI-001";"33"
"SAL-0006062";"2025-02-08";"MI-002";"29"
"SAL-0006063";"2025-02-08";"MI-003";"14"
"SAL-0006064";"2025-02-08";"MI-004";"21"
"SAL-0006065";"2025-02-08";"MI-005";"24"
"SAL-0006066";"2025-02-08";"MI-006";"13"
"SAL-0006067";"2025-02-08";"MI-007";"25"
"SAL-0006068";"2025-02-08";"MI-008";"19"
"SAL-0006069";"2025-02-08";"MI-009";"24"
"SAL-0006070";"2025-02-08";"MI-010";"16"
"SAL-0006071";"2025-02-08";"MI-011";"21"
"SAL-0006072";"2025-02-08";"MI-012";"10"
"SAL-0006073";"2025-02-08";"MI-013";"22"
"SAL-0006074";"2025-02-08";"MI-014";"13"
"SAL-0006075";"2025-02-08";"MI-015";"27"
"SAL-0006076";"2025-02-09";"MI-001";"41"
"SAL-0006077";"2025-02-09";"MI-002";"19"
"SAL-0006078";"2025-02-09";"MI-003";"25"
"SAL-0006079";"2025-02-09";"MI-004";"16"
"SAL-0006080";"2025-02-09";"MI-005";"38"
"SAL-0006081";"2025-02-09";"MI-006";"18"
"SAL-0006082";"2025-02-09";"MI-007";"20"
"SAL-0006083";"2025-02-09";"MI-008";"17"
"SAL-0006084";"2025-02-09";"MI-009";"11"
"SAL-0006085";"2025-02-09";"MI-010";"11"
"SAL-0006086";"2025-02-09";"MI-011";"22"
"SAL-0006087";"2025-02-09";"MI-012";"12"
"SAL-0006088";"2025-02-09";"MI-013";"9"
"SAL-0006089";"2025-02-09";"MI-014";"7"
"SAL-0006090";"2025-02-09";"MI-015";"14"
"SAL-0006091";"2025-02-10";"MI-001";"18"
"SAL-0006092";"2025-02-10";"MI-002";"18"
"SAL-0006093";"2025-02-10";"MI-003";"22"
"SAL-0006094";"2025-02-10";"MI-004";"20"
"SAL-0006095";"2025-02-10";"MI-005";"23"
"SAL-0006096";"2025-02-10";"MI-006";"13"
"SAL-0006097";"2025-02-10";"MI-007";"12"
"SAL-0006098";"2025-02-10";"MI-008";"11"
"SAL-0006099";"2025-02-10";"MI-009";"9"
"SAL-0006100";"2025-02-10";"MI-010";"8"
"SAL-0006101";"2025-02-10";"MI-011";"11"
"SAL-0006102";"2025-02-10";"MI-012";"3"
"SAL-0006103";"2025-02-10";"MI-013";"9"
"SAL-0006104";"2025-02-10";"MI-014";"8"
"SAL-0006105";"2025-02-10";"MI-015";"8"
"SAL-0006106";"2025-02-11";"MI-001";"17"
"SAL-0006107";"2025-02-11";"MI-002";"16"
"SAL-0006108";"2025-02-11";"MI-003";"13"
"SAL-0006109";"2025-02-11";"MI-004";"9"
"SAL-0006110";"2025-02-11";"MI-005";"8"
"SAL-0006111";"2025-02-11";"MI-006";"6"
"SAL-0006112";"2025-02-11";"MI-007";"17"
"SAL-0006113";"2025-02-11";"MI-008";"9"
"SAL-0006114";"2025-02-11";"MI-009";"10"
"SAL-0006115";"2025-02-11";"MI-010";"9"
"SAL-0006116";"2025-02-11";"MI-011";"11"
"SAL-0006117";"2025-02-11";"MI-012";"6"
"SAL-0006118";"2025-02-11";"MI-013";"7"
"SAL-0006119";"2025-02-11";"MI-014";"4"
"SAL-0006120";"2025-02-11";"MI-015";"11"
"SAL-0006121";"2025-02-12";"MI-001";"12"
"SAL-0006122";"2025-02-12";"MI-002";"18"
"SAL-0006123";"2025-02-12";"MI-003";"16"
"SAL-0006124";"2025-02-12";"MI-004";"13"
"SAL-0006125";"2025-02-12";"MI-005";"16"
"SAL-0006126";"2025-02-12";"MI-006";"11"
"SAL-0006127";"2025-02-12";"MI-007";"15"
"SAL-0006128";"2025-02-12";"MI-008";"13"
"SAL-0006129";"2025-02-12";"MI-009";"7"
"SAL-0006130";"2025-02-12";"MI-010";"10"
"SAL-0006131";"2025-02-12";"MI-011";"14"
"SAL-0006132";"2025-02-12";"MI-012";"11"
"SAL-0006133";"2025-02-12";"MI-013";"9"
"SAL-0006134";"2025-02-12";"MI-014";"5"
"SAL-0006135";"2025-02-12";"MI-015";"6"
"SAL-0006136";"2025-02-13";"MI-001";"21"
"SAL-0006137";"2025-02-13";"MI-002";"17"
"SAL-0006138";"2025-02-13";"MI-003";"29"
"SAL-0006139";"2025-02-13";"MI-004";"15"
"SAL-0006140";"2025-02-13";"MI-005";"24"
"SAL-0006141";"2025-02-13";"MI-006";"13"
"SAL-0006142";"2025-02-13";"MI-007";"12"
"SAL-0006143";"2025-02-13";"MI-008";"10"
"SAL-0006144";"2025-02-13";"MI-009";"7"
"SAL-0006145";"2025-02-13";"MI-010";"13"
"SAL-0006146";"2025-02-13";"MI-011";"21"
"SAL-0006147";"2025-02-13";"MI-012";"3"
"SAL-0006148";"2025-02-13";"MI-013";"11"
"SAL-0006149";"2025-02-13";"MI-014";"10"
"SAL-0006150";"2025-02-13";"MI-015";"17"
"SAL-0006151";"2025-02-14";"MI-001";"32"
"SAL-0006152";"2025-02-14";"MI-002";"27"
"SAL-0006153";"2025-02-14";"MI-003";"19"
"SAL-0006154";"2025-02-14";"MI-004";"17"
"SAL-0006155";"2025-02-14";"MI-005";"29"
"SAL-0006156";"2025-02-14";"MI-006";"12"
"SAL-0006157";"2025-02-14";"MI-007";"20"
"SAL-0006158";"2025-02-14";"MI-008";"15"
"SAL-0006159";"2025-02-14";"MI-009";"12"
"SAL-0006160";"2025-02-14";"MI-010";"10"
"SAL-0006161";"2025-02-14";"MI-011";"9"
"SAL-0006162";"2025-02-14";"MI-012";"5"
"SAL-0006163";"2025-02-14";"MI-013";"12"
"SAL-0006164";"2025-02-14";"MI-014";"10"
"SAL-0006165";"2025-02-14";"MI-015";"13"
"SAL-0006166";"2025-02-15";"MI-001";"36"
"SAL-0006167";"2025-02-15";"MI-002";"20"
"SAL-0006168";"2025-02-15";"MI-003";"33"
"SAL-0006169";"2025-02-15";"MI-004";"17"
"SAL-0006170";"2025-02-15";"MI-005";"35"
"SAL-0006171";"2025-02-15";"MI-006";"17"
"SAL-0006172";"2025-02-15";"MI-007";"30"
"SAL-0006173";"2025-02-15";"MI-008";"14"
"SAL-0006174";"2025-02-15";"MI-009";"8"
"SAL-0006175";"2025-02-15";"MI-010";"23"
"SAL-0006176";"2025-02-15";"MI-011";"23"
"SAL-0006177";"2025-02-15";"MI-012";"5"
"SAL-0006178";"2025-02-15";"MI-013";"19"
"SAL-0006179";"2025-02-15";"MI-014";"9"
"SAL-0006180";"2025-02-15";"MI-015";"23"
"SAL-0006181";"2025-02-16";"MI-001";"26"
"SAL-0006182";"2025-02-16";"MI-002";"24"
"SAL-0006183";"2025-02-16";"MI-003";"21"
"SAL-0006184";"2025-02-16";"MI-004";"20"
"SAL-0006185";"2025-02-16";"MI-005";"14"
"SAL-0006186";"2025-02-16";"MI-006";"19"
"SAL-0006187";"2025-02-16";"MI-007";"17"
"SAL-0006188";"2025-02-16";"MI-008";"12"
"SAL-0006189";"2025-02-16";"MI-009";"11"
"SAL-0006190";"2025-02-16";"MI-010";"16"
"SAL-0006191";"2025-02-16";"MI-011";"23"
"SAL-0006192";"2025-02-16";"MI-012";"10"
"SAL-0006193";"2025-02-16";"MI-013";"17"
"SAL-0006194";"2025-02-16";"MI-014";"6"
"SAL-0006195";"2025-02-16";"MI-015";"13"
"SAL-0006196";"2025-02-17";"MI-001";"21"
"SAL-0006197";"2025-02-17";"MI-002";"8"
"SAL-0006198";"2025-02-17";"MI-003";"16"
"SAL-0006199";"2025-02-17";"MI-004";"7"
"SAL-0006200";"2025-02-17";"MI-005";"18"
"SAL-0006201";"2025-02-17";"MI-006";"7"
"SAL-0006202";"2025-02-17";"MI-007";"10"
"SAL-0006203";"2025-02-17";"MI-008";"6"
"SAL-0006204";"2025-02-17";"MI-009";"5"
"SAL-0006205";"2025-02-17";"MI-010";"6"
"SAL-0006206";"2025-02-17";"MI-011";"14"
"SAL-0006207";"2025-02-17";"MI-012";"3"
"SAL-0006208";"2025-02-17";"MI-013";"9"
"SAL-0006209";"2025-02-17";"MI-014";"1"
"SAL-0006210";"2025-02-17";"MI-015";"10"
"SAL-0006211";"2025-02-18";"MI-001";"21"
"SAL-0006212";"2025-02-18";"MI-002";"11"
"SAL-0006213";"2025-02-18";"MI-003";"14"
"SAL-0006214";"2025-02-18";"MI-004";"5"
"SAL-0006215";"2025-02-18";"MI-005";"19"
"SAL-0006216";"2025-02-18";"MI-006";"8"
"SAL-0006217";"2025-02-18";"MI-007";"14"
"SAL-0006218";"2025-02-18";"MI-008";"10"
"SAL-0006219";"2025-02-18";"MI-009";"5"
"SAL-0006220";"2025-02-18";"MI-010";"8"
"SAL-0006221";"2025-02-18";"MI-011";"10"
"SAL-0006222";"2025-02-18";"MI-012";"3"
"SAL-0006223";"2025-02-18";"MI-013";"9"
"SAL-0006224";"2025-02-18";"MI-014";"4"
"SAL-0006225";"2025-02-18";"MI-015";"3"
"SAL-0006226";"2025-02-19";"MI-001";"21"
"SAL-0006227";"2025-02-19";"MI-002";"19"
"SAL-0006228";"2025-02-19";"MI-003";"14"
"SAL-0006229";"2025-02-19";"MI-004";"10"
"SAL-0006230";"2025-02-19";"MI-005";"23"
"SAL-0006231";"2025-02-19";"MI-006";"13"
"SAL-0006232";"2025-02-19";"MI-007";"14"
"SAL-0006233";"2025-02-19";"MI-008";"8"
"SAL-0006234";"2025-02-19";"MI-009";"13"
"SAL-0006235";"2025-02-19";"MI-010";"11"
"SAL-0006236";"2025-02-19";"MI-011";"2"
"SAL-0006237";"2025-02-19";"MI-012";"8"
"SAL-0006238";"2025-02-19";"MI-013";"12"
"SAL-0006239";"2025-02-19";"MI-014";"4"
"SAL-0006240";"2025-02-19";"MI-015";"8"
"SAL-0006241";"2025-02-20";"MI-001";"23"
"SAL-0006242";"2025-02-20";"MI-002";"10"
"SAL-0006243";"2025-02-20";"MI-003";"23"
"SAL-0006244";"2025-02-20";"MI-004";"13"
"SAL-0006245";"2025-02-20";"MI-005";"18"
"SAL-0006246";"2025-02-20";"MI-006";"12"
"SAL-0006247";"2025-02-20";"MI-007";"17"
"SAL-0006248";"2025-02-20";"MI-008";"5"
"SAL-0006249";"2025-02-20";"MI-009";"4"
"SAL-0006250";"2025-02-20";"MI-010";"7"
"SAL-0006251";"2025-02-20";"MI-011";"9"
"SAL-0006252";"2025-02-20";"MI-012";"10"
"SAL-0006253";"2025-02-20";"MI-013";"15"
"SAL-0006254";"2025-02-20";"MI-014";"7"
"SAL-0006255";"2025-02-20";"MI-015";"13"
"SAL-0006256";"2025-02-21";"MI-001";"21"
"SAL-0006257";"2025-02-21";"MI-002";"15"
"SAL-0006258";"2025-02-21";"MI-003";"33"
"SAL-0006259";"2025-02-21";"MI-004";"17"
"SAL-0006260";"2025-02-21";"MI-005";"29"
"SAL-0006261";"2025-02-21";"MI-006";"28"
"SAL-0006262";"2025-02-21";"MI-007";"21"
"SAL-0006263";"2025-02-21";"MI-008";"16"
"SAL-0006264";"2025-02-21";"MI-009";"11"
"SAL-0006265";"2025-02-21";"MI-010";"9"
"SAL-0006266";"2025-02-21";"MI-011";"11"
"SAL-0006267";"2025-02-21";"MI-012";"13"
"SAL-0006268";"2025-02-21";"MI-013";"13"
"SAL-0006269";"2025-02-21";"MI-014";"10"
"SAL-0006270";"2025-02-21";"MI-015";"15"
"SAL-0006271";"2025-02-22";"MI-001";"28"
"SAL-0006272";"2025-02-22";"MI-002";"24"
"SAL-0006273";"2025-02-22";"MI-003";"26"
"SAL-0006274";"2025-02-22";"MI-004";"12"
"SAL-0006275";"2025-02-22";"MI-005";"34"
"SAL-0006276";"2025-02-22";"MI-006";"20"
"SAL-0006277";"2025-02-22";"MI-007";"30"
"SAL-0006278";"2025-02-22";"MI-008";"16"
"SAL-0006279";"2025-02-22";"MI-009";"7"
"SAL-0006280";"2025-02-22";"MI-010";"15"
"SAL-0006281";"2025-02-22";"MI-011";"20"
"SAL-0006282";"2025-02-22";"MI-012";"17"
"SAL-0006283";"2025-02-22";"MI-013";"22"
"SAL-0006284";"2025-02-22";"MI-014";"16"
"SAL-0006285";"2025-02-22";"MI-015";"17"
"SAL-0006286";"2025-02-23";"MI-001";"38"
"SAL-0006287";"2025-02-23";"MI-002";"38"
"SAL-0006288";"2025-02-23";"MI-003";"36"
"SAL-0006289";"2025-02-23";"MI-004";"21"
"SAL-0006290";"2025-02-23";"MI-005";"33"
"SAL-0006291";"2025-02-23";"MI-006";"22"
"SAL-0006292";"2025-02-23";"MI-007";"23"
"SAL-0006293";"2025-02-23";"MI-008";"13"
"SAL-0006294";"2025-02-23";"MI-009";"14"
"SAL-0006295";"2025-02-23";"MI-010";"19"
"SAL-0006296";"2025-02-23";"MI-011";"20"
"SAL-0006297";"2025-02-23";"MI-012";"11"
"SAL-0006298";"2025-02-23";"MI-013";"23"
"SAL-0006299";"2025-02-23";"MI-014";"6"
"SAL-0006300";"2025-02-23";"MI-015";"10"
"SAL-0006301";"2025-02-24";"MI-001";"20"
"SAL-0006302";"2025-02-24";"MI-002";"19"
"SAL-0006303";"2025-02-24";"MI-003";"13"
"SAL-0006304";"2025-02-24";"MI-004";"8"
"SAL-0006305";"2025-02-24";"MI-005";"16"
"SAL-0006306";"2025-02-24";"MI-006";"11"
"SAL-0006307";"2025-02-24";"MI-007";"19"
"SAL-0006308";"2025-02-24";"MI-008";"14"
"SAL-0006309";"2025-02-24";"MI-009";"8"
"SAL-0006310";"2025-02-24";"MI-010";"6"
"SAL-0006311";"2025-02-24";"MI-011";"9"
"SAL-0006312";"2025-02-24";"MI-012";"8"
"SAL-0006313";"2025-02-24";"MI-013";"10"
"SAL-0006314";"2025-02-24";"MI-014";"4"
"SAL-0006315";"2025-02-24";"MI-015";"11"
"SAL-0006316";"2025-02-25";"MI-001";"18"
"SAL-0006317";"2025-02-25";"MI-002";"13"
"SAL-0006318";"2025-02-25";"MI-003";"3"
"SAL-0006319";"2025-02-25";"MI-004";"11"
"SAL-0006320";"2025-02-25";"MI-005";"23"
"SAL-0006321";"2025-02-25";"MI-006";"11"
"SAL-0006322";"2025-02-25";"MI-007";"10"
"SAL-0006323";"2025-02-25";"MI-008";"7"
"SAL-0006324";"2025-02-25";"MI-009";"8"
"SAL-0006325";"2025-02-25";"MI-010";"5"
"SAL-0006326";"2025-02-25";"MI-011";"4"
"SAL-0006327";"2025-02-25";"MI-012";"8"
"SAL-0006328";"2025-02-25";"MI-013";"12"
"SAL-0006329";"2025-02-25";"MI-014";"1"
"SAL-0006330";"2025-02-25";"MI-015";"6"
"SAL-0006331";"2025-02-26";"MI-001";"21"
"SAL-0006332";"2025-02-26";"MI-002";"19"
"SAL-0006333";"2025-02-26";"MI-003";"21"
"SAL-0006334";"2025-02-26";"MI-004";"15"
"SAL-0006335";"2025-02-26";"MI-005";"13"
"SAL-0006336";"2025-02-26";"MI-006";"14"
"SAL-0006337";"2025-02-26";"MI-007";"7"
"SAL-0006338";"2025-02-26";"MI-008";"14"
"SAL-0006339";"2025-02-26";"MI-009";"14"
"SAL-0006340";"2025-02-26";"MI-010";"12"
"SAL-0006341";"2025-02-26";"MI-011";"12"
"SAL-0006342";"2025-02-26";"MI-012";"10"
"SAL-0006343";"2025-02-26";"MI-013";"9"
"SAL-0006344";"2025-02-26";"MI-014";"2"
"SAL-0006345";"2025-02-26";"MI-015";"12"
"SAL-0006346";"2025-02-27";"MI-001";"18"
"SAL-0006347";"2025-02-27";"MI-002";"15"
"SAL-0006348";"2025-02-27";"MI-003";"19"
"SAL-0006349";"2025-02-27";"MI-004";"16"
"SAL-0006350";"2025-02-27";"MI-005";"28"
"SAL-0006351";"2025-02-27";"MI-006";"16"
"SAL-0006352";"2025-02-27";"MI-007";"19"
"SAL-0006353";"2025-02-27";"MI-008";"13"
"SAL-0006354";"2025-02-27";"MI-009";"11"
"SAL-0006355";"2025-02-27";"MI-010";"12"
"SAL-0006356";"2025-02-27";"MI-011";"19"
"SAL-0006357";"2025-02-27";"MI-012";"7"
"SAL-0006358";"2025-02-27";"MI-013";"13"
"SAL-0006359";"2025-02-27";"MI-014";"9"
"SAL-0006360";"2025-02-27";"MI-015";"14"
"SAL-0006361";"2025-02-28";"MI-001";"28"
"SAL-0006362";"2025-02-28";"MI-002";"12"
"SAL-0006363";"2025-02-28";"MI-003";"13"
"SAL-0006364";"2025-02-28";"MI-004";"16"
"SAL-0006365";"2025-02-28";"MI-005";"23"
"SAL-0006366";"2025-02-28";"MI-006";"15"
"SAL-0006367";"2025-02-28";"MI-007";"12"
"SAL-0006368";"2025-02-28";"MI-008";"16"
"SAL-0006369";"2025-02-28";"MI-009";"9"
"SAL-0006370";"2025-02-28";"MI-010";"9"
"SAL-0006371";"2025-02-28";"MI-011";"8"
"SAL-0006372";"2025-02-28";"MI-012";"7"
"SAL-0006373";"2025-02-28";"MI-013";"9"
"SAL-0006374";"2025-02-28";"MI-014";"5"
"SAL-0006375";"2025-02-28";"MI-015";"6"
"SAL-0006376";"2025-03-01";"MI-001";"29"
"SAL-0006377";"2025-03-01";"MI-002";"17"
"SAL-0006378";"2025-03-01";"MI-003";"32"
"SAL-0006379";"2025-03-01";"MI-004";"20"
"SAL-0006380";"2025-03-01";"MI-005";"24"
"SAL-0006381";"2025-03-01";"MI-006";"11"
"SAL-0006382";"2025-03-01";"MI-007";"33"
"SAL-0006383";"2025-03-01";"MI-008";"17"
"SAL-0006384";"2025-03-01";"MI-009";"16"
"SAL-0006385";"2025-03-01";"MI-010";"8"
"SAL-0006386";"2025-03-01";"MI-011";"21"
"SAL-0006387";"2025-03-01";"MI-012";"9"
"SAL-0006388";"2025-03-01";"MI-013";"6"
"SAL-0006389";"2025-03-01";"MI-014";"12"
"SAL-0006390";"2025-03-01";"MI-015";"12"
"SAL-0006391";"2025-03-02";"MI-001";"25"
"SAL-0006392";"2025-03-02";"MI-002";"31"
"SAL-0006393";"2025-03-02";"MI-003";"25"
"SAL-0006394";"2025-03-02";"MI-004";"17"
"SAL-0006395";"2025-03-02";"MI-005";"26"
"SAL-0006396";"2025-03-02";"MI-006";"16"
"SAL-0006397";"2025-03-02";"MI-007";"27"
"SAL-0006398";"2025-03-02";"MI-008";"13"
"SAL-0006399";"2025-03-02";"MI-009";"17"
"SAL-0006400";"2025-03-02";"MI-010";"13"
"SAL-0006401";"2025-03-02";"MI-011";"10"
"SAL-0006402";"2025-03-02";"MI-012";"11"
"SAL-0006403";"2025-03-02";"MI-013";"14"
"SAL-0006404";"2025-03-02";"MI-014";"6"
"SAL-0006405";"2025-03-02";"MI-015";"9"
"SAL-0006406";"2025-03-03";"MI-001";"18"
"SAL-0006407";"2025-03-03";"MI-002";"18"
"SAL-0006408";"2025-03-03";"MI-003";"13"
"SAL-0006409";"2025-03-03";"MI-004";"13"
"SAL-0006410";"2025-03-03";"MI-005";"11"
"SAL-0006411";"2025-03-03";"MI-006";"10"
"SAL-0006412";"2025-03-03";"MI-007";"16"
"SAL-0006413";"2025-03-03";"MI-008";"2"
"SAL-0006414";"2025-03-03";"MI-009";"10"
"SAL-0006415";"2025-03-03";"MI-010";"7"
"SAL-0006416";"2025-03-03";"MI-011";"9"
"SAL-0006417";"2025-03-03";"MI-012";"8"
"SAL-0006418";"2025-03-03";"MI-013";"7"
"SAL-0006419";"2025-03-03";"MI-014";"3"
"SAL-0006420";"2025-03-03";"MI-015";"7"
"SAL-0006421";"2025-03-04";"MI-001";"23"
"SAL-0006422";"2025-03-04";"MI-002";"11"
"SAL-0006423";"2025-03-04";"MI-003";"17"
"SAL-0006424";"2025-03-04";"MI-004";"11"
"SAL-0006425";"2025-03-04";"MI-005";"11"
"SAL-0006426";"2025-03-04";"MI-006";"11"
"SAL-0006427";"2025-03-04";"MI-007";"9"
"SAL-0006428";"2025-03-04";"MI-008";"13"
"SAL-0006429";"2025-03-04";"MI-009";"8"
"SAL-0006430";"2025-03-04";"MI-010";"9"
"SAL-0006431";"2025-03-04";"MI-011";"5"
"SAL-0006432";"2025-03-04";"MI-012";"9"
"SAL-0006433";"2025-03-04";"MI-013";"5"
"SAL-0006434";"2025-03-04";"MI-014";"4"
"SAL-0006435";"2025-03-04";"MI-015";"8"
"SAL-0006436";"2025-03-05";"MI-001";"21"
"SAL-0006437";"2025-03-05";"MI-002";"19"
"SAL-0006438";"2025-03-05";"MI-003";"20"
"SAL-0006439";"2025-03-05";"MI-004";"21"
"SAL-0006440";"2025-03-05";"MI-005";"26"
"SAL-0006441";"2025-03-05";"MI-006";"10"
"SAL-0006442";"2025-03-05";"MI-007";"14"
"SAL-0006443";"2025-03-05";"MI-008";"9"
"SAL-0006444";"2025-03-05";"MI-009";"10"
"SAL-0006445";"2025-03-05";"MI-010";"9"
"SAL-0006446";"2025-03-05";"MI-011";"12"
"SAL-0006447";"2025-03-05";"MI-012";"12"
"SAL-0006448";"2025-03-05";"MI-013";"12"
"SAL-0006449";"2025-03-05";"MI-014";"10"
"SAL-0006450";"2025-03-05";"MI-015";"16"
"SAL-0006451";"2025-03-06";"MI-001";"15"
"SAL-0006452";"2025-03-06";"MI-002";"18"
"SAL-0006453";"2025-03-06";"MI-003";"20"
"SAL-0006454";"2025-03-06";"MI-004";"12"
"SAL-0006455";"2025-03-06";"MI-005";"13"
"SAL-0006456";"2025-03-06";"MI-006";"12"
"SAL-0006457";"2025-03-06";"MI-007";"15"
"SAL-0006458";"2025-03-06";"MI-008";"9"
"SAL-0006459";"2025-03-06";"MI-009";"3"
"SAL-0006460";"2025-03-06";"MI-010";"11"
"SAL-0006461";"2025-03-06";"MI-011";"8"
"SAL-0006462";"2025-03-06";"MI-012";"6"
"SAL-0006463";"2025-03-06";"MI-013";"9"
"SAL-0006464";"2025-03-06";"MI-014";"7"
"SAL-0006465";"2025-03-06";"MI-015";"16"
"SAL-0006466";"2025-03-07";"MI-001";"30"
"SAL-0006467";"2025-03-07";"MI-002";"15"
"SAL-0006468";"2025-03-07";"MI-003";"19"
"SAL-0006469";"2025-03-07";"MI-004";"16"
"SAL-0006470";"2025-03-07";"MI-005";"24"
"SAL-0006471";"2025-03-07";"MI-006";"20"
"SAL-0006472";"2025-03-07";"MI-007";"27"
"SAL-0006473";"2025-03-07";"MI-008";"16"
"SAL-0006474";"2025-03-07";"MI-009";"6"
"SAL-0006475";"2025-03-07";"MI-010";"14"
"SAL-0006476";"2025-03-07";"MI-011";"15"
"SAL-0006477";"2025-03-07";"MI-012";"12"
"SAL-0006478";"2025-03-07";"MI-013";"13"
"SAL-0006479";"2025-03-07";"MI-014";"9"
"SAL-0006480";"2025-03-07";"MI-015";"13"
"SAL-0006481";"2025-03-08";"MI-001";"40"
"SAL-0006482";"2025-03-08";"MI-002";"34"
"SAL-0006483";"2025-03-08";"MI-003";"31"
"SAL-0006484";"2025-03-08";"MI-004";"21"
"SAL-0006485";"2025-03-08";"MI-005";"32"
"SAL-0006486";"2025-03-08";"MI-006";"19"
"SAL-0006487";"2025-03-08";"MI-007";"27"
"SAL-0006488";"2025-03-08";"MI-008";"26"
"SAL-0006489";"2025-03-08";"MI-009";"14"
"SAL-0006490";"2025-03-08";"MI-010";"24"
"SAL-0006491";"2025-03-08";"MI-011";"19"
"SAL-0006492";"2025-03-08";"MI-012";"13"
"SAL-0006493";"2025-03-08";"MI-013";"16"
"SAL-0006494";"2025-03-08";"MI-014";"11"
"SAL-0006495";"2025-03-08";"MI-015";"17"
"SAL-0006496";"2025-03-09";"MI-001";"39"
"SAL-0006497";"2025-03-09";"MI-002";"25"
"SAL-0006498";"2025-03-09";"MI-003";"28"
"SAL-0006499";"2025-03-09";"MI-004";"25"
"SAL-0006500";"2025-03-09";"MI-005";"18"
"SAL-0006501";"2025-03-09";"MI-006";"13"
"SAL-0006502";"2025-03-09";"MI-007";"30"
"SAL-0006503";"2025-03-09";"MI-008";"10"
"SAL-0006504";"2025-03-09";"MI-009";"18"
"SAL-0006505";"2025-03-09";"MI-010";"13"
"SAL-0006506";"2025-03-09";"MI-011";"17"
"SAL-0006507";"2025-03-09";"MI-012";"4"
"SAL-0006508";"2025-03-09";"MI-013";"11"
"SAL-0006509";"2025-03-09";"MI-014";"8"
"SAL-0006510";"2025-03-09";"MI-015";"18"
"SAL-0006511";"2025-03-10";"MI-001";"15"
"SAL-0006512";"2025-03-10";"MI-002";"13"
"SAL-0006513";"2025-03-10";"MI-003";"15"
"SAL-0006514";"2025-03-10";"MI-004";"12"
"SAL-0006515";"2025-03-10";"MI-005";"23"
"SAL-0006516";"2025-03-10";"MI-006";"16"
"SAL-0006517";"2025-03-10";"MI-007";"11"
"SAL-0006518";"2025-03-10";"MI-008";"6"
"SAL-0006519";"2025-03-10";"MI-009";"5"
"SAL-0006520";"2025-03-10";"MI-010";"2"
"SAL-0006521";"2025-03-10";"MI-011";"10"
"SAL-0006522";"2025-03-10";"MI-012";"8"
"SAL-0006523";"2025-03-10";"MI-013";"7"
"SAL-0006524";"2025-03-10";"MI-014";"10"
"SAL-0006525";"2025-03-10";"MI-015";"9"
"SAL-0006526";"2025-03-11";"MI-001";"14"
"SAL-0006527";"2025-03-11";"MI-002";"9"
"SAL-0006528";"2025-03-11";"MI-003";"15"
"SAL-0006529";"2025-03-11";"MI-004";"4"
"SAL-0006530";"2025-03-11";"MI-005";"18"
"SAL-0006531";"2025-03-11";"MI-006";"10"
"SAL-0006532";"2025-03-11";"MI-007";"15"
"SAL-0006533";"2025-03-11";"MI-008";"7"
"SAL-0006534";"2025-03-11";"MI-009";"4"
"SAL-0006535";"2025-03-11";"MI-010";"0"
"SAL-0006536";"2025-03-11";"MI-011";"12"
"SAL-0006537";"2025-03-11";"MI-012";"8"
"SAL-0006538";"2025-03-11";"MI-013";"4"
"SAL-0006539";"2025-03-11";"MI-014";"3"
"SAL-0006540";"2025-03-11";"MI-015";"10"
"SAL-0006541";"2025-03-12";"MI-001";"16"
"SAL-0006542";"2025-03-12";"MI-002";"12"
"SAL-0006543";"2025-03-12";"MI-003";"24"
"SAL-0006544";"2025-03-12";"MI-004";"17"
"SAL-0006545";"2025-03-12";"MI-005";"16"
"SAL-0006546";"2025-03-12";"MI-006";"13"
"SAL-0006547";"2025-03-12";"MI-007";"20"
"SAL-0006548";"2025-03-12";"MI-008";"8"
"SAL-0006549";"2025-03-12";"MI-009";"3"
"SAL-0006550";"2025-03-12";"MI-010";"4"
"SAL-0006551";"2025-03-12";"MI-011";"14"
"SAL-0006552";"2025-03-12";"MI-012";"7"
"SAL-0006553";"2025-03-12";"MI-013";"7"
"SAL-0006554";"2025-03-12";"MI-014";"5"
"SAL-0006555";"2025-03-12";"MI-015";"14"
"SAL-0006556";"2025-03-13";"MI-001";"21"
"SAL-0006557";"2025-03-13";"MI-002";"16"
"SAL-0006558";"2025-03-13";"MI-003";"8"
"SAL-0006559";"2025-03-13";"MI-004";"5"
"SAL-0006560";"2025-03-13";"MI-005";"14"
"SAL-0006561";"2025-03-13";"MI-006";"12"
"SAL-0006562";"2025-03-13";"MI-007";"11"
"SAL-0006563";"2025-03-13";"MI-008";"7"
"SAL-0006564";"2025-03-13";"MI-009";"12"
"SAL-0006565";"2025-03-13";"MI-010";"12"
"SAL-0006566";"2025-03-13";"MI-011";"14"
"SAL-0006567";"2025-03-13";"MI-012";"11"
"SAL-0006568";"2025-03-13";"MI-013";"6"
"SAL-0006569";"2025-03-13";"MI-014";"5"
"SAL-0006570";"2025-03-13";"MI-015";"12"
"SAL-0006571";"2025-03-14";"MI-001";"17"
"SAL-0006572";"2025-03-14";"MI-002";"16"
"SAL-0006573";"2025-03-14";"MI-003";"15"
"SAL-0006574";"2025-03-14";"MI-004";"10"
"SAL-0006575";"2025-03-14";"MI-005";"24"
"SAL-0006576";"2025-03-14";"MI-006";"22"
"SAL-0006577";"2025-03-14";"MI-007";"20"
"SAL-0006578";"2025-03-14";"MI-008";"17"
"SAL-0006579";"2025-03-14";"MI-009";"13"
"SAL-0006580";"2025-03-14";"MI-010";"8"
"SAL-0006581";"2025-03-14";"MI-011";"17"
"SAL-0006582";"2025-03-14";"MI-012";"6"
"SAL-0006583";"2025-03-14";"MI-013";"9"
"SAL-0006584";"2025-03-14";"MI-014";"5"
"SAL-0006585";"2025-03-14";"MI-015";"18"
"SAL-0006586";"2025-03-15";"MI-001";"39"
"SAL-0006587";"2025-03-15";"MI-002";"26"
"SAL-0006588";"2025-03-15";"MI-003";"38"
"SAL-0006589";"2025-03-15";"MI-004";"21"
"SAL-0006590";"2025-03-15";"MI-005";"34"
"SAL-0006591";"2025-03-15";"MI-006";"13"
"SAL-0006592";"2025-03-15";"MI-007";"21"
"SAL-0006593";"2025-03-15";"MI-008";"21"
"SAL-0006594";"2025-03-15";"MI-009";"16"
"SAL-0006595";"2025-03-15";"MI-010";"16"
"SAL-0006596";"2025-03-15";"MI-011";"31"
"SAL-0006597";"2025-03-15";"MI-012";"12"
"SAL-0006598";"2025-03-15";"MI-013";"18"
"SAL-0006599";"2025-03-15";"MI-014";"18"
"SAL-0006600";"2025-03-15";"MI-015";"20"
"SAL-0006601";"2025-03-16";"MI-001";"30"
"SAL-0006602";"2025-03-16";"MI-002";"28"
"SAL-0006603";"2025-03-16";"MI-003";"28"
"SAL-0006604";"2025-03-16";"MI-004";"19"
"SAL-0006605";"2025-03-16";"MI-005";"23"
"SAL-0006606";"2025-03-16";"MI-006";"20"
"SAL-0006607";"2025-03-16";"MI-007";"24"
"SAL-0006608";"2025-03-16";"MI-008";"20"
"SAL-0006609";"2025-03-16";"MI-009";"7"
"SAL-0006610";"2025-03-16";"MI-010";"16"
"SAL-0006611";"2025-03-16";"MI-011";"16"
"SAL-0006612";"2025-03-16";"MI-012";"13"
"SAL-0006613";"2025-03-16";"MI-013";"14"
"SAL-0006614";"2025-03-16";"MI-014";"10"
"SAL-0006615";"2025-03-16";"MI-015";"19"
"SAL-0006616";"2025-03-17";"MI-001";"17"
"SAL-0006617";"2025-03-17";"MI-002";"15"
"SAL-0006618";"2025-03-17";"MI-003";"12"
"SAL-0006619";"2025-03-17";"MI-004";"10"
"SAL-0006620";"2025-03-17";"MI-005";"14"
"SAL-0006621";"2025-03-17";"MI-006";"8"
"SAL-0006622";"2025-03-17";"MI-007";"12"
"SAL-0006623";"2025-03-17";"MI-008";"8"
"SAL-0006624";"2025-03-17";"MI-009";"6"
"SAL-0006625";"2025-03-17";"MI-010";"7"
"SAL-0006626";"2025-03-17";"MI-011";"5"
"SAL-0006627";"2025-03-17";"MI-012";"9"
"SAL-0006628";"2025-03-17";"MI-013";"9"
"SAL-0006629";"2025-03-17";"MI-014";"6"
"SAL-0006630";"2025-03-17";"MI-015";"6"
"SAL-0006631";"2025-03-18";"MI-001";"22"
"SAL-0006632";"2025-03-18";"MI-002";"16"
"SAL-0006633";"2025-03-18";"MI-003";"16"
"SAL-0006634";"2025-03-18";"MI-004";"11"
"SAL-0006635";"2025-03-18";"MI-005";"18"
"SAL-0006636";"2025-03-18";"MI-006";"14"
"SAL-0006637";"2025-03-18";"MI-007";"10"
"SAL-0006638";"2025-03-18";"MI-008";"16"
"SAL-0006639";"2025-03-18";"MI-009";"9"
"SAL-0006640";"2025-03-18";"MI-010";"6"
"SAL-0006641";"2025-03-18";"MI-011";"12"
"SAL-0006642";"2025-03-18";"MI-012";"4"
"SAL-0006643";"2025-03-18";"MI-013";"8"
"SAL-0006644";"2025-03-18";"MI-014";"3"
"SAL-0006645";"2025-03-18";"MI-015";"12"
"SAL-0006646";"2025-03-19";"MI-001";"18"
"SAL-0006647";"2025-03-19";"MI-002";"18"
"SAL-0006648";"2025-03-19";"MI-003";"13"
"SAL-0006649";"2025-03-19";"MI-004";"16"
"SAL-0006650";"2025-03-19";"MI-005";"16"
"SAL-0006651";"2025-03-19";"MI-006";"15"
"SAL-0006652";"2025-03-19";"MI-007";"15"
"SAL-0006653";"2025-03-19";"MI-008";"10"
"SAL-0006654";"2025-03-19";"MI-009";"10"
"SAL-0006655";"2025-03-19";"MI-010";"6"
"SAL-0006656";"2025-03-19";"MI-011";"8"
"SAL-0006657";"2025-03-19";"MI-012";"9"
"SAL-0006658";"2025-03-19";"MI-013";"6"
"SAL-0006659";"2025-03-19";"MI-014";"6"
"SAL-0006660";"2025-03-19";"MI-015";"9"
"SAL-0006661";"2025-03-20";"MI-001";"34"
"SAL-0006662";"2025-03-20";"MI-002";"18"
"SAL-0006663";"2025-03-20";"MI-003";"16"
"SAL-0006664";"2025-03-20";"MI-004";"8"
"SAL-0006665";"2025-03-20";"MI-005";"16"
"SAL-0006666";"2025-03-20";"MI-006";"14"
"SAL-0006667";"2025-03-20";"MI-007";"24"
"SAL-0006668";"2025-03-20";"MI-008";"15"
"SAL-0006669";"2025-03-20";"MI-009";"5"
"SAL-0006670";"2025-03-20";"MI-010";"8"
"SAL-0006671";"2025-03-20";"MI-011";"6"
"SAL-0006672";"2025-03-20";"MI-012";"10"
"SAL-0006673";"2025-03-20";"MI-013";"2"
"SAL-0006674";"2025-03-20";"MI-014";"12"
"SAL-0006675";"2025-03-20";"MI-015";"8"
"SAL-0006676";"2025-03-21";"MI-001";"26"
"SAL-0006677";"2025-03-21";"MI-002";"17"
"SAL-0006678";"2025-03-21";"MI-003";"21"
"SAL-0006679";"2025-03-21";"MI-004";"13"
"SAL-0006680";"2025-03-21";"MI-005";"15"
"SAL-0006681";"2025-03-21";"MI-006";"16"
"SAL-0006682";"2025-03-21";"MI-007";"24"
"SAL-0006683";"2025-03-21";"MI-008";"14"
"SAL-0006684";"2025-03-21";"MI-009";"9"
"SAL-0006685";"2025-03-21";"MI-010";"3"
"SAL-0006686";"2025-03-21";"MI-011";"10"
"SAL-0006687";"2025-03-21";"MI-012";"11"
"SAL-0006688";"2025-03-21";"MI-013";"7"
"SAL-0006689";"2025-03-21";"MI-014";"9"
"SAL-0006690";"2025-03-21";"MI-015";"8"
"SAL-0006691";"2025-03-22";"MI-001";"27"
"SAL-0006692";"2025-03-22";"MI-002";"31"
"SAL-0006693";"2025-03-22";"MI-003";"24"
"SAL-0006694";"2025-03-22";"MI-004";"27"
"SAL-0006695";"2025-03-22";"MI-005";"46"
"SAL-0006696";"2025-03-22";"MI-006";"19"
"SAL-0006697";"2025-03-22";"MI-007";"27"
"SAL-0006698";"2025-03-22";"MI-008";"28"
"SAL-0006699";"2025-03-22";"MI-009";"16"
"SAL-0006700";"2025-03-22";"MI-010";"15"
"SAL-0006701";"2025-03-22";"MI-011";"13"
"SAL-0006702";"2025-03-22";"MI-012";"16"
"SAL-0006703";"2025-03-22";"MI-013";"14"
"SAL-0006704";"2025-03-22";"MI-014";"5"
"SAL-0006705";"2025-03-22";"MI-015";"8"
"SAL-0006706";"2025-03-23";"MI-001";"38"
"SAL-0006707";"2025-03-23";"MI-002";"24"
"SAL-0006708";"2025-03-23";"MI-003";"30"
"SAL-0006709";"2025-03-23";"MI-004";"27"
"SAL-0006710";"2025-03-23";"MI-005";"39"
"SAL-0006711";"2025-03-23";"MI-006";"21"
"SAL-0006712";"2025-03-23";"MI-007";"30"
"SAL-0006713";"2025-03-23";"MI-008";"16"
"SAL-0006714";"2025-03-23";"MI-009";"18"
"SAL-0006715";"2025-03-23";"MI-010";"8"
"SAL-0006716";"2025-03-23";"MI-011";"13"
"SAL-0006717";"2025-03-23";"MI-012";"15"
"SAL-0006718";"2025-03-23";"MI-013";"11"
"SAL-0006719";"2025-03-23";"MI-014";"20"
"SAL-0006720";"2025-03-23";"MI-015";"23"
"SAL-0006721";"2025-03-24";"MI-001";"10"
"SAL-0006722";"2025-03-24";"MI-002";"10"
"SAL-0006723";"2025-03-24";"MI-003";"14"
"SAL-0006724";"2025-03-24";"MI-004";"8"
"SAL-0006725";"2025-03-24";"MI-005";"16"
"SAL-0006726";"2025-03-24";"MI-006";"9"
"SAL-0006727";"2025-03-24";"MI-007";"15"
"SAL-0006728";"2025-03-24";"MI-008";"2"
"SAL-0006729";"2025-03-24";"MI-009";"5"
"SAL-0006730";"2025-03-24";"MI-010";"2"
"SAL-0006731";"2025-03-24";"MI-011";"16"
"SAL-0006732";"2025-03-24";"MI-012";"2"
"SAL-0006733";"2025-03-24";"MI-013";"9"
"SAL-0006734";"2025-03-24";"MI-014";"5"
"SAL-0006735";"2025-03-24";"MI-015";"8"
"SAL-0006736";"2025-03-25";"MI-001";"16"
"SAL-0006737";"2025-03-25";"MI-002";"7"
"SAL-0006738";"2025-03-25";"MI-003";"9"
"SAL-0006739";"2025-03-25";"MI-004";"6"
"SAL-0006740";"2025-03-25";"MI-005";"8"
"SAL-0006741";"2025-03-25";"MI-006";"3"
"SAL-0006742";"2025-03-25";"MI-007";"10"
"SAL-0006743";"2025-03-25";"MI-008";"3"
"SAL-0006744";"2025-03-25";"MI-009";"5"
"SAL-0006745";"2025-03-25";"MI-010";"6"
"SAL-0006746";"2025-03-25";"MI-011";"7"
"SAL-0006747";"2025-03-25";"MI-012";"4"
"SAL-0006748";"2025-03-25";"MI-013";"4"
"SAL-0006749";"2025-03-25";"MI-014";"5"
"SAL-0006750";"2025-03-25";"MI-015";"5"
"SAL-0006751";"2025-03-26";"MI-001";"24"
"SAL-0006752";"2025-03-26";"MI-002";"10"
"SAL-0006753";"2025-03-26";"MI-003";"20"
"SAL-0006754";"2025-03-26";"MI-004";"12"
"SAL-0006755";"2025-03-26";"MI-005";"21"
"SAL-0006756";"2025-03-26";"MI-006";"13"
"SAL-0006757";"2025-03-26";"MI-007";"14"
"SAL-0006758";"2025-03-26";"MI-008";"11"
"SAL-0006759";"2025-03-26";"MI-009";"9"
"SAL-0006760";"2025-03-26";"MI-010";"9"
"SAL-0006761";"2025-03-26";"MI-011";"6"
"SAL-0006762";"2025-03-26";"MI-012";"8"
"SAL-0006763";"2025-03-26";"MI-013";"8"
"SAL-0006764";"2025-03-26";"MI-014";"10"
"SAL-0006765";"2025-03-26";"MI-015";"8"
"SAL-0006766";"2025-03-27";"MI-001";"21"
"SAL-0006767";"2025-03-27";"MI-002";"15"
"SAL-0006768";"2025-03-27";"MI-003";"17"
"SAL-0006769";"2025-03-27";"MI-004";"16"
"SAL-0006770";"2025-03-27";"MI-005";"20"
"SAL-0006771";"2025-03-27";"MI-006";"8"
"SAL-0006772";"2025-03-27";"MI-007";"17"
"SAL-0006773";"2025-03-27";"MI-008";"12"
"SAL-0006774";"2025-03-27";"MI-009";"4"
"SAL-0006775";"2025-03-27";"MI-010";"8"
"SAL-0006776";"2025-03-27";"MI-011";"14"
"SAL-0006777";"2025-03-27";"MI-012";"7"
"SAL-0006778";"2025-03-27";"MI-013";"14"
"SAL-0006779";"2025-03-27";"MI-014";"9"
"SAL-0006780";"2025-03-27";"MI-015";"10"
"SAL-0006781";"2025-03-28";"MI-001";"27"
"SAL-0006782";"2025-03-28";"MI-002";"18"
"SAL-0006783";"2025-03-28";"MI-003";"19"
"SAL-0006784";"2025-03-28";"MI-004";"24"
"SAL-0006785";"2025-03-28";"MI-005";"25"
"SAL-0006786";"2025-03-28";"MI-006";"17"
"SAL-0006787";"2025-03-28";"MI-007";"22"
"SAL-0006788";"2025-03-28";"MI-008";"15"
"SAL-0006789";"2025-03-28";"MI-009";"7"
"SAL-0006790";"2025-03-28";"MI-010";"12"
"SAL-0006791";"2025-03-28";"MI-011";"13"
"SAL-0006792";"2025-03-28";"MI-012";"7"
"SAL-0006793";"2025-03-28";"MI-013";"17"
"SAL-0006794";"2025-03-28";"MI-014";"13"
"SAL-0006795";"2025-03-28";"MI-015";"6"
"SAL-0006796";"2025-03-29";"MI-001";"35"
"SAL-0006797";"2025-03-29";"MI-002";"30"
"SAL-0006798";"2025-03-29";"MI-003";"33"
"SAL-0006799";"2025-03-29";"MI-004";"18"
"SAL-0006800";"2025-03-29";"MI-005";"37"
"SAL-0006801";"2025-03-29";"MI-006";"20"
"SAL-0006802";"2025-03-29";"MI-007";"16"
"SAL-0006803";"2025-03-29";"MI-008";"22"
"SAL-0006804";"2025-03-29";"MI-009";"6"
"SAL-0006805";"2025-03-29";"MI-010";"14"
"SAL-0006806";"2025-03-29";"MI-011";"16"
"SAL-0006807";"2025-03-29";"MI-012";"14"
"SAL-0006808";"2025-03-29";"MI-013";"16"
"SAL-0006809";"2025-03-29";"MI-014";"2"
"SAL-0006810";"2025-03-29";"MI-015";"14"
"SAL-0006811";"2025-03-30";"MI-001";"35"
"SAL-0006812";"2025-03-30";"MI-002";"23"
"SAL-0006813";"2025-03-30";"MI-003";"24"
"SAL-0006814";"2025-03-30";"MI-004";"22"
"SAL-0006815";"2025-03-30";"MI-005";"23"
"SAL-0006816";"2025-03-30";"MI-006";"15"
"SAL-0006817";"2025-03-30";"MI-007";"13"
"SAL-0006818";"2025-03-30";"MI-008";"12"
"SAL-0006819";"2025-03-30";"MI-009";"15"
"SAL-0006820";"2025-03-30";"MI-010";"15"
"SAL-0006821";"2025-03-30";"MI-011";"18"
"SAL-0006822";"2025-03-30";"MI-012";"6"
"SAL-0006823";"2025-03-30";"MI-013";"9"
"SAL-0006824";"2025-03-30";"MI-014";"10"
"SAL-0006825";"2025-03-30";"MI-015";"18"
"SAL-0006826";"2025-03-31";"MI-001";"21"
"SAL-0006827";"2025-03-31";"MI-002";"17"
"SAL-0006828";"2025-03-31";"MI-003";"14"
"SAL-0006829";"2025-03-31";"MI-004";"15"
"SAL-0006830";"2025-03-31";"MI-005";"23"
"SAL-0006831";"2025-03-31";"MI-006";"17"
"SAL-0006832";"2025-03-31";"MI-007";"17"
"SAL-0006833";"2025-03-31";"MI-008";"9"
"SAL-0006834";"2025-03-31";"MI-009";"9"
"SAL-0006835";"2025-03-31";"MI-010";"6"
"SAL-0006836";"2025-03-31";"MI-011";"8"
"SAL-0006837";"2025-03-31";"MI-012";"9"
"SAL-0006838";"2025-03-31";"MI-013";"7"
"SAL-0006839";"2025-03-31";"MI-014";"10"
"SAL-0006840";"2025-03-31";"MI-015";"6"
"SAL-0006841";"2025-04-01";"MI-001";"9"
"SAL-0006842";"2025-04-01";"MI-002";"15"
"SAL-0006843";"2025-04-01";"MI-003";"12"
"SAL-0006844";"2025-04-01";"MI-004";"13"
"SAL-0006845";"2025-04-01";"MI-005";"16"
"SAL-0006846";"2025-04-01";"MI-006";"10"
"SAL-0006847";"2025-04-01";"MI-007";"13"
"SAL-0006848";"2025-04-01";"MI-008";"12"
"SAL-0006849";"2025-04-01";"MI-009";"5"
"SAL-0006850";"2025-04-01";"MI-010";"11"
"SAL-0006851";"2025-04-01";"MI-011";"11"
"SAL-0006852";"2025-04-01";"MI-012";"3"
"SAL-0006853";"2025-04-01";"MI-013";"9"
"SAL-0006854";"2025-04-01";"MI-014";"8"
"SAL-0006855";"2025-04-01";"MI-015";"8"
"SAL-0006856";"2025-04-02";"MI-001";"30"
"SAL-0006857";"2025-04-02";"MI-002";"24"
"SAL-0006858";"2025-04-02";"MI-003";"21"
"SAL-0006859";"2025-04-02";"MI-004";"16"
"SAL-0006860";"2025-04-02";"MI-005";"19"
"SAL-0006861";"2025-04-02";"MI-006";"13"
"SAL-0006862";"2025-04-02";"MI-007";"17"
"SAL-0006863";"2025-04-02";"MI-008";"21"
"SAL-0006864";"2025-04-02";"MI-009";"9"
"SAL-0006865";"2025-04-02";"MI-010";"5"
"SAL-0006866";"2025-04-02";"MI-011";"11"
"SAL-0006867";"2025-04-02";"MI-012";"14"
"SAL-0006868";"2025-04-02";"MI-013";"11"
"SAL-0006869";"2025-04-02";"MI-014";"6"
"SAL-0006870";"2025-04-02";"MI-015";"14"
"SAL-0006871";"2025-04-03";"MI-001";"24"
"SAL-0006872";"2025-04-03";"MI-002";"15"
"SAL-0006873";"2025-04-03";"MI-003";"23"
"SAL-0006874";"2025-04-03";"MI-004";"13"
"SAL-0006875";"2025-04-03";"MI-005";"14"
"SAL-0006876";"2025-04-03";"MI-006";"9"
"SAL-0006877";"2025-04-03";"MI-007";"19"
"SAL-0006878";"2025-04-03";"MI-008";"9"
"SAL-0006879";"2025-04-03";"MI-009";"6"
"SAL-0006880";"2025-04-03";"MI-010";"5"
"SAL-0006881";"2025-04-03";"MI-011";"15"
"SAL-0006882";"2025-04-03";"MI-012";"8"
"SAL-0006883";"2025-04-03";"MI-013";"11"
"SAL-0006884";"2025-04-03";"MI-014";"4"
"SAL-0006885";"2025-04-03";"MI-015";"17"
"SAL-0006886";"2025-04-04";"MI-001";"32"
"SAL-0006887";"2025-04-04";"MI-002";"14"
"SAL-0006888";"2025-04-04";"MI-003";"21"
"SAL-0006889";"2025-04-04";"MI-004";"13"
"SAL-0006890";"2025-04-04";"MI-005";"11"
"SAL-0006891";"2025-04-04";"MI-006";"14"
"SAL-0006892";"2025-04-04";"MI-007";"10"
"SAL-0006893";"2025-04-04";"MI-008";"13"
"SAL-0006894";"2025-04-04";"MI-009";"7"
"SAL-0006895";"2025-04-04";"MI-010";"11"
"SAL-0006896";"2025-04-04";"MI-011";"15"
"SAL-0006897";"2025-04-04";"MI-012";"2"
"SAL-0006898";"2025-04-04";"MI-013";"14"
"SAL-0006899";"2025-04-04";"MI-014";"9"
"SAL-0006900";"2025-04-04";"MI-015";"18"
"SAL-0006901";"2025-04-05";"MI-001";"26"
"SAL-0006902";"2025-04-05";"MI-002";"34"
"SAL-0006903";"2025-04-05";"MI-003";"27"
"SAL-0006904";"2025-04-05";"MI-004";"21"
"SAL-0006905";"2025-04-05";"MI-005";"36"
"SAL-0006906";"2025-04-05";"MI-006";"19"
"SAL-0006907";"2025-04-05";"MI-007";"30"
"SAL-0006908";"2025-04-05";"MI-008";"19"
"SAL-0006909";"2025-04-05";"MI-009";"18"
"SAL-0006910";"2025-04-05";"MI-010";"10"
"SAL-0006911";"2025-04-05";"MI-011";"18"
"SAL-0006912";"2025-04-05";"MI-012";"3"
"SAL-0006913";"2025-04-05";"MI-013";"8"
"SAL-0006914";"2025-04-05";"MI-014";"6"
"SAL-0006915";"2025-04-05";"MI-015";"19"
"SAL-0006916";"2025-04-06";"MI-001";"32"
"SAL-0006917";"2025-04-06";"MI-002";"30"
"SAL-0006918";"2025-04-06";"MI-003";"22"
"SAL-0006919";"2025-04-06";"MI-004";"25"
"SAL-0006920";"2025-04-06";"MI-005";"31"
"SAL-0006921";"2025-04-06";"MI-006";"28"
"SAL-0006922";"2025-04-06";"MI-007";"20"
"SAL-0006923";"2025-04-06";"MI-008";"15"
"SAL-0006924";"2025-04-06";"MI-009";"15"
"SAL-0006925";"2025-04-06";"MI-010";"12"
"SAL-0006926";"2025-04-06";"MI-011";"19"
"SAL-0006927";"2025-04-06";"MI-012";"15"
"SAL-0006928";"2025-04-06";"MI-013";"9"
"SAL-0006929";"2025-04-06";"MI-014";"7"
"SAL-0006930";"2025-04-06";"MI-015";"12"
"SAL-0006931";"2025-04-07";"MI-001";"16"
"SAL-0006932";"2025-04-07";"MI-002";"10"
"SAL-0006933";"2025-04-07";"MI-003";"12"
"SAL-0006934";"2025-04-07";"MI-004";"15"
"SAL-0006935";"2025-04-07";"MI-005";"20"
"SAL-0006936";"2025-04-07";"MI-006";"14"
"SAL-0006937";"2025-04-07";"MI-007";"19"
"SAL-0006938";"2025-04-07";"MI-008";"7"
"SAL-0006939";"2025-04-07";"MI-009";"3"
"SAL-0006940";"2025-04-07";"MI-010";"13"
"SAL-0006941";"2025-04-07";"MI-011";"11"
"SAL-0006942";"2025-04-07";"MI-012";"12"
"SAL-0006943";"2025-04-07";"MI-013";"8"
"SAL-0006944";"2025-04-07";"MI-014";"8"
"SAL-0006945";"2025-04-07";"MI-015";"8"
"SAL-0006946";"2025-04-08";"MI-001";"25"
"SAL-0006947";"2025-04-08";"MI-002";"13"
"SAL-0006948";"2025-04-08";"MI-003";"14"
"SAL-0006949";"2025-04-08";"MI-004";"8"
"SAL-0006950";"2025-04-08";"MI-005";"15"
"SAL-0006951";"2025-04-08";"MI-006";"8"
"SAL-0006952";"2025-04-08";"MI-007";"13"
"SAL-0006953";"2025-04-08";"MI-008";"9"
"SAL-0006954";"2025-04-08";"MI-009";"11"
"SAL-0006955";"2025-04-08";"MI-010";"7"
"SAL-0006956";"2025-04-08";"MI-011";"9"
"SAL-0006957";"2025-04-08";"MI-012";"3"
"SAL-0006958";"2025-04-08";"MI-013";"6"
"SAL-0006959";"2025-04-08";"MI-014";"4"
"SAL-0006960";"2025-04-08";"MI-015";"7"
"SAL-0006961";"2025-04-09";"MI-001";"15"
"SAL-0006962";"2025-04-09";"MI-002";"18"
"SAL-0006963";"2025-04-09";"MI-003";"17"
"SAL-0006964";"2025-04-09";"MI-004";"10"
"SAL-0006965";"2025-04-09";"MI-005";"20"
"SAL-0006966";"2025-04-09";"MI-006";"11"
"SAL-0006967";"2025-04-09";"MI-007";"13"
"SAL-0006968";"2025-04-09";"MI-008";"16"
"SAL-0006969";"2025-04-09";"MI-009";"1"
"SAL-0006970";"2025-04-09";"MI-010";"2"
"SAL-0006971";"2025-04-09";"MI-011";"11"
"SAL-0006972";"2025-04-09";"MI-012";"7"
"SAL-0006973";"2025-04-09";"MI-013";"6"
"SAL-0006974";"2025-04-09";"MI-014";"6"
"SAL-0006975";"2025-04-09";"MI-015";"5"
"SAL-0006976";"2025-04-10";"MI-001";"24"
"SAL-0006977";"2025-04-10";"MI-002";"12"
"SAL-0006978";"2025-04-10";"MI-003";"19"
"SAL-0006979";"2025-04-10";"MI-004";"12"
"SAL-0006980";"2025-04-10";"MI-005";"18"
"SAL-0006981";"2025-04-10";"MI-006";"7"
"SAL-0006982";"2025-04-10";"MI-007";"17"
"SAL-0006983";"2025-04-10";"MI-008";"12"
"SAL-0006984";"2025-04-10";"MI-009";"5"
"SAL-0006985";"2025-04-10";"MI-010";"5"
"SAL-0006986";"2025-04-10";"MI-011";"6"
"SAL-0006987";"2025-04-10";"MI-012";"12"
"SAL-0006988";"2025-04-10";"MI-013";"8"
"SAL-0006989";"2025-04-10";"MI-014";"6"
"SAL-0006990";"2025-04-10";"MI-015";"7"
"SAL-0006991";"2025-04-11";"MI-001";"19"
"SAL-0006992";"2025-04-11";"MI-002";"20"
"SAL-0006993";"2025-04-11";"MI-003";"24"
"SAL-0006994";"2025-04-11";"MI-004";"21"
"SAL-0006995";"2025-04-11";"MI-005";"28"
"SAL-0006996";"2025-04-11";"MI-006";"19"
"SAL-0006997";"2025-04-11";"MI-007";"16"
"SAL-0006998";"2025-04-11";"MI-008";"14"
"SAL-0006999";"2025-04-11";"MI-009";"12"
"SAL-0007000";"2025-04-11";"MI-010";"10"
"SAL-0007001";"2025-04-11";"MI-011";"14"
"SAL-0007002";"2025-04-11";"MI-012";"9"
"SAL-0007003";"2025-04-11";"MI-013";"6"
"SAL-0007004";"2025-04-11";"MI-014";"5"
"SAL-0007005";"2025-04-11";"MI-015";"18"
"SAL-0007006";"2025-04-12";"MI-001";"43"
"SAL-0007007";"2025-04-12";"MI-002";"24"
"SAL-0007008";"2025-04-12";"MI-003";"21"
"SAL-0007009";"2025-04-12";"MI-004";"21"
"SAL-0007010";"2025-04-12";"MI-005";"27"
"SAL-0007011";"2025-04-12";"MI-006";"19"
"SAL-0007012";"2025-04-12";"MI-007";"23"
"SAL-0007013";"2025-04-12";"MI-008";"11"
"SAL-0007014";"2025-04-12";"MI-009";"14"
"SAL-0007015";"2025-04-12";"MI-010";"11"
"SAL-0007016";"2025-04-12";"MI-011";"18"
"SAL-0007017";"2025-04-12";"MI-012";"6"
"SAL-0007018";"2025-04-12";"MI-013";"18"
"SAL-0007019";"2025-04-12";"MI-014";"9"
"SAL-0007020";"2025-04-12";"MI-015";"13"
"SAL-0007021";"2025-04-13";"MI-001";"36"
"SAL-0007022";"2025-04-13";"MI-002";"31"
"SAL-0007023";"2025-04-13";"MI-003";"32"
"SAL-0007024";"2025-04-13";"MI-004";"27"
"SAL-0007025";"2025-04-13";"MI-005";"38"
"SAL-0007026";"2025-04-13";"MI-006";"15"
"SAL-0007027";"2025-04-13";"MI-007";"24"
"SAL-0007028";"2025-04-13";"MI-008";"13"
"SAL-0007029";"2025-04-13";"MI-009";"14"
"SAL-0007030";"2025-04-13";"MI-010";"10"
"SAL-0007031";"2025-04-13";"MI-011";"13"
"SAL-0007032";"2025-04-13";"MI-012";"13"
"SAL-0007033";"2025-04-13";"MI-013";"11"
"SAL-0007034";"2025-04-13";"MI-014";"10"
"SAL-0007035";"2025-04-13";"MI-015";"14"
"SAL-0007036";"2025-04-14";"MI-001";"12"
"SAL-0007037";"2025-04-14";"MI-002";"7"
"SAL-0007038";"2025-04-14";"MI-003";"10"
"SAL-0007039";"2025-04-14";"MI-004";"2"
"SAL-0007040";"2025-04-14";"MI-005";"16"
"SAL-0007041";"2025-04-14";"MI-006";"5"
"SAL-0007042";"2025-04-14";"MI-007";"13"
"SAL-0007043";"2025-04-14";"MI-008";"6"
"SAL-0007044";"2025-04-14";"MI-009";"5"
"SAL-0007045";"2025-04-14";"MI-010";"3"
"SAL-0007046";"2025-04-14";"MI-011";"7"
"SAL-0007047";"2025-04-14";"MI-012";"4"
"SAL-0007048";"2025-04-14";"MI-013";"7"
"SAL-0007049";"2025-04-14";"MI-014";"5"
"SAL-0007050";"2025-04-14";"MI-015";"2"
"SAL-0007051";"2025-04-15";"MI-001";"18"
"SAL-0007052";"2025-04-15";"MI-002";"19"
"SAL-0007053";"2025-04-15";"MI-003";"16"
"SAL-0007054";"2025-04-15";"MI-004";"4"
"SAL-0007055";"2025-04-15";"MI-005";"9"
"SAL-0007056";"2025-04-15";"MI-006";"10"
"SAL-0007057";"2025-04-15";"MI-007";"17"
"SAL-0007058";"2025-04-15";"MI-008";"9"
"SAL-0007059";"2025-04-15";"MI-009";"6"
"SAL-0007060";"2025-04-15";"MI-010";"5"
"SAL-0007061";"2025-04-15";"MI-011";"9"
"SAL-0007062";"2025-04-15";"MI-012";"6"
"SAL-0007063";"2025-04-15";"MI-013";"5"
"SAL-0007064";"2025-04-15";"MI-014";"7"
"SAL-0007065";"2025-04-15";"MI-015";"9"
"SAL-0007066";"2025-04-16";"MI-001";"26"
"SAL-0007067";"2025-04-16";"MI-002";"14"
"SAL-0007068";"2025-04-16";"MI-003";"15"
"SAL-0007069";"2025-04-16";"MI-004";"18"
"SAL-0007070";"2025-04-16";"MI-005";"15"
"SAL-0007071";"2025-04-16";"MI-006";"10"
"SAL-0007072";"2025-04-16";"MI-007";"10"
"SAL-0007073";"2025-04-16";"MI-008";"5"
"SAL-0007074";"2025-04-16";"MI-009";"5"
"SAL-0007075";"2025-04-16";"MI-010";"7"
"SAL-0007076";"2025-04-16";"MI-011";"11"
"SAL-0007077";"2025-04-16";"MI-012";"9"
"SAL-0007078";"2025-04-16";"MI-013";"5"
"SAL-0007079";"2025-04-16";"MI-014";"5"
"SAL-0007080";"2025-04-16";"MI-015";"5"
"SAL-0007081";"2025-04-17";"MI-001";"18"
"SAL-0007082";"2025-04-17";"MI-002";"16"
"SAL-0007083";"2025-04-17";"MI-003";"22"
"SAL-0007084";"2025-04-17";"MI-004";"10"
"SAL-0007085";"2025-04-17";"MI-005";"13"
"SAL-0007086";"2025-04-17";"MI-006";"12"
"SAL-0007087";"2025-04-17";"MI-007";"11"
"SAL-0007088";"2025-04-17";"MI-008";"7"
"SAL-0007089";"2025-04-17";"MI-009";"6"
"SAL-0007090";"2025-04-17";"MI-010";"4"
"SAL-0007091";"2025-04-17";"MI-011";"12"
"SAL-0007092";"2025-04-17";"MI-012";"1"
"SAL-0007093";"2025-04-17";"MI-013";"13"
"SAL-0007094";"2025-04-17";"MI-014";"6"
"SAL-0007095";"2025-04-17";"MI-015";"13"
"SAL-0007096";"2025-04-18";"MI-001";"26"
"SAL-0007097";"2025-04-18";"MI-002";"20"
"SAL-0007098";"2025-04-18";"MI-003";"24"
"SAL-0007099";"2025-04-18";"MI-004";"18"
"SAL-0007100";"2025-04-18";"MI-005";"21"
"SAL-0007101";"2025-04-18";"MI-006";"20"
"SAL-0007102";"2025-04-18";"MI-007";"22"
"SAL-0007103";"2025-04-18";"MI-008";"14"
"SAL-0007104";"2025-04-18";"MI-009";"11"
"SAL-0007105";"2025-04-18";"MI-010";"8"
"SAL-0007106";"2025-04-18";"MI-011";"9"
"SAL-0007107";"2025-04-18";"MI-012";"6"
"SAL-0007108";"2025-04-18";"MI-013";"3"
"SAL-0007109";"2025-04-18";"MI-014";"10"
"SAL-0007110";"2025-04-18";"MI-015";"10"
"SAL-0007111";"2025-04-19";"MI-001";"43"
"SAL-0007112";"2025-04-19";"MI-002";"35"
"SAL-0007113";"2025-04-19";"MI-003";"36"
"SAL-0007114";"2025-04-19";"MI-004";"21"
"SAL-0007115";"2025-04-19";"MI-005";"31"
"SAL-0007116";"2025-04-19";"MI-006";"22"
"SAL-0007117";"2025-04-19";"MI-007";"23"
"SAL-0007118";"2025-04-19";"MI-008";"15"
"SAL-0007119";"2025-04-19";"MI-009";"21"
"SAL-0007120";"2025-04-19";"MI-010";"13"
"SAL-0007121";"2025-04-19";"MI-011";"13"
"SAL-0007122";"2025-04-19";"MI-012";"9"
"SAL-0007123";"2025-04-19";"MI-013";"14"
"SAL-0007124";"2025-04-19";"MI-014";"16"
"SAL-0007125";"2025-04-19";"MI-015";"19"
"SAL-0007126";"2025-04-20";"MI-001";"33"
"SAL-0007127";"2025-04-20";"MI-002";"16"
"SAL-0007128";"2025-04-20";"MI-003";"23"
"SAL-0007129";"2025-04-20";"MI-004";"24"
"SAL-0007130";"2025-04-20";"MI-005";"17"
"SAL-0007131";"2025-04-20";"MI-006";"6"
"SAL-0007132";"2025-04-20";"MI-007";"20"
"SAL-0007133";"2025-04-20";"MI-008";"8"
"SAL-0007134";"2025-04-20";"MI-009";"8"
"SAL-0007135";"2025-04-20";"MI-010";"11"
"SAL-0007136";"2025-04-20";"MI-011";"12"
"SAL-0007137";"2025-04-20";"MI-012";"4"
"SAL-0007138";"2025-04-20";"MI-013";"13"
"SAL-0007139";"2025-04-20";"MI-014";"11"
"SAL-0007140";"2025-04-20";"MI-015";"10"
"SAL-0007141";"2025-04-21";"MI-001";"23"
"SAL-0007142";"2025-04-21";"MI-002";"11"
"SAL-0007143";"2025-04-21";"MI-003";"17"
"SAL-0007144";"2025-04-21";"MI-004";"10"
"SAL-0007145";"2025-04-21";"MI-005";"21"
"SAL-0007146";"2025-04-21";"MI-006";"14"
"SAL-0007147";"2025-04-21";"MI-007";"14"
"SAL-0007148";"2025-04-21";"MI-008";"7"
"SAL-0007149";"2025-04-21";"MI-009";"8"
"SAL-0007150";"2025-04-21";"MI-010";"9"
"SAL-0007151";"2025-04-21";"MI-011";"5"
"SAL-0007152";"2025-04-21";"MI-012";"4"
"SAL-0007153";"2025-04-21";"MI-013";"7"
"SAL-0007154";"2025-04-21";"MI-014";"12"
"SAL-0007155";"2025-04-21";"MI-015";"12"
"SAL-0007156";"2025-04-22";"MI-001";"17"
"SAL-0007157";"2025-04-22";"MI-002";"16"
"SAL-0007158";"2025-04-22";"MI-003";"13"
"SAL-0007159";"2025-04-22";"MI-004";"16"
"SAL-0007160";"2025-04-22";"MI-005";"10"
"SAL-0007161";"2025-04-22";"MI-006";"10"
"SAL-0007162";"2025-04-22";"MI-007";"16"
"SAL-0007163";"2025-04-22";"MI-008";"9"
"SAL-0007164";"2025-04-22";"MI-009";"7"
"SAL-0007165";"2025-04-22";"MI-010";"12"
"SAL-0007166";"2025-04-22";"MI-011";"7"
"SAL-0007167";"2025-04-22";"MI-012";"5"
"SAL-0007168";"2025-04-22";"MI-013";"10"
"SAL-0007169";"2025-04-22";"MI-014";"6"
"SAL-0007170";"2025-04-22";"MI-015";"8"
"SAL-0007171";"2025-04-23";"MI-001";"18"
"SAL-0007172";"2025-04-23";"MI-002";"15"
"SAL-0007173";"2025-04-23";"MI-003";"24"
"SAL-0007174";"2025-04-23";"MI-004";"11"
"SAL-0007175";"2025-04-23";"MI-005";"20"
"SAL-0007176";"2025-04-23";"MI-006";"12"
"SAL-0007177";"2025-04-23";"MI-007";"10"
"SAL-0007178";"2025-04-23";"MI-008";"11"
"SAL-0007179";"2025-04-23";"MI-009";"13"
"SAL-0007180";"2025-04-23";"MI-010";"9"
"SAL-0007181";"2025-04-23";"MI-011";"13"
"SAL-0007182";"2025-04-23";"MI-012";"3"
"SAL-0007183";"2025-04-23";"MI-013";"8"
"SAL-0007184";"2025-04-23";"MI-014";"3"
"SAL-0007185";"2025-04-23";"MI-015";"7"
"SAL-0007186";"2025-04-24";"MI-001";"22"
"SAL-0007187";"2025-04-24";"MI-002";"14"
"SAL-0007188";"2025-04-24";"MI-003";"15"
"SAL-0007189";"2025-04-24";"MI-004";"15"
"SAL-0007190";"2025-04-24";"MI-005";"17"
"SAL-0007191";"2025-04-24";"MI-006";"13"
"SAL-0007192";"2025-04-24";"MI-007";"11"
"SAL-0007193";"2025-04-24";"MI-008";"10"
"SAL-0007194";"2025-04-24";"MI-009";"5"
"SAL-0007195";"2025-04-24";"MI-010";"3"
"SAL-0007196";"2025-04-24";"MI-011";"5"
"SAL-0007197";"2025-04-24";"MI-012";"6"
"SAL-0007198";"2025-04-24";"MI-013";"13"
"SAL-0007199";"2025-04-24";"MI-014";"5"
"SAL-0007200";"2025-04-24";"MI-015";"9"
"SAL-0007201";"2025-04-25";"MI-001";"22"
"SAL-0007202";"2025-04-25";"MI-002";"25"
"SAL-0007203";"2025-04-25";"MI-003";"15"
"SAL-0007204";"2025-04-25";"MI-004";"18"
"SAL-0007205";"2025-04-25";"MI-005";"24"
"SAL-0007206";"2025-04-25";"MI-006";"18"
"SAL-0007207";"2025-04-25";"MI-007";"23"
"SAL-0007208";"2025-04-25";"MI-008";"11"
"SAL-0007209";"2025-04-25";"MI-009";"9"
"SAL-0007210";"2025-04-25";"MI-010";"15"
"SAL-0007211";"2025-04-25";"MI-011";"17"
"SAL-0007212";"2025-04-25";"MI-012";"16"
"SAL-0007213";"2025-04-25";"MI-013";"14"
"SAL-0007214";"2025-04-25";"MI-014";"6"
"SAL-0007215";"2025-04-25";"MI-015";"15"
"SAL-0007216";"2025-04-26";"MI-001";"39"
"SAL-0007217";"2025-04-26";"MI-002";"21"
"SAL-0007218";"2025-04-26";"MI-003";"27"
"SAL-0007219";"2025-04-26";"MI-004";"17"
"SAL-0007220";"2025-04-26";"MI-005";"30"
"SAL-0007221";"2025-04-26";"MI-006";"27"
"SAL-0007222";"2025-04-26";"MI-007";"31"
"SAL-0007223";"2025-04-26";"MI-008";"13"
"SAL-0007224";"2025-04-26";"MI-009";"11"
"SAL-0007225";"2025-04-26";"MI-010";"11"
"SAL-0007226";"2025-04-26";"MI-011";"15"
"SAL-0007227";"2025-04-26";"MI-012";"20"
"SAL-0007228";"2025-04-26";"MI-013";"12"
"SAL-0007229";"2025-04-26";"MI-014";"11"
"SAL-0007230";"2025-04-26";"MI-015";"25"
"SAL-0007231";"2025-04-27";"MI-001";"30"
"SAL-0007232";"2025-04-27";"MI-002";"28"
"SAL-0007233";"2025-04-27";"MI-003";"18"
"SAL-0007234";"2025-04-27";"MI-004";"25"
"SAL-0007235";"2025-04-27";"MI-005";"35"
"SAL-0007236";"2025-04-27";"MI-006";"14"
"SAL-0007237";"2025-04-27";"MI-007";"28"
"SAL-0007238";"2025-04-27";"MI-008";"13"
"SAL-0007239";"2025-04-27";"MI-009";"11"
"SAL-0007240";"2025-04-27";"MI-010";"17"
"SAL-0007241";"2025-04-27";"MI-011";"17"
"SAL-0007242";"2025-04-27";"MI-012";"16"
"SAL-0007243";"2025-04-27";"MI-013";"17"
"SAL-0007244";"2025-04-27";"MI-014";"10"
"SAL-0007245";"2025-04-27";"MI-015";"11"
"SAL-0007246";"2025-04-28";"MI-001";"15"
"SAL-0007247";"2025-04-28";"MI-002";"12"
"SAL-0007248";"2025-04-28";"MI-003";"19"
"SAL-0007249";"2025-04-28";"MI-004";"11"
"SAL-0007250";"2025-04-28";"MI-005";"16"
"SAL-0007251";"2025-04-28";"MI-006";"9"
"SAL-0007252";"2025-04-28";"MI-007";"19"
"SAL-0007253";"2025-04-28";"MI-008";"5"
"SAL-0007254";"2025-04-28";"MI-009";"9"
"SAL-0007255";"2025-04-28";"MI-010";"9"
"SAL-0007256";"2025-04-28";"MI-011";"9"
"SAL-0007257";"2025-04-28";"MI-012";"6"
"SAL-0007258";"2025-04-28";"MI-013";"2"
"SAL-0007259";"2025-04-28";"MI-014";"3"
"SAL-0007260";"2025-04-28";"MI-015";"10"
"SAL-0007261";"2025-04-29";"MI-001";"12"
"SAL-0007262";"2025-04-29";"MI-002";"3"
"SAL-0007263";"2025-04-29";"MI-003";"17"
"SAL-0007264";"2025-04-29";"MI-004";"11"
"SAL-0007265";"2025-04-29";"MI-005";"18"
"SAL-0007266";"2025-04-29";"MI-006";"7"
"SAL-0007267";"2025-04-29";"MI-007";"15"
"SAL-0007268";"2025-04-29";"MI-008";"11"
"SAL-0007269";"2025-04-29";"MI-009";"10"
"SAL-0007270";"2025-04-29";"MI-010";"8"
"SAL-0007271";"2025-04-29";"MI-011";"8"
"SAL-0007272";"2025-04-29";"MI-012";"1"
"SAL-0007273";"2025-04-29";"MI-013";"4"
"SAL-0007274";"2025-04-29";"MI-014";"6"
"SAL-0007275";"2025-04-29";"MI-015";"14"
"SAL-0007276";"2025-04-30";"MI-001";"19"
"SAL-0007277";"2025-04-30";"MI-002";"14"
"SAL-0007278";"2025-04-30";"MI-003";"11"
"SAL-0007279";"2025-04-30";"MI-004";"13"
"SAL-0007280";"2025-04-30";"MI-005";"14"
"SAL-0007281";"2025-04-30";"MI-006";"12"
"SAL-0007282";"2025-04-30";"MI-007";"14"
"SAL-0007283";"2025-04-30";"MI-008";"9"
"SAL-0007284";"2025-04-30";"MI-009";"6"
"SAL-0007285";"2025-04-30";"MI-010";"15"
"SAL-0007286";"2025-04-30";"MI-011";"9"
"SAL-0007287";"2025-04-30";"MI-012";"15"
"SAL-0007288";"2025-04-30";"MI-013";"6"
"SAL-0007289";"2025-04-30";"MI-014";"3"
"SAL-0007290";"2025-04-30";"MI-015";"12"
"SAL-0007291";"2025-05-01";"MI-001";"15"
"SAL-0007292";"2025-05-01";"MI-002";"15"
"SAL-0007293";"2025-05-01";"MI-003";"10"
"SAL-0007294";"2025-05-01";"MI-004";"15"
"SAL-0007295";"2025-05-01";"MI-005";"18"
"SAL-0007296";"2025-05-01";"MI-006";"12"
"SAL-0007297";"2025-05-01";"MI-007";"18"
"SAL-0007298";"2025-05-01";"MI-008";"3"
"SAL-0007299";"2025-05-01";"MI-009";"12"
"SAL-0007300";"2025-05-01";"MI-010";"8"
"SAL-0007301";"2025-05-01";"MI-011";"12"
"SAL-0007302";"2025-05-01";"MI-012";"14"
"SAL-0007303";"2025-05-01";"MI-013";"10"
"SAL-0007304";"2025-05-01";"MI-014";"8"
"SAL-0007305";"2025-05-01";"MI-015";"9"
"SAL-0007306";"2025-05-02";"MI-001";"26"
"SAL-0007307";"2025-05-02";"MI-002";"16"
"SAL-0007308";"2025-05-02";"MI-003";"27"
"SAL-0007309";"2025-05-02";"MI-004";"17"
"SAL-0007310";"2025-05-02";"MI-005";"21"
"SAL-0007311";"2025-05-02";"MI-006";"15"
"SAL-0007312";"2025-05-02";"MI-007";"24"
"SAL-0007313";"2025-05-02";"MI-008";"15"
"SAL-0007314";"2025-05-02";"MI-009";"15"
"SAL-0007315";"2025-05-02";"MI-010";"7"
"SAL-0007316";"2025-05-02";"MI-011";"17"
"SAL-0007317";"2025-05-02";"MI-012";"14"
"SAL-0007318";"2025-05-02";"MI-013";"18"
"SAL-0007319";"2025-05-02";"MI-014";"10"
"SAL-0007320";"2025-05-02";"MI-015";"18"
"SAL-0007321";"2025-05-03";"MI-001";"40"
"SAL-0007322";"2025-05-03";"MI-002";"26"
"SAL-0007323";"2025-05-03";"MI-003";"25"
"SAL-0007324";"2025-05-03";"MI-004";"35"
"SAL-0007325";"2025-05-03";"MI-005";"32"
"SAL-0007326";"2025-05-03";"MI-006";"31"
"SAL-0007327";"2025-05-03";"MI-007";"37"
"SAL-0007328";"2025-05-03";"MI-008";"18"
"SAL-0007329";"2025-05-03";"MI-009";"23"
"SAL-0007330";"2025-05-03";"MI-010";"20"
"SAL-0007331";"2025-05-03";"MI-011";"13"
"SAL-0007332";"2025-05-03";"MI-012";"22"
"SAL-0007333";"2025-05-03";"MI-013";"11"
"SAL-0007334";"2025-05-03";"MI-014";"15"
"SAL-0007335";"2025-05-03";"MI-015";"21"
"SAL-0007336";"2025-05-04";"MI-001";"33"
"SAL-0007337";"2025-05-04";"MI-002";"19"
"SAL-0007338";"2025-05-04";"MI-003";"32"
"SAL-0007339";"2025-05-04";"MI-004";"17"
"SAL-0007340";"2025-05-04";"MI-005";"35"
"SAL-0007341";"2025-05-04";"MI-006";"21"
"SAL-0007342";"2025-05-04";"MI-007";"20"
"SAL-0007343";"2025-05-04";"MI-008";"15"
"SAL-0007344";"2025-05-04";"MI-009";"14"
"SAL-0007345";"2025-05-04";"MI-010";"14"
"SAL-0007346";"2025-05-04";"MI-011";"9"
"SAL-0007347";"2025-05-04";"MI-012";"8"
"SAL-0007348";"2025-05-04";"MI-013";"7"
"SAL-0007349";"2025-05-04";"MI-014";"10"
"SAL-0007350";"2025-05-04";"MI-015";"8"
"SAL-0007351";"2025-05-05";"MI-001";"21"
"SAL-0007352";"2025-05-05";"MI-002";"14"
"SAL-0007353";"2025-05-05";"MI-003";"17"
"SAL-0007354";"2025-05-05";"MI-004";"13"
"SAL-0007355";"2025-05-05";"MI-005";"23"
"SAL-0007356";"2025-05-05";"MI-006";"11"
"SAL-0007357";"2025-05-05";"MI-007";"7"
"SAL-0007358";"2025-05-05";"MI-008";"12"
"SAL-0007359";"2025-05-05";"MI-009";"6"
"SAL-0007360";"2025-05-05";"MI-010";"10"
"SAL-0007361";"2025-05-05";"MI-011";"8"
"SAL-0007362";"2025-05-05";"MI-012";"5"
"SAL-0007363";"2025-05-05";"MI-013";"9"
"SAL-0007364";"2025-05-05";"MI-014";"6"
"SAL-0007365";"2025-05-05";"MI-015";"5"
"SAL-0007366";"2025-05-06";"MI-001";"17"
"SAL-0007367";"2025-05-06";"MI-002";"18"
"SAL-0007368";"2025-05-06";"MI-003";"22"
"SAL-0007369";"2025-05-06";"MI-004";"12"
"SAL-0007370";"2025-05-06";"MI-005";"9"
"SAL-0007371";"2025-05-06";"MI-006";"5"
"SAL-0007372";"2025-05-06";"MI-007";"13"
"SAL-0007373";"2025-05-06";"MI-008";"7"
"SAL-0007374";"2025-05-06";"MI-009";"5"
"SAL-0007375";"2025-05-06";"MI-010";"10"
"SAL-0007376";"2025-05-06";"MI-011";"9"
"SAL-0007377";"2025-05-06";"MI-012";"8"
"SAL-0007378";"2025-05-06";"MI-013";"9"
"SAL-0007379";"2025-05-06";"MI-014";"4"
"SAL-0007380";"2025-05-06";"MI-015";"9"
"SAL-0007381";"2025-05-07";"MI-001";"23"
"SAL-0007382";"2025-05-07";"MI-002";"11"
"SAL-0007383";"2025-05-07";"MI-003";"19"
"SAL-0007384";"2025-05-07";"MI-004";"8"
"SAL-0007385";"2025-05-07";"MI-005";"18"
"SAL-0007386";"2025-05-07";"MI-006";"16"
"SAL-0007387";"2025-05-07";"MI-007";"24"
"SAL-0007388";"2025-05-07";"MI-008";"9"
"SAL-0007389";"2025-05-07";"MI-009";"10"
"SAL-0007390";"2025-05-07";"MI-010";"7"
"SAL-0007391";"2025-05-07";"MI-011";"16"
"SAL-0007392";"2025-05-07";"MI-012";"4"
"SAL-0007393";"2025-05-07";"MI-013";"13"
"SAL-0007394";"2025-05-07";"MI-014";"3"
"SAL-0007395";"2025-05-07";"MI-015";"12"
"SAL-0007396";"2025-05-08";"MI-001";"18"
"SAL-0007397";"2025-05-08";"MI-002";"18"
"SAL-0007398";"2025-05-08";"MI-003";"24"
"SAL-0007399";"2025-05-08";"MI-004";"12"
"SAL-0007400";"2025-05-08";"MI-005";"18"
"SAL-0007401";"2025-05-08";"MI-006";"11"
"SAL-0007402";"2025-05-08";"MI-007";"12"
"SAL-0007403";"2025-05-08";"MI-008";"9"
"SAL-0007404";"2025-05-08";"MI-009";"7"
"SAL-0007405";"2025-05-08";"MI-010";"8"
"SAL-0007406";"2025-05-08";"MI-011";"4"
"SAL-0007407";"2025-05-08";"MI-012";"10"
"SAL-0007408";"2025-05-08";"MI-013";"2"
"SAL-0007409";"2025-05-08";"MI-014";"9"
"SAL-0007410";"2025-05-08";"MI-015";"8"
"SAL-0007411";"2025-05-09";"MI-001";"32"
"SAL-0007412";"2025-05-09";"MI-002";"13"
"SAL-0007413";"2025-05-09";"MI-003";"9"
"SAL-0007414";"2025-05-09";"MI-004";"14"
"SAL-0007415";"2025-05-09";"MI-005";"17"
"SAL-0007416";"2025-05-09";"MI-006";"15"
"SAL-0007417";"2025-05-09";"MI-007";"12"
"SAL-0007418";"2025-05-09";"MI-008";"10"
"SAL-0007419";"2025-05-09";"MI-009";"5"
"SAL-0007420";"2025-05-09";"MI-010";"3"
"SAL-0007421";"2025-05-09";"MI-011";"12"
"SAL-0007422";"2025-05-09";"MI-012";"6"
"SAL-0007423";"2025-05-09";"MI-013";"8"
"SAL-0007424";"2025-05-09";"MI-014";"7"
"SAL-0007425";"2025-05-09";"MI-015";"10"
"SAL-0007426";"2025-05-10";"MI-001";"28"
"SAL-0007427";"2025-05-10";"MI-002";"19"
"SAL-0007428";"2025-05-10";"MI-003";"25"
"SAL-0007429";"2025-05-10";"MI-004";"21"
"SAL-0007430";"2025-05-10";"MI-005";"30"
"SAL-0007431";"2025-05-10";"MI-006";"24"
"SAL-0007432";"2025-05-10";"MI-007";"26"
"SAL-0007433";"2025-05-10";"MI-008";"20"
"SAL-0007434";"2025-05-10";"MI-009";"15"
"SAL-0007435";"2025-05-10";"MI-010";"19"
"SAL-0007436";"2025-05-10";"MI-011";"13"
"SAL-0007437";"2025-05-10";"MI-012";"19"
"SAL-0007438";"2025-05-10";"MI-013";"21"
"SAL-0007439";"2025-05-10";"MI-014";"12"
"SAL-0007440";"2025-05-10";"MI-015";"19"
"SAL-0007441";"2025-05-11";"MI-001";"27"
"SAL-0007442";"2025-05-11";"MI-002";"20"
"SAL-0007443";"2025-05-11";"MI-003";"26"
"SAL-0007444";"2025-05-11";"MI-004";"21"
"SAL-0007445";"2025-05-11";"MI-005";"23"
"SAL-0007446";"2025-05-11";"MI-006";"21"
"SAL-0007447";"2025-05-11";"MI-007";"25"
"SAL-0007448";"2025-05-11";"MI-008";"18"
"SAL-0007449";"2025-05-11";"MI-009";"12"
"SAL-0007450";"2025-05-11";"MI-010";"17"
"SAL-0007451";"2025-05-11";"MI-011";"22"
"SAL-0007452";"2025-05-11";"MI-012";"16"
"SAL-0007453";"2025-05-11";"MI-013";"8"
"SAL-0007454";"2025-05-11";"MI-014";"11"
"SAL-0007455";"2025-05-11";"MI-015";"10"
"SAL-0007456";"2025-05-12";"MI-001";"15"
"SAL-0007457";"2025-05-12";"MI-002";"11"
"SAL-0007458";"2025-05-12";"MI-003";"9"
"SAL-0007459";"2025-05-12";"MI-004";"14"
"SAL-0007460";"2025-05-12";"MI-005";"14"
"SAL-0007461";"2025-05-12";"MI-006";"12"
"SAL-0007462";"2025-05-12";"MI-007";"14"
"SAL-0007463";"2025-05-12";"MI-008";"8"
"SAL-0007464";"2025-05-12";"MI-009";"3"
"SAL-0007465";"2025-05-12";"MI-010";"1"
"SAL-0007466";"2025-05-12";"MI-011";"8"
"SAL-0007467";"2025-05-12";"MI-012";"6"
"SAL-0007468";"2025-05-12";"MI-013";"5"
"SAL-0007469";"2025-05-12";"MI-014";"6"
"SAL-0007470";"2025-05-12";"MI-015";"4"
"SAL-0007471";"2025-05-13";"MI-001";"22"
"SAL-0007472";"2025-05-13";"MI-002";"29"
"SAL-0007473";"2025-05-13";"MI-003";"11"
"SAL-0007474";"2025-05-13";"MI-004";"16"
"SAL-0007475";"2025-05-13";"MI-005";"18"
"SAL-0007476";"2025-05-13";"MI-006";"8"
"SAL-0007477";"2025-05-13";"MI-007";"18"
"SAL-0007478";"2025-05-13";"MI-008";"17"
"SAL-0007479";"2025-05-13";"MI-009";"11"
"SAL-0007480";"2025-05-13";"MI-010";"8"
"SAL-0007481";"2025-05-13";"MI-011";"5"
"SAL-0007482";"2025-05-13";"MI-012";"16"
"SAL-0007483";"2025-05-13";"MI-013";"9"
"SAL-0007484";"2025-05-13";"MI-014";"10"
"SAL-0007485";"2025-05-13";"MI-015";"11"
"SAL-0007486";"2025-05-14";"MI-001";"32"
"SAL-0007487";"2025-05-14";"MI-002";"15"
"SAL-0007488";"2025-05-14";"MI-003";"29"
"SAL-0007489";"2025-05-14";"MI-004";"16"
"SAL-0007490";"2025-05-14";"MI-005";"28"
"SAL-0007491";"2025-05-14";"MI-006";"12"
"SAL-0007492";"2025-05-14";"MI-007";"9"
"SAL-0007493";"2025-05-14";"MI-008";"11"
"SAL-0007494";"2025-05-14";"MI-009";"7"
"SAL-0007495";"2025-05-14";"MI-010";"4"
"SAL-0007496";"2025-05-14";"MI-011";"11"
"SAL-0007497";"2025-05-14";"MI-012";"9"
"SAL-0007498";"2025-05-14";"MI-013";"7"
"SAL-0007499";"2025-05-14";"MI-014";"5"
"SAL-0007500";"2025-05-14";"MI-015";"7"
"SAL-0007501";"2025-05-15";"MI-001";"25"
"SAL-0007502";"2025-05-15";"MI-002";"16"
"SAL-0007503";"2025-05-15";"MI-003";"18"
"SAL-0007504";"2025-05-15";"MI-004";"14"
"SAL-0007505";"2025-05-15";"MI-005";"17"
"SAL-0007506";"2025-05-15";"MI-006";"12"
"SAL-0007507";"2025-05-15";"MI-007";"16"
"SAL-0007508";"2025-05-15";"MI-008";"8"
"SAL-0007509";"2025-05-15";"MI-009";"9"
"SAL-0007510";"2025-05-15";"MI-010";"9"
"SAL-0007511";"2025-05-15";"MI-011";"9"
"SAL-0007512";"2025-05-15";"MI-012";"5"
"SAL-0007513";"2025-05-15";"MI-013";"6"
"SAL-0007514";"2025-05-15";"MI-014";"7"
"SAL-0007515";"2025-05-15";"MI-015";"10"
"SAL-0007516";"2025-05-16";"MI-001";"21"
"SAL-0007517";"2025-05-16";"MI-002";"24"
"SAL-0007518";"2025-05-16";"MI-003";"24"
"SAL-0007519";"2025-05-16";"MI-004";"14"
"SAL-0007520";"2025-05-16";"MI-005";"30"
"SAL-0007521";"2025-05-16";"MI-006";"14"
"SAL-0007522";"2025-05-16";"MI-007";"15"
"SAL-0007523";"2025-05-16";"MI-008";"5"
"SAL-0007524";"2025-05-16";"MI-009";"7"
"SAL-0007525";"2025-05-16";"MI-010";"13"
"SAL-0007526";"2025-05-16";"MI-011";"11"
"SAL-0007527";"2025-05-16";"MI-012";"8"
"SAL-0007528";"2025-05-16";"MI-013";"11"
"SAL-0007529";"2025-05-16";"MI-014";"9"
"SAL-0007530";"2025-05-16";"MI-015";"15"
"SAL-0007531";"2025-05-17";"MI-001";"42"
"SAL-0007532";"2025-05-17";"MI-002";"37"
"SAL-0007533";"2025-05-17";"MI-003";"30"
"SAL-0007534";"2025-05-17";"MI-004";"28"
"SAL-0007535";"2025-05-17";"MI-005";"43"
"SAL-0007536";"2025-05-17";"MI-006";"26"
"SAL-0007537";"2025-05-17";"MI-007";"22"
"SAL-0007538";"2025-05-17";"MI-008";"24"
"SAL-0007539";"2025-05-17";"MI-009";"20"
"SAL-0007540";"2025-05-17";"MI-010";"14"
"SAL-0007541";"2025-05-17";"MI-011";"25"
"SAL-0007542";"2025-05-17";"MI-012";"24"
"SAL-0007543";"2025-05-17";"MI-013";"19"
"SAL-0007544";"2025-05-17";"MI-014";"21"
"SAL-0007545";"2025-05-17";"MI-015";"18"
"SAL-0007546";"2025-05-18";"MI-001";"27"
"SAL-0007547";"2025-05-18";"MI-002";"16"
"SAL-0007548";"2025-05-18";"MI-003";"17"
"SAL-0007549";"2025-05-18";"MI-004";"13"
"SAL-0007550";"2025-05-18";"MI-005";"34"
"SAL-0007551";"2025-05-18";"MI-006";"24"
"SAL-0007552";"2025-05-18";"MI-007";"25"
"SAL-0007553";"2025-05-18";"MI-008";"13"
"SAL-0007554";"2025-05-18";"MI-009";"8"
"SAL-0007555";"2025-05-18";"MI-010";"15"
"SAL-0007556";"2025-05-18";"MI-011";"11"
"SAL-0007557";"2025-05-18";"MI-012";"10"
"SAL-0007558";"2025-05-18";"MI-013";"7"
"SAL-0007559";"2025-05-18";"MI-014";"7"
"SAL-0007560";"2025-05-18";"MI-015";"10"
"SAL-0007561";"2025-05-19";"MI-001";"27"
"SAL-0007562";"2025-05-19";"MI-002";"15"
"SAL-0007563";"2025-05-19";"MI-003";"17"
"SAL-0007564";"2025-05-19";"MI-004";"9"
"SAL-0007565";"2025-05-19";"MI-005";"27"
"SAL-0007566";"2025-05-19";"MI-006";"13"
"SAL-0007567";"2025-05-19";"MI-007";"24"
"SAL-0007568";"2025-05-19";"MI-008";"13"
"SAL-0007569";"2025-05-19";"MI-009";"12"
"SAL-0007570";"2025-05-19";"MI-010";"9"
"SAL-0007571";"2025-05-19";"MI-011";"15"
"SAL-0007572";"2025-05-19";"MI-012";"5"
"SAL-0007573";"2025-05-19";"MI-013";"12"
"SAL-0007574";"2025-05-19";"MI-014";"8"
"SAL-0007575";"2025-05-19";"MI-015";"5"
"SAL-0007576";"2025-05-20";"MI-001";"14"
"SAL-0007577";"2025-05-20";"MI-002";"10"
"SAL-0007578";"2025-05-20";"MI-003";"13"
"SAL-0007579";"2025-05-20";"MI-004";"4"
"SAL-0007580";"2025-05-20";"MI-005";"28"
"SAL-0007581";"2025-05-20";"MI-006";"15"
"SAL-0007582";"2025-05-20";"MI-007";"6"
"SAL-0007583";"2025-05-20";"MI-008";"8"
"SAL-0007584";"2025-05-20";"MI-009";"7"
"SAL-0007585";"2025-05-20";"MI-010";"9"
"SAL-0007586";"2025-05-20";"MI-011";"13"
"SAL-0007587";"2025-05-20";"MI-012";"12"
"SAL-0007588";"2025-05-20";"MI-013";"14"
"SAL-0007589";"2025-05-20";"MI-014";"10"
"SAL-0007590";"2025-05-20";"MI-015";"7"
"SAL-0007591";"2025-05-21";"MI-001";"20"
"SAL-0007592";"2025-05-21";"MI-002";"16"
"SAL-0007593";"2025-05-21";"MI-003";"15"
"SAL-0007594";"2025-05-21";"MI-004";"12"
"SAL-0007595";"2025-05-21";"MI-005";"18"
"SAL-0007596";"2025-05-21";"MI-006";"9"
"SAL-0007597";"2025-05-21";"MI-007";"22"
"SAL-0007598";"2025-05-21";"MI-008";"5"
"SAL-0007599";"2025-05-21";"MI-009";"6"
"SAL-0007600";"2025-05-21";"MI-010";"3"
"SAL-0007601";"2025-05-21";"MI-011";"10"
"SAL-0007602";"2025-05-21";"MI-012";"8"
"SAL-0007603";"2025-05-21";"MI-013";"4"
"SAL-0007604";"2025-05-21";"MI-014";"7"
"SAL-0007605";"2025-05-21";"MI-015";"10"
"SAL-0007606";"2025-05-22";"MI-001";"20"
"SAL-0007607";"2025-05-22";"MI-002";"18"
"SAL-0007608";"2025-05-22";"MI-003";"16"
"SAL-0007609";"2025-05-22";"MI-004";"18"
"SAL-0007610";"2025-05-22";"MI-005";"18"
"SAL-0007611";"2025-05-22";"MI-006";"18"
"SAL-0007612";"2025-05-22";"MI-007";"17"
"SAL-0007613";"2025-05-22";"MI-008";"10"
"SAL-0007614";"2025-05-22";"MI-009";"6"
"SAL-0007615";"2025-05-22";"MI-010";"10"
"SAL-0007616";"2025-05-22";"MI-011";"14"
"SAL-0007617";"2025-05-22";"MI-012";"10"
"SAL-0007618";"2025-05-22";"MI-013";"6"
"SAL-0007619";"2025-05-22";"MI-014";"11"
"SAL-0007620";"2025-05-22";"MI-015";"12"
"SAL-0007621";"2025-05-23";"MI-001";"21"
"SAL-0007622";"2025-05-23";"MI-002";"19"
"SAL-0007623";"2025-05-23";"MI-003";"23"
"SAL-0007624";"2025-05-23";"MI-004";"8"
"SAL-0007625";"2025-05-23";"MI-005";"18"
"SAL-0007626";"2025-05-23";"MI-006";"12"
"SAL-0007627";"2025-05-23";"MI-007";"24"
"SAL-0007628";"2025-05-23";"MI-008";"9"
"SAL-0007629";"2025-05-23";"MI-009";"1"
"SAL-0007630";"2025-05-23";"MI-010";"6"
"SAL-0007631";"2025-05-23";"MI-011";"9"
"SAL-0007632";"2025-05-23";"MI-012";"9"
"SAL-0007633";"2025-05-23";"MI-013";"9"
"SAL-0007634";"2025-05-23";"MI-014";"11"
"SAL-0007635";"2025-05-23";"MI-015";"11"
"SAL-0007636";"2025-05-24";"MI-001";"40"
"SAL-0007637";"2025-05-24";"MI-002";"23"
"SAL-0007638";"2025-05-24";"MI-003";"25"
"SAL-0007639";"2025-05-24";"MI-004";"22"
"SAL-0007640";"2025-05-24";"MI-005";"34"
"SAL-0007641";"2025-05-24";"MI-006";"27"
"SAL-0007642";"2025-05-24";"MI-007";"21"
"SAL-0007643";"2025-05-24";"MI-008";"18"
"SAL-0007644";"2025-05-24";"MI-009";"16"
"SAL-0007645";"2025-05-24";"MI-010";"10"
"SAL-0007646";"2025-05-24";"MI-011";"26"
"SAL-0007647";"2025-05-24";"MI-012";"13"
"SAL-0007648";"2025-05-24";"MI-013";"13"
"SAL-0007649";"2025-05-24";"MI-014";"12"
"SAL-0007650";"2025-05-24";"MI-015";"15"
"SAL-0007651";"2025-05-25";"MI-001";"21"
"SAL-0007652";"2025-05-25";"MI-002";"20"
"SAL-0007653";"2025-05-25";"MI-003";"17"
"SAL-0007654";"2025-05-25";"MI-004";"18"
"SAL-0007655";"2025-05-25";"MI-005";"28"
"SAL-0007656";"2025-05-25";"MI-006";"13"
"SAL-0007657";"2025-05-25";"MI-007";"30"
"SAL-0007658";"2025-05-25";"MI-008";"19"
"SAL-0007659";"2025-05-25";"MI-009";"10"
"SAL-0007660";"2025-05-25";"MI-010";"13"
"SAL-0007661";"2025-05-25";"MI-011";"7"
"SAL-0007662";"2025-05-25";"MI-012";"10"
"SAL-0007663";"2025-05-25";"MI-013";"5"
"SAL-0007664";"2025-05-25";"MI-014";"17"
"SAL-0007665";"2025-05-25";"MI-015";"5"
"SAL-0007666";"2025-05-26";"MI-001";"16"
"SAL-0007667";"2025-05-26";"MI-002";"14"
"SAL-0007668";"2025-05-26";"MI-003";"15"
"SAL-0007669";"2025-05-26";"MI-004";"12"
"SAL-0007670";"2025-05-26";"MI-005";"19"
"SAL-0007671";"2025-05-26";"MI-006";"4"
"SAL-0007672";"2025-05-26";"MI-007";"12"
"SAL-0007673";"2025-05-26";"MI-008";"5"
"SAL-0007674";"2025-05-26";"MI-009";"6"
"SAL-0007675";"2025-05-26";"MI-010";"2"
"SAL-0007676";"2025-05-26";"MI-011";"3"
"SAL-0007677";"2025-05-26";"MI-012";"2"
"SAL-0007678";"2025-05-26";"MI-013";"6"
"SAL-0007679";"2025-05-26";"MI-014";"6"
"SAL-0007680";"2025-05-26";"MI-015";"5"
"SAL-0007681";"2025-05-27";"MI-001";"21"
"SAL-0007682";"2025-05-27";"MI-002";"14"
"SAL-0007683";"2025-05-27";"MI-003";"28"
"SAL-0007684";"2025-05-27";"MI-004";"12"
"SAL-0007685";"2025-05-27";"MI-005";"17"
"SAL-0007686";"2025-05-27";"MI-006";"4"
"SAL-0007687";"2025-05-27";"MI-007";"13"
"SAL-0007688";"2025-05-27";"MI-008";"12"
"SAL-0007689";"2025-05-27";"MI-009";"11"
"SAL-0007690";"2025-05-27";"MI-010";"9"
"SAL-0007691";"2025-05-27";"MI-011";"10"
"SAL-0007692";"2025-05-27";"MI-012";"11"
"SAL-0007693";"2025-05-27";"MI-013";"9"
"SAL-0007694";"2025-05-27";"MI-014";"7"
"SAL-0007695";"2025-05-27";"MI-015";"7"
"SAL-0007696";"2025-05-28";"MI-001";"22"
"SAL-0007697";"2025-05-28";"MI-002";"15"
"SAL-0007698";"2025-05-28";"MI-003";"18"
"SAL-0007699";"2025-05-28";"MI-004";"13"
"SAL-0007700";"2025-05-28";"MI-005";"15"
"SAL-0007701";"2025-05-28";"MI-006";"12"
"SAL-0007702";"2025-05-28";"MI-007";"15"
"SAL-0007703";"2025-05-28";"MI-008";"10"
"SAL-0007704";"2025-05-28";"MI-009";"10"
"SAL-0007705";"2025-05-28";"MI-010";"9"
"SAL-0007706";"2025-05-28";"MI-011";"7"
"SAL-0007707";"2025-05-28";"MI-012";"8"
"SAL-0007708";"2025-05-28";"MI-013";"6"
"SAL-0007709";"2025-05-28";"MI-014";"13"
"SAL-0007710";"2025-05-28";"MI-015";"8"
"SAL-0007711";"2025-05-29";"MI-001";"21"
"SAL-0007712";"2025-05-29";"MI-002";"17"
"SAL-0007713";"2025-05-29";"MI-003";"21"
"SAL-0007714";"2025-05-29";"MI-004";"21"
"SAL-0007715";"2025-05-29";"MI-005";"16"
"SAL-0007716";"2025-05-29";"MI-006";"14"
"SAL-0007717";"2025-05-29";"MI-007";"16"
"SAL-0007718";"2025-05-29";"MI-008";"17"
"SAL-0007719";"2025-05-29";"MI-009";"6"
"SAL-0007720";"2025-05-29";"MI-010";"10"
"SAL-0007721";"2025-05-29";"MI-011";"12"
"SAL-0007722";"2025-05-29";"MI-012";"14"
"SAL-0007723";"2025-05-29";"MI-013";"10"
"SAL-0007724";"2025-05-29";"MI-014";"7"
"SAL-0007725";"2025-05-29";"MI-015";"2"
"SAL-0007726";"2025-05-30";"MI-001";"29"
"SAL-0007727";"2025-05-30";"MI-002";"18"
"SAL-0007728";"2025-05-30";"MI-003";"16"
"SAL-0007729";"2025-05-30";"MI-004";"14"
"SAL-0007730";"2025-05-30";"MI-005";"24"
"SAL-0007731";"2025-05-30";"MI-006";"16"
"SAL-0007732";"2025-05-30";"MI-007";"14"
"SAL-0007733";"2025-05-30";"MI-008";"7"
"SAL-0007734";"2025-05-30";"MI-009";"14"
"SAL-0007735";"2025-05-30";"MI-010";"14"
"SAL-0007736";"2025-05-30";"MI-011";"13"
"SAL-0007737";"2025-05-30";"MI-012";"12"
"SAL-0007738";"2025-05-30";"MI-013";"8"
"SAL-0007739";"2025-05-30";"MI-014";"2"
"SAL-0007740";"2025-05-30";"MI-015";"11"
"SAL-0007741";"2025-05-31";"MI-001";"33"
"SAL-0007742";"2025-05-31";"MI-002";"34"
"SAL-0007743";"2025-05-31";"MI-003";"26"
"SAL-0007744";"2025-05-31";"MI-004";"22"
"SAL-0007745";"2025-05-31";"MI-005";"35"
"SAL-0007746";"2025-05-31";"MI-006";"21"
"SAL-0007747";"2025-05-31";"MI-007";"19"
"SAL-0007748";"2025-05-31";"MI-008";"19"
"SAL-0007749";"2025-05-31";"MI-009";"13"
"SAL-0007750";"2025-05-31";"MI-010";"15"
"SAL-0007751";"2025-05-31";"MI-011";"13"
"SAL-0007752";"2025-05-31";"MI-012";"14"
"SAL-0007753";"2025-05-31";"MI-013";"21"
"SAL-0007754";"2025-05-31";"MI-014";"9"
"SAL-0007755";"2025-05-31";"MI-015";"7"
"SAL-0007756";"2025-06-01";"MI-001";"36"
"SAL-0007757";"2025-06-01";"MI-002";"28"
"SAL-0007758";"2025-06-01";"MI-003";"27"
"SAL-0007759";"2025-06-01";"MI-004";"10"
"SAL-0007760";"2025-06-01";"MI-005";"25"
"SAL-0007761";"2025-06-01";"MI-006";"18"
"SAL-0007762";"2025-06-01";"MI-007";"19"
"SAL-0007763";"2025-06-01";"MI-008";"23"
"SAL-0007764";"2025-06-01";"MI-009";"16"
"SAL-0007765";"2025-06-01";"MI-010";"9"
"SAL-0007766";"2025-06-01";"MI-011";"18"
"SAL-0007767";"2025-06-01";"MI-012";"13"
"SAL-0007768";"2025-06-01";"MI-013";"12"
"SAL-0007769";"2025-06-01";"MI-014";"10"
"SAL-0007770";"2025-06-01";"MI-015";"18"
"SAL-0007771";"2025-06-02";"MI-001";"11"
"SAL-0007772";"2025-06-02";"MI-002";"14"
"SAL-0007773";"2025-06-02";"MI-003";"15"
"SAL-0007774";"2025-06-02";"MI-004";"12"
"SAL-0007775";"2025-06-02";"MI-005";"18"
"SAL-0007776";"2025-06-02";"MI-006";"8"
"SAL-0007777";"2025-06-02";"MI-007";"18"
"SAL-0007778";"2025-06-02";"MI-008";"8"
"SAL-0007779";"2025-06-02";"MI-009";"8"
"SAL-0007780";"2025-06-02";"MI-010";"6"
"SAL-0007781";"2025-06-02";"MI-011";"12"
"SAL-0007782";"2025-06-02";"MI-012";"9"
"SAL-0007783";"2025-06-02";"MI-013";"5"
"SAL-0007784";"2025-06-02";"MI-014";"6"
"SAL-0007785";"2025-06-02";"MI-015";"6"
"SAL-0007786";"2025-06-03";"MI-001";"15"
"SAL-0007787";"2025-06-03";"MI-002";"15"
"SAL-0007788";"2025-06-03";"MI-003";"20"
"SAL-0007789";"2025-06-03";"MI-004";"12"
"SAL-0007790";"2025-06-03";"MI-005";"16"
"SAL-0007791";"2025-06-03";"MI-006";"7"
"SAL-0007792";"2025-06-03";"MI-007";"10"
"SAL-0007793";"2025-06-03";"MI-008";"6"
"SAL-0007794";"2025-06-03";"MI-009";"8"
"SAL-0007795";"2025-06-03";"MI-010";"8"
"SAL-0007796";"2025-06-03";"MI-011";"11"
"SAL-0007797";"2025-06-03";"MI-012";"8"
"SAL-0007798";"2025-06-03";"MI-013";"8"
"SAL-0007799";"2025-06-03";"MI-014";"8"
"SAL-0007800";"2025-06-03";"MI-015";"7"
"SAL-0007801";"2025-06-04";"MI-001";"20"
"SAL-0007802";"2025-06-04";"MI-002";"12"
"SAL-0007803";"2025-06-04";"MI-003";"12"
"SAL-0007804";"2025-06-04";"MI-004";"13"
"SAL-0007805";"2025-06-04";"MI-005";"17"
"SAL-0007806";"2025-06-04";"MI-006";"12"
"SAL-0007807";"2025-06-04";"MI-007";"17"
"SAL-0007808";"2025-06-04";"MI-008";"7"
"SAL-0007809";"2025-06-04";"MI-009";"5"
"SAL-0007810";"2025-06-04";"MI-010";"11"
"SAL-0007811";"2025-06-04";"MI-011";"9"
"SAL-0007812";"2025-06-04";"MI-012";"5"
"SAL-0007813";"2025-06-04";"MI-013";"8"
"SAL-0007814";"2025-06-04";"MI-014";"2"
"SAL-0007815";"2025-06-04";"MI-015";"12"
"SAL-0007816";"2025-06-05";"MI-001";"27"
"SAL-0007817";"2025-06-05";"MI-002";"13"
"SAL-0007818";"2025-06-05";"MI-003";"11"
"SAL-0007819";"2025-06-05";"MI-004";"10"
"SAL-0007820";"2025-06-05";"MI-005";"17"
"SAL-0007821";"2025-06-05";"MI-006";"9"
"SAL-0007822";"2025-06-05";"MI-007";"10"
"SAL-0007823";"2025-06-05";"MI-008";"13"
"SAL-0007824";"2025-06-05";"MI-009";"8"
"SAL-0007825";"2025-06-05";"MI-010";"8"
"SAL-0007826";"2025-06-05";"MI-011";"13"
"SAL-0007827";"2025-06-05";"MI-012";"10"
"SAL-0007828";"2025-06-05";"MI-013";"9"
"SAL-0007829";"2025-06-05";"MI-014";"7"
"SAL-0007830";"2025-06-05";"MI-015";"9"
"SAL-0007831";"2025-06-06";"MI-001";"14"
"SAL-0007832";"2025-06-06";"MI-002";"16"
"SAL-0007833";"2025-06-06";"MI-003";"19"
"SAL-0007834";"2025-06-06";"MI-004";"14"
"SAL-0007835";"2025-06-06";"MI-005";"24"
"SAL-0007836";"2025-06-06";"MI-006";"15"
"SAL-0007837";"2025-06-06";"MI-007";"20"
"SAL-0007838";"2025-06-06";"MI-008";"9"
"SAL-0007839";"2025-06-06";"MI-009";"9"
"SAL-0007840";"2025-06-06";"MI-010";"8"
"SAL-0007841";"2025-06-06";"MI-011";"12"
"SAL-0007842";"2025-06-06";"MI-012";"17"
"SAL-0007843";"2025-06-06";"MI-013";"11"
"SAL-0007844";"2025-06-06";"MI-014";"12"
"SAL-0007845";"2025-06-06";"MI-015";"7"
"SAL-0007846";"2025-06-07";"MI-001";"34"
"SAL-0007847";"2025-06-07";"MI-002";"20"
"SAL-0007848";"2025-06-07";"MI-003";"21"
"SAL-0007849";"2025-06-07";"MI-004";"15"
"SAL-0007850";"2025-06-07";"MI-005";"37"
"SAL-0007851";"2025-06-07";"MI-006";"22"
"SAL-0007852";"2025-06-07";"MI-007";"31"
"SAL-0007853";"2025-06-07";"MI-008";"23"
"SAL-0007854";"2025-06-07";"MI-009";"16"
"SAL-0007855";"2025-06-07";"MI-010";"8"
"SAL-0007856";"2025-06-07";"MI-011";"16"
"SAL-0007857";"2025-06-07";"MI-012";"15"
"SAL-0007858";"2025-06-07";"MI-013";"13"
"SAL-0007859";"2025-06-07";"MI-014";"14"
"SAL-0007860";"2025-06-07";"MI-015";"21"
"SAL-0007861";"2025-06-08";"MI-001";"31"
"SAL-0007862";"2025-06-08";"MI-002";"23"
"SAL-0007863";"2025-06-08";"MI-003";"27"
"SAL-0007864";"2025-06-08";"MI-004";"27"
"SAL-0007865";"2025-06-08";"MI-005";"27"
"SAL-0007866";"2025-06-08";"MI-006";"16"
"SAL-0007867";"2025-06-08";"MI-007";"13"
"SAL-0007868";"2025-06-08";"MI-008";"23"
"SAL-0007869";"2025-06-08";"MI-009";"19"
"SAL-0007870";"2025-06-08";"MI-010";"9"
"SAL-0007871";"2025-06-08";"MI-011";"21"
"SAL-0007872";"2025-06-08";"MI-012";"14"
"SAL-0007873";"2025-06-08";"MI-013";"12"
"SAL-0007874";"2025-06-08";"MI-014";"13"
"SAL-0007875";"2025-06-08";"MI-015";"15"
"SAL-0007876";"2025-06-09";"MI-001";"16"
"SAL-0007877";"2025-06-09";"MI-002";"21"
"SAL-0007878";"2025-06-09";"MI-003";"12"
"SAL-0007879";"2025-06-09";"MI-004";"9"
"SAL-0007880";"2025-06-09";"MI-005";"15"
"SAL-0007881";"2025-06-09";"MI-006";"7"
"SAL-0007882";"2025-06-09";"MI-007";"12"
"SAL-0007883";"2025-06-09";"MI-008";"9"
"SAL-0007884";"2025-06-09";"MI-009";"5"
"SAL-0007885";"2025-06-09";"MI-010";"11"
"SAL-0007886";"2025-06-09";"MI-011";"15"
"SAL-0007887";"2025-06-09";"MI-012";"9"
"SAL-0007888";"2025-06-09";"MI-013";"11"
"SAL-0007889";"2025-06-09";"MI-014";"10"
"SAL-0007890";"2025-06-09";"MI-015";"8"
"SAL-0007891";"2025-06-10";"MI-001";"17"
"SAL-0007892";"2025-06-10";"MI-002";"14"
"SAL-0007893";"2025-06-10";"MI-003";"16"
"SAL-0007894";"2025-06-10";"MI-004";"14"
"SAL-0007895";"2025-06-10";"MI-005";"14"
"SAL-0007896";"2025-06-10";"MI-006";"8"
"SAL-0007897";"2025-06-10";"MI-007";"12"
"SAL-0007898";"2025-06-10";"MI-008";"12"
"SAL-0007899";"2025-06-10";"MI-009";"4"
"SAL-0007900";"2025-06-10";"MI-010";"13"
"SAL-0007901";"2025-06-10";"MI-011";"13"
"SAL-0007902";"2025-06-10";"MI-012";"6"
"SAL-0007903";"2025-06-10";"MI-013";"11"
"SAL-0007904";"2025-06-10";"MI-014";"5"
"SAL-0007905";"2025-06-10";"MI-015";"9"
"SAL-0007906";"2025-06-11";"MI-001";"18"
"SAL-0007907";"2025-06-11";"MI-002";"15"
"SAL-0007908";"2025-06-11";"MI-003";"10"
"SAL-0007909";"2025-06-11";"MI-004";"12"
"SAL-0007910";"2025-06-11";"MI-005";"15"
"SAL-0007911";"2025-06-11";"MI-006";"11"
"SAL-0007912";"2025-06-11";"MI-007";"16"
"SAL-0007913";"2025-06-11";"MI-008";"7"
"SAL-0007914";"2025-06-11";"MI-009";"2"
"SAL-0007915";"2025-06-11";"MI-010";"9"
"SAL-0007916";"2025-06-11";"MI-011";"2"
"SAL-0007917";"2025-06-11";"MI-012";"3"
"SAL-0007918";"2025-06-11";"MI-013";"10"
"SAL-0007919";"2025-06-11";"MI-014";"4"
"SAL-0007920";"2025-06-11";"MI-015";"7"
"SAL-0007921";"2025-06-12";"MI-001";"20"
"SAL-0007922";"2025-06-12";"MI-002";"23"
"SAL-0007923";"2025-06-12";"MI-003";"27"
"SAL-0007924";"2025-06-12";"MI-004";"13"
"SAL-0007925";"2025-06-12";"MI-005";"18"
"SAL-0007926";"2025-06-12";"MI-006";"14"
"SAL-0007927";"2025-06-12";"MI-007";"17"
"SAL-0007928";"2025-06-12";"MI-008";"12"
"SAL-0007929";"2025-06-12";"MI-009";"9"
"SAL-0007930";"2025-06-12";"MI-010";"6"
"SAL-0007931";"2025-06-12";"MI-011";"13"
"SAL-0007932";"2025-06-12";"MI-012";"10"
"SAL-0007933";"2025-06-12";"MI-013";"7"
"SAL-0007934";"2025-06-12";"MI-014";"9"
"SAL-0007935";"2025-06-12";"MI-015";"9"
"SAL-0007936";"2025-06-13";"MI-001";"16"
"SAL-0007937";"2025-06-13";"MI-002";"20"
"SAL-0007938";"2025-06-13";"MI-003";"20"
"SAL-0007939";"2025-06-13";"MI-004";"14"
"SAL-0007940";"2025-06-13";"MI-005";"27"
"SAL-0007941";"2025-06-13";"MI-006";"13"
"SAL-0007942";"2025-06-13";"MI-007";"19"
"SAL-0007943";"2025-06-13";"MI-008";"13"
"SAL-0007944";"2025-06-13";"MI-009";"10"
"SAL-0007945";"2025-06-13";"MI-010";"9"
"SAL-0007946";"2025-06-13";"MI-011";"12"
"SAL-0007947";"2025-06-13";"MI-012";"11"
"SAL-0007948";"2025-06-13";"MI-013";"10"
"SAL-0007949";"2025-06-13";"MI-014";"10"
"SAL-0007950";"2025-06-13";"MI-015";"9"
"SAL-0007951";"2025-06-14";"MI-001";"37"
"SAL-0007952";"2025-06-14";"MI-002";"20"
"SAL-0007953";"2025-06-14";"MI-003";"25"
"SAL-0007954";"2025-06-14";"MI-004";"31"
"SAL-0007955";"2025-06-14";"MI-005";"34"
"SAL-0007956";"2025-06-14";"MI-006";"20"
"SAL-0007957";"2025-06-14";"MI-007";"15"
"SAL-0007958";"2025-06-14";"MI-008";"20"
"SAL-0007959";"2025-06-14";"MI-009";"19"
"SAL-0007960";"2025-06-14";"MI-010";"14"
"SAL-0007961";"2025-06-14";"MI-011";"21"
"SAL-0007962";"2025-06-14";"MI-012";"11"
"SAL-0007963";"2025-06-14";"MI-013";"17"
"SAL-0007964";"2025-06-14";"MI-014";"11"
"SAL-0007965";"2025-06-14";"MI-015";"21"
"SAL-0007966";"2025-06-15";"MI-001";"33"
"SAL-0007967";"2025-06-15";"MI-002";"27"
"SAL-0007968";"2025-06-15";"MI-003";"32"
"SAL-0007969";"2025-06-15";"MI-004";"18"
"SAL-0007970";"2025-06-15";"MI-005";"36"
"SAL-0007971";"2025-06-15";"MI-006";"30"
"SAL-0007972";"2025-06-15";"MI-007";"17"
"SAL-0007973";"2025-06-15";"MI-008";"21"
"SAL-0007974";"2025-06-15";"MI-009";"12"
"SAL-0007975";"2025-06-15";"MI-010";"16"
"SAL-0007976";"2025-06-15";"MI-011";"25"
"SAL-0007977";"2025-06-15";"MI-012";"14"
"SAL-0007978";"2025-06-15";"MI-013";"13"
"SAL-0007979";"2025-06-15";"MI-014";"13"
"SAL-0007980";"2025-06-15";"MI-015";"12"
"SAL-0007981";"2025-06-16";"MI-001";"13"
"SAL-0007982";"2025-06-16";"MI-002";"8"
"SAL-0007983";"2025-06-16";"MI-003";"19"
"SAL-0007984";"2025-06-16";"MI-004";"14"
"SAL-0007985";"2025-06-16";"MI-005";"16"
"SAL-0007986";"2025-06-16";"MI-006";"12"
"SAL-0007987";"2025-06-16";"MI-007";"9"
"SAL-0007988";"2025-06-16";"MI-008";"7"
"SAL-0007989";"2025-06-16";"MI-009";"10"
"SAL-0007990";"2025-06-16";"MI-010";"9"
"SAL-0007991";"2025-06-16";"MI-011";"8"
"SAL-0007992";"2025-06-16";"MI-012";"9"
"SAL-0007993";"2025-06-16";"MI-013";"7"
"SAL-0007994";"2025-06-16";"MI-014";"7"
"SAL-0007995";"2025-06-16";"MI-015";"7"
"SAL-0007996";"2025-06-17";"MI-001";"12"
"SAL-0007997";"2025-06-17";"MI-002";"8"
"SAL-0007998";"2025-06-17";"MI-003";"17"
"SAL-0007999";"2025-06-17";"MI-004";"11"
"SAL-0008000";"2025-06-17";"MI-005";"20"
"SAL-0008001";"2025-06-17";"MI-006";"13"
"SAL-0008002";"2025-06-17";"MI-007";"7"
"SAL-0008003";"2025-06-17";"MI-008";"8"
"SAL-0008004";"2025-06-17";"MI-009";"7"
"SAL-0008005";"2025-06-17";"MI-010";"11"
"SAL-0008006";"2025-06-17";"MI-011";"12"
"SAL-0008007";"2025-06-17";"MI-012";"5"
"SAL-0008008";"2025-06-17";"MI-013";"8"
"SAL-0008009";"2025-06-17";"MI-014";"8"
"SAL-0008010";"2025-06-17";"MI-015";"5"
"SAL-0008011";"2025-06-18";"MI-001";"21"
"SAL-0008012";"2025-06-18";"MI-002";"22"
"SAL-0008013";"2025-06-18";"MI-003";"22"
"SAL-0008014";"2025-06-18";"MI-004";"10"
"SAL-0008015";"2025-06-18";"MI-005";"24"
"SAL-0008016";"2025-06-18";"MI-006";"4"
"SAL-0008017";"2025-06-18";"MI-007";"18"
"SAL-0008018";"2025-06-18";"MI-008";"13"
"SAL-0008019";"2025-06-18";"MI-009";"11"
"SAL-0008020";"2025-06-18";"MI-010";"8"
"SAL-0008021";"2025-06-18";"MI-011";"16"
"SAL-0008022";"2025-06-18";"MI-012";"11"
"SAL-0008023";"2025-06-18";"MI-013";"8"
"SAL-0008024";"2025-06-18";"MI-014";"12"
"SAL-0008025";"2025-06-18";"MI-015";"10"
"SAL-0008026";"2025-06-19";"MI-001";"26"
"SAL-0008027";"2025-06-19";"MI-002";"14"
"SAL-0008028";"2025-06-19";"MI-003";"16"
"SAL-0008029";"2025-06-19";"MI-004";"15"
"SAL-0008030";"2025-06-19";"MI-005";"23"
"SAL-0008031";"2025-06-19";"MI-006";"15"
"SAL-0008032";"2025-06-19";"MI-007";"16"
"SAL-0008033";"2025-06-19";"MI-008";"4"
"SAL-0008034";"2025-06-19";"MI-009";"8"
"SAL-0008035";"2025-06-19";"MI-010";"11"
"SAL-0008036";"2025-06-19";"MI-011";"10"
"SAL-0008037";"2025-06-19";"MI-012";"16"
"SAL-0008038";"2025-06-19";"MI-013";"16"
"SAL-0008039";"2025-06-19";"MI-014";"13"
"SAL-0008040";"2025-06-19";"MI-015";"8"
"SAL-0008041";"2025-06-20";"MI-001";"29"
"SAL-0008042";"2025-06-20";"MI-002";"18"
"SAL-0008043";"2025-06-20";"MI-003";"24"
"SAL-0008044";"2025-06-20";"MI-004";"19"
"SAL-0008045";"2025-06-20";"MI-005";"24"
"SAL-0008046";"2025-06-20";"MI-006";"8"
"SAL-0008047";"2025-06-20";"MI-007";"11"
"SAL-0008048";"2025-06-20";"MI-008";"6"
"SAL-0008049";"2025-06-20";"MI-009";"13"
"SAL-0008050";"2025-06-20";"MI-010";"8"
"SAL-0008051";"2025-06-20";"MI-011";"15"
"SAL-0008052";"2025-06-20";"MI-012";"14"
"SAL-0008053";"2025-06-20";"MI-013";"7"
"SAL-0008054";"2025-06-20";"MI-014";"10"
"SAL-0008055";"2025-06-20";"MI-015";"5"
"SAL-0008056";"2025-06-21";"MI-001";"33"
"SAL-0008057";"2025-06-21";"MI-002";"32"
"SAL-0008058";"2025-06-21";"MI-003";"33"
"SAL-0008059";"2025-06-21";"MI-004";"24"
"SAL-0008060";"2025-06-21";"MI-005";"36"
"SAL-0008061";"2025-06-21";"MI-006";"28"
"SAL-0008062";"2025-06-21";"MI-007";"26"
"SAL-0008063";"2025-06-21";"MI-008";"23"
"SAL-0008064";"2025-06-21";"MI-009";"15"
"SAL-0008065";"2025-06-21";"MI-010";"8"
"SAL-0008066";"2025-06-21";"MI-011";"17"
"SAL-0008067";"2025-06-21";"MI-012";"14"
"SAL-0008068";"2025-06-21";"MI-013";"7"
"SAL-0008069";"2025-06-21";"MI-014";"8"
"SAL-0008070";"2025-06-21";"MI-015";"12"
"SAL-0008071";"2025-06-22";"MI-001";"35"
"SAL-0008072";"2025-06-22";"MI-002";"27"
"SAL-0008073";"2025-06-22";"MI-003";"34"
"SAL-0008074";"2025-06-22";"MI-004";"24"
"SAL-0008075";"2025-06-22";"MI-005";"33"
"SAL-0008076";"2025-06-22";"MI-006";"23"
"SAL-0008077";"2025-06-22";"MI-007";"24"
"SAL-0008078";"2025-06-22";"MI-008";"15"
"SAL-0008079";"2025-06-22";"MI-009";"23"
"SAL-0008080";"2025-06-22";"MI-010";"16"
"SAL-0008081";"2025-06-22";"MI-011";"19"
"SAL-0008082";"2025-06-22";"MI-012";"19"
"SAL-0008083";"2025-06-22";"MI-013";"12"
"SAL-0008084";"2025-06-22";"MI-014";"13"
"SAL-0008085";"2025-06-22";"MI-015";"21"
"SAL-0008086";"2025-06-23";"MI-001";"19"
"SAL-0008087";"2025-06-23";"MI-002";"10"
"SAL-0008088";"2025-06-23";"MI-003";"18"
"SAL-0008089";"2025-06-23";"MI-004";"6"
"SAL-0008090";"2025-06-23";"MI-005";"19"
"SAL-0008091";"2025-06-23";"MI-006";"8"
"SAL-0008092";"2025-06-23";"MI-007";"12"
"SAL-0008093";"2025-06-23";"MI-008";"9"
"SAL-0008094";"2025-06-23";"MI-009";"7"
"SAL-0008095";"2025-06-23";"MI-010";"1"
"SAL-0008096";"2025-06-23";"MI-011";"6"
"SAL-0008097";"2025-06-23";"MI-012";"9"
"SAL-0008098";"2025-06-23";"MI-013";"9"
"SAL-0008099";"2025-06-23";"MI-014";"10"
"SAL-0008100";"2025-06-23";"MI-015";"12"
"SAL-0008101";"2025-06-24";"MI-001";"22"
"SAL-0008102";"2025-06-24";"MI-002";"17"
"SAL-0008103";"2025-06-24";"MI-003";"20"
"SAL-0008104";"2025-06-24";"MI-004";"12"
"SAL-0008105";"2025-06-24";"MI-005";"21"
"SAL-0008106";"2025-06-24";"MI-006";"6"
"SAL-0008107";"2025-06-24";"MI-007";"11"
"SAL-0008108";"2025-06-24";"MI-008";"12"
"SAL-0008109";"2025-06-24";"MI-009";"12"
"SAL-0008110";"2025-06-24";"MI-010";"1"
"SAL-0008111";"2025-06-24";"MI-011";"10"
"SAL-0008112";"2025-06-24";"MI-012";"4"
"SAL-0008113";"2025-06-24";"MI-013";"7"
"SAL-0008114";"2025-06-24";"MI-014";"10"
"SAL-0008115";"2025-06-24";"MI-015";"11"
"SAL-0008116";"2025-06-25";"MI-001";"18"
"SAL-0008117";"2025-06-25";"MI-002";"16"
"SAL-0008118";"2025-06-25";"MI-003";"14"
"SAL-0008119";"2025-06-25";"MI-004";"14"
"SAL-0008120";"2025-06-25";"MI-005";"15"
"SAL-0008121";"2025-06-25";"MI-006";"9"
"SAL-0008122";"2025-06-25";"MI-007";"12"
"SAL-0008123";"2025-06-25";"MI-008";"6"
"SAL-0008124";"2025-06-25";"MI-009";"5"
"SAL-0008125";"2025-06-25";"MI-010";"10"
"SAL-0008126";"2025-06-25";"MI-011";"8"
"SAL-0008127";"2025-06-25";"MI-012";"13"
"SAL-0008128";"2025-06-25";"MI-013";"8"
"SAL-0008129";"2025-06-25";"MI-014";"7"
"SAL-0008130";"2025-06-25";"MI-015";"6"
"SAL-0008131";"2025-06-26";"MI-001";"21"
"SAL-0008132";"2025-06-26";"MI-002";"24"
"SAL-0008133";"2025-06-26";"MI-003";"17"
"SAL-0008134";"2025-06-26";"MI-004";"6"
"SAL-0008135";"2025-06-26";"MI-005";"24"
"SAL-0008136";"2025-06-26";"MI-006";"16"
"SAL-0008137";"2025-06-26";"MI-007";"14"
"SAL-0008138";"2025-06-26";"MI-008";"9"
"SAL-0008139";"2025-06-26";"MI-009";"7"
"SAL-0008140";"2025-06-26";"MI-010";"4"
"SAL-0008141";"2025-06-26";"MI-011";"12"
"SAL-0008142";"2025-06-26";"MI-012";"10"
"SAL-0008143";"2025-06-26";"MI-013";"9"
"SAL-0008144";"2025-06-26";"MI-014";"9"
"SAL-0008145";"2025-06-26";"MI-015";"10"
"SAL-0008146";"2025-06-27";"MI-001";"24"
"SAL-0008147";"2025-06-27";"MI-002";"17"
"SAL-0008148";"2025-06-27";"MI-003";"22"
"SAL-0008149";"2025-06-27";"MI-004";"21"
"SAL-0008150";"2025-06-27";"MI-005";"30"
"SAL-0008151";"2025-06-27";"MI-006";"12"
"SAL-0008152";"2025-06-27";"MI-007";"19"
"SAL-0008153";"2025-06-27";"MI-008";"6"
"SAL-0008154";"2025-06-27";"MI-009";"14"
"SAL-0008155";"2025-06-27";"MI-010";"5"
"SAL-0008156";"2025-06-27";"MI-011";"16"
"SAL-0008157";"2025-06-27";"MI-012";"8"
"SAL-0008158";"2025-06-27";"MI-013";"7"
"SAL-0008159";"2025-06-27";"MI-014";"12"
"SAL-0008160";"2025-06-27";"MI-015";"7"
"SAL-0008161";"2025-06-28";"MI-001";"31"
"SAL-0008162";"2025-06-28";"MI-002";"29"
"SAL-0008163";"2025-06-28";"MI-003";"23"
"SAL-0008164";"2025-06-28";"MI-004";"20"
"SAL-0008165";"2025-06-28";"MI-005";"33"
"SAL-0008166";"2025-06-28";"MI-006";"17"
"SAL-0008167";"2025-06-28";"MI-007";"20"
"SAL-0008168";"2025-06-28";"MI-008";"19"
"SAL-0008169";"2025-06-28";"MI-009";"18"
"SAL-0008170";"2025-06-28";"MI-010";"20"
"SAL-0008171";"2025-06-28";"MI-011";"15"
"SAL-0008172";"2025-06-28";"MI-012";"16"
"SAL-0008173";"2025-06-28";"MI-013";"11"
"SAL-0008174";"2025-06-28";"MI-014";"18"
"SAL-0008175";"2025-06-28";"MI-015";"20"
"SAL-0008176";"2025-06-29";"MI-001";"27"
"SAL-0008177";"2025-06-29";"MI-002";"18"
"SAL-0008178";"2025-06-29";"MI-003";"14"
"SAL-0008179";"2025-06-29";"MI-004";"11"
"SAL-0008180";"2025-06-29";"MI-005";"25"
"SAL-0008181";"2025-06-29";"MI-006";"17"
"SAL-0008182";"2025-06-29";"MI-007";"21"
"SAL-0008183";"2025-06-29";"MI-008";"16"
"SAL-0008184";"2025-06-29";"MI-009";"7"
"SAL-0008185";"2025-06-29";"MI-010";"14"
"SAL-0008186";"2025-06-29";"MI-011";"14"
"SAL-0008187";"2025-06-29";"MI-012";"14"
"SAL-0008188";"2025-06-29";"MI-013";"14"
"SAL-0008189";"2025-06-29";"MI-014";"15"
"SAL-0008190";"2025-06-29";"MI-015";"8"
"SAL-0008191";"2025-06-30";"MI-001";"15"
"SAL-0008192";"2025-06-30";"MI-002";"9"
"SAL-0008193";"2025-06-30";"MI-003";"15"
"SAL-0008194";"2025-06-30";"MI-004";"9"
"SAL-0008195";"2025-06-30";"MI-005";"24"
"SAL-0008196";"2025-06-30";"MI-006";"5"
"SAL-0008197";"2025-06-30";"MI-007";"13"
"SAL-0008198";"2025-06-30";"MI-008";"9"
"SAL-0008199";"2025-06-30";"MI-009";"5"
"SAL-0008200";"2025-06-30";"MI-010";"4"
"SAL-0008201";"2025-06-30";"MI-011";"13"
"SAL-0008202";"2025-06-30";"MI-012";"7"
"SAL-0008203";"2025-06-30";"MI-013";"8"
"SAL-0008204";"2025-06-30";"MI-014";"6"
"SAL-0008205";"2025-06-30";"MI-015";"5"
"SAL-0008206";"2025-07-01";"MI-001";"26"
"SAL-0008207";"2025-07-01";"MI-002";"13"
"SAL-0008208";"2025-07-01";"MI-003";"21"
"SAL-0008209";"2025-07-01";"MI-004";"16"
"SAL-0008210";"2025-07-01";"MI-005";"18"
"SAL-0008211";"2025-07-01";"MI-006";"12"
"SAL-0008212";"2025-07-01";"MI-007";"22"
"SAL-0008213";"2025-07-01";"MI-008";"14"
"SAL-0008214";"2025-07-01";"MI-009";"8"
"SAL-0008215";"2025-07-01";"MI-010";"8"
"SAL-0008216";"2025-07-01";"MI-011";"3"
"SAL-0008217";"2025-07-01";"MI-012";"10"
"SAL-0008218";"2025-07-01";"MI-013";"8"
"SAL-0008219";"2025-07-01";"MI-014";"11"
"SAL-0008220";"2025-07-01";"MI-015";"10"
"SAL-0008221";"2025-07-02";"MI-001";"25"
"SAL-0008222";"2025-07-02";"MI-002";"17"
"SAL-0008223";"2025-07-02";"MI-003";"11"
"SAL-0008224";"2025-07-02";"MI-004";"12"
"SAL-0008225";"2025-07-02";"MI-005";"22"
"SAL-0008226";"2025-07-02";"MI-006";"8"
"SAL-0008227";"2025-07-02";"MI-007";"12"
"SAL-0008228";"2025-07-02";"MI-008";"13"
"SAL-0008229";"2025-07-02";"MI-009";"4"
"SAL-0008230";"2025-07-02";"MI-010";"6"
"SAL-0008231";"2025-07-02";"MI-011";"12"
"SAL-0008232";"2025-07-02";"MI-012";"6"
"SAL-0008233";"2025-07-02";"MI-013";"6"
"SAL-0008234";"2025-07-02";"MI-014";"5"
"SAL-0008235";"2025-07-02";"MI-015";"12"
"SAL-0008236";"2025-07-03";"MI-001";"21"
"SAL-0008237";"2025-07-03";"MI-002";"15"
"SAL-0008238";"2025-07-03";"MI-003";"23"
"SAL-0008239";"2025-07-03";"MI-004";"18"
"SAL-0008240";"2025-07-03";"MI-005";"21"
"SAL-0008241";"2025-07-03";"MI-006";"16"
"SAL-0008242";"2025-07-03";"MI-007";"23"
"SAL-0008243";"2025-07-03";"MI-008";"6"
"SAL-0008244";"2025-07-03";"MI-009";"13"
"SAL-0008245";"2025-07-03";"MI-010";"7"
"SAL-0008246";"2025-07-03";"MI-011";"9"
"SAL-0008247";"2025-07-03";"MI-012";"5"
"SAL-0008248";"2025-07-03";"MI-013";"8"
"SAL-0008249";"2025-07-03";"MI-014";"6"
"SAL-0008250";"2025-07-03";"MI-015";"4"
"SAL-0008251";"2025-07-04";"MI-001";"25"
"SAL-0008252";"2025-07-04";"MI-002";"16"
"SAL-0008253";"2025-07-04";"MI-003";"19"
"SAL-0008254";"2025-07-04";"MI-004";"12"
"SAL-0008255";"2025-07-04";"MI-005";"20"
"SAL-0008256";"2025-07-04";"MI-006";"10"
"SAL-0008257";"2025-07-04";"MI-007";"13"
"SAL-0008258";"2025-07-04";"MI-008";"10"
"SAL-0008259";"2025-07-04";"MI-009";"7"
"SAL-0008260";"2025-07-04";"MI-010";"10"
"SAL-0008261";"2025-07-04";"MI-011";"13"
"SAL-0008262";"2025-07-04";"MI-012";"11"
"SAL-0008263";"2025-07-04";"MI-013";"7"
"SAL-0008264";"2025-07-04";"MI-014";"8"
"SAL-0008265";"2025-07-04";"MI-015";"11"
"SAL-0008266";"2025-07-05";"MI-001";"34"
"SAL-0008267";"2025-07-05";"MI-002";"25"
"SAL-0008268";"2025-07-05";"MI-003";"29"
"SAL-0008269";"2025-07-05";"MI-004";"22"
"SAL-0008270";"2025-07-05";"MI-005";"28"
"SAL-0008271";"2025-07-05";"MI-006";"16"
"SAL-0008272";"2025-07-05";"MI-007";"16"
"SAL-0008273";"2025-07-05";"MI-008";"17"
"SAL-0008274";"2025-07-05";"MI-009";"11"
"SAL-0008275";"2025-07-05";"MI-010";"20"
"SAL-0008276";"2025-07-05";"MI-011";"22"
"SAL-0008277";"2025-07-05";"MI-012";"15"
"SAL-0008278";"2025-07-05";"MI-013";"16"
"SAL-0008279";"2025-07-05";"MI-014";"18"
"SAL-0008280";"2025-07-05";"MI-015";"16"
"SAL-0008281";"2025-07-06";"MI-001";"43"
"SAL-0008282";"2025-07-06";"MI-002";"39"
"SAL-0008283";"2025-07-06";"MI-003";"36"
"SAL-0008284";"2025-07-06";"MI-004";"19"
"SAL-0008285";"2025-07-06";"MI-005";"25"
"SAL-0008286";"2025-07-06";"MI-006";"29"
"SAL-0008287";"2025-07-06";"MI-007";"24"
"SAL-0008288";"2025-07-06";"MI-008";"22"
"SAL-0008289";"2025-07-06";"MI-009";"11"
"SAL-0008290";"2025-07-06";"MI-010";"17"
"SAL-0008291";"2025-07-06";"MI-011";"13"
"SAL-0008292";"2025-07-06";"MI-012";"13"
"SAL-0008293";"2025-07-06";"MI-013";"14"
"SAL-0008294";"2025-07-06";"MI-014";"8"
"SAL-0008295";"2025-07-06";"MI-015";"18"
"SAL-0008296";"2025-07-07";"MI-001";"18"
"SAL-0008297";"2025-07-07";"MI-002";"0"
"SAL-0008298";"2025-07-07";"MI-003";"10"
"SAL-0008299";"2025-07-07";"MI-004";"12"
"SAL-0008300";"2025-07-07";"MI-005";"16"
"SAL-0008301";"2025-07-07";"MI-006";"9"
"SAL-0008302";"2025-07-07";"MI-007";"5"
"SAL-0008303";"2025-07-07";"MI-008";"1"
"SAL-0008304";"2025-07-07";"MI-009";"4"
"SAL-0008305";"2025-07-07";"MI-010";"0"
"SAL-0008306";"2025-07-07";"MI-011";"13"
"SAL-0008307";"2025-07-07";"MI-012";"6"
"SAL-0008308";"2025-07-07";"MI-013";"8"
"SAL-0008309";"2025-07-07";"MI-014";"6"
"SAL-0008310";"2025-07-07";"MI-015";"2"
"SAL-0008311";"2025-07-08";"MI-001";"17"
"SAL-0008312";"2025-07-08";"MI-002";"20"
"SAL-0008313";"2025-07-08";"MI-003";"11"
"SAL-0008314";"2025-07-08";"MI-004";"7"
"SAL-0008315";"2025-07-08";"MI-005";"16"
"SAL-0008316";"2025-07-08";"MI-006";"12"
"SAL-0008317";"2025-07-08";"MI-007";"17"
"SAL-0008318";"2025-07-08";"MI-008";"3"
"SAL-0008319";"2025-07-08";"MI-009";"5"
"SAL-0008320";"2025-07-08";"MI-010";"5"
"SAL-0008321";"2025-07-08";"MI-011";"9"
"SAL-0008322";"2025-07-08";"MI-012";"7"
"SAL-0008323";"2025-07-08";"MI-013";"0"
"SAL-0008324";"2025-07-08";"MI-014";"1"
"SAL-0008325";"2025-07-08";"MI-015";"8"
"SAL-0008326";"2025-07-09";"MI-001";"17"
"SAL-0008327";"2025-07-09";"MI-002";"22"
"SAL-0008328";"2025-07-09";"MI-003";"19"
"SAL-0008329";"2025-07-09";"MI-004";"11"
"SAL-0008330";"2025-07-09";"MI-005";"20"
"SAL-0008331";"2025-07-09";"MI-006";"9"
"SAL-0008332";"2025-07-09";"MI-007";"4"
"SAL-0008333";"2025-07-09";"MI-008";"8"
"SAL-0008334";"2025-07-09";"MI-009";"6"
"SAL-0008335";"2025-07-09";"MI-010";"4"
"SAL-0008336";"2025-07-09";"MI-011";"7"
"SAL-0008337";"2025-07-09";"MI-012";"12"
"SAL-0008338";"2025-07-09";"MI-013";"4"
"SAL-0008339";"2025-07-09";"MI-014";"5"
"SAL-0008340";"2025-07-09";"MI-015";"6"
"SAL-0008341";"2025-07-10";"MI-001";"21"
"SAL-0008342";"2025-07-10";"MI-002";"11"
"SAL-0008343";"2025-07-10";"MI-003";"23"
"SAL-0008344";"2025-07-10";"MI-004";"11"
"SAL-0008345";"2025-07-10";"MI-005";"17"
"SAL-0008346";"2025-07-10";"MI-006";"14"
"SAL-0008347";"2025-07-10";"MI-007";"17"
"SAL-0008348";"2025-07-10";"MI-008";"8"
"SAL-0008349";"2025-07-10";"MI-009";"7"
"SAL-0008350";"2025-07-10";"MI-010";"9"
"SAL-0008351";"2025-07-10";"MI-011";"9"
"SAL-0008352";"2025-07-10";"MI-012";"7"
"SAL-0008353";"2025-07-10";"MI-013";"5"
"SAL-0008354";"2025-07-10";"MI-014";"2"
"SAL-0008355";"2025-07-10";"MI-015";"8"
"SAL-0008356";"2025-07-11";"MI-001";"21"
"SAL-0008357";"2025-07-11";"MI-002";"20"
"SAL-0008358";"2025-07-11";"MI-003";"26"
"SAL-0008359";"2025-07-11";"MI-004";"17"
"SAL-0008360";"2025-07-11";"MI-005";"20"
"SAL-0008361";"2025-07-11";"MI-006";"20"
"SAL-0008362";"2025-07-11";"MI-007";"22"
"SAL-0008363";"2025-07-11";"MI-008";"15"
"SAL-0008364";"2025-07-11";"MI-009";"6"
"SAL-0008365";"2025-07-11";"MI-010";"5"
"SAL-0008366";"2025-07-11";"MI-011";"19"
"SAL-0008367";"2025-07-11";"MI-012";"9"
"SAL-0008368";"2025-07-11";"MI-013";"9"
"SAL-0008369";"2025-07-11";"MI-014";"9"
"SAL-0008370";"2025-07-11";"MI-015";"6"
"SAL-0008371";"2025-07-12";"MI-001";"38"
"SAL-0008372";"2025-07-12";"MI-002";"30"
"SAL-0008373";"2025-07-12";"MI-003";"33"
"SAL-0008374";"2025-07-12";"MI-004";"24"
"SAL-0008375";"2025-07-12";"MI-005";"26"
"SAL-0008376";"2025-07-12";"MI-006";"19"
"SAL-0008377";"2025-07-12";"MI-007";"19"
"SAL-0008378";"2025-07-12";"MI-008";"20"
"SAL-0008379";"2025-07-12";"MI-009";"9"
"SAL-0008380";"2025-07-12";"MI-010";"11"
"SAL-0008381";"2025-07-12";"MI-011";"13"
"SAL-0008382";"2025-07-12";"MI-012";"22"
"SAL-0008383";"2025-07-12";"MI-013";"10"
"SAL-0008384";"2025-07-12";"MI-014";"16"
"SAL-0008385";"2025-07-12";"MI-015";"12"
"SAL-0008386";"2025-07-13";"MI-001";"32"
"SAL-0008387";"2025-07-13";"MI-002";"29"
"SAL-0008388";"2025-07-13";"MI-003";"23"
"SAL-0008389";"2025-07-13";"MI-004";"14"
"SAL-0008390";"2025-07-13";"MI-005";"35"
"SAL-0008391";"2025-07-13";"MI-006";"13"
"SAL-0008392";"2025-07-13";"MI-007";"21"
"SAL-0008393";"2025-07-13";"MI-008";"20"
"SAL-0008394";"2025-07-13";"MI-009";"16"
"SAL-0008395";"2025-07-13";"MI-010";"15"
"SAL-0008396";"2025-07-13";"MI-011";"10"
"SAL-0008397";"2025-07-13";"MI-012";"11"
"SAL-0008398";"2025-07-13";"MI-013";"16"
"SAL-0008399";"2025-07-13";"MI-014";"14"
"SAL-0008400";"2025-07-13";"MI-015";"16"
"SAL-0008401";"2025-07-14";"MI-001";"17"
"SAL-0008402";"2025-07-14";"MI-002";"6"
"SAL-0008403";"2025-07-14";"MI-003";"15"
"SAL-0008404";"2025-07-14";"MI-004";"7"
"SAL-0008405";"2025-07-14";"MI-005";"17"
"SAL-0008406";"2025-07-14";"MI-006";"1"
"SAL-0008407";"2025-07-14";"MI-007";"14"
"SAL-0008408";"2025-07-14";"MI-008";"9"
"SAL-0008409";"2025-07-14";"MI-009";"4"
"SAL-0008410";"2025-07-14";"MI-010";"8"
"SAL-0008411";"2025-07-14";"MI-011";"5"
"SAL-0008412";"2025-07-14";"MI-012";"8"
"SAL-0008413";"2025-07-14";"MI-013";"5"
"SAL-0008414";"2025-07-14";"MI-014";"3"
"SAL-0008415";"2025-07-14";"MI-015";"4"
"SAL-0008416";"2025-07-15";"MI-001";"23"
"SAL-0008417";"2025-07-15";"MI-002";"16"
"SAL-0008418";"2025-07-15";"MI-003";"13"
"SAL-0008419";"2025-07-15";"MI-004";"10"
"SAL-0008420";"2025-07-15";"MI-005";"22"
"SAL-0008421";"2025-07-15";"MI-006";"6"
"SAL-0008422";"2025-07-15";"MI-007";"18"
"SAL-0008423";"2025-07-15";"MI-008";"6"
"SAL-0008424";"2025-07-15";"MI-009";"12"
"SAL-0008425";"2025-07-15";"MI-010";"7"
"SAL-0008426";"2025-07-15";"MI-011";"10"
"SAL-0008427";"2025-07-15";"MI-012";"10"
"SAL-0008428";"2025-07-15";"MI-013";"4"
"SAL-0008429";"2025-07-15";"MI-014";"12"
"SAL-0008430";"2025-07-15";"MI-015";"8"
"SAL-0008431";"2025-07-16";"MI-001";"20"
"SAL-0008432";"2025-07-16";"MI-002";"18"
"SAL-0008433";"2025-07-16";"MI-003";"20"
"SAL-0008434";"2025-07-16";"MI-004";"13"
"SAL-0008435";"2025-07-16";"MI-005";"10"
"SAL-0008436";"2025-07-16";"MI-006";"13"
"SAL-0008437";"2025-07-16";"MI-007";"11"
"SAL-0008438";"2025-07-16";"MI-008";"13"
"SAL-0008439";"2025-07-16";"MI-009";"10"
"SAL-0008440";"2025-07-16";"MI-010";"13"
"SAL-0008441";"2025-07-16";"MI-011";"14"
"SAL-0008442";"2025-07-16";"MI-012";"7"
"SAL-0008443";"2025-07-16";"MI-013";"9"
"SAL-0008444";"2025-07-16";"MI-014";"6"
"SAL-0008445";"2025-07-16";"MI-015";"8"
"SAL-0008446";"2025-07-17";"MI-001";"24"
"SAL-0008447";"2025-07-17";"MI-002";"14"
"SAL-0008448";"2025-07-17";"MI-003";"22"
"SAL-0008449";"2025-07-17";"MI-004";"9"
"SAL-0008450";"2025-07-17";"MI-005";"17"
"SAL-0008451";"2025-07-17";"MI-006";"16"
"SAL-0008452";"2025-07-17";"MI-007";"11"
"SAL-0008453";"2025-07-17";"MI-008";"9"
"SAL-0008454";"2025-07-17";"MI-009";"5"
"SAL-0008455";"2025-07-17";"MI-010";"9"
"SAL-0008456";"2025-07-17";"MI-011";"6"
"SAL-0008457";"2025-07-17";"MI-012";"2"
"SAL-0008458";"2025-07-17";"MI-013";"10"
"SAL-0008459";"2025-07-17";"MI-014";"10"
"SAL-0008460";"2025-07-17";"MI-015";"5"
"SAL-0008461";"2025-07-18";"MI-001";"19"
"SAL-0008462";"2025-07-18";"MI-002";"24"
"SAL-0008463";"2025-07-18";"MI-003";"15"
"SAL-0008464";"2025-07-18";"MI-004";"19"
"SAL-0008465";"2025-07-18";"MI-005";"24"
"SAL-0008466";"2025-07-18";"MI-006";"13"
"SAL-0008467";"2025-07-18";"MI-007";"23"
"SAL-0008468";"2025-07-18";"MI-008";"14"
"SAL-0008469";"2025-07-18";"MI-009";"6"
"SAL-0008470";"2025-07-18";"MI-010";"9"
"SAL-0008471";"2025-07-18";"MI-011";"11"
"SAL-0008472";"2025-07-18";"MI-012";"9"
"SAL-0008473";"2025-07-18";"MI-013";"12"
"SAL-0008474";"2025-07-18";"MI-014";"12"
"SAL-0008475";"2025-07-18";"MI-015";"8"
"SAL-0008476";"2025-07-19";"MI-001";"24"
"SAL-0008477";"2025-07-19";"MI-002";"19"
"SAL-0008478";"2025-07-19";"MI-003";"26"
"SAL-0008479";"2025-07-19";"MI-004";"24"
"SAL-0008480";"2025-07-19";"MI-005";"31"
"SAL-0008481";"2025-07-19";"MI-006";"21"
"SAL-0008482";"2025-07-19";"MI-007";"23"
"SAL-0008483";"2025-07-19";"MI-008";"16"
"SAL-0008484";"2025-07-19";"MI-009";"11"
"SAL-0008485";"2025-07-19";"MI-010";"13"
"SAL-0008486";"2025-07-19";"MI-011";"12"
"SAL-0008487";"2025-07-19";"MI-012";"10"
"SAL-0008488";"2025-07-19";"MI-013";"6"
"SAL-0008489";"2025-07-19";"MI-014";"19"
"SAL-0008490";"2025-07-19";"MI-015";"17"
"SAL-0008491";"2025-07-20";"MI-001";"37"
"SAL-0008492";"2025-07-20";"MI-002";"24"
"SAL-0008493";"2025-07-20";"MI-003";"24"
"SAL-0008494";"2025-07-20";"MI-004";"19"
"SAL-0008495";"2025-07-20";"MI-005";"24"
"SAL-0008496";"2025-07-20";"MI-006";"19"
"SAL-0008497";"2025-07-20";"MI-007";"28"
"SAL-0008498";"2025-07-20";"MI-008";"22"
"SAL-0008499";"2025-07-20";"MI-009";"15"
"SAL-0008500";"2025-07-20";"MI-010";"11"
"SAL-0008501";"2025-07-20";"MI-011";"14"
"SAL-0008502";"2025-07-20";"MI-012";"20"
"SAL-0008503";"2025-07-20";"MI-013";"11"
"SAL-0008504";"2025-07-20";"MI-014";"14"
"SAL-0008505";"2025-07-20";"MI-015";"14"
"SAL-0008506";"2025-07-21";"MI-001";"13"
"SAL-0008507";"2025-07-21";"MI-002";"11"
"SAL-0008508";"2025-07-21";"MI-003";"12"
"SAL-0008509";"2025-07-21";"MI-004";"15"
"SAL-0008510";"2025-07-21";"MI-005";"12"
"SAL-0008511";"2025-07-21";"MI-006";"8"
"SAL-0008512";"2025-07-21";"MI-007";"14"
"SAL-0008513";"2025-07-21";"MI-008";"5"
"SAL-0008514";"2025-07-21";"MI-009";"6"
"SAL-0008515";"2025-07-21";"MI-010";"7"
"SAL-0008516";"2025-07-21";"MI-011";"8"
"SAL-0008517";"2025-07-21";"MI-012";"3"
"SAL-0008518";"2025-07-21";"MI-013";"10"
"SAL-0008519";"2025-07-21";"MI-014";"5"
"SAL-0008520";"2025-07-21";"MI-015";"10"
"SAL-0008521";"2025-07-22";"MI-001";"15"
"SAL-0008522";"2025-07-22";"MI-002";"17"
"SAL-0008523";"2025-07-22";"MI-003";"19"
"SAL-0008524";"2025-07-22";"MI-004";"15"
"SAL-0008525";"2025-07-22";"MI-005";"23"
"SAL-0008526";"2025-07-22";"MI-006";"13"
"SAL-0008527";"2025-07-22";"MI-007";"22"
"SAL-0008528";"2025-07-22";"MI-008";"7"
"SAL-0008529";"2025-07-22";"MI-009";"9"
"SAL-0008530";"2025-07-22";"MI-010";"9"
"SAL-0008531";"2025-07-22";"MI-011";"8"
"SAL-0008532";"2025-07-22";"MI-012";"4"
"SAL-0008533";"2025-07-22";"MI-013";"7"
"SAL-0008534";"2025-07-22";"MI-014";"9"
"SAL-0008535";"2025-07-22";"MI-015";"7"
"SAL-0008536";"2025-07-23";"MI-001";"24"
"SAL-0008537";"2025-07-23";"MI-002";"20"
"SAL-0008538";"2025-07-23";"MI-003";"16"
"SAL-0008539";"2025-07-23";"MI-004";"9"
"SAL-0008540";"2025-07-23";"MI-005";"16"
"SAL-0008541";"2025-07-23";"MI-006";"15"
"SAL-0008542";"2025-07-23";"MI-007";"7"
"SAL-0008543";"2025-07-23";"MI-008";"10"
"SAL-0008544";"2025-07-23";"MI-009";"5"
"SAL-0008545";"2025-07-23";"MI-010";"6"
"SAL-0008546";"2025-07-23";"MI-011";"8"
"SAL-0008547";"2025-07-23";"MI-012";"15"
"SAL-0008548";"2025-07-23";"MI-013";"6"
"SAL-0008549";"2025-07-23";"MI-014";"10"
"SAL-0008550";"2025-07-23";"MI-015";"9"
"SAL-0008551";"2025-07-24";"MI-001";"22"
"SAL-0008552";"2025-07-24";"MI-002";"16"
"SAL-0008553";"2025-07-24";"MI-003";"17"
"SAL-0008554";"2025-07-24";"MI-004";"9"
"SAL-0008555";"2025-07-24";"MI-005";"25"
"SAL-0008556";"2025-07-24";"MI-006";"8"
"SAL-0008557";"2025-07-24";"MI-007";"14"
"SAL-0008558";"2025-07-24";"MI-008";"10"
"SAL-0008559";"2025-07-24";"MI-009";"9"
"SAL-0008560";"2025-07-24";"MI-010";"5"
"SAL-0008561";"2025-07-24";"MI-011";"13"
"SAL-0008562";"2025-07-24";"MI-012";"8"
"SAL-0008563";"2025-07-24";"MI-013";"3"
"SAL-0008564";"2025-07-24";"MI-014";"9"
"SAL-0008565";"2025-07-24";"MI-015";"7"
"SAL-0008566";"2025-07-25";"MI-001";"21"
"SAL-0008567";"2025-07-25";"MI-002";"18"
"SAL-0008568";"2025-07-25";"MI-003";"19"
"SAL-0008569";"2025-07-25";"MI-004";"15"
"SAL-0008570";"2025-07-25";"MI-005";"20"
"SAL-0008571";"2025-07-25";"MI-006";"17"
"SAL-0008572";"2025-07-25";"MI-007";"16"
"SAL-0008573";"2025-07-25";"MI-008";"3"
"SAL-0008574";"2025-07-25";"MI-009";"8"
"SAL-0008575";"2025-07-25";"MI-010";"12"
"SAL-0008576";"2025-07-25";"MI-011";"10"
"SAL-0008577";"2025-07-25";"MI-012";"10"
"SAL-0008578";"2025-07-25";"MI-013";"8"
"SAL-0008579";"2025-07-25";"MI-014";"4"
"SAL-0008580";"2025-07-25";"MI-015";"11"
"SAL-0008581";"2025-07-26";"MI-001";"27"
"SAL-0008582";"2025-07-26";"MI-002";"20"
"SAL-0008583";"2025-07-26";"MI-003";"23"
"SAL-0008584";"2025-07-26";"MI-004";"25"
"SAL-0008585";"2025-07-26";"MI-005";"22"
"SAL-0008586";"2025-07-26";"MI-006";"12"
"SAL-0008587";"2025-07-26";"MI-007";"17"
"SAL-0008588";"2025-07-26";"MI-008";"14"
"SAL-0008589";"2025-07-26";"MI-009";"11"
"SAL-0008590";"2025-07-26";"MI-010";"11"
"SAL-0008591";"2025-07-26";"MI-011";"17"
"SAL-0008592";"2025-07-26";"MI-012";"15"
"SAL-0008593";"2025-07-26";"MI-013";"16"
"SAL-0008594";"2025-07-26";"MI-014";"14"
"SAL-0008595";"2025-07-26";"MI-015";"11"
"SAL-0008596";"2025-07-27";"MI-001";"24"
"SAL-0008597";"2025-07-27";"MI-002";"25"
"SAL-0008598";"2025-07-27";"MI-003";"18"
"SAL-0008599";"2025-07-27";"MI-004";"25"
"SAL-0008600";"2025-07-27";"MI-005";"18"
"SAL-0008601";"2025-07-27";"MI-006";"16"
"SAL-0008602";"2025-07-27";"MI-007";"18"
"SAL-0008603";"2025-07-27";"MI-008";"16"
"SAL-0008604";"2025-07-27";"MI-009";"13"
"SAL-0008605";"2025-07-27";"MI-010";"10"
"SAL-0008606";"2025-07-27";"MI-011";"19"
"SAL-0008607";"2025-07-27";"MI-012";"8"
"SAL-0008608";"2025-07-27";"MI-013";"9"
"SAL-0008609";"2025-07-27";"MI-014";"14"
"SAL-0008610";"2025-07-27";"MI-015";"14"
"SAL-0008611";"2025-07-28";"MI-001";"20"
"SAL-0008612";"2025-07-28";"MI-002";"7"
"SAL-0008613";"2025-07-28";"MI-003";"12"
"SAL-0008614";"2025-07-28";"MI-004";"11"
"SAL-0008615";"2025-07-28";"MI-005";"18"
"SAL-0008616";"2025-07-28";"MI-006";"11"
"SAL-0008617";"2025-07-28";"MI-007";"23"
"SAL-0008618";"2025-07-28";"MI-008";"9"
"SAL-0008619";"2025-07-28";"MI-009";"9"
"SAL-0008620";"2025-07-28";"MI-010";"6"
"SAL-0008621";"2025-07-28";"MI-011";"8"
"SAL-0008622";"2025-07-28";"MI-012";"4"
"SAL-0008623";"2025-07-28";"MI-013";"10"
"SAL-0008624";"2025-07-28";"MI-014";"11"
"SAL-0008625";"2025-07-28";"MI-015";"9"
"SAL-0008626";"2025-07-29";"MI-001";"21"
"SAL-0008627";"2025-07-29";"MI-002";"9"
"SAL-0008628";"2025-07-29";"MI-003";"13"
"SAL-0008629";"2025-07-29";"MI-004";"13"
"SAL-0008630";"2025-07-29";"MI-005";"16"
"SAL-0008631";"2025-07-29";"MI-006";"4"
"SAL-0008632";"2025-07-29";"MI-007";"12"
"SAL-0008633";"2025-07-29";"MI-008";"5"
"SAL-0008634";"2025-07-29";"MI-009";"5"
"SAL-0008635";"2025-07-29";"MI-010";"8"
"SAL-0008636";"2025-07-29";"MI-011";"7"
"SAL-0008637";"2025-07-29";"MI-012";"4"
"SAL-0008638";"2025-07-29";"MI-013";"7"
"SAL-0008639";"2025-07-29";"MI-014";"7"
"SAL-0008640";"2025-07-29";"MI-015";"7"
"SAL-0008641";"2025-07-30";"MI-001";"19"
"SAL-0008642";"2025-07-30";"MI-002";"21"
"SAL-0008643";"2025-07-30";"MI-003";"20"
"SAL-0008644";"2025-07-30";"MI-004";"5"
"SAL-0008645";"2025-07-30";"MI-005";"20"
"SAL-0008646";"2025-07-30";"MI-006";"17"
"SAL-0008647";"2025-07-30";"MI-007";"17"
"SAL-0008648";"2025-07-30";"MI-008";"8"
"SAL-0008649";"2025-07-30";"MI-009";"9"
"SAL-0008650";"2025-07-30";"MI-010";"8"
"SAL-0008651";"2025-07-30";"MI-011";"9"
"SAL-0008652";"2025-07-30";"MI-012";"18"
"SAL-0008653";"2025-07-30";"MI-013";"10"
"SAL-0008654";"2025-07-30";"MI-014";"3"
"SAL-0008655";"2025-07-30";"MI-015";"9"
"SAL-0008656";"2025-07-31";"MI-001";"31"
"SAL-0008657";"2025-07-31";"MI-002";"17"
"SAL-0008658";"2025-07-31";"MI-003";"20"
"SAL-0008659";"2025-07-31";"MI-004";"15"
"SAL-0008660";"2025-07-31";"MI-005";"22"
"SAL-0008661";"2025-07-31";"MI-006";"21"
"SAL-0008662";"2025-07-31";"MI-007";"20"
"SAL-0008663";"2025-07-31";"MI-008";"10"
"SAL-0008664";"2025-07-31";"MI-009";"9"
"SAL-0008665";"2025-07-31";"MI-010";"4"
"SAL-0008666";"2025-07-31";"MI-011";"9"
"SAL-0008667";"2025-07-31";"MI-012";"11"
"SAL-0008668";"2025-07-31";"MI-013";"12"
"SAL-0008669";"2025-07-31";"MI-014";"3"
"SAL-0008670";"2025-07-31";"MI-015";"9"
"SAL-0008671";"2025-08-01";"MI-001";"25"
"SAL-0008672";"2025-08-01";"MI-002";"12"
"SAL-0008673";"2025-08-01";"MI-003";"17"
"SAL-0008674";"2025-08-01";"MI-004";"6"
"SAL-0008675";"2025-08-01";"MI-005";"17"
"SAL-0008676";"2025-08-01";"MI-006";"15"
"SAL-0008677";"2025-08-01";"MI-007";"15"
"SAL-0008678";"2025-08-01";"MI-008";"10"
"SAL-0008679";"2025-08-01";"MI-009";"12"
"SAL-0008680";"2025-08-01";"MI-010";"9"
"SAL-0008681";"2025-08-01";"MI-011";"15"
"SAL-0008682";"2025-08-01";"MI-012";"13"
"SAL-0008683";"2025-08-01";"MI-013";"7"
"SAL-0008684";"2025-08-01";"MI-014";"10"
"SAL-0008685";"2025-08-01";"MI-015";"8"
"SAL-0008686";"2025-08-02";"MI-001";"26"
"SAL-0008687";"2025-08-02";"MI-002";"31"
"SAL-0008688";"2025-08-02";"MI-003";"21"
"SAL-0008689";"2025-08-02";"MI-004";"15"
"SAL-0008690";"2025-08-02";"MI-005";"37"
"SAL-0008691";"2025-08-02";"MI-006";"15"
"SAL-0008692";"2025-08-02";"MI-007";"26"
"SAL-0008693";"2025-08-02";"MI-008";"14"
"SAL-0008694";"2025-08-02";"MI-009";"18"
"SAL-0008695";"2025-08-02";"MI-010";"11"
"SAL-0008696";"2025-08-02";"MI-011";"9"
"SAL-0008697";"2025-08-02";"MI-012";"14"
"SAL-0008698";"2025-08-02";"MI-013";"16"
"SAL-0008699";"2025-08-02";"MI-014";"8"
"SAL-0008700";"2025-08-02";"MI-015";"17"
"SAL-0008701";"2025-08-03";"MI-001";"26"
"SAL-0008702";"2025-08-03";"MI-002";"31"
"SAL-0008703";"2025-08-03";"MI-003";"35"
"SAL-0008704";"2025-08-03";"MI-004";"24"
"SAL-0008705";"2025-08-03";"MI-005";"39"
"SAL-0008706";"2025-08-03";"MI-006";"26"
"SAL-0008707";"2025-08-03";"MI-007";"18"
"SAL-0008708";"2025-08-03";"MI-008";"14"
"SAL-0008709";"2025-08-03";"MI-009";"15"
"SAL-0008710";"2025-08-03";"MI-010";"11"
"SAL-0008711";"2025-08-03";"MI-011";"17"
"SAL-0008712";"2025-08-03";"MI-012";"16"
"SAL-0008713";"2025-08-03";"MI-013";"14"
"SAL-0008714";"2025-08-03";"MI-014";"8"
"SAL-0008715";"2025-08-03";"MI-015";"13"
"SAL-0008716";"2025-08-04";"MI-001";"12"
"SAL-0008717";"2025-08-04";"MI-002";"15"
"SAL-0008718";"2025-08-04";"MI-003";"17"
"SAL-0008719";"2025-08-04";"MI-004";"10"
"SAL-0008720";"2025-08-04";"MI-005";"19"
"SAL-0008721";"2025-08-04";"MI-006";"15"
"SAL-0008722";"2025-08-04";"MI-007";"8"
"SAL-0008723";"2025-08-04";"MI-008";"7"
"SAL-0008724";"2025-08-04";"MI-009";"5"
"SAL-0008725";"2025-08-04";"MI-010";"6"
"SAL-0008726";"2025-08-04";"MI-011";"11"
"SAL-0008727";"2025-08-04";"MI-012";"8"
"SAL-0008728";"2025-08-04";"MI-013";"8"
"SAL-0008729";"2025-08-04";"MI-014";"7"
"SAL-0008730";"2025-08-04";"MI-015";"6"
"SAL-0008731";"2025-08-05";"MI-001";"15"
"SAL-0008732";"2025-08-05";"MI-002";"12"
"SAL-0008733";"2025-08-05";"MI-003";"18"
"SAL-0008734";"2025-08-05";"MI-004";"14"
"SAL-0008735";"2025-08-05";"MI-005";"25"
"SAL-0008736";"2025-08-05";"MI-006";"14"
"SAL-0008737";"2025-08-05";"MI-007";"10"
"SAL-0008738";"2025-08-05";"MI-008";"12"
"SAL-0008739";"2025-08-05";"MI-009";"4"
"SAL-0008740";"2025-08-05";"MI-010";"8"
"SAL-0008741";"2025-08-05";"MI-011";"8"
"SAL-0008742";"2025-08-05";"MI-012";"10"
"SAL-0008743";"2025-08-05";"MI-013";"8"
"SAL-0008744";"2025-08-05";"MI-014";"10"
"SAL-0008745";"2025-08-05";"MI-015";"5"
"SAL-0008746";"2025-08-06";"MI-001";"25"
"SAL-0008747";"2025-08-06";"MI-002";"6"
"SAL-0008748";"2025-08-06";"MI-003";"14"
"SAL-0008749";"2025-08-06";"MI-004";"6"
"SAL-0008750";"2025-08-06";"MI-005";"15"
"SAL-0008751";"2025-08-06";"MI-006";"12"
"SAL-0008752";"2025-08-06";"MI-007";"11"
"SAL-0008753";"2025-08-06";"MI-008";"8"
"SAL-0008754";"2025-08-06";"MI-009";"10"
"SAL-0008755";"2025-08-06";"MI-010";"4"
"SAL-0008756";"2025-08-06";"MI-011";"8"
"SAL-0008757";"2025-08-06";"MI-012";"10"
"SAL-0008758";"2025-08-06";"MI-013";"5"
"SAL-0008759";"2025-08-06";"MI-014";"7"
"SAL-0008760";"2025-08-06";"MI-015";"10"
"SAL-0008761";"2025-08-07";"MI-001";"15"
"SAL-0008762";"2025-08-07";"MI-002";"14"
"SAL-0008763";"2025-08-07";"MI-003";"6"
"SAL-0008764";"2025-08-07";"MI-004";"13"
"SAL-0008765";"2025-08-07";"MI-005";"16"
"SAL-0008766";"2025-08-07";"MI-006";"14"
"SAL-0008767";"2025-08-07";"MI-007";"18"
"SAL-0008768";"2025-08-07";"MI-008";"13"
"SAL-0008769";"2025-08-07";"MI-009";"11"
"SAL-0008770";"2025-08-07";"MI-010";"7"
"SAL-0008771";"2025-08-07";"MI-011";"15"
"SAL-0008772";"2025-08-07";"MI-012";"9"
"SAL-0008773";"2025-08-07";"MI-013";"6"
"SAL-0008774";"2025-08-07";"MI-014";"12"
"SAL-0008775";"2025-08-07";"MI-015";"10"
"SAL-0008776";"2025-08-08";"MI-001";"17"
"SAL-0008777";"2025-08-08";"MI-002";"23"
"SAL-0008778";"2025-08-08";"MI-003";"22"
"SAL-0008779";"2025-08-08";"MI-004";"13"
"SAL-0008780";"2025-08-08";"MI-005";"25"
"SAL-0008781";"2025-08-08";"MI-006";"15"
"SAL-0008782";"2025-08-08";"MI-007";"16"
"SAL-0008783";"2025-08-08";"MI-008";"8"
"SAL-0008784";"2025-08-08";"MI-009";"9"
"SAL-0008785";"2025-08-08";"MI-010";"9"
"SAL-0008786";"2025-08-08";"MI-011";"12"
"SAL-0008787";"2025-08-08";"MI-012";"12"
"SAL-0008788";"2025-08-08";"MI-013";"12"
"SAL-0008789";"2025-08-08";"MI-014";"7"
"SAL-0008790";"2025-08-08";"MI-015";"9"
"SAL-0008791";"2025-08-09";"MI-001";"26"
"SAL-0008792";"2025-08-09";"MI-002";"26"
"SAL-0008793";"2025-08-09";"MI-003";"19"
"SAL-0008794";"2025-08-09";"MI-004";"21"
"SAL-0008795";"2025-08-09";"MI-005";"34"
"SAL-0008796";"2025-08-09";"MI-006";"22"
"SAL-0008797";"2025-08-09";"MI-007";"27"
"SAL-0008798";"2025-08-09";"MI-008";"20"
"SAL-0008799";"2025-08-09";"MI-009";"10"
"SAL-0008800";"2025-08-09";"MI-010";"16"
"SAL-0008801";"2025-08-09";"MI-011";"18"
"SAL-0008802";"2025-08-09";"MI-012";"18"
"SAL-0008803";"2025-08-09";"MI-013";"12"
"SAL-0008804";"2025-08-09";"MI-014";"24"
"SAL-0008805";"2025-08-09";"MI-015";"8"
"SAL-0008806";"2025-08-10";"MI-001";"53"
"SAL-0008807";"2025-08-10";"MI-002";"33"
"SAL-0008808";"2025-08-10";"MI-003";"45"
"SAL-0008809";"2025-08-10";"MI-004";"21"
"SAL-0008810";"2025-08-10";"MI-005";"48"
"SAL-0008811";"2025-08-10";"MI-006";"24"
"SAL-0008812";"2025-08-10";"MI-007";"28"
"SAL-0008813";"2025-08-10";"MI-008";"18"
"SAL-0008814";"2025-08-10";"MI-009";"19"
"SAL-0008815";"2025-08-10";"MI-010";"12"
"SAL-0008816";"2025-08-10";"MI-011";"27"
"SAL-0008817";"2025-08-10";"MI-012";"15"
"SAL-0008818";"2025-08-10";"MI-013";"12"
"SAL-0008819";"2025-08-10";"MI-014";"14"
"SAL-0008820";"2025-08-10";"MI-015";"9"
"SAL-0008821";"2025-08-11";"MI-001";"15"
"SAL-0008822";"2025-08-11";"MI-002";"11"
"SAL-0008823";"2025-08-11";"MI-003";"14"
"SAL-0008824";"2025-08-11";"MI-004";"8"
"SAL-0008825";"2025-08-11";"MI-005";"20"
"SAL-0008826";"2025-08-11";"MI-006";"4"
"SAL-0008827";"2025-08-11";"MI-007";"11"
"SAL-0008828";"2025-08-11";"MI-008";"7"
"SAL-0008829";"2025-08-11";"MI-009";"1"
"SAL-0008830";"2025-08-11";"MI-010";"10"
"SAL-0008831";"2025-08-11";"MI-011";"10"
"SAL-0008832";"2025-08-11";"MI-012";"6"
"SAL-0008833";"2025-08-11";"MI-013";"6"
"SAL-0008834";"2025-08-11";"MI-014";"7"
"SAL-0008835";"2025-08-11";"MI-015";"9"
"SAL-0008836";"2025-08-12";"MI-001";"21"
"SAL-0008837";"2025-08-12";"MI-002";"17"
"SAL-0008838";"2025-08-12";"MI-003";"23"
"SAL-0008839";"2025-08-12";"MI-004";"16"
"SAL-0008840";"2025-08-12";"MI-005";"21"
"SAL-0008841";"2025-08-12";"MI-006";"17"
"SAL-0008842";"2025-08-12";"MI-007";"21"
"SAL-0008843";"2025-08-12";"MI-008";"10"
"SAL-0008844";"2025-08-12";"MI-009";"5"
"SAL-0008845";"2025-08-12";"MI-010";"10"
"SAL-0008846";"2025-08-12";"MI-011";"13"
"SAL-0008847";"2025-08-12";"MI-012";"7"
"SAL-0008848";"2025-08-12";"MI-013";"5"
"SAL-0008849";"2025-08-12";"MI-014";"7"
"SAL-0008850";"2025-08-12";"MI-015";"5"
"SAL-0008851";"2025-08-13";"MI-001";"21"
"SAL-0008852";"2025-08-13";"MI-002";"9"
"SAL-0008853";"2025-08-13";"MI-003";"9"
"SAL-0008854";"2025-08-13";"MI-004";"8"
"SAL-0008855";"2025-08-13";"MI-005";"14"
"SAL-0008856";"2025-08-13";"MI-006";"13"
"SAL-0008857";"2025-08-13";"MI-007";"10"
"SAL-0008858";"2025-08-13";"MI-008";"8"
"SAL-0008859";"2025-08-13";"MI-009";"2"
"SAL-0008860";"2025-08-13";"MI-010";"9"
"SAL-0008861";"2025-08-13";"MI-011";"13"
"SAL-0008862";"2025-08-13";"MI-012";"9"
"SAL-0008863";"2025-08-13";"MI-013";"10"
"SAL-0008864";"2025-08-13";"MI-014";"6"
"SAL-0008865";"2025-08-13";"MI-015";"8"
"SAL-0008866";"2025-08-14";"MI-001";"21"
"SAL-0008867";"2025-08-14";"MI-002";"9"
"SAL-0008868";"2025-08-14";"MI-003";"21"
"SAL-0008869";"2025-08-14";"MI-004";"8"
"SAL-0008870";"2025-08-14";"MI-005";"22"
"SAL-0008871";"2025-08-14";"MI-006";"15"
"SAL-0008872";"2025-08-14";"MI-007";"14"
"SAL-0008873";"2025-08-14";"MI-008";"11"
"SAL-0008874";"2025-08-14";"MI-009";"7"
"SAL-0008875";"2025-08-14";"MI-010";"10"
"SAL-0008876";"2025-08-14";"MI-011";"8"
"SAL-0008877";"2025-08-14";"MI-012";"8"
"SAL-0008878";"2025-08-14";"MI-013";"5"
"SAL-0008879";"2025-08-14";"MI-014";"1"
"SAL-0008880";"2025-08-14";"MI-015";"9"
"SAL-0008881";"2025-08-15";"MI-001";"22"
"SAL-0008882";"2025-08-15";"MI-002";"21"
"SAL-0008883";"2025-08-15";"MI-003";"21"
"SAL-0008884";"2025-08-15";"MI-004";"15"
"SAL-0008885";"2025-08-15";"MI-005";"19"
"SAL-0008886";"2025-08-15";"MI-006";"21"
"SAL-0008887";"2025-08-15";"MI-007";"19"
"SAL-0008888";"2025-08-15";"MI-008";"11"
"SAL-0008889";"2025-08-15";"MI-009";"8"
"SAL-0008890";"2025-08-15";"MI-010";"9"
"SAL-0008891";"2025-08-15";"MI-011";"12"
"SAL-0008892";"2025-08-15";"MI-012";"12"
"SAL-0008893";"2025-08-15";"MI-013";"8"
"SAL-0008894";"2025-08-15";"MI-014";"13"
"SAL-0008895";"2025-08-15";"MI-015";"8"
"SAL-0008896";"2025-08-16";"MI-001";"32"
"SAL-0008897";"2025-08-16";"MI-002";"28"
"SAL-0008898";"2025-08-16";"MI-003";"28"
"SAL-0008899";"2025-08-16";"MI-004";"24"
"SAL-0008900";"2025-08-16";"MI-005";"28"
"SAL-0008901";"2025-08-16";"MI-006";"24"
"SAL-0008902";"2025-08-16";"MI-007";"23"
"SAL-0008903";"2025-08-16";"MI-008";"8"
"SAL-0008904";"2025-08-16";"MI-009";"17"
"SAL-0008905";"2025-08-16";"MI-010";"19"
"SAL-0008906";"2025-08-16";"MI-011";"19"
"SAL-0008907";"2025-08-16";"MI-012";"5"
"SAL-0008908";"2025-08-16";"MI-013";"7"
"SAL-0008909";"2025-08-16";"MI-014";"16"
"SAL-0008910";"2025-08-16";"MI-015";"13"
"SAL-0008911";"2025-08-17";"MI-001";"21"
"SAL-0008912";"2025-08-17";"MI-002";"31"
"SAL-0008913";"2025-08-17";"MI-003";"19"
"SAL-0008914";"2025-08-17";"MI-004";"24"
"SAL-0008915";"2025-08-17";"MI-005";"35"
"SAL-0008916";"2025-08-17";"MI-006";"14"
"SAL-0008917";"2025-08-17";"MI-007";"19"
"SAL-0008918";"2025-08-17";"MI-008";"18"
"SAL-0008919";"2025-08-17";"MI-009";"15"
"SAL-0008920";"2025-08-17";"MI-010";"11"
"SAL-0008921";"2025-08-17";"MI-011";"12"
"SAL-0008922";"2025-08-17";"MI-012";"9"
"SAL-0008923";"2025-08-17";"MI-013";"7"
"SAL-0008924";"2025-08-17";"MI-014";"15"
"SAL-0008925";"2025-08-17";"MI-015";"9"
"SAL-0008926";"2025-08-18";"MI-001";"16"
"SAL-0008927";"2025-08-18";"MI-002";"15"
"SAL-0008928";"2025-08-18";"MI-003";"15"
"SAL-0008929";"2025-08-18";"MI-004";"18"
"SAL-0008930";"2025-08-18";"MI-005";"20"
"SAL-0008931";"2025-08-18";"MI-006";"13"
"SAL-0008932";"2025-08-18";"MI-007";"13"
"SAL-0008933";"2025-08-18";"MI-008";"12"
"SAL-0008934";"2025-08-18";"MI-009";"7"
"SAL-0008935";"2025-08-18";"MI-010";"10"
"SAL-0008936";"2025-08-18";"MI-011";"9"
"SAL-0008937";"2025-08-18";"MI-012";"4"
"SAL-0008938";"2025-08-18";"MI-013";"7"
"SAL-0008939";"2025-08-18";"MI-014";"9"
"SAL-0008940";"2025-08-18";"MI-015";"10"
"SAL-0008941";"2025-08-19";"MI-001";"17"
"SAL-0008942";"2025-08-19";"MI-002";"14"
"SAL-0008943";"2025-08-19";"MI-003";"19"
"SAL-0008944";"2025-08-19";"MI-004";"9"
"SAL-0008945";"2025-08-19";"MI-005";"14"
"SAL-0008946";"2025-08-19";"MI-006";"4"
"SAL-0008947";"2025-08-19";"MI-007";"8"
"SAL-0008948";"2025-08-19";"MI-008";"14"
"SAL-0008949";"2025-08-19";"MI-009";"10"
"SAL-0008950";"2025-08-19";"MI-010";"3"
"SAL-0008951";"2025-08-19";"MI-011";"8"
"SAL-0008952";"2025-08-19";"MI-012";"12"
"SAL-0008953";"2025-08-19";"MI-013";"10"
"SAL-0008954";"2025-08-19";"MI-014";"6"
"SAL-0008955";"2025-08-19";"MI-015";"11"
"SAL-0008956";"2025-08-20";"MI-001";"28"
"SAL-0008957";"2025-08-20";"MI-002";"17"
"SAL-0008958";"2025-08-20";"MI-003";"19"
"SAL-0008959";"2025-08-20";"MI-004";"13"
"SAL-0008960";"2025-08-20";"MI-005";"17"
"SAL-0008961";"2025-08-20";"MI-006";"8"
"SAL-0008962";"2025-08-20";"MI-007";"15"
"SAL-0008963";"2025-08-20";"MI-008";"14"
"SAL-0008964";"2025-08-20";"MI-009";"10"
"SAL-0008965";"2025-08-20";"MI-010";"8"
"SAL-0008966";"2025-08-20";"MI-011";"11"
"SAL-0008967";"2025-08-20";"MI-012";"2"
"SAL-0008968";"2025-08-20";"MI-013";"9"
"SAL-0008969";"2025-08-20";"MI-014";"4"
"SAL-0008970";"2025-08-20";"MI-015";"1"
"SAL-0008971";"2025-08-21";"MI-001";"25"
"SAL-0008972";"2025-08-21";"MI-002";"19"
"SAL-0008973";"2025-08-21";"MI-003";"16"
"SAL-0008974";"2025-08-21";"MI-004";"15"
"SAL-0008975";"2025-08-21";"MI-005";"27"
"SAL-0008976";"2025-08-21";"MI-006";"14"
"SAL-0008977";"2025-08-21";"MI-007";"23"
"SAL-0008978";"2025-08-21";"MI-008";"14"
"SAL-0008979";"2025-08-21";"MI-009";"11"
"SAL-0008980";"2025-08-21";"MI-010";"11"
"SAL-0008981";"2025-08-21";"MI-011";"22"
"SAL-0008982";"2025-08-21";"MI-012";"12"
"SAL-0008983";"2025-08-21";"MI-013";"10"
"SAL-0008984";"2025-08-21";"MI-014";"8"
"SAL-0008985";"2025-08-21";"MI-015";"18"
"SAL-0008986";"2025-08-22";"MI-001";"28"
"SAL-0008987";"2025-08-22";"MI-002";"15"
"SAL-0008988";"2025-08-22";"MI-003";"28"
"SAL-0008989";"2025-08-22";"MI-004";"15"
"SAL-0008990";"2025-08-22";"MI-005";"19"
"SAL-0008991";"2025-08-22";"MI-006";"15"
"SAL-0008992";"2025-08-22";"MI-007";"15"
"SAL-0008993";"2025-08-22";"MI-008";"14"
"SAL-0008994";"2025-08-22";"MI-009";"4"
"SAL-0008995";"2025-08-22";"MI-010";"9"
"SAL-0008996";"2025-08-22";"MI-011";"9"
"SAL-0008997";"2025-08-22";"MI-012";"17"
"SAL-0008998";"2025-08-22";"MI-013";"4"
"SAL-0008999";"2025-08-22";"MI-014";"6"
"SAL-0009000";"2025-08-22";"MI-015";"14"
"SAL-0009001";"2025-08-23";"MI-001";"48"
"SAL-0009002";"2025-08-23";"MI-002";"34"
"SAL-0009003";"2025-08-23";"MI-003";"26"
"SAL-0009004";"2025-08-23";"MI-004";"23"
"SAL-0009005";"2025-08-23";"MI-005";"39"
"SAL-0009006";"2025-08-23";"MI-006";"25"
"SAL-0009007";"2025-08-23";"MI-007";"29"
"SAL-0009008";"2025-08-23";"MI-008";"10"
"SAL-0009009";"2025-08-23";"MI-009";"19"
"SAL-0009010";"2025-08-23";"MI-010";"9"
"SAL-0009011";"2025-08-23";"MI-011";"12"
"SAL-0009012";"2025-08-23";"MI-012";"21"
"SAL-0009013";"2025-08-23";"MI-013";"15"
"SAL-0009014";"2025-08-23";"MI-014";"18"
"SAL-0009015";"2025-08-23";"MI-015";"21"
"SAL-0009016";"2025-08-24";"MI-001";"32"
"SAL-0009017";"2025-08-24";"MI-002";"17"
"SAL-0009018";"2025-08-24";"MI-003";"27"
"SAL-0009019";"2025-08-24";"MI-004";"17"
"SAL-0009020";"2025-08-24";"MI-005";"30"
"SAL-0009021";"2025-08-24";"MI-006";"9"
"SAL-0009022";"2025-08-24";"MI-007";"22"
"SAL-0009023";"2025-08-24";"MI-008";"20"
"SAL-0009024";"2025-08-24";"MI-009";"11"
"SAL-0009025";"2025-08-24";"MI-010";"6"
"SAL-0009026";"2025-08-24";"MI-011";"10"
"SAL-0009027";"2025-08-24";"MI-012";"13"
"SAL-0009028";"2025-08-24";"MI-013";"9"
"SAL-0009029";"2025-08-24";"MI-014";"8"
"SAL-0009030";"2025-08-24";"MI-015";"9"
"SAL-0009031";"2025-08-25";"MI-001";"8"
"SAL-0009032";"2025-08-25";"MI-002";"7"
"SAL-0009033";"2025-08-25";"MI-003";"13"
"SAL-0009034";"2025-08-25";"MI-004";"12"
"SAL-0009035";"2025-08-25";"MI-005";"19"
"SAL-0009036";"2025-08-25";"MI-006";"5"
"SAL-0009037";"2025-08-25";"MI-007";"7"
"SAL-0009038";"2025-08-25";"MI-008";"8"
"SAL-0009039";"2025-08-25";"MI-009";"5"
"SAL-0009040";"2025-08-25";"MI-010";"6"
"SAL-0009041";"2025-08-25";"MI-011";"7"
"SAL-0009042";"2025-08-25";"MI-012";"9"
"SAL-0009043";"2025-08-25";"MI-013";"3"
"SAL-0009044";"2025-08-25";"MI-014";"13"
"SAL-0009045";"2025-08-25";"MI-015";"9"
"SAL-0009046";"2025-08-26";"MI-001";"22"
"SAL-0009047";"2025-08-26";"MI-002";"10"
"SAL-0009048";"2025-08-26";"MI-003";"12"
"SAL-0009049";"2025-08-26";"MI-004";"7"
"SAL-0009050";"2025-08-26";"MI-005";"15"
"SAL-0009051";"2025-08-26";"MI-006";"5"
"SAL-0009052";"2025-08-26";"MI-007";"16"
"SAL-0009053";"2025-08-26";"MI-008";"3"
"SAL-0009054";"2025-08-26";"MI-009";"6"
"SAL-0009055";"2025-08-26";"MI-010";"10"
"SAL-0009056";"2025-08-26";"MI-011";"8"
"SAL-0009057";"2025-08-26";"MI-012";"10"
"SAL-0009058";"2025-08-26";"MI-013";"6"
"SAL-0009059";"2025-08-26";"MI-014";"8"
"SAL-0009060";"2025-08-26";"MI-015";"8"
"SAL-0009061";"2025-08-27";"MI-001";"18"
"SAL-0009062";"2025-08-27";"MI-002";"18"
"SAL-0009063";"2025-08-27";"MI-003";"18"
"SAL-0009064";"2025-08-27";"MI-004";"12"
"SAL-0009065";"2025-08-27";"MI-005";"15"
"SAL-0009066";"2025-08-27";"MI-006";"9"
"SAL-0009067";"2025-08-27";"MI-007";"15"
"SAL-0009068";"2025-08-27";"MI-008";"9"
"SAL-0009069";"2025-08-27";"MI-009";"3"
"SAL-0009070";"2025-08-27";"MI-010";"7"
"SAL-0009071";"2025-08-27";"MI-011";"13"
"SAL-0009072";"2025-08-27";"MI-012";"8"
"SAL-0009073";"2025-08-27";"MI-013";"9"
"SAL-0009074";"2025-08-27";"MI-014";"10"
"SAL-0009075";"2025-08-27";"MI-015";"6"
"SAL-0009076";"2025-08-28";"MI-001";"24"
"SAL-0009077";"2025-08-28";"MI-002";"17"
"SAL-0009078";"2025-08-28";"MI-003";"18"
"SAL-0009079";"2025-08-28";"MI-004";"13"
"SAL-0009080";"2025-08-28";"MI-005";"14"
"SAL-0009081";"2025-08-28";"MI-006";"12"
"SAL-0009082";"2025-08-28";"MI-007";"18"
"SAL-0009083";"2025-08-28";"MI-008";"7"
"SAL-0009084";"2025-08-28";"MI-009";"10"
"SAL-0009085";"2025-08-28";"MI-010";"6"
"SAL-0009086";"2025-08-28";"MI-011";"12"
"SAL-0009087";"2025-08-28";"MI-012";"13"
"SAL-0009088";"2025-08-28";"MI-013";"8"
"SAL-0009089";"2025-08-28";"MI-014";"5"
"SAL-0009090";"2025-08-28";"MI-015";"13"
"SAL-0009091";"2025-08-29";"MI-001";"21"
"SAL-0009092";"2025-08-29";"MI-002";"16"
"SAL-0009093";"2025-08-29";"MI-003";"24"
"SAL-0009094";"2025-08-29";"MI-004";"17"
"SAL-0009095";"2025-08-29";"MI-005";"18"
"SAL-0009096";"2025-08-29";"MI-006";"11"
"SAL-0009097";"2025-08-29";"MI-007";"8"
"SAL-0009098";"2025-08-29";"MI-008";"13"
"SAL-0009099";"2025-08-29";"MI-009";"10"
"SAL-0009100";"2025-08-29";"MI-010";"14"
"SAL-0009101";"2025-08-29";"MI-011";"10"
"SAL-0009102";"2025-08-29";"MI-012";"11"
"SAL-0009103";"2025-08-29";"MI-013";"14"
"SAL-0009104";"2025-08-29";"MI-014";"10"
"SAL-0009105";"2025-08-29";"MI-015";"14"
"SAL-0009106";"2025-08-30";"MI-001";"55"
"SAL-0009107";"2025-08-30";"MI-002";"24"
"SAL-0009108";"2025-08-30";"MI-003";"29"
"SAL-0009109";"2025-08-30";"MI-004";"22"
"SAL-0009110";"2025-08-30";"MI-005";"38"
"SAL-0009111";"2025-08-30";"MI-006";"28"
"SAL-0009112";"2025-08-30";"MI-007";"36"
"SAL-0009113";"2025-08-30";"MI-008";"17"
"SAL-0009114";"2025-08-30";"MI-009";"22"
"SAL-0009115";"2025-08-30";"MI-010";"13"
"SAL-0009116";"2025-08-30";"MI-011";"14"
"SAL-0009117";"2025-08-30";"MI-012";"18"
"SAL-0009118";"2025-08-30";"MI-013";"5"
"SAL-0009119";"2025-08-30";"MI-014";"21"
"SAL-0009120";"2025-08-30";"MI-015";"19"
"SAL-0009121";"2025-08-31";"MI-001";"17"
"SAL-0009122";"2025-08-31";"MI-002";"25"
"SAL-0009123";"2025-08-31";"MI-003";"24"
"SAL-0009124";"2025-08-31";"MI-004";"8"
"SAL-0009125";"2025-08-31";"MI-005";"25"
"SAL-0009126";"2025-08-31";"MI-006";"15"
"SAL-0009127";"2025-08-31";"MI-007";"28"
"SAL-0009128";"2025-08-31";"MI-008";"10"
"SAL-0009129";"2025-08-31";"MI-009";"10"
"SAL-0009130";"2025-08-31";"MI-010";"10"
"SAL-0009131";"2025-08-31";"MI-011";"12"
"SAL-0009132";"2025-08-31";"MI-012";"15"
"SAL-0009133";"2025-08-31";"MI-013";"17"
"SAL-0009134";"2025-08-31";"MI-014";"11"
"SAL-0009135";"2025-08-31";"MI-015";"7"
"SAL-0009136";"2025-09-01";"MI-001";"12"
"SAL-0009137";"2025-09-01";"MI-002";"12"
"SAL-0009138";"2025-09-01";"MI-003";"16"
"SAL-0009139";"2025-09-01";"MI-004";"6"
"SAL-0009140";"2025-09-01";"MI-005";"18"
"SAL-0009141";"2025-09-01";"MI-006";"15"
"SAL-0009142";"2025-09-01";"MI-007";"20"
"SAL-0009143";"2025-09-01";"MI-008";"11"
"SAL-0009144";"2025-09-01";"MI-009";"6"
"SAL-0009145";"2025-09-01";"MI-010";"9"
"SAL-0009146";"2025-09-01";"MI-011";"6"
"SAL-0009147";"2025-09-01";"MI-012";"9"
"SAL-0009148";"2025-09-01";"MI-013";"9"
"SAL-0009149";"2025-09-01";"MI-014";"8"
"SAL-0009150";"2025-09-01";"MI-015";"8"
"SAL-0009151";"2025-09-02";"MI-001";"18"
"SAL-0009152";"2025-09-02";"MI-002";"4"
"SAL-0009153";"2025-09-02";"MI-003";"23"
"SAL-0009154";"2025-09-02";"MI-004";"6"
"SAL-0009155";"2025-09-02";"MI-005";"27"
"SAL-0009156";"2025-09-02";"MI-006";"20"
"SAL-0009157";"2025-09-02";"MI-007";"12"
"SAL-0009158";"2025-09-02";"MI-008";"10"
"SAL-0009159";"2025-09-02";"MI-009";"4"
"SAL-0009160";"2025-09-02";"MI-010";"10"
"SAL-0009161";"2025-09-02";"MI-011";"13"
"SAL-0009162";"2025-09-02";"MI-012";"9"
"SAL-0009163";"2025-09-02";"MI-013";"6"
"SAL-0009164";"2025-09-02";"MI-014";"1"
"SAL-0009165";"2025-09-02";"MI-015";"9"
"SAL-0009166";"2025-09-03";"MI-001";"18"
"SAL-0009167";"2025-09-03";"MI-002";"11"
"SAL-0009168";"2025-09-03";"MI-003";"18"
"SAL-0009169";"2025-09-03";"MI-004";"11"
"SAL-0009170";"2025-09-03";"MI-005";"21"
"SAL-0009171";"2025-09-03";"MI-006";"11"
"SAL-0009172";"2025-09-03";"MI-007";"12"
"SAL-0009173";"2025-09-03";"MI-008";"11"
"SAL-0009174";"2025-09-03";"MI-009";"7"
"SAL-0009175";"2025-09-03";"MI-010";"4"
"SAL-0009176";"2025-09-03";"MI-011";"11"
"SAL-0009177";"2025-09-03";"MI-012";"9"
"SAL-0009178";"2025-09-03";"MI-013";"9"
"SAL-0009179";"2025-09-03";"MI-014";"10"
"SAL-0009180";"2025-09-03";"MI-015";"13"
"SAL-0009181";"2025-09-04";"MI-001";"17"
"SAL-0009182";"2025-09-04";"MI-002";"19"
"SAL-0009183";"2025-09-04";"MI-003";"12"
"SAL-0009184";"2025-09-04";"MI-004";"13"
"SAL-0009185";"2025-09-04";"MI-005";"21"
"SAL-0009186";"2025-09-04";"MI-006";"8"
"SAL-0009187";"2025-09-04";"MI-007";"17"
"SAL-0009188";"2025-09-04";"MI-008";"9"
"SAL-0009189";"2025-09-04";"MI-009";"9"
"SAL-0009190";"2025-09-04";"MI-010";"5"
"SAL-0009191";"2025-09-04";"MI-011";"5"
"SAL-0009192";"2025-09-04";"MI-012";"12"
"SAL-0009193";"2025-09-04";"MI-013";"9"
"SAL-0009194";"2025-09-04";"MI-014";"6"
"SAL-0009195";"2025-09-04";"MI-015";"8"
"SAL-0009196";"2025-09-05";"MI-001";"24"
"SAL-0009197";"2025-09-05";"MI-002";"17"
"SAL-0009198";"2025-09-05";"MI-003";"23"
"SAL-0009199";"2025-09-05";"MI-004";"5"
"SAL-0009200";"2025-09-05";"MI-005";"25"
"SAL-0009201";"2025-09-05";"MI-006";"11"
"SAL-0009202";"2025-09-05";"MI-007";"17"
"SAL-0009203";"2025-09-05";"MI-008";"13"
"SAL-0009204";"2025-09-05";"MI-009";"10"
"SAL-0009205";"2025-09-05";"MI-010";"7"
"SAL-0009206";"2025-09-05";"MI-011";"9"
"SAL-0009207";"2025-09-05";"MI-012";"8"
"SAL-0009208";"2025-09-05";"MI-013";"8"
"SAL-0009209";"2025-09-05";"MI-014";"12"
"SAL-0009210";"2025-09-05";"MI-015";"12"
"SAL-0009211";"2025-09-06";"MI-001";"32"
"SAL-0009212";"2025-09-06";"MI-002";"30"
"SAL-0009213";"2025-09-06";"MI-003";"27"
"SAL-0009214";"2025-09-06";"MI-004";"18"
"SAL-0009215";"2025-09-06";"MI-005";"25"
"SAL-0009216";"2025-09-06";"MI-006";"19"
"SAL-0009217";"2025-09-06";"MI-007";"25"
"SAL-0009218";"2025-09-06";"MI-008";"9"
"SAL-0009219";"2025-09-06";"MI-009";"10"
"SAL-0009220";"2025-09-06";"MI-010";"8"
"SAL-0009221";"2025-09-06";"MI-011";"14"
"SAL-0009222";"2025-09-06";"MI-012";"15"
"SAL-0009223";"2025-09-06";"MI-013";"10"
"SAL-0009224";"2025-09-06";"MI-014";"13"
"SAL-0009225";"2025-09-06";"MI-015";"13"
"SAL-0009226";"2025-09-07";"MI-001";"36"
"SAL-0009227";"2025-09-07";"MI-002";"26"
"SAL-0009228";"2025-09-07";"MI-003";"28"
"SAL-0009229";"2025-09-07";"MI-004";"24"
"SAL-0009230";"2025-09-07";"MI-005";"37"
"SAL-0009231";"2025-09-07";"MI-006";"17"
"SAL-0009232";"2025-09-07";"MI-007";"30"
"SAL-0009233";"2025-09-07";"MI-008";"22"
"SAL-0009234";"2025-09-07";"MI-009";"13"
"SAL-0009235";"2025-09-07";"MI-010";"10"
"SAL-0009236";"2025-09-07";"MI-011";"24"
"SAL-0009237";"2025-09-07";"MI-012";"17"
"SAL-0009238";"2025-09-07";"MI-013";"12"
"SAL-0009239";"2025-09-07";"MI-014";"8"
"SAL-0009240";"2025-09-07";"MI-015";"11"
"SAL-0009241";"2025-09-08";"MI-001";"18"
"SAL-0009242";"2025-09-08";"MI-002";"17"
"SAL-0009243";"2025-09-08";"MI-003";"14"
"SAL-0009244";"2025-09-08";"MI-004";"6"
"SAL-0009245";"2025-09-08";"MI-005";"14"
"SAL-0009246";"2025-09-08";"MI-006";"8"
"SAL-0009247";"2025-09-08";"MI-007";"16"
"SAL-0009248";"2025-09-08";"MI-008";"12"
"SAL-0009249";"2025-09-08";"MI-009";"6"
"SAL-0009250";"2025-09-08";"MI-010";"6"
"SAL-0009251";"2025-09-08";"MI-011";"5"
"SAL-0009252";"2025-09-08";"MI-012";"3"
"SAL-0009253";"2025-09-08";"MI-013";"10"
"SAL-0009254";"2025-09-08";"MI-014";"4"
"SAL-0009255";"2025-09-08";"MI-015";"4"
"SAL-0009256";"2025-09-09";"MI-001";"23"
"SAL-0009257";"2025-09-09";"MI-002";"16"
"SAL-0009258";"2025-09-09";"MI-003";"17"
"SAL-0009259";"2025-09-09";"MI-004";"8"
"SAL-0009260";"2025-09-09";"MI-005";"21"
"SAL-0009261";"2025-09-09";"MI-006";"6"
"SAL-0009262";"2025-09-09";"MI-007";"9"
"SAL-0009263";"2025-09-09";"MI-008";"11"
"SAL-0009264";"2025-09-09";"MI-009";"4"
"SAL-0009265";"2025-09-09";"MI-010";"12"
"SAL-0009266";"2025-09-09";"MI-011";"5"
"SAL-0009267";"2025-09-09";"MI-012";"10"
"SAL-0009268";"2025-09-09";"MI-013";"8"
"SAL-0009269";"2025-09-09";"MI-014";"8"
"SAL-0009270";"2025-09-09";"MI-015";"9"
"SAL-0009271";"2025-09-10";"MI-001";"18"
"SAL-0009272";"2025-09-10";"MI-002";"19"
"SAL-0009273";"2025-09-10";"MI-003";"19"
"SAL-0009274";"2025-09-10";"MI-004";"14"
"SAL-0009275";"2025-09-10";"MI-005";"20"
"SAL-0009276";"2025-09-10";"MI-006";"14"
"SAL-0009277";"2025-09-10";"MI-007";"19"
"SAL-0009278";"2025-09-10";"MI-008";"11"
"SAL-0009279";"2025-09-10";"MI-009";"6"
"SAL-0009280";"2025-09-10";"MI-010";"6"
"SAL-0009281";"2025-09-10";"MI-011";"11"
"SAL-0009282";"2025-09-10";"MI-012";"4"
"SAL-0009283";"2025-09-10";"MI-013";"7"
"SAL-0009284";"2025-09-10";"MI-014";"10"
"SAL-0009285";"2025-09-10";"MI-015";"9"
"SAL-0009286";"2025-09-11";"MI-001";"24"
"SAL-0009287";"2025-09-11";"MI-002";"20"
"SAL-0009288";"2025-09-11";"MI-003";"23"
"SAL-0009289";"2025-09-11";"MI-004";"14"
"SAL-0009290";"2025-09-11";"MI-005";"21"
"SAL-0009291";"2025-09-11";"MI-006";"13"
"SAL-0009292";"2025-09-11";"MI-007";"19"
"SAL-0009293";"2025-09-11";"MI-008";"14"
"SAL-0009294";"2025-09-11";"MI-009";"11"
"SAL-0009295";"2025-09-11";"MI-010";"9"
"SAL-0009296";"2025-09-11";"MI-011";"7"
"SAL-0009297";"2025-09-11";"MI-012";"7"
"SAL-0009298";"2025-09-11";"MI-013";"4"
"SAL-0009299";"2025-09-11";"MI-014";"8"
"SAL-0009300";"2025-09-11";"MI-015";"9"
"SAL-0009301";"2025-09-12";"MI-001";"20"
"SAL-0009302";"2025-09-12";"MI-002";"27"
"SAL-0009303";"2025-09-12";"MI-003";"26"
"SAL-0009304";"2025-09-12";"MI-004";"13"
"SAL-0009305";"2025-09-12";"MI-005";"23"
"SAL-0009306";"2025-09-12";"MI-006";"9"
"SAL-0009307";"2025-09-12";"MI-007";"16"
"SAL-0009308";"2025-09-12";"MI-008";"16"
"SAL-0009309";"2025-09-12";"MI-009";"18"
"SAL-0009310";"2025-09-12";"MI-010";"10"
"SAL-0009311";"2025-09-12";"MI-011";"10"
"SAL-0009312";"2025-09-12";"MI-012";"12"
"SAL-0009313";"2025-09-12";"MI-013";"9"
"SAL-0009314";"2025-09-12";"MI-014";"8"
"SAL-0009315";"2025-09-12";"MI-015";"14"
"SAL-0009316";"2025-09-13";"MI-001";"51"
"SAL-0009317";"2025-09-13";"MI-002";"27"
"SAL-0009318";"2025-09-13";"MI-003";"23"
"SAL-0009319";"2025-09-13";"MI-004";"13"
"SAL-0009320";"2025-09-13";"MI-005";"27"
"SAL-0009321";"2025-09-13";"MI-006";"15"
"SAL-0009322";"2025-09-13";"MI-007";"26"
"SAL-0009323";"2025-09-13";"MI-008";"12"
"SAL-0009324";"2025-09-13";"MI-009";"12"
"SAL-0009325";"2025-09-13";"MI-010";"12"
"SAL-0009326";"2025-09-13";"MI-011";"26"
"SAL-0009327";"2025-09-13";"MI-012";"11"
"SAL-0009328";"2025-09-13";"MI-013";"15"
"SAL-0009329";"2025-09-13";"MI-014";"6"
"SAL-0009330";"2025-09-13";"MI-015";"12"
"SAL-0009331";"2025-09-14";"MI-001";"29"
"SAL-0009332";"2025-09-14";"MI-002";"21"
"SAL-0009333";"2025-09-14";"MI-003";"23"
"SAL-0009334";"2025-09-14";"MI-004";"13"
"SAL-0009335";"2025-09-14";"MI-005";"22"
"SAL-0009336";"2025-09-14";"MI-006";"25"
"SAL-0009337";"2025-09-14";"MI-007";"30"
"SAL-0009338";"2025-09-14";"MI-008";"16"
"SAL-0009339";"2025-09-14";"MI-009";"19"
"SAL-0009340";"2025-09-14";"MI-010";"10"
"SAL-0009341";"2025-09-14";"MI-011";"13"
"SAL-0009342";"2025-09-14";"MI-012";"11"
"SAL-0009343";"2025-09-14";"MI-013";"15"
"SAL-0009344";"2025-09-14";"MI-014";"17"
"SAL-0009345";"2025-09-14";"MI-015";"11"
"SAL-0009346";"2025-09-15";"MI-001";"21"
"SAL-0009347";"2025-09-15";"MI-002";"14"
"SAL-0009348";"2025-09-15";"MI-003";"16"
"SAL-0009349";"2025-09-15";"MI-004";"11"
"SAL-0009350";"2025-09-15";"MI-005";"23"
"SAL-0009351";"2025-09-15";"MI-006";"19"
"SAL-0009352";"2025-09-15";"MI-007";"8"
"SAL-0009353";"2025-09-15";"MI-008";"8"
"SAL-0009354";"2025-09-15";"MI-009";"4"
"SAL-0009355";"2025-09-15";"MI-010";"8"
"SAL-0009356";"2025-09-15";"MI-011";"10"
"SAL-0009357";"2025-09-15";"MI-012";"6"
"SAL-0009358";"2025-09-15";"MI-013";"9"
"SAL-0009359";"2025-09-15";"MI-014";"6"
"SAL-0009360";"2025-09-15";"MI-015";"11"
"SAL-0009361";"2025-09-16";"MI-001";"26"
"SAL-0009362";"2025-09-16";"MI-002";"5"
"SAL-0009363";"2025-09-16";"MI-003";"9"
"SAL-0009364";"2025-09-16";"MI-004";"16"
"SAL-0009365";"2025-09-16";"MI-005";"18"
"SAL-0009366";"2025-09-16";"MI-006";"12"
"SAL-0009367";"2025-09-16";"MI-007";"8"
"SAL-0009368";"2025-09-16";"MI-008";"11"
"SAL-0009369";"2025-09-16";"MI-009";"11"
"SAL-0009370";"2025-09-16";"MI-010";"9"
"SAL-0009371";"2025-09-16";"MI-011";"10"
"SAL-0009372";"2025-09-16";"MI-012";"10"
"SAL-0009373";"2025-09-16";"MI-013";"7"
"SAL-0009374";"2025-09-16";"MI-014";"6"
"SAL-0009375";"2025-09-16";"MI-015";"0"
"SAL-0009376";"2025-09-17";"MI-001";"24"
"SAL-0009377";"2025-09-17";"MI-002";"15"
"SAL-0009378";"2025-09-17";"MI-003";"13"
"SAL-0009379";"2025-09-17";"MI-004";"6"
"SAL-0009380";"2025-09-17";"MI-005";"19"
"SAL-0009381";"2025-09-17";"MI-006";"14"
"SAL-0009382";"2025-09-17";"MI-007";"14"
"SAL-0009383";"2025-09-17";"MI-008";"8"
"SAL-0009384";"2025-09-17";"MI-009";"7"
"SAL-0009385";"2025-09-17";"MI-010";"5"
"SAL-0009386";"2025-09-17";"MI-011";"7"
"SAL-0009387";"2025-09-17";"MI-012";"6"
"SAL-0009388";"2025-09-17";"MI-013";"8"
"SAL-0009389";"2025-09-17";"MI-014";"4"
"SAL-0009390";"2025-09-17";"MI-015";"6"
"SAL-0009391";"2025-09-18";"MI-001";"29"
"SAL-0009392";"2025-09-18";"MI-002";"20"
"SAL-0009393";"2025-09-18";"MI-003";"20"
"SAL-0009394";"2025-09-18";"MI-004";"10"
"SAL-0009395";"2025-09-18";"MI-005";"26"
"SAL-0009396";"2025-09-18";"MI-006";"13"
"SAL-0009397";"2025-09-18";"MI-007";"15"
"SAL-0009398";"2025-09-18";"MI-008";"10"
"SAL-0009399";"2025-09-18";"MI-009";"8"
"SAL-0009400";"2025-09-18";"MI-010";"9"
"SAL-0009401";"2025-09-18";"MI-011";"7"
"SAL-0009402";"2025-09-18";"MI-012";"3"
"SAL-0009403";"2025-09-18";"MI-013";"10"
"SAL-0009404";"2025-09-18";"MI-014";"6"
"SAL-0009405";"2025-09-18";"MI-015";"9"
"SAL-0009406";"2025-09-19";"MI-001";"27"
"SAL-0009407";"2025-09-19";"MI-002";"16"
"SAL-0009408";"2025-09-19";"MI-003";"14"
"SAL-0009409";"2025-09-19";"MI-004";"17"
"SAL-0009410";"2025-09-19";"MI-005";"26"
"SAL-0009411";"2025-09-19";"MI-006";"11"
"SAL-0009412";"2025-09-19";"MI-007";"20"
"SAL-0009413";"2025-09-19";"MI-008";"15"
"SAL-0009414";"2025-09-19";"MI-009";"10"
"SAL-0009415";"2025-09-19";"MI-010";"12"
"SAL-0009416";"2025-09-19";"MI-011";"18"
"SAL-0009417";"2025-09-19";"MI-012";"8"
"SAL-0009418";"2025-09-19";"MI-013";"16"
"SAL-0009419";"2025-09-19";"MI-014";"11"
"SAL-0009420";"2025-09-19";"MI-015";"8"
"SAL-0009421";"2025-09-20";"MI-001";"40"
"SAL-0009422";"2025-09-20";"MI-002";"26"
"SAL-0009423";"2025-09-20";"MI-003";"35"
"SAL-0009424";"2025-09-20";"MI-004";"28"
"SAL-0009425";"2025-09-20";"MI-005";"33"
"SAL-0009426";"2025-09-20";"MI-006";"19"
"SAL-0009427";"2025-09-20";"MI-007";"23"
"SAL-0009428";"2025-09-20";"MI-008";"24"
"SAL-0009429";"2025-09-20";"MI-009";"16"
"SAL-0009430";"2025-09-20";"MI-010";"12"
"SAL-0009431";"2025-09-20";"MI-011";"19"
"SAL-0009432";"2025-09-20";"MI-012";"18"
"SAL-0009433";"2025-09-20";"MI-013";"12"
"SAL-0009434";"2025-09-20";"MI-014";"19"
"SAL-0009435";"2025-09-20";"MI-015";"11"
"SAL-0009436";"2025-09-21";"MI-001";"31"
"SAL-0009437";"2025-09-21";"MI-002";"37"
"SAL-0009438";"2025-09-21";"MI-003";"32"
"SAL-0009439";"2025-09-21";"MI-004";"31"
"SAL-0009440";"2025-09-21";"MI-005";"49"
"SAL-0009441";"2025-09-21";"MI-006";"23"
"SAL-0009442";"2025-09-21";"MI-007";"35"
"SAL-0009443";"2025-09-21";"MI-008";"29"
"SAL-0009444";"2025-09-21";"MI-009";"19"
"SAL-0009445";"2025-09-21";"MI-010";"19"
"SAL-0009446";"2025-09-21";"MI-011";"7"
"SAL-0009447";"2025-09-21";"MI-012";"18"
"SAL-0009448";"2025-09-21";"MI-013";"21"
"SAL-0009449";"2025-09-21";"MI-014";"18"
"SAL-0009450";"2025-09-21";"MI-015";"16"
"SAL-0009451";"2025-09-22";"MI-001";"12"
"SAL-0009452";"2025-09-22";"MI-002";"13"
"SAL-0009453";"2025-09-22";"MI-003";"22"
"SAL-0009454";"2025-09-22";"MI-004";"7"
"SAL-0009455";"2025-09-22";"MI-005";"18"
"SAL-0009456";"2025-09-22";"MI-006";"13"
"SAL-0009457";"2025-09-22";"MI-007";"16"
"SAL-0009458";"2025-09-22";"MI-008";"13"
"SAL-0009459";"2025-09-22";"MI-009";"11"
"SAL-0009460";"2025-09-22";"MI-010";"7"
"SAL-0009461";"2025-09-22";"MI-011";"11"
"SAL-0009462";"2025-09-22";"MI-012";"7"
"SAL-0009463";"2025-09-22";"MI-013";"9"
"SAL-0009464";"2025-09-22";"MI-014";"6"
"SAL-0009465";"2025-09-22";"MI-015";"10"
"SAL-0009466";"2025-09-23";"MI-001";"20"
"SAL-0009467";"2025-09-23";"MI-002";"13"
"SAL-0009468";"2025-09-23";"MI-003";"20"
"SAL-0009469";"2025-09-23";"MI-004";"17"
"SAL-0009470";"2025-09-23";"MI-005";"14"
"SAL-0009471";"2025-09-23";"MI-006";"17"
"SAL-0009472";"2025-09-23";"MI-007";"11"
"SAL-0009473";"2025-09-23";"MI-008";"13"
"SAL-0009474";"2025-09-23";"MI-009";"7"
"SAL-0009475";"2025-09-23";"MI-010";"6"
"SAL-0009476";"2025-09-23";"MI-011";"10"
"SAL-0009477";"2025-09-23";"MI-012";"8"
"SAL-0009478";"2025-09-23";"MI-013";"7"
"SAL-0009479";"2025-09-23";"MI-014";"7"
"SAL-0009480";"2025-09-23";"MI-015";"12"
"SAL-0009481";"2025-09-24";"MI-001";"21"
"SAL-0009482";"2025-09-24";"MI-002";"13"
"SAL-0009483";"2025-09-24";"MI-003";"17"
"SAL-0009484";"2025-09-24";"MI-004";"8"
"SAL-0009485";"2025-09-24";"MI-005";"16"
"SAL-0009486";"2025-09-24";"MI-006";"12"
"SAL-0009487";"2025-09-24";"MI-007";"18"
"SAL-0009488";"2025-09-24";"MI-008";"6"
"SAL-0009489";"2025-09-24";"MI-009";"7"
"SAL-0009490";"2025-09-24";"MI-010";"7"
"SAL-0009491";"2025-09-24";"MI-011";"12"
"SAL-0009492";"2025-09-24";"MI-012";"7"
"SAL-0009493";"2025-09-24";"MI-013";"9"
"SAL-0009494";"2025-09-24";"MI-014";"11"
"SAL-0009495";"2025-09-24";"MI-015";"13"
"SAL-0009496";"2025-09-25";"MI-001";"19"
"SAL-0009497";"2025-09-25";"MI-002";"17"
"SAL-0009498";"2025-09-25";"MI-003";"24"
"SAL-0009499";"2025-09-25";"MI-004";"18"
"SAL-0009500";"2025-09-25";"MI-005";"27"
"SAL-0009501";"2025-09-25";"MI-006";"10"
"SAL-0009502";"2025-09-25";"MI-007";"14"
"SAL-0009503";"2025-09-25";"MI-008";"11"
"SAL-0009504";"2025-09-25";"MI-009";"12"
"SAL-0009505";"2025-09-25";"MI-010";"11"
"SAL-0009506";"2025-09-25";"MI-011";"11"
"SAL-0009507";"2025-09-25";"MI-012";"12"
"SAL-0009508";"2025-09-25";"MI-013";"6"
"SAL-0009509";"2025-09-25";"MI-014";"4"
"SAL-0009510";"2025-09-25";"MI-015";"14"
"SAL-0009511";"2025-09-26";"MI-001";"19"
"SAL-0009512";"2025-09-26";"MI-002";"31"
"SAL-0009513";"2025-09-26";"MI-003";"29"
"SAL-0009514";"2025-09-26";"MI-004";"16"
"SAL-0009515";"2025-09-26";"MI-005";"23"
"SAL-0009516";"2025-09-26";"MI-006";"11"
"SAL-0009517";"2025-09-26";"MI-007";"20"
"SAL-0009518";"2025-09-26";"MI-008";"12"
"SAL-0009519";"2025-09-26";"MI-009";"17"
"SAL-0009520";"2025-09-26";"MI-010";"14"
"SAL-0009521";"2025-09-26";"MI-011";"14"
"SAL-0009522";"2025-09-26";"MI-012";"15"
"SAL-0009523";"2025-09-26";"MI-013";"13"
"SAL-0009524";"2025-09-26";"MI-014";"9"
"SAL-0009525";"2025-09-26";"MI-015";"12"
"SAL-0009526";"2025-09-27";"MI-001";"30"
"SAL-0009527";"2025-09-27";"MI-002";"29"
"SAL-0009528";"2025-09-27";"MI-003";"18"
"SAL-0009529";"2025-09-27";"MI-004";"16"
"SAL-0009530";"2025-09-27";"MI-005";"31"
"SAL-0009531";"2025-09-27";"MI-006";"15"
"SAL-0009532";"2025-09-27";"MI-007";"21"
"SAL-0009533";"2025-09-27";"MI-008";"22"
"SAL-0009534";"2025-09-27";"MI-009";"14"
"SAL-0009535";"2025-09-27";"MI-010";"19"
"SAL-0009536";"2025-09-27";"MI-011";"14"
"SAL-0009537";"2025-09-27";"MI-012";"13"
"SAL-0009538";"2025-09-27";"MI-013";"15"
"SAL-0009539";"2025-09-27";"MI-014";"6"
"SAL-0009540";"2025-09-27";"MI-015";"18"
"SAL-0009541";"2025-09-28";"MI-001";"25"
"SAL-0009542";"2025-09-28";"MI-002";"21"
"SAL-0009543";"2025-09-28";"MI-003";"23"
"SAL-0009544";"2025-09-28";"MI-004";"23"
"SAL-0009545";"2025-09-28";"MI-005";"29"
"SAL-0009546";"2025-09-28";"MI-006";"12"
"SAL-0009547";"2025-09-28";"MI-007";"23"
"SAL-0009548";"2025-09-28";"MI-008";"11"
"SAL-0009549";"2025-09-28";"MI-009";"10"
"SAL-0009550";"2025-09-28";"MI-010";"9"
"SAL-0009551";"2025-09-28";"MI-011";"14"
"SAL-0009552";"2025-09-28";"MI-012";"10"
"SAL-0009553";"2025-09-28";"MI-013";"16"
"SAL-0009554";"2025-09-28";"MI-014";"7"
"SAL-0009555";"2025-09-28";"MI-015";"18"
"SAL-0009556";"2025-09-29";"MI-001";"24"
"SAL-0009557";"2025-09-29";"MI-002";"16"
"SAL-0009558";"2025-09-29";"MI-003";"19"
"SAL-0009559";"2025-09-29";"MI-004";"19"
"SAL-0009560";"2025-09-29";"MI-005";"29"
"SAL-0009561";"2025-09-29";"MI-006";"14"
"SAL-0009562";"2025-09-29";"MI-007";"18"
"SAL-0009563";"2025-09-29";"MI-008";"9"
"SAL-0009564";"2025-09-29";"MI-009";"13"
"SAL-0009565";"2025-09-29";"MI-010";"5"
"SAL-0009566";"2025-09-29";"MI-011";"17"
"SAL-0009567";"2025-09-29";"MI-012";"15"
"SAL-0009568";"2025-09-29";"MI-013";"5"
"SAL-0009569";"2025-09-29";"MI-014";"8"
"SAL-0009570";"2025-09-29";"MI-015";"12"
"SAL-0009571";"2025-09-30";"MI-001";"19"
"SAL-0009572";"2025-09-30";"MI-002";"10"
"SAL-0009573";"2025-09-30";"MI-003";"14"
"SAL-0009574";"2025-09-30";"MI-004";"10"
"SAL-0009575";"2025-09-30";"MI-005";"21"
"SAL-0009576";"2025-09-30";"MI-006";"6"
"SAL-0009577";"2025-09-30";"MI-007";"8"
"SAL-0009578";"2025-09-30";"MI-008";"8"
"SAL-0009579";"2025-09-30";"MI-009";"5"
"SAL-0009580";"2025-09-30";"MI-010";"6"
"SAL-0009581";"2025-09-30";"MI-011";"3"
"SAL-0009582";"2025-09-30";"MI-012";"8"
"SAL-0009583";"2025-09-30";"MI-013";"9"
"SAL-0009584";"2025-09-30";"MI-014";"8"
"SAL-0009585";"2025-09-30";"MI-015";"13"
"SAL-0009586";"2025-10-01";"MI-001";"16"
"SAL-0009587";"2025-10-01";"MI-002";"8"
"SAL-0009588";"2025-10-01";"MI-003";"13"
"SAL-0009589";"2025-10-01";"MI-004";"11"
"SAL-0009590";"2025-10-01";"MI-005";"15"
"SAL-0009591";"2025-10-01";"MI-006";"9"
"SAL-0009592";"2025-10-01";"MI-007";"19"
"SAL-0009593";"2025-10-01";"MI-008";"13"
"SAL-0009594";"2025-10-01";"MI-009";"7"
"SAL-0009595";"2025-10-01";"MI-010";"11"
"SAL-0009596";"2025-10-01";"MI-011";"8"
"SAL-0009597";"2025-10-01";"MI-012";"7"
"SAL-0009598";"2025-10-01";"MI-013";"6"
"SAL-0009599";"2025-10-01";"MI-014";"9"
"SAL-0009600";"2025-10-01";"MI-015";"7"
"SAL-0009601";"2025-10-02";"MI-001";"24"
"SAL-0009602";"2025-10-02";"MI-002";"14"
"SAL-0009603";"2025-10-02";"MI-003";"19"
"SAL-0009604";"2025-10-02";"MI-004";"11"
"SAL-0009605";"2025-10-02";"MI-005";"19"
"SAL-0009606";"2025-10-02";"MI-006";"14"
"SAL-0009607";"2025-10-02";"MI-007";"20"
"SAL-0009608";"2025-10-02";"MI-008";"4"
"SAL-0009609";"2025-10-02";"MI-009";"6"
"SAL-0009610";"2025-10-02";"MI-010";"10"
"SAL-0009611";"2025-10-02";"MI-011";"13"
"SAL-0009612";"2025-10-02";"MI-012";"8"
"SAL-0009613";"2025-10-02";"MI-013";"9"
"SAL-0009614";"2025-10-02";"MI-014";"8"
"SAL-0009615";"2025-10-02";"MI-015";"4"
"SAL-0009616";"2025-10-03";"MI-001";"21"
"SAL-0009617";"2025-10-03";"MI-002";"27"
"SAL-0009618";"2025-10-03";"MI-003";"12"
"SAL-0009619";"2025-10-03";"MI-004";"13"
"SAL-0009620";"2025-10-03";"MI-005";"16"
"SAL-0009621";"2025-10-03";"MI-006";"18"
"SAL-0009622";"2025-10-03";"MI-007";"14"
"SAL-0009623";"2025-10-03";"MI-008";"17"
"SAL-0009624";"2025-10-03";"MI-009";"13"
"SAL-0009625";"2025-10-03";"MI-010";"7"
"SAL-0009626";"2025-10-03";"MI-011";"13"
"SAL-0009627";"2025-10-03";"MI-012";"11"
"SAL-0009628";"2025-10-03";"MI-013";"9"
"SAL-0009629";"2025-10-03";"MI-014";"5"
"SAL-0009630";"2025-10-03";"MI-015";"8"
"SAL-0009631";"2025-10-04";"MI-001";"34"
"SAL-0009632";"2025-10-04";"MI-002";"18"
"SAL-0009633";"2025-10-04";"MI-003";"23"
"SAL-0009634";"2025-10-04";"MI-004";"17"
"SAL-0009635";"2025-10-04";"MI-005";"44"
"SAL-0009636";"2025-10-04";"MI-006";"22"
"SAL-0009637";"2025-10-04";"MI-007";"26"
"SAL-0009638";"2025-10-04";"MI-008";"16"
"SAL-0009639";"2025-10-04";"MI-009";"14"
"SAL-0009640";"2025-10-04";"MI-010";"4"
"SAL-0009641";"2025-10-04";"MI-011";"11"
"SAL-0009642";"2025-10-04";"MI-012";"11"
"SAL-0009643";"2025-10-04";"MI-013";"6"
"SAL-0009644";"2025-10-04";"MI-014";"11"
"SAL-0009645";"2025-10-04";"MI-015";"12"
"SAL-0009646";"2025-10-05";"MI-001";"23"
"SAL-0009647";"2025-10-05";"MI-002";"15"
"SAL-0009648";"2025-10-05";"MI-003";"29"
"SAL-0009649";"2025-10-05";"MI-004";"25"
"SAL-0009650";"2025-10-05";"MI-005";"21"
"SAL-0009651";"2025-10-05";"MI-006";"10"
"SAL-0009652";"2025-10-05";"MI-007";"22"
"SAL-0009653";"2025-10-05";"MI-008";"15"
"SAL-0009654";"2025-10-05";"MI-009";"13"
"SAL-0009655";"2025-10-05";"MI-010";"8"
"SAL-0009656";"2025-10-05";"MI-011";"15"
"SAL-0009657";"2025-10-05";"MI-012";"18"
"SAL-0009658";"2025-10-05";"MI-013";"10"
"SAL-0009659";"2025-10-05";"MI-014";"12"
"SAL-0009660";"2025-10-05";"MI-015";"9"
"SAL-0009661";"2025-10-06";"MI-001";"25"
"SAL-0009662";"2025-10-06";"MI-002";"17"
"SAL-0009663";"2025-10-06";"MI-003";"18"
"SAL-0009664";"2025-10-06";"MI-004";"16"
"SAL-0009665";"2025-10-06";"MI-005";"15"
"SAL-0009666";"2025-10-06";"MI-006";"12"
"SAL-0009667";"2025-10-06";"MI-007";"17"
"SAL-0009668";"2025-10-06";"MI-008";"9"
"SAL-0009669";"2025-10-06";"MI-009";"10"
"SAL-0009670";"2025-10-06";"MI-010";"8"
"SAL-0009671";"2025-10-06";"MI-011";"14"
"SAL-0009672";"2025-10-06";"MI-012";"11"
"SAL-0009673";"2025-10-06";"MI-013";"10"
"SAL-0009674";"2025-10-06";"MI-014";"11"
"SAL-0009675";"2025-10-06";"MI-015";"10"
"SAL-0009676";"2025-10-07";"MI-001";"15"
"SAL-0009677";"2025-10-07";"MI-002";"12"
"SAL-0009678";"2025-10-07";"MI-003";"11"
"SAL-0009679";"2025-10-07";"MI-004";"12"
"SAL-0009680";"2025-10-07";"MI-005";"10"
"SAL-0009681";"2025-10-07";"MI-006";"9"
"SAL-0009682";"2025-10-07";"MI-007";"19"
"SAL-0009683";"2025-10-07";"MI-008";"9"
"SAL-0009684";"2025-10-07";"MI-009";"7"
"SAL-0009685";"2025-10-07";"MI-010";"11"
"SAL-0009686";"2025-10-07";"MI-011";"12"
"SAL-0009687";"2025-10-07";"MI-012";"8"
"SAL-0009688";"2025-10-07";"MI-013";"9"
"SAL-0009689";"2025-10-07";"MI-014";"11"
"SAL-0009690";"2025-10-07";"MI-015";"5"
"SAL-0009691";"2025-10-08";"MI-001";"15"
"SAL-0009692";"2025-10-08";"MI-002";"16"
"SAL-0009693";"2025-10-08";"MI-003";"7"
"SAL-0009694";"2025-10-08";"MI-004";"13"
"SAL-0009695";"2025-10-08";"MI-005";"15"
"SAL-0009696";"2025-10-08";"MI-006";"17"
"SAL-0009697";"2025-10-08";"MI-007";"14"
"SAL-0009698";"2025-10-08";"MI-008";"8"
"SAL-0009699";"2025-10-08";"MI-009";"0"
"SAL-0009700";"2025-10-08";"MI-010";"8"
"SAL-0009701";"2025-10-08";"MI-011";"12"
"SAL-0009702";"2025-10-08";"MI-012";"6"
"SAL-0009703";"2025-10-08";"MI-013";"12"
"SAL-0009704";"2025-10-08";"MI-014";"8"
"SAL-0009705";"2025-10-08";"MI-015";"9"
"SAL-0009706";"2025-10-09";"MI-001";"26"
"SAL-0009707";"2025-10-09";"MI-002";"19"
"SAL-0009708";"2025-10-09";"MI-003";"23"
"SAL-0009709";"2025-10-09";"MI-004";"12"
"SAL-0009710";"2025-10-09";"MI-005";"23"
"SAL-0009711";"2025-10-09";"MI-006";"3"
"SAL-0009712";"2025-10-09";"MI-007";"14"
"SAL-0009713";"2025-10-09";"MI-008";"7"
"SAL-0009714";"2025-10-09";"MI-009";"8"
"SAL-0009715";"2025-10-09";"MI-010";"5"
"SAL-0009716";"2025-10-09";"MI-011";"13"
"SAL-0009717";"2025-10-09";"MI-012";"10"
"SAL-0009718";"2025-10-09";"MI-013";"10"
"SAL-0009719";"2025-10-09";"MI-014";"5"
"SAL-0009720";"2025-10-09";"MI-015";"14"
"SAL-0009721";"2025-10-10";"MI-001";"24"
"SAL-0009722";"2025-10-10";"MI-002";"17"
"SAL-0009723";"2025-10-10";"MI-003";"23"
"SAL-0009724";"2025-10-10";"MI-004";"11"
"SAL-0009725";"2025-10-10";"MI-005";"25"
"SAL-0009726";"2025-10-10";"MI-006";"13"
"SAL-0009727";"2025-10-10";"MI-007";"17"
"SAL-0009728";"2025-10-10";"MI-008";"16"
"SAL-0009729";"2025-10-10";"MI-009";"13"
"SAL-0009730";"2025-10-10";"MI-010";"8"
"SAL-0009731";"2025-10-10";"MI-011";"7"
"SAL-0009732";"2025-10-10";"MI-012";"8"
"SAL-0009733";"2025-10-10";"MI-013";"7"
"SAL-0009734";"2025-10-10";"MI-014";"8"
"SAL-0009735";"2025-10-10";"MI-015";"6"
"SAL-0009736";"2025-10-11";"MI-001";"30"
"SAL-0009737";"2025-10-11";"MI-002";"30"
"SAL-0009738";"2025-10-11";"MI-003";"31"
"SAL-0009739";"2025-10-11";"MI-004";"27"
"SAL-0009740";"2025-10-11";"MI-005";"38"
"SAL-0009741";"2025-10-11";"MI-006";"15"
"SAL-0009742";"2025-10-11";"MI-007";"28"
"SAL-0009743";"2025-10-11";"MI-008";"17"
"SAL-0009744";"2025-10-11";"MI-009";"12"
"SAL-0009745";"2025-10-11";"MI-010";"21"
"SAL-0009746";"2025-10-11";"MI-011";"18"
"SAL-0009747";"2025-10-11";"MI-012";"22"
"SAL-0009748";"2025-10-11";"MI-013";"18"
"SAL-0009749";"2025-10-11";"MI-014";"15"
"SAL-0009750";"2025-10-11";"MI-015";"10"
"SAL-0009751";"2025-10-12";"MI-001";"41"
"SAL-0009752";"2025-10-12";"MI-002";"24"
"SAL-0009753";"2025-10-12";"MI-003";"25"
"SAL-0009754";"2025-10-12";"MI-004";"15"
"SAL-0009755";"2025-10-12";"MI-005";"37"
"SAL-0009756";"2025-10-12";"MI-006";"21"
"SAL-0009757";"2025-10-12";"MI-007";"25"
"SAL-0009758";"2025-10-12";"MI-008";"11"
"SAL-0009759";"2025-10-12";"MI-009";"15"
"SAL-0009760";"2025-10-12";"MI-010";"7"
"SAL-0009761";"2025-10-12";"MI-011";"16"
"SAL-0009762";"2025-10-12";"MI-012";"10"
"SAL-0009763";"2025-10-12";"MI-013";"11"
"SAL-0009764";"2025-10-12";"MI-014";"12"
"SAL-0009765";"2025-10-12";"MI-015";"16"
"SAL-0009766";"2025-10-13";"MI-001";"14"
"SAL-0009767";"2025-10-13";"MI-002";"9"
"SAL-0009768";"2025-10-13";"MI-003";"14"
"SAL-0009769";"2025-10-13";"MI-004";"11"
"SAL-0009770";"2025-10-13";"MI-005";"20"
"SAL-0009771";"2025-10-13";"MI-006";"11"
"SAL-0009772";"2025-10-13";"MI-007";"18"
"SAL-0009773";"2025-10-13";"MI-008";"12"
"SAL-0009774";"2025-10-13";"MI-009";"10"
"SAL-0009775";"2025-10-13";"MI-010";"2"
"SAL-0009776";"2025-10-13";"MI-011";"6"
"SAL-0009777";"2025-10-13";"MI-012";"5"
"SAL-0009778";"2025-10-13";"MI-013";"5"
"SAL-0009779";"2025-10-13";"MI-014";"5"
"SAL-0009780";"2025-10-13";"MI-015";"8"
"SAL-0009781";"2025-10-14";"MI-001";"17"
"SAL-0009782";"2025-10-14";"MI-002";"14"
"SAL-0009783";"2025-10-14";"MI-003";"11"
"SAL-0009784";"2025-10-14";"MI-004";"12"
"SAL-0009785";"2025-10-14";"MI-005";"20"
"SAL-0009786";"2025-10-14";"MI-006";"8"
"SAL-0009787";"2025-10-14";"MI-007";"20"
"SAL-0009788";"2025-10-14";"MI-008";"3"
"SAL-0009789";"2025-10-14";"MI-009";"6"
"SAL-0009790";"2025-10-14";"MI-010";"6"
"SAL-0009791";"2025-10-14";"MI-011";"7"
"SAL-0009792";"2025-10-14";"MI-012";"10"
"SAL-0009793";"2025-10-14";"MI-013";"7"
"SAL-0009794";"2025-10-14";"MI-014";"11"
"SAL-0009795";"2025-10-14";"MI-015";"8"
"SAL-0009796";"2025-10-15";"MI-001";"25"
"SAL-0009797";"2025-10-15";"MI-002";"18"
"SAL-0009798";"2025-10-15";"MI-003";"12"
"SAL-0009799";"2025-10-15";"MI-004";"10"
"SAL-0009800";"2025-10-15";"MI-005";"20"
"SAL-0009801";"2025-10-15";"MI-006";"3"
"SAL-0009802";"2025-10-15";"MI-007";"16"
"SAL-0009803";"2025-10-15";"MI-008";"12"
"SAL-0009804";"2025-10-15";"MI-009";"7"
"SAL-0009805";"2025-10-15";"MI-010";"5"
"SAL-0009806";"2025-10-15";"MI-011";"17"
"SAL-0009807";"2025-10-15";"MI-012";"5"
"SAL-0009808";"2025-10-15";"MI-013";"10"
"SAL-0009809";"2025-10-15";"MI-014";"9"
"SAL-0009810";"2025-10-15";"MI-015";"3"
"SAL-0009811";"2025-10-16";"MI-001";"19"
"SAL-0009812";"2025-10-16";"MI-002";"13"
"SAL-0009813";"2025-10-16";"MI-003";"14"
"SAL-0009814";"2025-10-16";"MI-004";"18"
"SAL-0009815";"2025-10-16";"MI-005";"18"
"SAL-0009816";"2025-10-16";"MI-006";"10"
"SAL-0009817";"2025-10-16";"MI-007";"16"
"SAL-0009818";"2025-10-16";"MI-008";"8"
"SAL-0009819";"2025-10-16";"MI-009";"8"
"SAL-0009820";"2025-10-16";"MI-010";"10"
"SAL-0009821";"2025-10-16";"MI-011";"8"
"SAL-0009822";"2025-10-16";"MI-012";"10"
"SAL-0009823";"2025-10-16";"MI-013";"7"
"SAL-0009824";"2025-10-16";"MI-014";"7"
"SAL-0009825";"2025-10-16";"MI-015";"6"
"SAL-0009826";"2025-10-17";"MI-001";"17"
"SAL-0009827";"2025-10-17";"MI-002";"23"
"SAL-0009828";"2025-10-17";"MI-003";"22"
"SAL-0009829";"2025-10-17";"MI-004";"13"
"SAL-0009830";"2025-10-17";"MI-005";"25"
"SAL-0009831";"2025-10-17";"MI-006";"13"
"SAL-0009832";"2025-10-17";"MI-007";"21"
"SAL-0009833";"2025-10-17";"MI-008";"10"
"SAL-0009834";"2025-10-17";"MI-009";"11"
"SAL-0009835";"2025-10-17";"MI-010";"10"
"SAL-0009836";"2025-10-17";"MI-011";"2"
"SAL-0009837";"2025-10-17";"MI-012";"12"
"SAL-0009838";"2025-10-17";"MI-013";"6"
"SAL-0009839";"2025-10-17";"MI-014";"6"
"SAL-0009840";"2025-10-17";"MI-015";"13"
"SAL-0009841";"2025-10-18";"MI-001";"31"
"SAL-0009842";"2025-10-18";"MI-002";"22"
"SAL-0009843";"2025-10-18";"MI-003";"34"
"SAL-0009844";"2025-10-18";"MI-004";"20"
"SAL-0009845";"2025-10-18";"MI-005";"32"
"SAL-0009846";"2025-10-18";"MI-006";"21"
"SAL-0009847";"2025-10-18";"MI-007";"27"
"SAL-0009848";"2025-10-18";"MI-008";"18"
"SAL-0009849";"2025-10-18";"MI-009";"11"
"SAL-0009850";"2025-10-18";"MI-010";"14"
"SAL-0009851";"2025-10-18";"MI-011";"14"
"SAL-0009852";"2025-10-18";"MI-012";"12"
"SAL-0009853";"2025-10-18";"MI-013";"12"
"SAL-0009854";"2025-10-18";"MI-014";"13"
"SAL-0009855";"2025-10-18";"MI-015";"9"
"SAL-0009856";"2025-10-19";"MI-001";"28"
"SAL-0009857";"2025-10-19";"MI-002";"26"
"SAL-0009858";"2025-10-19";"MI-003";"28"
"SAL-0009859";"2025-10-19";"MI-004";"17"
"SAL-0009860";"2025-10-19";"MI-005";"34"
"SAL-0009861";"2025-10-19";"MI-006";"15"
"SAL-0009862";"2025-10-19";"MI-007";"27"
"SAL-0009863";"2025-10-19";"MI-008";"12"
"SAL-0009864";"2025-10-19";"MI-009";"12"
"SAL-0009865";"2025-10-19";"MI-010";"11"
"SAL-0009866";"2025-10-19";"MI-011";"18"
"SAL-0009867";"2025-10-19";"MI-012";"15"
"SAL-0009868";"2025-10-19";"MI-013";"13"
"SAL-0009869";"2025-10-19";"MI-014";"9"
"SAL-0009870";"2025-10-19";"MI-015";"13"
"SAL-0009871";"2025-10-20";"MI-001";"16"
"SAL-0009872";"2025-10-20";"MI-002";"10"
"SAL-0009873";"2025-10-20";"MI-003";"9"
"SAL-0009874";"2025-10-20";"MI-004";"11"
"SAL-0009875";"2025-10-20";"MI-005";"18"
"SAL-0009876";"2025-10-20";"MI-006";"5"
"SAL-0009877";"2025-10-20";"MI-007";"13"
"SAL-0009878";"2025-10-20";"MI-008";"6"
"SAL-0009879";"2025-10-20";"MI-009";"5"
"SAL-0009880";"2025-10-20";"MI-010";"7"
"SAL-0009881";"2025-10-20";"MI-011";"6"
"SAL-0009882";"2025-10-20";"MI-012";"6"
"SAL-0009883";"2025-10-20";"MI-013";"9"
"SAL-0009884";"2025-10-20";"MI-014";"6"
"SAL-0009885";"2025-10-20";"MI-015";"7"
"SAL-0009886";"2025-10-21";"MI-001";"15"
"SAL-0009887";"2025-10-21";"MI-002";"12"
"SAL-0009888";"2025-10-21";"MI-003";"21"
"SAL-0009889";"2025-10-21";"MI-004";"17"
"SAL-0009890";"2025-10-21";"MI-005";"18"
"SAL-0009891";"2025-10-21";"MI-006";"8"
"SAL-0009892";"2025-10-21";"MI-007";"21"
"SAL-0009893";"2025-10-21";"MI-008";"10"
"SAL-0009894";"2025-10-21";"MI-009";"5"
"SAL-0009895";"2025-10-21";"MI-010";"8"
"SAL-0009896";"2025-10-21";"MI-011";"5"
"SAL-0009897";"2025-10-21";"MI-012";"6"
"SAL-0009898";"2025-10-21";"MI-013";"10"
"SAL-0009899";"2025-10-21";"MI-014";"8"
"SAL-0009900";"2025-10-21";"MI-015";"4"
"SAL-0009901";"2025-10-22";"MI-001";"19"
"SAL-0009902";"2025-10-22";"MI-002";"19"
"SAL-0009903";"2025-10-22";"MI-003";"12"
"SAL-0009904";"2025-10-22";"MI-004";"7"
"SAL-0009905";"2025-10-22";"MI-005";"18"
"SAL-0009906";"2025-10-22";"MI-006";"9"
"SAL-0009907";"2025-10-22";"MI-007";"5"
"SAL-0009908";"2025-10-22";"MI-008";"11"
"SAL-0009909";"2025-10-22";"MI-009";"7"
"SAL-0009910";"2025-10-22";"MI-010";"8"
"SAL-0009911";"2025-10-22";"MI-011";"11"
"SAL-0009912";"2025-10-22";"MI-012";"3"
"SAL-0009913";"2025-10-22";"MI-013";"5"
"SAL-0009914";"2025-10-22";"MI-014";"3"
"SAL-0009915";"2025-10-22";"MI-015";"7"
"SAL-0009916";"2025-10-23";"MI-001";"26"
"SAL-0009917";"2025-10-23";"MI-002";"21"
"SAL-0009918";"2025-10-23";"MI-003";"22"
"SAL-0009919";"2025-10-23";"MI-004";"18"
"SAL-0009920";"2025-10-23";"MI-005";"26"
"SAL-0009921";"2025-10-23";"MI-006";"11"
"SAL-0009922";"2025-10-23";"MI-007";"19"
"SAL-0009923";"2025-10-23";"MI-008";"13"
"SAL-0009924";"2025-10-23";"MI-009";"19"
"SAL-0009925";"2025-10-23";"MI-010";"14"
"SAL-0009926";"2025-10-23";"MI-011";"18"
"SAL-0009927";"2025-10-23";"MI-012";"5"
"SAL-0009928";"2025-10-23";"MI-013";"11"
"SAL-0009929";"2025-10-23";"MI-014";"5"
"SAL-0009930";"2025-10-23";"MI-015";"13"
"SAL-0009931";"2025-10-24";"MI-001";"27"
"SAL-0009932";"2025-10-24";"MI-002";"20"
"SAL-0009933";"2025-10-24";"MI-003";"21"
"SAL-0009934";"2025-10-24";"MI-004";"12"
"SAL-0009935";"2025-10-24";"MI-005";"25"
"SAL-0009936";"2025-10-24";"MI-006";"14"
"SAL-0009937";"2025-10-24";"MI-007";"16"
"SAL-0009938";"2025-10-24";"MI-008";"3"
"SAL-0009939";"2025-10-24";"MI-009";"13"
"SAL-0009940";"2025-10-24";"MI-010";"9"
"SAL-0009941";"2025-10-24";"MI-011";"8"
"SAL-0009942";"2025-10-24";"MI-012";"12"
"SAL-0009943";"2025-10-24";"MI-013";"11"
"SAL-0009944";"2025-10-24";"MI-014";"10"
"SAL-0009945";"2025-10-24";"MI-015";"14"
"SAL-0009946";"2025-10-25";"MI-001";"50"
"SAL-0009947";"2025-10-25";"MI-002";"46"
"SAL-0009948";"2025-10-25";"MI-003";"37"
"SAL-0009949";"2025-10-25";"MI-004";"40"
"SAL-0009950";"2025-10-25";"MI-005";"44"
"SAL-0009951";"2025-10-25";"MI-006";"28"
"SAL-0009952";"2025-10-25";"MI-007";"26"
"SAL-0009953";"2025-10-25";"MI-008";"27"
"SAL-0009954";"2025-10-25";"MI-009";"22"
"SAL-0009955";"2025-10-25";"MI-010";"15"
"SAL-0009956";"2025-10-25";"MI-011";"26"
"SAL-0009957";"2025-10-25";"MI-012";"16"
"SAL-0009958";"2025-10-25";"MI-013";"18"
"SAL-0009959";"2025-10-25";"MI-014";"16"
"SAL-0009960";"2025-10-25";"MI-015";"22"
"SAL-0009961";"2025-10-26";"MI-001";"34"
"SAL-0009962";"2025-10-26";"MI-002";"24"
"SAL-0009963";"2025-10-26";"MI-003";"17"
"SAL-0009964";"2025-10-26";"MI-004";"7"
"SAL-0009965";"2025-10-26";"MI-005";"22"
"SAL-0009966";"2025-10-26";"MI-006";"12"
"SAL-0009967";"2025-10-26";"MI-007";"26"
"SAL-0009968";"2025-10-26";"MI-008";"18"
"SAL-0009969";"2025-10-26";"MI-009";"10"
"SAL-0009970";"2025-10-26";"MI-010";"10"
"SAL-0009971";"2025-10-26";"MI-011";"20"
"SAL-0009972";"2025-10-26";"MI-012";"10"
"SAL-0009973";"2025-10-26";"MI-013";"14"
"SAL-0009974";"2025-10-26";"MI-014";"7"
"SAL-0009975";"2025-10-26";"MI-015";"20"
"SAL-0009976";"2025-10-27";"MI-001";"11"
"SAL-0009977";"2025-10-27";"MI-002";"16"
"SAL-0009978";"2025-10-27";"MI-003";"10"
"SAL-0009979";"2025-10-27";"MI-004";"8"
"SAL-0009980";"2025-10-27";"MI-005";"22"
"SAL-0009981";"2025-10-27";"MI-006";"11"
"SAL-0009982";"2025-10-27";"MI-007";"8"
"SAL-0009983";"2025-10-27";"MI-008";"10"
"SAL-0009984";"2025-10-27";"MI-009";"2"
"SAL-0009985";"2025-10-27";"MI-010";"7"
"SAL-0009986";"2025-10-27";"MI-011";"10"
"SAL-0009987";"2025-10-27";"MI-012";"6"
"SAL-0009988";"2025-10-27";"MI-013";"8"
"SAL-0009989";"2025-10-27";"MI-014";"7"
"SAL-0009990";"2025-10-27";"MI-015";"9"
"SAL-0009991";"2025-10-28";"MI-001";"15"
"SAL-0009992";"2025-10-28";"MI-002";"10"
"SAL-0009993";"2025-10-28";"MI-003";"16"
"SAL-0009994";"2025-10-28";"MI-004";"11"
"SAL-0009995";"2025-10-28";"MI-005";"12"
"SAL-0009996";"2025-10-28";"MI-006";"8"
"SAL-0009997";"2025-10-28";"MI-007";"14"
"SAL-0009998";"2025-10-28";"MI-008";"9"
"SAL-0009999";"2025-10-28";"MI-009";"6"
"SAL-0010000";"2025-10-28";"MI-010";"10"
"SAL-0010001";"2025-10-28";"MI-011";"10"
"SAL-0010002";"2025-10-28";"MI-012";"3"
"SAL-0010003";"2025-10-28";"MI-013";"15"
"SAL-0010004";"2025-10-28";"MI-014";"4"
"SAL-0010005";"2025-10-28";"MI-015";"7"
"SAL-0010006";"2025-10-29";"MI-001";"27"
"SAL-0010007";"2025-10-29";"MI-002";"13"
"SAL-0010008";"2025-10-29";"MI-003";"19"
"SAL-0010009";"2025-10-29";"MI-004";"13"
"SAL-0010010";"2025-10-29";"MI-005";"20"
"SAL-0010011";"2025-10-29";"MI-006";"12"
"SAL-0010012";"2025-10-29";"MI-007";"21"
"SAL-0010013";"2025-10-29";"MI-008";"9"
"SAL-0010014";"2025-10-29";"MI-009";"5"
"SAL-0010015";"2025-10-29";"MI-010";"7"
"SAL-0010016";"2025-10-29";"MI-011";"13"
"SAL-0010017";"2025-10-29";"MI-012";"11"
"SAL-0010018";"2025-10-29";"MI-013";"10"
"SAL-0010019";"2025-10-29";"MI-014";"5"
"SAL-0010020";"2025-10-29";"MI-015";"9"
"SAL-0010021";"2025-10-30";"MI-001";"24"
"SAL-0010022";"2025-10-30";"MI-002";"15"
"SAL-0010023";"2025-10-30";"MI-003";"27"
"SAL-0010024";"2025-10-30";"MI-004";"15"
"SAL-0010025";"2025-10-30";"MI-005";"19"
"SAL-0010026";"2025-10-30";"MI-006";"9"
"SAL-0010027";"2025-10-30";"MI-007";"16"
"SAL-0010028";"2025-10-30";"MI-008";"13"
"SAL-0010029";"2025-10-30";"MI-009";"8"
"SAL-0010030";"2025-10-30";"MI-010";"13"
"SAL-0010031";"2025-10-30";"MI-011";"7"
"SAL-0010032";"2025-10-30";"MI-012";"10"
"SAL-0010033";"2025-10-30";"MI-013";"10"
"SAL-0010034";"2025-10-30";"MI-014";"8"
"SAL-0010035";"2025-10-30";"MI-015";"12"
"SAL-0010036";"2025-10-31";"MI-001";"26"
"SAL-0010037";"2025-10-31";"MI-002";"25"
"SAL-0010038";"2025-10-31";"MI-003";"17"
"SAL-0010039";"2025-10-31";"MI-004";"13"
"SAL-0010040";"2025-10-31";"MI-005";"13"
"SAL-0010041";"2025-10-31";"MI-006";"11"
"SAL-0010042";"2025-10-31";"MI-007";"23"
"SAL-0010043";"2025-10-31";"MI-008";"14"
"SAL-0010044";"2025-10-31";"MI-009";"8"
"SAL-0010045";"2025-10-31";"MI-010";"10"
"SAL-0010046";"2025-10-31";"MI-011";"10"
"SAL-0010047";"2025-10-31";"MI-012";"3"
"SAL-0010048";"2025-10-31";"MI-013";"11"
"SAL-0010049";"2025-10-31";"MI-014";"10"
"SAL-0010050";"2025-10-31";"MI-015";"8"
"SAL-0010051";"2025-11-01";"MI-001";"35"
"SAL-0010052";"2025-11-01";"MI-002";"32"
"SAL-0010053";"2025-11-01";"MI-003";"27"
"SAL-0010054";"2025-11-01";"MI-004";"21"
"SAL-0010055";"2025-11-01";"MI-005";"24"
"SAL-0010056";"2025-11-01";"MI-006";"15"
"SAL-0010057";"2025-11-01";"MI-007";"17"
"SAL-0010058";"2025-11-01";"MI-008";"11"
"SAL-0010059";"2025-11-01";"MI-009";"13"
"SAL-0010060";"2025-11-01";"MI-010";"9"
"SAL-0010061";"2025-11-01";"MI-011";"20"
"SAL-0010062";"2025-11-01";"MI-012";"9"
"SAL-0010063";"2025-11-01";"MI-013";"19"
"SAL-0010064";"2025-11-01";"MI-014";"11"
"SAL-0010065";"2025-11-01";"MI-015";"18"
"SAL-0010066";"2025-11-02";"MI-001";"39"
"SAL-0010067";"2025-11-02";"MI-002";"28"
"SAL-0010068";"2025-11-02";"MI-003";"28"
"SAL-0010069";"2025-11-02";"MI-004";"29"
"SAL-0010070";"2025-11-02";"MI-005";"29"
"SAL-0010071";"2025-11-02";"MI-006";"29"
"SAL-0010072";"2025-11-02";"MI-007";"27"
"SAL-0010073";"2025-11-02";"MI-008";"23"
"SAL-0010074";"2025-11-02";"MI-009";"11"
"SAL-0010075";"2025-11-02";"MI-010";"14"
"SAL-0010076";"2025-11-02";"MI-011";"22"
"SAL-0010077";"2025-11-02";"MI-012";"9"
"SAL-0010078";"2025-11-02";"MI-013";"9"
"SAL-0010079";"2025-11-02";"MI-014";"12"
"SAL-0010080";"2025-11-02";"MI-015";"13"
"SAL-0010081";"2025-11-03";"MI-001";"11"
"SAL-0010082";"2025-11-03";"MI-002";"8"
"SAL-0010083";"2025-11-03";"MI-003";"19"
"SAL-0010084";"2025-11-03";"MI-004";"12"
"SAL-0010085";"2025-11-03";"MI-005";"15"
"SAL-0010086";"2025-11-03";"MI-006";"7"
"SAL-0010087";"2025-11-03";"MI-007";"10"
"SAL-0010088";"2025-11-03";"MI-008";"7"
"SAL-0010089";"2025-11-03";"MI-009";"8"
"SAL-0010090";"2025-11-03";"MI-010";"9"
"SAL-0010091";"2025-11-03";"MI-011";"7"
"SAL-0010092";"2025-11-03";"MI-012";"5"
"SAL-0010093";"2025-11-03";"MI-013";"6"
"SAL-0010094";"2025-11-03";"MI-014";"4"
"SAL-0010095";"2025-11-03";"MI-015";"11"
"SAL-0010096";"2025-11-04";"MI-001";"22"
"SAL-0010097";"2025-11-04";"MI-002";"16"
"SAL-0010098";"2025-11-04";"MI-003";"23"
"SAL-0010099";"2025-11-04";"MI-004";"18"
"SAL-0010100";"2025-11-04";"MI-005";"20"
"SAL-0010101";"2025-11-04";"MI-006";"14"
"SAL-0010102";"2025-11-04";"MI-007";"19"
"SAL-0010103";"2025-11-04";"MI-008";"2"
"SAL-0010104";"2025-11-04";"MI-009";"11"
"SAL-0010105";"2025-11-04";"MI-010";"11"
"SAL-0010106";"2025-11-04";"MI-011";"6"
"SAL-0010107";"2025-11-04";"MI-012";"6"
"SAL-0010108";"2025-11-04";"MI-013";"13"
"SAL-0010109";"2025-11-04";"MI-014";"6"
"SAL-0010110";"2025-11-04";"MI-015";"6"
"SAL-0010111";"2025-11-05";"MI-001";"28"
"SAL-0010112";"2025-11-05";"MI-002";"17"
"SAL-0010113";"2025-11-05";"MI-003";"23"
"SAL-0010114";"2025-11-05";"MI-004";"14"
"SAL-0010115";"2025-11-05";"MI-005";"25"
"SAL-0010116";"2025-11-05";"MI-006";"14"
"SAL-0010117";"2025-11-05";"MI-007";"19"
"SAL-0010118";"2025-11-05";"MI-008";"16"
"SAL-0010119";"2025-11-05";"MI-009";"7"
"SAL-0010120";"2025-11-05";"MI-010";"10"
"SAL-0010121";"2025-11-05";"MI-011";"15"
"SAL-0010122";"2025-11-05";"MI-012";"6"
"SAL-0010123";"2025-11-05";"MI-013";"6"
"SAL-0010124";"2025-11-05";"MI-014";"5"
"SAL-0010125";"2025-11-05";"MI-015";"12"
"SAL-0010126";"2025-11-06";"MI-001";"25"
"SAL-0010127";"2025-11-06";"MI-002";"5"
"SAL-0010128";"2025-11-06";"MI-003";"21"
"SAL-0010129";"2025-11-06";"MI-004";"16"
"SAL-0010130";"2025-11-06";"MI-005";"21"
"SAL-0010131";"2025-11-06";"MI-006";"15"
"SAL-0010132";"2025-11-06";"MI-007";"11"
"SAL-0010133";"2025-11-06";"MI-008";"12"
"SAL-0010134";"2025-11-06";"MI-009";"6"
"SAL-0010135";"2025-11-06";"MI-010";"12"
"SAL-0010136";"2025-11-06";"MI-011";"13"
"SAL-0010137";"2025-11-06";"MI-012";"11"
"SAL-0010138";"2025-11-06";"MI-013";"9"
"SAL-0010139";"2025-11-06";"MI-014";"3"
"SAL-0010140";"2025-11-06";"MI-015";"8"
"SAL-0010141";"2025-11-07";"MI-001";"17"
"SAL-0010142";"2025-11-07";"MI-002";"10"
"SAL-0010143";"2025-11-07";"MI-003";"18"
"SAL-0010144";"2025-11-07";"MI-004";"11"
"SAL-0010145";"2025-11-07";"MI-005";"18"
"SAL-0010146";"2025-11-07";"MI-006";"10"
"SAL-0010147";"2025-11-07";"MI-007";"20"
"SAL-0010148";"2025-11-07";"MI-008";"17"
"SAL-0010149";"2025-11-07";"MI-009";"4"
"SAL-0010150";"2025-11-07";"MI-010";"7"
"SAL-0010151";"2025-11-07";"MI-011";"16"
"SAL-0010152";"2025-11-07";"MI-012";"10"
"SAL-0010153";"2025-11-07";"MI-013";"10"
"SAL-0010154";"2025-11-07";"MI-014";"9"
"SAL-0010155";"2025-11-07";"MI-015";"9"
"SAL-0010156";"2025-11-08";"MI-001";"41"
"SAL-0010157";"2025-11-08";"MI-002";"23"
"SAL-0010158";"2025-11-08";"MI-003";"22"
"SAL-0010159";"2025-11-08";"MI-004";"18"
"SAL-0010160";"2025-11-08";"MI-005";"30"
"SAL-0010161";"2025-11-08";"MI-006";"18"
"SAL-0010162";"2025-11-08";"MI-007";"20"
"SAL-0010163";"2025-11-08";"MI-008";"19"
"SAL-0010164";"2025-11-08";"MI-009";"20"
"SAL-0010165";"2025-11-08";"MI-010";"14"
"SAL-0010166";"2025-11-08";"MI-011";"12"
"SAL-0010167";"2025-11-08";"MI-012";"7"
"SAL-0010168";"2025-11-08";"MI-013";"21"
"SAL-0010169";"2025-11-08";"MI-014";"5"
"SAL-0010170";"2025-11-08";"MI-015";"13"
"SAL-0010171";"2025-11-09";"MI-001";"24"
"SAL-0010172";"2025-11-09";"MI-002";"31"
"SAL-0010173";"2025-11-09";"MI-003";"28"
"SAL-0010174";"2025-11-09";"MI-004";"21"
"SAL-0010175";"2025-11-09";"MI-005";"22"
"SAL-0010176";"2025-11-09";"MI-006";"18"
"SAL-0010177";"2025-11-09";"MI-007";"16"
"SAL-0010178";"2025-11-09";"MI-008";"16"
"SAL-0010179";"2025-11-09";"MI-009";"11"
"SAL-0010180";"2025-11-09";"MI-010";"9"
"SAL-0010181";"2025-11-09";"MI-011";"11"
"SAL-0010182";"2025-11-09";"MI-012";"4"
"SAL-0010183";"2025-11-09";"MI-013";"10"
"SAL-0010184";"2025-11-09";"MI-014";"4"
"SAL-0010185";"2025-11-09";"MI-015";"20"
"SAL-0010186";"2025-11-10";"MI-001";"22"
"SAL-0010187";"2025-11-10";"MI-002";"10"
"SAL-0010188";"2025-11-10";"MI-003";"15"
"SAL-0010189";"2025-11-10";"MI-004";"14"
"SAL-0010190";"2025-11-10";"MI-005";"18"
"SAL-0010191";"2025-11-10";"MI-006";"3"
"SAL-0010192";"2025-11-10";"MI-007";"8"
"SAL-0010193";"2025-11-10";"MI-008";"11"
"SAL-0010194";"2025-11-10";"MI-009";"6"
"SAL-0010195";"2025-11-10";"MI-010";"8"
"SAL-0010196";"2025-11-10";"MI-011";"10"
"SAL-0010197";"2025-11-10";"MI-012";"4"
"SAL-0010198";"2025-11-10";"MI-013";"8"
"SAL-0010199";"2025-11-10";"MI-014";"10"
"SAL-0010200";"2025-11-10";"MI-015";"13"
"SAL-0010201";"2025-11-11";"MI-001";"14"
"SAL-0010202";"2025-11-11";"MI-002";"13"
"SAL-0010203";"2025-11-11";"MI-003";"19"
"SAL-0010204";"2025-11-11";"MI-004";"11"
"SAL-0010205";"2025-11-11";"MI-005";"11"
"SAL-0010206";"2025-11-11";"MI-006";"12"
"SAL-0010207";"2025-11-11";"MI-007";"11"
"SAL-0010208";"2025-11-11";"MI-008";"9"
"SAL-0010209";"2025-11-11";"MI-009";"4"
"SAL-0010210";"2025-11-11";"MI-010";"10"
"SAL-0010211";"2025-11-11";"MI-011";"16"
"SAL-0010212";"2025-11-11";"MI-012";"9"
"SAL-0010213";"2025-11-11";"MI-013";"10"
"SAL-0010214";"2025-11-11";"MI-014";"6"
"SAL-0010215";"2025-11-11";"MI-015";"7"
"SAL-0010216";"2025-11-12";"MI-001";"18"
"SAL-0010217";"2025-11-12";"MI-002";"13"
"SAL-0010218";"2025-11-12";"MI-003";"16"
"SAL-0010219";"2025-11-12";"MI-004";"15"
"SAL-0010220";"2025-11-12";"MI-005";"22"
"SAL-0010221";"2025-11-12";"MI-006";"16"
"SAL-0010222";"2025-11-12";"MI-007";"13"
"SAL-0010223";"2025-11-12";"MI-008";"6"
"SAL-0010224";"2025-11-12";"MI-009";"9"
"SAL-0010225";"2025-11-12";"MI-010";"12"
"SAL-0010226";"2025-11-12";"MI-011";"12"
"SAL-0010227";"2025-11-12";"MI-012";"7"
"SAL-0010228";"2025-11-12";"MI-013";"9"
"SAL-0010229";"2025-11-12";"MI-014";"6"
"SAL-0010230";"2025-11-12";"MI-015";"10"
"SAL-0010231";"2025-11-13";"MI-001";"12"
"SAL-0010232";"2025-11-13";"MI-002";"13"
"SAL-0010233";"2025-11-13";"MI-003";"7"
"SAL-0010234";"2025-11-13";"MI-004";"15"
"SAL-0010235";"2025-11-13";"MI-005";"21"
"SAL-0010236";"2025-11-13";"MI-006";"16"
"SAL-0010237";"2025-11-13";"MI-007";"18"
"SAL-0010238";"2025-11-13";"MI-008";"15"
"SAL-0010239";"2025-11-13";"MI-009";"8"
"SAL-0010240";"2025-11-13";"MI-010";"7"
"SAL-0010241";"2025-11-13";"MI-011";"11"
"SAL-0010242";"2025-11-13";"MI-012";"5"
"SAL-0010243";"2025-11-13";"MI-013";"5"
"SAL-0010244";"2025-11-13";"MI-014";"5"
"SAL-0010245";"2025-11-13";"MI-015";"5"
"SAL-0010246";"2025-11-14";"MI-001";"15"
"SAL-0010247";"2025-11-14";"MI-002";"13"
"SAL-0010248";"2025-11-14";"MI-003";"19"
"SAL-0010249";"2025-11-14";"MI-004";"18"
"SAL-0010250";"2025-11-14";"MI-005";"25"
"SAL-0010251";"2025-11-14";"MI-006";"13"
"SAL-0010252";"2025-11-14";"MI-007";"22"
"SAL-0010253";"2025-11-14";"MI-008";"16"
"SAL-0010254";"2025-11-14";"MI-009";"7"
"SAL-0010255";"2025-11-14";"MI-010";"11"
"SAL-0010256";"2025-11-14";"MI-011";"14"
"SAL-0010257";"2025-11-14";"MI-012";"11"
"SAL-0010258";"2025-11-14";"MI-013";"13"
"SAL-0010259";"2025-11-14";"MI-014";"9"
"SAL-0010260";"2025-11-14";"MI-015";"17"
"SAL-0010261";"2025-11-15";"MI-001";"29"
"SAL-0010262";"2025-11-15";"MI-002";"30"
"SAL-0010263";"2025-11-15";"MI-003";"33"
"SAL-0010264";"2025-11-15";"MI-004";"18"
"SAL-0010265";"2025-11-15";"MI-005";"21"
"SAL-0010266";"2025-11-15";"MI-006";"23"
"SAL-0010267";"2025-11-15";"MI-007";"33"
"SAL-0010268";"2025-11-15";"MI-008";"15"
"SAL-0010269";"2025-11-15";"MI-009";"12"
"SAL-0010270";"2025-11-15";"MI-010";"17"
"SAL-0010271";"2025-11-15";"MI-011";"20"
"SAL-0010272";"2025-11-15";"MI-012";"8"
"SAL-0010273";"2025-11-15";"MI-013";"16"
"SAL-0010274";"2025-11-15";"MI-014";"9"
"SAL-0010275";"2025-11-15";"MI-015";"17"
"SAL-0010276";"2025-11-16";"MI-001";"24"
"SAL-0010277";"2025-11-16";"MI-002";"28"
"SAL-0010278";"2025-11-16";"MI-003";"26"
"SAL-0010279";"2025-11-16";"MI-004";"16"
"SAL-0010280";"2025-11-16";"MI-005";"36"
"SAL-0010281";"2025-11-16";"MI-006";"17"
"SAL-0010282";"2025-11-16";"MI-007";"25"
"SAL-0010283";"2025-11-16";"MI-008";"21"
"SAL-0010284";"2025-11-16";"MI-009";"17"
"SAL-0010285";"2025-11-16";"MI-010";"12"
"SAL-0010286";"2025-11-16";"MI-011";"9"
"SAL-0010287";"2025-11-16";"MI-012";"15"
"SAL-0010288";"2025-11-16";"MI-013";"12"
"SAL-0010289";"2025-11-16";"MI-014";"14"
"SAL-0010290";"2025-11-16";"MI-015";"12"
"SAL-0010291";"2025-11-17";"MI-001";"12"
"SAL-0010292";"2025-11-17";"MI-002";"16"
"SAL-0010293";"2025-11-17";"MI-003";"13"
"SAL-0010294";"2025-11-17";"MI-004";"9"
"SAL-0010295";"2025-11-17";"MI-005";"14"
"SAL-0010296";"2025-11-17";"MI-006";"8"
"SAL-0010297";"2025-11-17";"MI-007";"10"
"SAL-0010298";"2025-11-17";"MI-008";"9"
"SAL-0010299";"2025-11-17";"MI-009";"5"
"SAL-0010300";"2025-11-17";"MI-010";"9"
"SAL-0010301";"2025-11-17";"MI-011";"9"
"SAL-0010302";"2025-11-17";"MI-012";"3"
"SAL-0010303";"2025-11-17";"MI-013";"11"
"SAL-0010304";"2025-11-17";"MI-014";"2"
"SAL-0010305";"2025-11-17";"MI-015";"16"
"SAL-0010306";"2025-11-18";"MI-001";"17"
"SAL-0010307";"2025-11-18";"MI-002";"19"
"SAL-0010308";"2025-11-18";"MI-003";"10"
"SAL-0010309";"2025-11-18";"MI-004";"14"
"SAL-0010310";"2025-11-18";"MI-005";"18"
"SAL-0010311";"2025-11-18";"MI-006";"9"
"SAL-0010312";"2025-11-18";"MI-007";"10"
"SAL-0010313";"2025-11-18";"MI-008";"7"
"SAL-0010314";"2025-11-18";"MI-009";"12"
"SAL-0010315";"2025-11-18";"MI-010";"9"
"SAL-0010316";"2025-11-18";"MI-011";"10"
"SAL-0010317";"2025-11-18";"MI-012";"9"
"SAL-0010318";"2025-11-18";"MI-013";"1"
"SAL-0010319";"2025-11-18";"MI-014";"7"
"SAL-0010320";"2025-11-18";"MI-015";"11"
"SAL-0010321";"2025-11-19";"MI-001";"22"
"SAL-0010322";"2025-11-19";"MI-002";"14"
"SAL-0010323";"2025-11-19";"MI-003";"6"
"SAL-0010324";"2025-11-19";"MI-004";"8"
"SAL-0010325";"2025-11-19";"MI-005";"25"
"SAL-0010326";"2025-11-19";"MI-006";"11"
"SAL-0010327";"2025-11-19";"MI-007";"14"
"SAL-0010328";"2025-11-19";"MI-008";"9"
"SAL-0010329";"2025-11-19";"MI-009";"7"
"SAL-0010330";"2025-11-19";"MI-010";"13"
"SAL-0010331";"2025-11-19";"MI-011";"9"
"SAL-0010332";"2025-11-19";"MI-012";"10"
"SAL-0010333";"2025-11-19";"MI-013";"7"
"SAL-0010334";"2025-11-19";"MI-014";"10"
"SAL-0010335";"2025-11-19";"MI-015";"12"
"SAL-0010336";"2025-11-20";"MI-001";"20"
"SAL-0010337";"2025-11-20";"MI-002";"21"
"SAL-0010338";"2025-11-20";"MI-003";"25"
"SAL-0010339";"2025-11-20";"MI-004";"18"
"SAL-0010340";"2025-11-20";"MI-005";"23"
"SAL-0010341";"2025-11-20";"MI-006";"13"
"SAL-0010342";"2025-11-20";"MI-007";"17"
"SAL-0010343";"2025-11-20";"MI-008";"12"
"SAL-0010344";"2025-11-20";"MI-009";"7"
"SAL-0010345";"2025-11-20";"MI-010";"8"
"SAL-0010346";"2025-11-20";"MI-011";"12"
"SAL-0010347";"2025-11-20";"MI-012";"10"
"SAL-0010348";"2025-11-20";"MI-013";"9"
"SAL-0010349";"2025-11-20";"MI-014";"8"
"SAL-0010350";"2025-11-20";"MI-015";"10"
"SAL-0010351";"2025-11-21";"MI-001";"32"
"SAL-0010352";"2025-11-21";"MI-002";"27"
"SAL-0010353";"2025-11-21";"MI-003";"28"
"SAL-0010354";"2025-11-21";"MI-004";"21"
"SAL-0010355";"2025-11-21";"MI-005";"31"
"SAL-0010356";"2025-11-21";"MI-006";"15"
"SAL-0010357";"2025-11-21";"MI-007";"20"
"SAL-0010358";"2025-11-21";"MI-008";"11"
"SAL-0010359";"2025-11-21";"MI-009";"10"
"SAL-0010360";"2025-11-21";"MI-010";"17"
"SAL-0010361";"2025-11-21";"MI-011";"13"
"SAL-0010362";"2025-11-21";"MI-012";"8"
"SAL-0010363";"2025-11-21";"MI-013";"14"
"SAL-0010364";"2025-11-21";"MI-014";"9"
"SAL-0010365";"2025-11-21";"MI-015";"17"
"SAL-0010366";"2025-11-22";"MI-001";"35"
"SAL-0010367";"2025-11-22";"MI-002";"34"
"SAL-0010368";"2025-11-22";"MI-003";"27"
"SAL-0010369";"2025-11-22";"MI-004";"35"
"SAL-0010370";"2025-11-22";"MI-005";"42"
"SAL-0010371";"2025-11-22";"MI-006";"28"
"SAL-0010372";"2025-11-22";"MI-007";"18"
"SAL-0010373";"2025-11-22";"MI-008";"16"
"SAL-0010374";"2025-11-22";"MI-009";"14"
"SAL-0010375";"2025-11-22";"MI-010";"13"
"SAL-0010376";"2025-11-22";"MI-011";"25"
"SAL-0010377";"2025-11-22";"MI-012";"16"
"SAL-0010378";"2025-11-22";"MI-013";"19"
"SAL-0010379";"2025-11-22";"MI-014";"13"
"SAL-0010380";"2025-11-22";"MI-015";"17"
"SAL-0010381";"2025-11-23";"MI-001";"42"
"SAL-0010382";"2025-11-23";"MI-002";"24"
"SAL-0010383";"2025-11-23";"MI-003";"23"
"SAL-0010384";"2025-11-23";"MI-004";"27"
"SAL-0010385";"2025-11-23";"MI-005";"31"
"SAL-0010386";"2025-11-23";"MI-006";"8"
"SAL-0010387";"2025-11-23";"MI-007";"28"
"SAL-0010388";"2025-11-23";"MI-008";"9"
"SAL-0010389";"2025-11-23";"MI-009";"21"
"SAL-0010390";"2025-11-23";"MI-010";"25"
"SAL-0010391";"2025-11-23";"MI-011";"23"
"SAL-0010392";"2025-11-23";"MI-012";"8"
"SAL-0010393";"2025-11-23";"MI-013";"15"
"SAL-0010394";"2025-11-23";"MI-014";"6"
"SAL-0010395";"2025-11-23";"MI-015";"24"
"SAL-0010396";"2025-11-24";"MI-001";"17"
"SAL-0010397";"2025-11-24";"MI-002";"8"
"SAL-0010398";"2025-11-24";"MI-003";"15"
"SAL-0010399";"2025-11-24";"MI-004";"12"
"SAL-0010400";"2025-11-24";"MI-005";"16"
"SAL-0010401";"2025-11-24";"MI-006";"12"
"SAL-0010402";"2025-11-24";"MI-007";"15"
"SAL-0010403";"2025-11-24";"MI-008";"8"
"SAL-0010404";"2025-11-24";"MI-009";"6"
"SAL-0010405";"2025-11-24";"MI-010";"8"
"SAL-0010406";"2025-11-24";"MI-011";"8"
"SAL-0010407";"2025-11-24";"MI-012";"3"
"SAL-0010408";"2025-11-24";"MI-013";"5"
"SAL-0010409";"2025-11-24";"MI-014";"0"
"SAL-0010410";"2025-11-24";"MI-015";"4"
"SAL-0010411";"2025-11-25";"MI-001";"31"
"SAL-0010412";"2025-11-25";"MI-002";"13"
"SAL-0010413";"2025-11-25";"MI-003";"13"
"SAL-0010414";"2025-11-25";"MI-004";"10"
"SAL-0010415";"2025-11-25";"MI-005";"27"
"SAL-0010416";"2025-11-25";"MI-006";"16"
"SAL-0010417";"2025-11-25";"MI-007";"26"
"SAL-0010418";"2025-11-25";"MI-008";"5"
"SAL-0010419";"2025-11-25";"MI-009";"14"
"SAL-0010420";"2025-11-25";"MI-010";"13"
"SAL-0010421";"2025-11-25";"MI-011";"9"
"SAL-0010422";"2025-11-25";"MI-012";"7"
"SAL-0010423";"2025-11-25";"MI-013";"9"
"SAL-0010424";"2025-11-25";"MI-014";"5"
"SAL-0010425";"2025-11-25";"MI-015";"10"
"SAL-0010426";"2025-11-26";"MI-001";"18"
"SAL-0010427";"2025-11-26";"MI-002";"14"
"SAL-0010428";"2025-11-26";"MI-003";"17"
"SAL-0010429";"2025-11-26";"MI-004";"11"
"SAL-0010430";"2025-11-26";"MI-005";"17"
"SAL-0010431";"2025-11-26";"MI-006";"15"
"SAL-0010432";"2025-11-26";"MI-007";"11"
"SAL-0010433";"2025-11-26";"MI-008";"10"
"SAL-0010434";"2025-11-26";"MI-009";"7"
"SAL-0010435";"2025-11-26";"MI-010";"10"
"SAL-0010436";"2025-11-26";"MI-011";"11"
"SAL-0010437";"2025-11-26";"MI-012";"7"
"SAL-0010438";"2025-11-26";"MI-013";"9"
"SAL-0010439";"2025-11-26";"MI-014";"5"
"SAL-0010440";"2025-11-26";"MI-015";"5"
"SAL-0010441";"2025-11-27";"MI-001";"31"
"SAL-0010442";"2025-11-27";"MI-002";"11"
"SAL-0010443";"2025-11-27";"MI-003";"29"
"SAL-0010444";"2025-11-27";"MI-004";"16"
"SAL-0010445";"2025-11-27";"MI-005";"27"
"SAL-0010446";"2025-11-27";"MI-006";"10"
"SAL-0010447";"2025-11-27";"MI-007";"19"
"SAL-0010448";"2025-11-27";"MI-008";"6"
"SAL-0010449";"2025-11-27";"MI-009";"13"
"SAL-0010450";"2025-11-27";"MI-010";"10"
"SAL-0010451";"2025-11-27";"MI-011";"14"
"SAL-0010452";"2025-11-27";"MI-012";"8"
"SAL-0010453";"2025-11-27";"MI-013";"13"
"SAL-0010454";"2025-11-27";"MI-014";"6"
"SAL-0010455";"2025-11-27";"MI-015";"15"
"SAL-0010456";"2025-11-28";"MI-001";"19"
"SAL-0010457";"2025-11-28";"MI-002";"23"
"SAL-0010458";"2025-11-28";"MI-003";"17"
"SAL-0010459";"2025-11-28";"MI-004";"15"
"SAL-0010460";"2025-11-28";"MI-005";"18"
"SAL-0010461";"2025-11-28";"MI-006";"13"
"SAL-0010462";"2025-11-28";"MI-007";"12"
"SAL-0010463";"2025-11-28";"MI-008";"11"
"SAL-0010464";"2025-11-28";"MI-009";"3"
"SAL-0010465";"2025-11-28";"MI-010";"9"
"SAL-0010466";"2025-11-28";"MI-011";"14"
"SAL-0010467";"2025-11-28";"MI-012";"9"
"SAL-0010468";"2025-11-28";"MI-013";"13"
"SAL-0010469";"2025-11-28";"MI-014";"4"
"SAL-0010470";"2025-11-28";"MI-015";"10"
"SAL-0010471";"2025-11-29";"MI-001";"29"
"SAL-0010472";"2025-11-29";"MI-002";"23"
"SAL-0010473";"2025-11-29";"MI-003";"34"
"SAL-0010474";"2025-11-29";"MI-004";"19"
"SAL-0010475";"2025-11-29";"MI-005";"36"
"SAL-0010476";"2025-11-29";"MI-006";"16"
"SAL-0010477";"2025-11-29";"MI-007";"28"
"SAL-0010478";"2025-11-29";"MI-008";"18"
"SAL-0010479";"2025-11-29";"MI-009";"15"
"SAL-0010480";"2025-11-29";"MI-010";"22"
"SAL-0010481";"2025-11-29";"MI-011";"27"
"SAL-0010482";"2025-11-29";"MI-012";"16"
"SAL-0010483";"2025-11-29";"MI-013";"18"
"SAL-0010484";"2025-11-29";"MI-014";"9"
"SAL-0010485";"2025-11-29";"MI-015";"18"
"SAL-0010486";"2025-11-30";"MI-001";"28"
"SAL-0010487";"2025-11-30";"MI-002";"24"
"SAL-0010488";"2025-11-30";"MI-003";"20"
"SAL-0010489";"2025-11-30";"MI-004";"17"
"SAL-0010490";"2025-11-30";"MI-005";"35"
"SAL-0010491";"2025-11-30";"MI-006";"17"
"SAL-0010492";"2025-11-30";"MI-007";"15"
"SAL-0010493";"2025-11-30";"MI-008";"16"
"SAL-0010494";"2025-11-30";"MI-009";"11"
"SAL-0010495";"2025-11-30";"MI-010";"15"
"SAL-0010496";"2025-11-30";"MI-011";"9"
"SAL-0010497";"2025-11-30";"MI-012";"12"
"SAL-0010498";"2025-11-30";"MI-013";"13"
"SAL-0010499";"2025-11-30";"MI-014";"10"
"SAL-0010500";"2025-11-30";"MI-015";"9"
"SAL-0010501";"2025-12-01";"MI-001";"20"
"SAL-0010502";"2025-12-01";"MI-002";"8"
"SAL-0010503";"2025-12-01";"MI-003";"24"
"SAL-0010504";"2025-12-01";"MI-004";"8"
"SAL-0010505";"2025-12-01";"MI-005";"18"
"SAL-0010506";"2025-12-01";"MI-006";"10"
"SAL-0010507";"2025-12-01";"MI-007";"12"
"SAL-0010508";"2025-12-01";"MI-008";"4"
"SAL-0010509";"2025-12-01";"MI-009";"4"
"SAL-0010510";"2025-12-01";"MI-010";"7"
"SAL-0010511";"2025-12-01";"MI-011";"7"
"SAL-0010512";"2025-12-01";"MI-012";"3"
"SAL-0010513";"2025-12-01";"MI-013";"8"
"SAL-0010514";"2025-12-01";"MI-014";"5"
"SAL-0010515";"2025-12-01";"MI-015";"8"
"SAL-0010516";"2025-12-02";"MI-001";"14"
"SAL-0010517";"2025-12-02";"MI-002";"20"
"SAL-0010518";"2025-12-02";"MI-003";"12"
"SAL-0010519";"2025-12-02";"MI-004";"9"
"SAL-0010520";"2025-12-02";"MI-005";"9"
"SAL-0010521";"2025-12-02";"MI-006";"14"
"SAL-0010522";"2025-12-02";"MI-007";"18"
"SAL-0010523";"2025-12-02";"MI-008";"11"
"SAL-0010524";"2025-12-02";"MI-009";"8"
"SAL-0010525";"2025-12-02";"MI-010";"9"
"SAL-0010526";"2025-12-02";"MI-011";"10"
"SAL-0010527";"2025-12-02";"MI-012";"7"
"SAL-0010528";"2025-12-02";"MI-013";"10"
"SAL-0010529";"2025-12-02";"MI-014";"9"
"SAL-0010530";"2025-12-02";"MI-015";"12"
"SAL-0010531";"2025-12-03";"MI-001";"20"
"SAL-0010532";"2025-12-03";"MI-002";"11"
"SAL-0010533";"2025-12-03";"MI-003";"22"
"SAL-0010534";"2025-12-03";"MI-004";"7"
"SAL-0010535";"2025-12-03";"MI-005";"25"
"SAL-0010536";"2025-12-03";"MI-006";"12"
"SAL-0010537";"2025-12-03";"MI-007";"16"
"SAL-0010538";"2025-12-03";"MI-008";"13"
"SAL-0010539";"2025-12-03";"MI-009";"5"
"SAL-0010540";"2025-12-03";"MI-010";"12"
"SAL-0010541";"2025-12-03";"MI-011";"15"
"SAL-0010542";"2025-12-03";"MI-012";"5"
"SAL-0010543";"2025-12-03";"MI-013";"4"
"SAL-0010544";"2025-12-03";"MI-014";"7"
"SAL-0010545";"2025-12-03";"MI-015";"12"
"SAL-0010546";"2025-12-04";"MI-001";"22"
"SAL-0010547";"2025-12-04";"MI-002";"18"
"SAL-0010548";"2025-12-04";"MI-003";"19"
"SAL-0010549";"2025-12-04";"MI-004";"15"
"SAL-0010550";"2025-12-04";"MI-005";"20"
"SAL-0010551";"2025-12-04";"MI-006";"21"
"SAL-0010552";"2025-12-04";"MI-007";"10"
"SAL-0010553";"2025-12-04";"MI-008";"12"
"SAL-0010554";"2025-12-04";"MI-009";"9"
"SAL-0010555";"2025-12-04";"MI-010";"12"
"SAL-0010556";"2025-12-04";"MI-011";"19"
"SAL-0010557";"2025-12-04";"MI-012";"10"
"SAL-0010558";"2025-12-04";"MI-013";"12"
"SAL-0010559";"2025-12-04";"MI-014";"5"
"SAL-0010560";"2025-12-04";"MI-015";"21"
"SAL-0010561";"2025-12-05";"MI-001";"27"
"SAL-0010562";"2025-12-05";"MI-002";"26"
"SAL-0010563";"2025-12-05";"MI-003";"20"
"SAL-0010564";"2025-12-05";"MI-004";"14"
"SAL-0010565";"2025-12-05";"MI-005";"24"
"SAL-0010566";"2025-12-05";"MI-006";"15"
"SAL-0010567";"2025-12-05";"MI-007";"14"
"SAL-0010568";"2025-12-05";"MI-008";"15"
"SAL-0010569";"2025-12-05";"MI-009";"7"
"SAL-0010570";"2025-12-05";"MI-010";"16"
"SAL-0010571";"2025-12-05";"MI-011";"24"
"SAL-0010572";"2025-12-05";"MI-012";"16"
"SAL-0010573";"2025-12-05";"MI-013";"15"
"SAL-0010574";"2025-12-05";"MI-014";"9"
"SAL-0010575";"2025-12-05";"MI-015";"13"
"SAL-0010576";"2025-12-06";"MI-001";"33"
"SAL-0010577";"2025-12-06";"MI-002";"39"
"SAL-0010578";"2025-12-06";"MI-003";"48"
"SAL-0010579";"2025-12-06";"MI-004";"19"
"SAL-0010580";"2025-12-06";"MI-005";"36"
"SAL-0010581";"2025-12-06";"MI-006";"18"
"SAL-0010582";"2025-12-06";"MI-007";"22"
"SAL-0010583";"2025-12-06";"MI-008";"16"
"SAL-0010584";"2025-12-06";"MI-009";"14"
"SAL-0010585";"2025-12-06";"MI-010";"24"
"SAL-0010586";"2025-12-06";"MI-011";"30"
"SAL-0010587";"2025-12-06";"MI-012";"8"
"SAL-0010588";"2025-12-06";"MI-013";"27"
"SAL-0010589";"2025-12-06";"MI-014";"9"
"SAL-0010590";"2025-12-06";"MI-015";"16"
"SAL-0010591";"2025-12-07";"MI-001";"32"
"SAL-0010592";"2025-12-07";"MI-002";"23"
"SAL-0010593";"2025-12-07";"MI-003";"25"
"SAL-0010594";"2025-12-07";"MI-004";"11"
"SAL-0010595";"2025-12-07";"MI-005";"30"
"SAL-0010596";"2025-12-07";"MI-006";"18"
"SAL-0010597";"2025-12-07";"MI-007";"24"
"SAL-0010598";"2025-12-07";"MI-008";"12"
"SAL-0010599";"2025-12-07";"MI-009";"20"
"SAL-0010600";"2025-12-07";"MI-010";"10"
"SAL-0010601";"2025-12-07";"MI-011";"19"
"SAL-0010602";"2025-12-07";"MI-012";"13"
"SAL-0010603";"2025-12-07";"MI-013";"22"
"SAL-0010604";"2025-12-07";"MI-014";"7"
"SAL-0010605";"2025-12-07";"MI-015";"20"
"SAL-0010606";"2025-12-08";"MI-001";"14"
"SAL-0010607";"2025-12-08";"MI-002";"13"
"SAL-0010608";"2025-12-08";"MI-003";"9"
"SAL-0010609";"2025-12-08";"MI-004";"8"
"SAL-0010610";"2025-12-08";"MI-005";"13"
"SAL-0010611";"2025-12-08";"MI-006";"12"
"SAL-0010612";"2025-12-08";"MI-007";"19"
"SAL-0010613";"2025-12-08";"MI-008";"12"
"SAL-0010614";"2025-12-08";"MI-009";"6"
"SAL-0010615";"2025-12-08";"MI-010";"7"
"SAL-0010616";"2025-12-08";"MI-011";"8"
"SAL-0010617";"2025-12-08";"MI-012";"5"
"SAL-0010618";"2025-12-08";"MI-013";"6"
"SAL-0010619";"2025-12-08";"MI-014";"4"
"SAL-0010620";"2025-12-08";"MI-015";"14"
"SAL-0010621";"2025-12-09";"MI-001";"16"
"SAL-0010622";"2025-12-09";"MI-002";"23"
"SAL-0010623";"2025-12-09";"MI-003";"10"
"SAL-0010624";"2025-12-09";"MI-004";"10"
"SAL-0010625";"2025-12-09";"MI-005";"21"
"SAL-0010626";"2025-12-09";"MI-006";"11"
"SAL-0010627";"2025-12-09";"MI-007";"11"
"SAL-0010628";"2025-12-09";"MI-008";"11"
"SAL-0010629";"2025-12-09";"MI-009";"8"
"SAL-0010630";"2025-12-09";"MI-010";"9"
"SAL-0010631";"2025-12-09";"MI-011";"11"
"SAL-0010632";"2025-12-09";"MI-012";"4"
"SAL-0010633";"2025-12-09";"MI-013";"7"
"SAL-0010634";"2025-12-09";"MI-014";"5"
"SAL-0010635";"2025-12-09";"MI-015";"5"
"SAL-0010636";"2025-12-10";"MI-001";"23"
"SAL-0010637";"2025-12-10";"MI-002";"21"
"SAL-0010638";"2025-12-10";"MI-003";"20"
"SAL-0010639";"2025-12-10";"MI-004";"18"
"SAL-0010640";"2025-12-10";"MI-005";"21"
"SAL-0010641";"2025-12-10";"MI-006";"16"
"SAL-0010642";"2025-12-10";"MI-007";"16"
"SAL-0010643";"2025-12-10";"MI-008";"13"
"SAL-0010644";"2025-12-10";"MI-009";"12"
"SAL-0010645";"2025-12-10";"MI-010";"11"
"SAL-0010646";"2025-12-10";"MI-011";"7"
"SAL-0010647";"2025-12-10";"MI-012";"9"
"SAL-0010648";"2025-12-10";"MI-013";"10"
"SAL-0010649";"2025-12-10";"MI-014";"7"
"SAL-0010650";"2025-12-10";"MI-015";"10"
"SAL-0010651";"2025-12-11";"MI-001";"22"
"SAL-0010652";"2025-12-11";"MI-002";"14"
"SAL-0010653";"2025-12-11";"MI-003";"18"
"SAL-0010654";"2025-12-11";"MI-004";"17"
"SAL-0010655";"2025-12-11";"MI-005";"20"
"SAL-0010656";"2025-12-11";"MI-006";"9"
"SAL-0010657";"2025-12-11";"MI-007";"16"
"SAL-0010658";"2025-12-11";"MI-008";"6"
"SAL-0010659";"2025-12-11";"MI-009";"8"
"SAL-0010660";"2025-12-11";"MI-010";"11"
"SAL-0010661";"2025-12-11";"MI-011";"15"
"SAL-0010662";"2025-12-11";"MI-012";"7"
"SAL-0010663";"2025-12-11";"MI-013";"9"
"SAL-0010664";"2025-12-11";"MI-014";"7"
"SAL-0010665";"2025-12-11";"MI-015";"8"
"SAL-0010666";"2025-12-12";"MI-001";"21"
"SAL-0010667";"2025-12-12";"MI-002";"25"
"SAL-0010668";"2025-12-12";"MI-003";"26"
"SAL-0010669";"2025-12-12";"MI-004";"12"
"SAL-0010670";"2025-12-12";"MI-005";"34"
"SAL-0010671";"2025-12-12";"MI-006";"10"
"SAL-0010672";"2025-12-12";"MI-007";"17"
"SAL-0010673";"2025-12-12";"MI-008";"15"
"SAL-0010674";"2025-12-12";"MI-009";"12"
"SAL-0010675";"2025-12-12";"MI-010";"18"
"SAL-0010676";"2025-12-12";"MI-011";"20"
"SAL-0010677";"2025-12-12";"MI-012";"9"
"SAL-0010678";"2025-12-12";"MI-013";"12"
"SAL-0010679";"2025-12-12";"MI-014";"10"
"SAL-0010680";"2025-12-12";"MI-015";"9"
"SAL-0010681";"2025-12-13";"MI-001";"36"
"SAL-0010682";"2025-12-13";"MI-002";"31"
"SAL-0010683";"2025-12-13";"MI-003";"22"
"SAL-0010684";"2025-12-13";"MI-004";"15"
"SAL-0010685";"2025-12-13";"MI-005";"25"
"SAL-0010686";"2025-12-13";"MI-006";"18"
"SAL-0010687";"2025-12-13";"MI-007";"28"
"SAL-0010688";"2025-12-13";"MI-008";"22"
"SAL-0010689";"2025-12-13";"MI-009";"24"
"SAL-0010690";"2025-12-13";"MI-010";"18"
"SAL-0010691";"2025-12-13";"MI-011";"24"
"SAL-0010692";"2025-12-13";"MI-012";"21"
"SAL-0010693";"2025-12-13";"MI-013";"22"
"SAL-0010694";"2025-12-13";"MI-014";"7"
"SAL-0010695";"2025-12-13";"MI-015";"20"
"SAL-0010696";"2025-12-14";"MI-001";"28"
"SAL-0010697";"2025-12-14";"MI-002";"35"
"SAL-0010698";"2025-12-14";"MI-003";"30"
"SAL-0010699";"2025-12-14";"MI-004";"22"
"SAL-0010700";"2025-12-14";"MI-005";"28"
"SAL-0010701";"2025-12-14";"MI-006";"18"
"SAL-0010702";"2025-12-14";"MI-007";"30"
"SAL-0010703";"2025-12-14";"MI-008";"26"
"SAL-0010704";"2025-12-14";"MI-009";"19"
"SAL-0010705";"2025-12-14";"MI-010";"20"
"SAL-0010706";"2025-12-14";"MI-011";"19"
"SAL-0010707";"2025-12-14";"MI-012";"12"
"SAL-0010708";"2025-12-14";"MI-013";"12"
"SAL-0010709";"2025-12-14";"MI-014";"13"
"SAL-0010710";"2025-12-14";"MI-015";"20"
"SAL-0010711";"2025-12-15";"MI-001";"16"
"SAL-0010712";"2025-12-15";"MI-002";"10"
"SAL-0010713";"2025-12-15";"MI-003";"17"
"SAL-0010714";"2025-12-15";"MI-004";"10"
"SAL-0010715";"2025-12-15";"MI-005";"21"
"SAL-0010716";"2025-12-15";"MI-006";"14"
"SAL-0010717";"2025-12-15";"MI-007";"12"
"SAL-0010718";"2025-12-15";"MI-008";"12"
"SAL-0010719";"2025-12-15";"MI-009";"5"
"SAL-0010720";"2025-12-15";"MI-010";"13"
"SAL-0010721";"2025-12-15";"MI-011";"12"
"SAL-0010722";"2025-12-15";"MI-012";"7"
"SAL-0010723";"2025-12-15";"MI-013";"8"
"SAL-0010724";"2025-12-15";"MI-014";"7"
"SAL-0010725";"2025-12-15";"MI-015";"12"
"SAL-0010726";"2025-12-16";"MI-001";"15"
"SAL-0010727";"2025-12-16";"MI-002";"14"
"SAL-0010728";"2025-12-16";"MI-003";"15"
"SAL-0010729";"2025-12-16";"MI-004";"11"
"SAL-0010730";"2025-12-16";"MI-005";"22"
"SAL-0010731";"2025-12-16";"MI-006";"15"
"SAL-0010732";"2025-12-16";"MI-007";"18"
"SAL-0010733";"2025-12-16";"MI-008";"8"
"SAL-0010734";"2025-12-16";"MI-009";"9"
"SAL-0010735";"2025-12-16";"MI-010";"11"
"SAL-0010736";"2025-12-16";"MI-011";"15"
"SAL-0010737";"2025-12-16";"MI-012";"10"
"SAL-0010738";"2025-12-16";"MI-013";"4"
"SAL-0010739";"2025-12-16";"MI-014";"5"
"SAL-0010740";"2025-12-16";"MI-015";"11"
"SAL-0010741";"2025-12-17";"MI-001";"17"
"SAL-0010742";"2025-12-17";"MI-002";"19"
"SAL-0010743";"2025-12-17";"MI-003";"12"
"SAL-0010744";"2025-12-17";"MI-004";"17"
"SAL-0010745";"2025-12-17";"MI-005";"15"
"SAL-0010746";"2025-12-17";"MI-006";"13"
"SAL-0010747";"2025-12-17";"MI-007";"18"
"SAL-0010748";"2025-12-17";"MI-008";"13"
"SAL-0010749";"2025-12-17";"MI-009";"9"
"SAL-0010750";"2025-12-17";"MI-010";"8"
"SAL-0010751";"2025-12-17";"MI-011";"14"
"SAL-0010752";"2025-12-17";"MI-012";"12"
"SAL-0010753";"2025-12-17";"MI-013";"16"
"SAL-0010754";"2025-12-17";"MI-014";"9"
"SAL-0010755";"2025-12-17";"MI-015";"15"
"SAL-0010756";"2025-12-18";"MI-001";"21"
"SAL-0010757";"2025-12-18";"MI-002";"19"
"SAL-0010758";"2025-12-18";"MI-003";"17"
"SAL-0010759";"2025-12-18";"MI-004";"9"
"SAL-0010760";"2025-12-18";"MI-005";"21"
"SAL-0010761";"2025-12-18";"MI-006";"10"
"SAL-0010762";"2025-12-18";"MI-007";"17"
"SAL-0010763";"2025-12-18";"MI-008";"9"
"SAL-0010764";"2025-12-18";"MI-009";"13"
"SAL-0010765";"2025-12-18";"MI-010";"6"
"SAL-0010766";"2025-12-18";"MI-011";"16"
"SAL-0010767";"2025-12-18";"MI-012";"8"
"SAL-0010768";"2025-12-18";"MI-013";"11"
"SAL-0010769";"2025-12-18";"MI-014";"5"
"SAL-0010770";"2025-12-18";"MI-015";"16"
"SAL-0010771";"2025-12-19";"MI-001";"23"
"SAL-0010772";"2025-12-19";"MI-002";"17"
"SAL-0010773";"2025-12-19";"MI-003";"21"
"SAL-0010774";"2025-12-19";"MI-004";"20"
"SAL-0010775";"2025-12-19";"MI-005";"25"
"SAL-0010776";"2025-12-19";"MI-006";"11"
"SAL-0010777";"2025-12-19";"MI-007";"18"
"SAL-0010778";"2025-12-19";"MI-008";"11"
"SAL-0010779";"2025-12-19";"MI-009";"6"
"SAL-0010780";"2025-12-19";"MI-010";"8"
"SAL-0010781";"2025-12-19";"MI-011";"24"
"SAL-0010782";"2025-12-19";"MI-012";"8"
"SAL-0010783";"2025-12-19";"MI-013";"13"
"SAL-0010784";"2025-12-19";"MI-014";"5"
"SAL-0010785";"2025-12-19";"MI-015";"12"
"SAL-0010786";"2025-12-20";"MI-001";"31"
"SAL-0010787";"2025-12-20";"MI-002";"30"
"SAL-0010788";"2025-12-20";"MI-003";"21"
"SAL-0010789";"2025-12-20";"MI-004";"20"
"SAL-0010790";"2025-12-20";"MI-005";"36"
"SAL-0010791";"2025-12-20";"MI-006";"18"
"SAL-0010792";"2025-12-20";"MI-007";"27"
"SAL-0010793";"2025-12-20";"MI-008";"18"
"SAL-0010794";"2025-12-20";"MI-009";"13"
"SAL-0010795";"2025-12-20";"MI-010";"21"
"SAL-0010796";"2025-12-20";"MI-011";"20"
"SAL-0010797";"2025-12-20";"MI-012";"13"
"SAL-0010798";"2025-12-20";"MI-013";"18"
"SAL-0010799";"2025-12-20";"MI-014";"8"
"SAL-0010800";"2025-12-20";"MI-015";"24"
"SAL-0010801";"2025-12-21";"MI-001";"12"
"SAL-0010802";"2025-12-21";"MI-002";"29"
"SAL-0010803";"2025-12-21";"MI-003";"19"
"SAL-0010804";"2025-12-21";"MI-004";"18"
"SAL-0010805";"2025-12-21";"MI-005";"23"
"SAL-0010806";"2025-12-21";"MI-006";"18"
"SAL-0010807";"2025-12-21";"MI-007";"20"
"SAL-0010808";"2025-12-21";"MI-008";"14"
"SAL-0010809";"2025-12-21";"MI-009";"12"
"SAL-0010810";"2025-12-21";"MI-010";"17"
"SAL-0010811";"2025-12-21";"MI-011";"14"
"SAL-0010812";"2025-12-21";"MI-012";"13"
"SAL-0010813";"2025-12-21";"MI-013";"23"
"SAL-0010814";"2025-12-21";"MI-014";"7"
"SAL-0010815";"2025-12-21";"MI-015";"20"
"SAL-0010816";"2025-12-22";"MI-001";"18"
"SAL-0010817";"2025-12-22";"MI-002";"14"
"SAL-0010818";"2025-12-22";"MI-003";"10"
"SAL-0010819";"2025-12-22";"MI-004";"10"
"SAL-0010820";"2025-12-22";"MI-005";"13"
"SAL-0010821";"2025-12-22";"MI-006";"7"
"SAL-0010822";"2025-12-22";"MI-007";"14"
"SAL-0010823";"2025-12-22";"MI-008";"10"
"SAL-0010824";"2025-12-22";"MI-009";"8"
"SAL-0010825";"2025-12-22";"MI-010";"13"
"SAL-0010826";"2025-12-22";"MI-011";"17"
"SAL-0010827";"2025-12-22";"MI-012";"8"
"SAL-0010828";"2025-12-22";"MI-013";"5"
"SAL-0010829";"2025-12-22";"MI-014";"3"
"SAL-0010830";"2025-12-22";"MI-015";"9"
"SAL-0010831";"2025-12-23";"MI-001";"19"
"SAL-0010832";"2025-12-23";"MI-002";"13"
"SAL-0010833";"2025-12-23";"MI-003";"15"
"SAL-0010834";"2025-12-23";"MI-004";"7"
"SAL-0010835";"2025-12-23";"MI-005";"13"
"SAL-0010836";"2025-12-23";"MI-006";"9"
"SAL-0010837";"2025-12-23";"MI-007";"15"
"SAL-0010838";"2025-12-23";"MI-008";"5"
"SAL-0010839";"2025-12-23";"MI-009";"9"
"SAL-0010840";"2025-12-23";"MI-010";"7"
"SAL-0010841";"2025-12-23";"MI-011";"10"
"SAL-0010842";"2025-12-23";"MI-012";"6"
"SAL-0010843";"2025-12-23";"MI-013";"4"
"SAL-0010844";"2025-12-23";"MI-014";"3"
"SAL-0010845";"2025-12-23";"MI-015";"5"
"SAL-0010846";"2025-12-24";"MI-001";"28"
"SAL-0010847";"2025-12-24";"MI-002";"18"
"SAL-0010848";"2025-12-24";"MI-003";"24"
"SAL-0010849";"2025-12-24";"MI-004";"16"
"SAL-0010850";"2025-12-24";"MI-005";"23"
"SAL-0010851";"2025-12-24";"MI-006";"12"
"SAL-0010852";"2025-12-24";"MI-007";"17"
"SAL-0010853";"2025-12-24";"MI-008";"10"
"SAL-0010854";"2025-12-24";"MI-009";"2"
"SAL-0010855";"2025-12-24";"MI-010";"7"
"SAL-0010856";"2025-12-24";"MI-011";"17"
"SAL-0010857";"2025-12-24";"MI-012";"7"
"SAL-0010858";"2025-12-24";"MI-013";"14"
"SAL-0010859";"2025-12-24";"MI-014";"8"
"SAL-0010860";"2025-12-24";"MI-015";"17"
"SAL-0010861";"2025-12-25";"MI-001";"27"
"SAL-0010862";"2025-12-25";"MI-002";"16"
"SAL-0010863";"2025-12-25";"MI-003";"24"
"SAL-0010864";"2025-12-25";"MI-004";"22"
"SAL-0010865";"2025-12-25";"MI-005";"32"
"SAL-0010866";"2025-12-25";"MI-006";"21"
"SAL-0010867";"2025-12-25";"MI-007";"14"
"SAL-0010868";"2025-12-25";"MI-008";"16"
"SAL-0010869";"2025-12-25";"MI-009";"8"
"SAL-0010870";"2025-12-25";"MI-010";"21"
"SAL-0010871";"2025-12-25";"MI-011";"20"
"SAL-0010872";"2025-12-25";"MI-012";"6"
"SAL-0010873";"2025-12-25";"MI-013";"15"
"SAL-0010874";"2025-12-25";"MI-014";"10"
"SAL-0010875";"2025-12-25";"MI-015";"15"
"SAL-0010876";"2025-12-26";"MI-001";"38"
"SAL-0010877";"2025-12-26";"MI-002";"24"
"SAL-0010878";"2025-12-26";"MI-003";"21"
"SAL-0010879";"2025-12-26";"MI-004";"21"
"SAL-0010880";"2025-12-26";"MI-005";"28"
"SAL-0010881";"2025-12-26";"MI-006";"15"
"SAL-0010882";"2025-12-26";"MI-007";"24"
"SAL-0010883";"2025-12-26";"MI-008";"20"
"SAL-0010884";"2025-12-26";"MI-009";"12"
"SAL-0010885";"2025-12-26";"MI-010";"12"
"SAL-0010886";"2025-12-26";"MI-011";"18"
"SAL-0010887";"2025-12-26";"MI-012";"11"
"SAL-0010888";"2025-12-26";"MI-013";"13"
"SAL-0010889";"2025-12-26";"MI-014";"5"
"SAL-0010890";"2025-12-26";"MI-015";"20"
"SAL-0010891";"2025-12-27";"MI-001";"37"
"SAL-0010892";"2025-12-27";"MI-002";"27"
"SAL-0010893";"2025-12-27";"MI-003";"34"
"SAL-0010894";"2025-12-27";"MI-004";"33"
"SAL-0010895";"2025-12-27";"MI-005";"40"
"SAL-0010896";"2025-12-27";"MI-006";"27"
"SAL-0010897";"2025-12-27";"MI-007";"38"
"SAL-0010898";"2025-12-27";"MI-008";"26"
"SAL-0010899";"2025-12-27";"MI-009";"21"
"SAL-0010900";"2025-12-27";"MI-010";"21"
"SAL-0010901";"2025-12-27";"MI-011";"19"
"SAL-0010902";"2025-12-27";"MI-012";"11"
"SAL-0010903";"2025-12-27";"MI-013";"13"
"SAL-0010904";"2025-12-27";"MI-014";"17"
"SAL-0010905";"2025-12-27";"MI-015";"22"
"SAL-0010906";"2025-12-28";"MI-001";"18"
"SAL-0010907";"2025-12-28";"MI-002";"17"
"SAL-0010908";"2025-12-28";"MI-003";"20"
"SAL-0010909";"2025-12-28";"MI-004";"25"
"SAL-0010910";"2025-12-28";"MI-005";"27"
"SAL-0010911";"2025-12-28";"MI-006";"12"
"SAL-0010912";"2025-12-28";"MI-007";"27"
"SAL-0010913";"2025-12-28";"MI-008";"12"
"SAL-0010914";"2025-12-28";"MI-009";"7"
"SAL-0010915";"2025-12-28";"MI-010";"15"
"SAL-0010916";"2025-12-28";"MI-011";"20"
"SAL-0010917";"2025-12-28";"MI-012";"12"
"SAL-0010918";"2025-12-28";"MI-013";"17"
"SAL-0010919";"2025-12-28";"MI-014";"10"
"SAL-0010920";"2025-12-28";"MI-015";"12"
"SAL-0010921";"2025-12-29";"MI-001";"21"
"SAL-0010922";"2025-12-29";"MI-002";"14"
"SAL-0010923";"2025-12-29";"MI-003";"6"
"SAL-0010924";"2025-12-29";"MI-004";"9"
"SAL-0010925";"2025-12-29";"MI-005";"20"
"SAL-0010926";"2025-12-29";"MI-006";"11"
"SAL-0010927";"2025-12-29";"MI-007";"17"
"SAL-0010928";"2025-12-29";"MI-008";"6"
"SAL-0010929";"2025-12-29";"MI-009";"4"
"SAL-0010930";"2025-12-29";"MI-010";"1"
"SAL-0010931";"2025-12-29";"MI-011";"10"
"SAL-0010932";"2025-12-29";"MI-012";"2"
"SAL-0010933";"2025-12-29";"MI-013";"4"
"SAL-0010934";"2025-12-29";"MI-014";"6"
"SAL-0010935";"2025-12-29";"MI-015";"9"
"SAL-0010936";"2025-12-30";"MI-001";"25"
"SAL-0010937";"2025-12-30";"MI-002";"15"
"SAL-0010938";"2025-12-30";"MI-003";"13"
"SAL-0010939";"2025-12-30";"MI-004";"8"
"SAL-0010940";"2025-12-30";"MI-005";"12"
"SAL-0010941";"2025-12-30";"MI-006";"15"
"SAL-0010942";"2025-12-30";"MI-007";"11"
"SAL-0010943";"2025-12-30";"MI-008";"7"
"SAL-0010944";"2025-12-30";"MI-009";"6"
"SAL-0010945";"2025-12-30";"MI-010";"4"
"SAL-0010946";"2025-12-30";"MI-011";"5"
"SAL-0010947";"2025-12-30";"MI-012";"10"
"SAL-0010948";"2025-12-30";"MI-013";"9"
"SAL-0010949";"2025-12-30";"MI-014";"8"
"SAL-0010950";"2025-12-30";"MI-015";"5"
"SAL-0010951";"2025-12-31";"MI-001";"23"
"SAL-0010952";"2025-12-31";"MI-002";"17"
"SAL-0010953";"2025-12-31";"MI-003";"19"
"SAL-0010954";"2025-12-31";"MI-004";"10"
"SAL-0010955";"2025-12-31";"MI-005";"27"
"SAL-0010956";"2025-12-31";"MI-006";"15"
"SAL-0010957";"2025-12-31";"MI-007";"8"
"SAL-0010958";"2025-12-31";"MI-008";"6"
"SAL-0010959";"2025-12-31";"MI-009";"3"
"SAL-0010960";"2025-12-31";"MI-010";"6"
"SAL-0010961";"2025-12-31";"MI-011";"11"
"SAL-0010962";"2025-12-31";"MI-012";"7"
"SAL-0010963";"2025-12-31";"MI-013";"8"
"SAL-0010964";"2025-12-31";"MI-014";"9"
"SAL-0010965";"2025-12-31";"MI-015";"11"
"SAL-0010966";"2026-01-01";"MI-001";"38"
"SAL-0010967";"2026-01-01";"MI-002";"15"
"SAL-0010968";"2026-01-01";"MI-003";"31"
"SAL-0010969";"2026-01-01";"MI-004";"18"
"SAL-0010970";"2026-01-01";"MI-005";"30"
"SAL-0010971";"2026-01-01";"MI-006";"15"
"SAL-0010972";"2026-01-01";"MI-007";"19"
"SAL-0010973";"2026-01-01";"MI-008";"13"
"SAL-0010974";"2026-01-01";"MI-009";"14"
"SAL-0010975";"2026-01-01";"MI-010";"17"
"SAL-0010976";"2026-01-01";"MI-011";"13"
"SAL-0010977";"2026-01-01";"MI-012";"14"
"SAL-0010978";"2026-01-01";"MI-013";"15"
"SAL-0010979";"2026-01-01";"MI-014";"8"
"SAL-0010980";"2026-01-01";"MI-015";"21"
"SAL-0010981";"2026-01-02";"MI-001";"30"
"SAL-0010982";"2026-01-02";"MI-002";"22"
"SAL-0010983";"2026-01-02";"MI-003";"19"
"SAL-0010984";"2026-01-02";"MI-004";"17"
"SAL-0010985";"2026-01-02";"MI-005";"25"
"SAL-0010986";"2026-01-02";"MI-006";"12"
"SAL-0010987";"2026-01-02";"MI-007";"13"
"SAL-0010988";"2026-01-02";"MI-008";"8"
"SAL-0010989";"2026-01-02";"MI-009";"6"
"SAL-0010990";"2026-01-02";"MI-010";"13"
"SAL-0010991";"2026-01-02";"MI-011";"16"
"SAL-0010992";"2026-01-02";"MI-012";"6"
"SAL-0010993";"2026-01-02";"MI-013";"11"
"SAL-0010994";"2026-01-02";"MI-014";"11"
"SAL-0010995";"2026-01-02";"MI-015";"11"
"SAL-0010996";"2026-01-03";"MI-001";"34"
"SAL-0010997";"2026-01-03";"MI-002";"29"
"SAL-0010998";"2026-01-03";"MI-003";"26"
"SAL-0010999";"2026-01-03";"MI-004";"19"
"SAL-0011000";"2026-01-03";"MI-005";"27"
"SAL-0011001";"2026-01-03";"MI-006";"18"
"SAL-0011002";"2026-01-03";"MI-007";"20"
"SAL-0011003";"2026-01-03";"MI-008";"15"
"SAL-0011004";"2026-01-03";"MI-009";"13"
"SAL-0011005";"2026-01-03";"MI-010";"11"
"SAL-0011006";"2026-01-03";"MI-011";"10"
"SAL-0011007";"2026-01-03";"MI-012";"10"
"SAL-0011008";"2026-01-03";"MI-013";"19"
"SAL-0011009";"2026-01-03";"MI-014";"12"
"SAL-0011010";"2026-01-03";"MI-015";"16"
"SAL-0011011";"2026-01-04";"MI-001";"33"
"SAL-0011012";"2026-01-04";"MI-002";"30"
"SAL-0011013";"2026-01-04";"MI-003";"32"
"SAL-0011014";"2026-01-04";"MI-004";"17"
"SAL-0011015";"2026-01-04";"MI-005";"27"
"SAL-0011016";"2026-01-04";"MI-006";"22"
"SAL-0011017";"2026-01-04";"MI-007";"28"
"SAL-0011018";"2026-01-04";"MI-008";"8"
"SAL-0011019";"2026-01-04";"MI-009";"20"
"SAL-0011020";"2026-01-04";"MI-010";"11"
"SAL-0011021";"2026-01-04";"MI-011";"20"
"SAL-0011022";"2026-01-04";"MI-012";"13"
"SAL-0011023";"2026-01-04";"MI-013";"20"
"SAL-0011024";"2026-01-04";"MI-014";"7"
"SAL-0011025";"2026-01-04";"MI-015";"15"
"SAL-0011026";"2026-01-05";"MI-001";"18"
"SAL-0011027";"2026-01-05";"MI-002";"14"
"SAL-0011028";"2026-01-05";"MI-003";"16"
"SAL-0011029";"2026-01-05";"MI-004";"9"
"SAL-0011030";"2026-01-05";"MI-005";"19"
"SAL-0011031";"2026-01-05";"MI-006";"9"
"SAL-0011032";"2026-01-05";"MI-007";"7"
"SAL-0011033";"2026-01-05";"MI-008";"3"
"SAL-0011034";"2026-01-05";"MI-009";"4"
"SAL-0011035";"2026-01-05";"MI-010";"8"
"SAL-0011036";"2026-01-05";"MI-011";"10"
"SAL-0011037";"2026-01-05";"MI-012";"6"
"SAL-0011038";"2026-01-05";"MI-013";"7"
"SAL-0011039";"2026-01-05";"MI-014";"4"
"SAL-0011040";"2026-01-05";"MI-015";"9"
"SAL-0011041";"2026-01-06";"MI-001";"22"
"SAL-0011042";"2026-01-06";"MI-002";"14"
"SAL-0011043";"2026-01-06";"MI-003";"24"
"SAL-0011044";"2026-01-06";"MI-004";"15"
"SAL-0011045";"2026-01-06";"MI-005";"14"
"SAL-0011046";"2026-01-06";"MI-006";"9"
"SAL-0011047";"2026-01-06";"MI-007";"7"
"SAL-0011048";"2026-01-06";"MI-008";"4"
"SAL-0011049";"2026-01-06";"MI-009";"7"
"SAL-0011050";"2026-01-06";"MI-010";"10"
"SAL-0011051";"2026-01-06";"MI-011";"9"
"SAL-0011052";"2026-01-06";"MI-012";"4"
"SAL-0011053";"2026-01-06";"MI-013";"8"
"SAL-0011054";"2026-01-06";"MI-014";"2"
"SAL-0011055";"2026-01-06";"MI-015";"9"
"SAL-0011056";"2026-01-07";"MI-001";"25"
"SAL-0011057";"2026-01-07";"MI-002";"12"
"SAL-0011058";"2026-01-07";"MI-003";"11"
"SAL-0011059";"2026-01-07";"MI-004";"13"
"SAL-0011060";"2026-01-07";"MI-005";"22"
"SAL-0011061";"2026-01-07";"MI-006";"12"
"SAL-0011062";"2026-01-07";"MI-007";"12"
"SAL-0011063";"2026-01-07";"MI-008";"7"
"SAL-0011064";"2026-01-07";"MI-009";"6"
"SAL-0011065";"2026-01-07";"MI-010";"10"
"SAL-0011066";"2026-01-07";"MI-011";"5"
"SAL-0011067";"2026-01-07";"MI-012";"4"
"SAL-0011068";"2026-01-07";"MI-013";"9"
"SAL-0011069";"2026-01-07";"MI-014";"7"
"SAL-0011070";"2026-01-07";"MI-015";"0"
"SAL-0011071";"2026-01-08";"MI-001";"30"
"SAL-0011072";"2026-01-08";"MI-002";"18"
"SAL-0011073";"2026-01-08";"MI-003";"19"
"SAL-0011074";"2026-01-08";"MI-004";"14"
"SAL-0011075";"2026-01-08";"MI-005";"26"
"SAL-0011076";"2026-01-08";"MI-006";"15"
"SAL-0011077";"2026-01-08";"MI-007";"17"
"SAL-0011078";"2026-01-08";"MI-008";"7"
"SAL-0011079";"2026-01-08";"MI-009";"7"
"SAL-0011080";"2026-01-08";"MI-010";"13"
"SAL-0011081";"2026-01-08";"MI-011";"10"
"SAL-0011082";"2026-01-08";"MI-012";"8"
"SAL-0011083";"2026-01-08";"MI-013";"12"
"SAL-0011084";"2026-01-08";"MI-014";"1"
"SAL-0011085";"2026-01-08";"MI-015";"12"
"SAL-0011086";"2026-01-09";"MI-001";"28"
"SAL-0011087";"2026-01-09";"MI-002";"26"
"SAL-0011088";"2026-01-09";"MI-003";"28"
"SAL-0011089";"2026-01-09";"MI-004";"19"
"SAL-0011090";"2026-01-09";"MI-005";"18"
"SAL-0011091";"2026-01-09";"MI-006";"20"
"SAL-0011092";"2026-01-09";"MI-007";"29"
"SAL-0011093";"2026-01-09";"MI-008";"14"
"SAL-0011094";"2026-01-09";"MI-009";"11"
"SAL-0011095";"2026-01-09";"MI-010";"15"
"SAL-0011096";"2026-01-09";"MI-011";"18"
"SAL-0011097";"2026-01-09";"MI-012";"10"
"SAL-0011098";"2026-01-09";"MI-013";"19"
"SAL-0011099";"2026-01-09";"MI-014";"11"
"SAL-0011100";"2026-01-09";"MI-015";"13"
"SAL-0011101";"2026-01-10";"MI-001";"27"
"SAL-0011102";"2026-01-10";"MI-002";"14"
"SAL-0011103";"2026-01-10";"MI-003";"33"
"SAL-0011104";"2026-01-10";"MI-004";"20"
"SAL-0011105";"2026-01-10";"MI-005";"23"
"SAL-0011106";"2026-01-10";"MI-006";"13"
"SAL-0011107";"2026-01-10";"MI-007";"23"
"SAL-0011108";"2026-01-10";"MI-008";"17"
"SAL-0011109";"2026-01-10";"MI-009";"12"
"SAL-0011110";"2026-01-10";"MI-010";"11"
"SAL-0011111";"2026-01-10";"MI-011";"16"
"SAL-0011112";"2026-01-10";"MI-012";"16"
"SAL-0011113";"2026-01-10";"MI-013";"9"
"SAL-0011114";"2026-01-10";"MI-014";"11"
"SAL-0011115";"2026-01-10";"MI-015";"12"
"SAL-0011116";"2026-01-11";"MI-001";"33"
"SAL-0011117";"2026-01-11";"MI-002";"23"
"SAL-0011118";"2026-01-11";"MI-003";"22"
"SAL-0011119";"2026-01-11";"MI-004";"15"
"SAL-0011120";"2026-01-11";"MI-005";"32"
"SAL-0011121";"2026-01-11";"MI-006";"10"
"SAL-0011122";"2026-01-11";"MI-007";"22"
"SAL-0011123";"2026-01-11";"MI-008";"15"
"SAL-0011124";"2026-01-11";"MI-009";"14"
"SAL-0011125";"2026-01-11";"MI-010";"16"
"SAL-0011126";"2026-01-11";"MI-011";"34"
"SAL-0011127";"2026-01-11";"MI-012";"7"
"SAL-0011128";"2026-01-11";"MI-013";"21"
"SAL-0011129";"2026-01-11";"MI-014";"12"
"SAL-0011130";"2026-01-11";"MI-015";"19"
"SAL-0011131";"2026-01-12";"MI-001";"16"
"SAL-0011132";"2026-01-12";"MI-002";"16"
"SAL-0011133";"2026-01-12";"MI-003";"16"
"SAL-0011134";"2026-01-12";"MI-004";"14"
"SAL-0011135";"2026-01-12";"MI-005";"17"
"SAL-0011136";"2026-01-12";"MI-006";"7"
"SAL-0011137";"2026-01-12";"MI-007";"16"
"SAL-0011138";"2026-01-12";"MI-008";"12"
"SAL-0011139";"2026-01-12";"MI-009";"3"
"SAL-0011140";"2026-01-12";"MI-010";"6"
"SAL-0011141";"2026-01-12";"MI-011";"7"
"SAL-0011142";"2026-01-12";"MI-012";"5"
"SAL-0011143";"2026-01-12";"MI-013";"5"
"SAL-0011144";"2026-01-12";"MI-014";"8"
"SAL-0011145";"2026-01-12";"MI-015";"9"
"SAL-0011146";"2026-01-13";"MI-001";"19"
"SAL-0011147";"2026-01-13";"MI-002";"13"
"SAL-0011148";"2026-01-13";"MI-003";"25"
"SAL-0011149";"2026-01-13";"MI-004";"5"
"SAL-0011150";"2026-01-13";"MI-005";"7"
"SAL-0011151";"2026-01-13";"MI-006";"13"
"SAL-0011152";"2026-01-13";"MI-007";"19"
"SAL-0011153";"2026-01-13";"MI-008";"6"
"SAL-0011154";"2026-01-13";"MI-009";"10"
"SAL-0011155";"2026-01-13";"MI-010";"5"
"SAL-0011156";"2026-01-13";"MI-011";"4"
"SAL-0011157";"2026-01-13";"MI-012";"10"
"SAL-0011158";"2026-01-13";"MI-013";"5"
"SAL-0011159";"2026-01-13";"MI-014";"6"
"SAL-0011160";"2026-01-13";"MI-015";"11"
"SAL-0011161";"2026-01-14";"MI-001";"22"
"SAL-0011162";"2026-01-14";"MI-002";"17"
"SAL-0011163";"2026-01-14";"MI-003";"17"
"SAL-0011164";"2026-01-14";"MI-004";"9"
"SAL-0011165";"2026-01-14";"MI-005";"9"
"SAL-0011166";"2026-01-14";"MI-006";"12"
"SAL-0011167";"2026-01-14";"MI-007";"12"
"SAL-0011168";"2026-01-14";"MI-008";"9"
"SAL-0011169";"2026-01-14";"MI-009";"5"
"SAL-0011170";"2026-01-14";"MI-010";"6"
"SAL-0011171";"2026-01-14";"MI-011";"7"
"SAL-0011172";"2026-01-14";"MI-012";"5"
"SAL-0011173";"2026-01-14";"MI-013";"9"
"SAL-0011174";"2026-01-14";"MI-014";"7"
"SAL-0011175";"2026-01-14";"MI-015";"11"
"SAL-0011176";"2026-01-15";"MI-001";"20"
"SAL-0011177";"2026-01-15";"MI-002";"16"
"SAL-0011178";"2026-01-15";"MI-003";"23"
"SAL-0011179";"2026-01-15";"MI-004";"10"
"SAL-0011180";"2026-01-15";"MI-005";"18"
"SAL-0011181";"2026-01-15";"MI-006";"12"
"SAL-0011182";"2026-01-15";"MI-007";"15"
"SAL-0011183";"2026-01-15";"MI-008";"10"
"SAL-0011184";"2026-01-15";"MI-009";"11"
"SAL-0011185";"2026-01-15";"MI-010";"6"
"SAL-0011186";"2026-01-15";"MI-011";"9"
"SAL-0011187";"2026-01-15";"MI-012";"8"
"SAL-0011188";"2026-01-15";"MI-013";"7"
"SAL-0011189";"2026-01-15";"MI-014";"2"
"SAL-0011190";"2026-01-15";"MI-015";"7"
"SAL-0011191";"2026-01-16";"MI-001";"20"
"SAL-0011192";"2026-01-16";"MI-002";"18"
"SAL-0011193";"2026-01-16";"MI-003";"26"
"SAL-0011194";"2026-01-16";"MI-004";"18"
"SAL-0011195";"2026-01-16";"MI-005";"29"
"SAL-0011196";"2026-01-16";"MI-006";"9"
"SAL-0011197";"2026-01-16";"MI-007";"24"
"SAL-0011198";"2026-01-16";"MI-008";"17"
"SAL-0011199";"2026-01-16";"MI-009";"8"
"SAL-0011200";"2026-01-16";"MI-010";"15"
"SAL-0011201";"2026-01-16";"MI-011";"13"
"SAL-0011202";"2026-01-16";"MI-012";"11"
"SAL-0011203";"2026-01-16";"MI-013";"15"
"SAL-0011204";"2026-01-16";"MI-014";"4"
"SAL-0011205";"2026-01-16";"MI-015";"18"
"SAL-0011206";"2026-01-17";"MI-001";"39"
"SAL-0011207";"2026-01-17";"MI-002";"38"
"SAL-0011208";"2026-01-17";"MI-003";"34"
"SAL-0011209";"2026-01-17";"MI-004";"19"
"SAL-0011210";"2026-01-17";"MI-005";"28"
"SAL-0011211";"2026-01-17";"MI-006";"21"
"SAL-0011212";"2026-01-17";"MI-007";"31"
"SAL-0011213";"2026-01-17";"MI-008";"24"
"SAL-0011214";"2026-01-17";"MI-009";"18"
"SAL-0011215";"2026-01-17";"MI-010";"19"
"SAL-0011216";"2026-01-17";"MI-011";"21"
"SAL-0011217";"2026-01-17";"MI-012";"13"
"SAL-0011218";"2026-01-17";"MI-013";"18"
"SAL-0011219";"2026-01-17";"MI-014";"14"
"SAL-0011220";"2026-01-17";"MI-015";"29"
"SAL-0011221";"2026-01-18";"MI-001";"29"
"SAL-0011222";"2026-01-18";"MI-002";"22"
"SAL-0011223";"2026-01-18";"MI-003";"27"
"SAL-0011224";"2026-01-18";"MI-004";"15"
"SAL-0011225";"2026-01-18";"MI-005";"34"
"SAL-0011226";"2026-01-18";"MI-006";"10"
"SAL-0011227";"2026-01-18";"MI-007";"31"
"SAL-0011228";"2026-01-18";"MI-008";"19"
"SAL-0011229";"2026-01-18";"MI-009";"14"
"SAL-0011230";"2026-01-18";"MI-010";"17"
"SAL-0011231";"2026-01-18";"MI-011";"23"
"SAL-0011232";"2026-01-18";"MI-012";"13"
"SAL-0011233";"2026-01-18";"MI-013";"13"
"SAL-0011234";"2026-01-18";"MI-014";"5"
"SAL-0011235";"2026-01-18";"MI-015";"19"
"SAL-0011236";"2026-01-19";"MI-001";"15"
"SAL-0011237";"2026-01-19";"MI-002";"10"
"SAL-0011238";"2026-01-19";"MI-003";"17"
"SAL-0011239";"2026-01-19";"MI-004";"14"
"SAL-0011240";"2026-01-19";"MI-005";"13"
"SAL-0011241";"2026-01-19";"MI-006";"10"
"SAL-0011242";"2026-01-19";"MI-007";"13"
"SAL-0011243";"2026-01-19";"MI-008";"11"
"SAL-0011244";"2026-01-19";"MI-009";"8"
"SAL-0011245";"2026-01-19";"MI-010";"9"
"SAL-0011246";"2026-01-19";"MI-011";"11"
"SAL-0011247";"2026-01-19";"MI-012";"7"
"SAL-0011248";"2026-01-19";"MI-013";"7"
"SAL-0011249";"2026-01-19";"MI-014";"6"
"SAL-0011250";"2026-01-19";"MI-015";"9"
"SAL-0011251";"2026-01-20";"MI-001";"14"
"SAL-0011252";"2026-01-20";"MI-002";"23"
"SAL-0011253";"2026-01-20";"MI-003";"13"
"SAL-0011254";"2026-01-20";"MI-004";"9"
"SAL-0011255";"2026-01-20";"MI-005";"16"
"SAL-0011256";"2026-01-20";"MI-006";"7"
"SAL-0011257";"2026-01-20";"MI-007";"18"
"SAL-0011258";"2026-01-20";"MI-008";"14"
"SAL-0011259";"2026-01-20";"MI-009";"8"
"SAL-0011260";"2026-01-20";"MI-010";"9"
"SAL-0011261";"2026-01-20";"MI-011";"11"
"SAL-0011262";"2026-01-20";"MI-012";"7"
"SAL-0011263";"2026-01-20";"MI-013";"5"
"SAL-0011264";"2026-01-20";"MI-014";"6"
"SAL-0011265";"2026-01-20";"MI-015";"11"
"SAL-0011266";"2026-01-21";"MI-001";"12"
"SAL-0011267";"2026-01-21";"MI-002";"18"
"SAL-0011268";"2026-01-21";"MI-003";"22"
"SAL-0011269";"2026-01-21";"MI-004";"11"
"SAL-0011270";"2026-01-21";"MI-005";"22"
"SAL-0011271";"2026-01-21";"MI-006";"13"
"SAL-0011272";"2026-01-21";"MI-007";"15"
"SAL-0011273";"2026-01-21";"MI-008";"17"
"SAL-0011274";"2026-01-21";"MI-009";"8"
"SAL-0011275";"2026-01-21";"MI-010";"12"
"SAL-0011276";"2026-01-21";"MI-011";"13"
"SAL-0011277";"2026-01-21";"MI-012";"13"
"SAL-0011278";"2026-01-21";"MI-013";"6"
"SAL-0011279";"2026-01-21";"MI-014";"5"
"SAL-0011280";"2026-01-21";"MI-015";"10"
"SAL-0011281";"2026-01-22";"MI-001";"25"
"SAL-0011282";"2026-01-22";"MI-002";"10"
"SAL-0011283";"2026-01-22";"MI-003";"16"
"SAL-0011284";"2026-01-22";"MI-004";"12"
"SAL-0011285";"2026-01-22";"MI-005";"26"
"SAL-0011286";"2026-01-22";"MI-006";"9"
"SAL-0011287";"2026-01-22";"MI-007";"19"
"SAL-0011288";"2026-01-22";"MI-008";"12"
"SAL-0011289";"2026-01-22";"MI-009";"16"
"SAL-0011290";"2026-01-22";"MI-010";"13"
"SAL-0011291";"2026-01-22";"MI-011";"9"
"SAL-0011292";"2026-01-22";"MI-012";"7"
"SAL-0011293";"2026-01-22";"MI-013";"10"
"SAL-0011294";"2026-01-22";"MI-014";"9"
"SAL-0011295";"2026-01-22";"MI-015";"11"
"SAL-0011296";"2026-01-23";"MI-001";"28"
"SAL-0011297";"2026-01-23";"MI-002";"16"
"SAL-0011298";"2026-01-23";"MI-003";"26"
"SAL-0011299";"2026-01-23";"MI-004";"13"
"SAL-0011300";"2026-01-23";"MI-005";"27"
"SAL-0011301";"2026-01-23";"MI-006";"10"
"SAL-0011302";"2026-01-23";"MI-007";"20"
"SAL-0011303";"2026-01-23";"MI-008";"11"
"SAL-0011304";"2026-01-23";"MI-009";"7"
"SAL-0011305";"2026-01-23";"MI-010";"15"
"SAL-0011306";"2026-01-23";"MI-011";"20"
"SAL-0011307";"2026-01-23";"MI-012";"13"
"SAL-0011308";"2026-01-23";"MI-013";"18"
"SAL-0011309";"2026-01-23";"MI-014";"8"
"SAL-0011310";"2026-01-23";"MI-015";"16"
"SAL-0011311";"2026-01-24";"MI-001";"29"
"SAL-0011312";"2026-01-24";"MI-002";"20"
"SAL-0011313";"2026-01-24";"MI-003";"29"
"SAL-0011314";"2026-01-24";"MI-004";"16"
"SAL-0011315";"2026-01-24";"MI-005";"36"
"SAL-0011316";"2026-01-24";"MI-006";"24"
"SAL-0011317";"2026-01-24";"MI-007";"26"
"SAL-0011318";"2026-01-24";"MI-008";"16"
"SAL-0011319";"2026-01-24";"MI-009";"12"
"SAL-0011320";"2026-01-24";"MI-010";"13"
"SAL-0011321";"2026-01-24";"MI-011";"14"
"SAL-0011322";"2026-01-24";"MI-012";"9"
"SAL-0011323";"2026-01-24";"MI-013";"8"
"SAL-0011324";"2026-01-24";"MI-014";"11"
"SAL-0011325";"2026-01-24";"MI-015";"11"
"SAL-0011326";"2026-01-25";"MI-001";"39"
"SAL-0011327";"2026-01-25";"MI-002";"17"
"SAL-0011328";"2026-01-25";"MI-003";"16"
"SAL-0011329";"2026-01-25";"MI-004";"17"
"SAL-0011330";"2026-01-25";"MI-005";"23"
"SAL-0011331";"2026-01-25";"MI-006";"14"
"SAL-0011332";"2026-01-25";"MI-007";"24"
"SAL-0011333";"2026-01-25";"MI-008";"10"
"SAL-0011334";"2026-01-25";"MI-009";"19"
"SAL-0011335";"2026-01-25";"MI-010";"10"
"SAL-0011336";"2026-01-25";"MI-011";"23"
"SAL-0011337";"2026-01-25";"MI-012";"12"
"SAL-0011338";"2026-01-25";"MI-013";"20"
"SAL-0011339";"2026-01-25";"MI-014";"4"
"SAL-0011340";"2026-01-25";"MI-015";"13"
"SAL-0011341";"2026-01-26";"MI-001";"21"
"SAL-0011342";"2026-01-26";"MI-002";"11"
"SAL-0011343";"2026-01-26";"MI-003";"23"
"SAL-0011344";"2026-01-26";"MI-004";"17"
"SAL-0011345";"2026-01-26";"MI-005";"21"
"SAL-0011346";"2026-01-26";"MI-006";"10"
"SAL-0011347";"2026-01-26";"MI-007";"12"
"SAL-0011348";"2026-01-26";"MI-008";"8"
"SAL-0011349";"2026-01-26";"MI-009";"9"
"SAL-0011350";"2026-01-26";"MI-010";"9"
"SAL-0011351";"2026-01-26";"MI-011";"13"
"SAL-0011352";"2026-01-26";"MI-012";"6"
"SAL-0011353";"2026-01-26";"MI-013";"5"
"SAL-0011354";"2026-01-26";"MI-014";"8"
"SAL-0011355";"2026-01-26";"MI-015";"13"
"SAL-0011356";"2026-01-27";"MI-001";"20"
"SAL-0011357";"2026-01-27";"MI-002";"16"
"SAL-0011358";"2026-01-27";"MI-003";"13"
"SAL-0011359";"2026-01-27";"MI-004";"16"
"SAL-0011360";"2026-01-27";"MI-005";"15"
"SAL-0011361";"2026-01-27";"MI-006";"13"
"SAL-0011362";"2026-01-27";"MI-007";"11"
"SAL-0011363";"2026-01-27";"MI-008";"11"
"SAL-0011364";"2026-01-27";"MI-009";"1"
"SAL-0011365";"2026-01-27";"MI-010";"8"
"SAL-0011366";"2026-01-27";"MI-011";"11"
"SAL-0011367";"2026-01-27";"MI-012";"7"
"SAL-0011368";"2026-01-27";"MI-013";"8"
"SAL-0011369";"2026-01-27";"MI-014";"3"
"SAL-0011370";"2026-01-27";"MI-015";"4"
"SAL-0011371";"2026-01-28";"MI-001";"17"
"SAL-0011372";"2026-01-28";"MI-002";"13"
"SAL-0011373";"2026-01-28";"MI-003";"18"
"SAL-0011374";"2026-01-28";"MI-004";"9"
"SAL-0011375";"2026-01-28";"MI-005";"7"
"SAL-0011376";"2026-01-28";"MI-006";"12"
"SAL-0011377";"2026-01-28";"MI-007";"16"
"SAL-0011378";"2026-01-28";"MI-008";"6"
"SAL-0011379";"2026-01-28";"MI-009";"3"
"SAL-0011380";"2026-01-28";"MI-010";"12"
"SAL-0011381";"2026-01-28";"MI-011";"13"
"SAL-0011382";"2026-01-28";"MI-012";"7"
"SAL-0011383";"2026-01-28";"MI-013";"3"
"SAL-0011384";"2026-01-28";"MI-014";"5"
"SAL-0011385";"2026-01-28";"MI-015";"10"
"SAL-0011386";"2026-01-29";"MI-001";"31"
"SAL-0011387";"2026-01-29";"MI-002";"15"
"SAL-0011388";"2026-01-29";"MI-003";"23"
"SAL-0011389";"2026-01-29";"MI-004";"17"
"SAL-0011390";"2026-01-29";"MI-005";"27"
"SAL-0011391";"2026-01-29";"MI-006";"18"
"SAL-0011392";"2026-01-29";"MI-007";"14"
"SAL-0011393";"2026-01-29";"MI-008";"13"
"SAL-0011394";"2026-01-29";"MI-009";"11"
"SAL-0011395";"2026-01-29";"MI-010";"6"
"SAL-0011396";"2026-01-29";"MI-011";"16"
"SAL-0011397";"2026-01-29";"MI-012";"3"
"SAL-0011398";"2026-01-29";"MI-013";"17"
"SAL-0011399";"2026-01-29";"MI-014";"8"
"SAL-0011400";"2026-01-29";"MI-015";"14"
"SAL-0011401";"2026-01-30";"MI-001";"22"
"SAL-0011402";"2026-01-30";"MI-002";"15"
"SAL-0011403";"2026-01-30";"MI-003";"28"
"SAL-0011404";"2026-01-30";"MI-004";"13"
"SAL-0011405";"2026-01-30";"MI-005";"18"
"SAL-0011406";"2026-01-30";"MI-006";"19"
"SAL-0011407";"2026-01-30";"MI-007";"22"
"SAL-0011408";"2026-01-30";"MI-008";"17"
"SAL-0011409";"2026-01-30";"MI-009";"9"
"SAL-0011410";"2026-01-30";"MI-010";"11"
"SAL-0011411";"2026-01-30";"MI-011";"21"
"SAL-0011412";"2026-01-30";"MI-012";"1"
"SAL-0011413";"2026-01-30";"MI-013";"18"
"SAL-0011414";"2026-01-30";"MI-014";"13"
"SAL-0011415";"2026-01-30";"MI-015";"12"
"SAL-0011416";"2026-01-31";"MI-001";"36"
"SAL-0011417";"2026-01-31";"MI-002";"26"
"SAL-0011418";"2026-01-31";"MI-003";"24"
"SAL-0011419";"2026-01-31";"MI-004";"16"
"SAL-0011420";"2026-01-31";"MI-005";"28"
"SAL-0011421";"2026-01-31";"MI-006";"4"
"SAL-0011422";"2026-01-31";"MI-007";"24"
"SAL-0011423";"2026-01-31";"MI-008";"11"
"SAL-0011424";"2026-01-31";"MI-009";"8"
"SAL-0011425";"2026-01-31";"MI-010";"15"
"SAL-0011426";"2026-01-31";"MI-011";"12"
"SAL-0011427";"2026-01-31";"MI-012";"10"
"SAL-0011428";"2026-01-31";"MI-013";"10"
"SAL-0011429";"2026-01-31";"MI-014";"5"
"SAL-0011430";"2026-01-31";"MI-015";"18"
"SAL-0011431";"2026-02-01";"MI-001";"39"
"SAL-0011432";"2026-02-01";"MI-002";"24"
"SAL-0011433";"2026-02-01";"MI-003";"26"
"SAL-0011434";"2026-02-01";"MI-004";"17"
"SAL-0011435";"2026-02-01";"MI-005";"20"
"SAL-0011436";"2026-02-01";"MI-006";"19"
"SAL-0011437";"2026-02-01";"MI-007";"18"
"SAL-0011438";"2026-02-01";"MI-008";"17"
"SAL-0011439";"2026-02-01";"MI-009";"12"
"SAL-0011440";"2026-02-01";"MI-010";"19"
"SAL-0011441";"2026-02-01";"MI-011";"21"
"SAL-0011442";"2026-02-01";"MI-012";"6"
"SAL-0011443";"2026-02-01";"MI-013";"18"
"SAL-0011444";"2026-02-01";"MI-014";"11"
"SAL-0011445";"2026-02-01";"MI-015";"16"
"SAL-0011446";"2026-02-02";"MI-001";"12"
"SAL-0011447";"2026-02-02";"MI-002";"20"
"SAL-0011448";"2026-02-02";"MI-003";"19"
"SAL-0011449";"2026-02-02";"MI-004";"9"
"SAL-0011450";"2026-02-02";"MI-005";"17"
"SAL-0011451";"2026-02-02";"MI-006";"7"
"SAL-0011452";"2026-02-02";"MI-007";"14"
"SAL-0011453";"2026-02-02";"MI-008";"16"
"SAL-0011454";"2026-02-02";"MI-009";"9"
"SAL-0011455";"2026-02-02";"MI-010";"4"
"SAL-0011456";"2026-02-02";"MI-011";"5"
"SAL-0011457";"2026-02-02";"MI-012";"5"
"SAL-0011458";"2026-02-02";"MI-013";"8"
"SAL-0011459";"2026-02-02";"MI-014";"3"
"SAL-0011460";"2026-02-02";"MI-015";"12"
"SAL-0011461";"2026-02-03";"MI-001";"13"
"SAL-0011462";"2026-02-03";"MI-002";"15"
"SAL-0011463";"2026-02-03";"MI-003";"15"
"SAL-0011464";"2026-02-03";"MI-004";"19"
"SAL-0011465";"2026-02-03";"MI-005";"17"
"SAL-0011466";"2026-02-03";"MI-006";"11"
"SAL-0011467";"2026-02-03";"MI-007";"12"
"SAL-0011468";"2026-02-03";"MI-008";"5"
"SAL-0011469";"2026-02-03";"MI-009";"10"
"SAL-0011470";"2026-02-03";"MI-010";"6"
"SAL-0011471";"2026-02-03";"MI-011";"12"
"SAL-0011472";"2026-02-03";"MI-012";"8"
"SAL-0011473";"2026-02-03";"MI-013";"8"
"SAL-0011474";"2026-02-03";"MI-014";"4"
"SAL-0011475";"2026-02-03";"MI-015";"4"
"SAL-0011476";"2026-02-04";"MI-001";"25"
"SAL-0011477";"2026-02-04";"MI-002";"17"
"SAL-0011478";"2026-02-04";"MI-003";"9"
"SAL-0011479";"2026-02-04";"MI-004";"18"
"SAL-0011480";"2026-02-04";"MI-005";"15"
"SAL-0011481";"2026-02-04";"MI-006";"9"
"SAL-0011482";"2026-02-04";"MI-007";"16"
"SAL-0011483";"2026-02-04";"MI-008";"13"
"SAL-0011484";"2026-02-04";"MI-009";"15"
"SAL-0011485";"2026-02-04";"MI-010";"14"
"SAL-0011486";"2026-02-04";"MI-011";"12"
"SAL-0011487";"2026-02-04";"MI-012";"10"
"SAL-0011488";"2026-02-04";"MI-013";"10"
"SAL-0011489";"2026-02-04";"MI-014";"4"
"SAL-0011490";"2026-02-04";"MI-015";"8"
"SAL-0011491";"2026-02-05";"MI-001";"29"
"SAL-0011492";"2026-02-05";"MI-002";"20"
"SAL-0011493";"2026-02-05";"MI-003";"19"
"SAL-0011494";"2026-02-05";"MI-004";"19"
"SAL-0011495";"2026-02-05";"MI-005";"21"
"SAL-0011496";"2026-02-05";"MI-006";"8"
"SAL-0011497";"2026-02-05";"MI-007";"15"
"SAL-0011498";"2026-02-05";"MI-008";"17"
"SAL-0011499";"2026-02-05";"MI-009";"10"
"SAL-0011500";"2026-02-05";"MI-010";"18"
"SAL-0011501";"2026-02-05";"MI-011";"22"
"SAL-0011502";"2026-02-05";"MI-012";"11"
"SAL-0011503";"2026-02-05";"MI-013";"13"
"SAL-0011504";"2026-02-05";"MI-014";"7"
"SAL-0011505";"2026-02-05";"MI-015";"10"
"SAL-0011506";"2026-02-06";"MI-001";"24"
"SAL-0011507";"2026-02-06";"MI-002";"12"
"SAL-0011508";"2026-02-06";"MI-003";"16"
"SAL-0011509";"2026-02-06";"MI-004";"11"
"SAL-0011510";"2026-02-06";"MI-005";"26"
"SAL-0011511";"2026-02-06";"MI-006";"13"
"SAL-0011512";"2026-02-06";"MI-007";"24"
"SAL-0011513";"2026-02-06";"MI-008";"13"
"SAL-0011514";"2026-02-06";"MI-009";"15"
"SAL-0011515";"2026-02-06";"MI-010";"14"
"SAL-0011516";"2026-02-06";"MI-011";"22"
"SAL-0011517";"2026-02-06";"MI-012";"9"
"SAL-0011518";"2026-02-06";"MI-013";"12"
"SAL-0011519";"2026-02-06";"MI-014";"10"
"SAL-0011520";"2026-02-06";"MI-015";"17"
"SAL-0011521";"2026-02-07";"MI-001";"31"
"SAL-0011522";"2026-02-07";"MI-002";"27"
"SAL-0011523";"2026-02-07";"MI-003";"26"
"SAL-0011524";"2026-02-07";"MI-004";"23"
"SAL-0011525";"2026-02-07";"MI-005";"27"
"SAL-0011526";"2026-02-07";"MI-006";"24"
"SAL-0011527";"2026-02-07";"MI-007";"31"
"SAL-0011528";"2026-02-07";"MI-008";"16"
"SAL-0011529";"2026-02-07";"MI-009";"10"
"SAL-0011530";"2026-02-07";"MI-010";"20"
"SAL-0011531";"2026-02-07";"MI-011";"21"
"SAL-0011532";"2026-02-07";"MI-012";"5"
"SAL-0011533";"2026-02-07";"MI-013";"13"
"SAL-0011534";"2026-02-07";"MI-014";"2"
"SAL-0011535";"2026-02-07";"MI-015";"21"
"SAL-0011536";"2026-02-08";"MI-001";"46"
"SAL-0011537";"2026-02-08";"MI-002";"35"
"SAL-0011538";"2026-02-08";"MI-003";"39"
"SAL-0011539";"2026-02-08";"MI-004";"17"
"SAL-0011540";"2026-02-08";"MI-005";"37"
"SAL-0011541";"2026-02-08";"MI-006";"23"
"SAL-0011542";"2026-02-08";"MI-007";"33"
"SAL-0011543";"2026-02-08";"MI-008";"24"
"SAL-0011544";"2026-02-08";"MI-009";"20"
"SAL-0011545";"2026-02-08";"MI-010";"16"
"SAL-0011546";"2026-02-08";"MI-011";"19"
"SAL-0011547";"2026-02-08";"MI-012";"10"
"SAL-0011548";"2026-02-08";"MI-013";"26"
"SAL-0011549";"2026-02-08";"MI-014";"13"
"SAL-0011550";"2026-02-08";"MI-015";"20"
"SAL-0011551";"2026-02-09";"MI-001";"18"
"SAL-0011552";"2026-02-09";"MI-002";"15"
"SAL-0011553";"2026-02-09";"MI-003";"14"
"SAL-0011554";"2026-02-09";"MI-004";"14"
"SAL-0011555";"2026-02-09";"MI-005";"18"
"SAL-0011556";"2026-02-09";"MI-006";"11"
"SAL-0011557";"2026-02-09";"MI-007";"14"
"SAL-0011558";"2026-02-09";"MI-008";"13"
"SAL-0011559";"2026-02-09";"MI-009";"8"
"SAL-0011560";"2026-02-09";"MI-010";"11"
"SAL-0011561";"2026-02-09";"MI-011";"13"
"SAL-0011562";"2026-02-09";"MI-012";"8"
"SAL-0011563";"2026-02-09";"MI-013";"5"
"SAL-0011564";"2026-02-09";"MI-014";"6"
"SAL-0011565";"2026-02-09";"MI-015";"3"
"SAL-0011566";"2026-02-10";"MI-001";"27"
"SAL-0011567";"2026-02-10";"MI-002";"13"
"SAL-0011568";"2026-02-10";"MI-003";"15"
"SAL-0011569";"2026-02-10";"MI-004";"7"
"SAL-0011570";"2026-02-10";"MI-005";"22"
"SAL-0011571";"2026-02-10";"MI-006";"11"
"SAL-0011572";"2026-02-10";"MI-007";"14"
"SAL-0011573";"2026-02-10";"MI-008";"11"
"SAL-0011574";"2026-02-10";"MI-009";"11"
"SAL-0011575";"2026-02-10";"MI-010";"8"
"SAL-0011576";"2026-02-10";"MI-011";"10"
"SAL-0011577";"2026-02-10";"MI-012";"6"
"SAL-0011578";"2026-02-10";"MI-013";"12"
"SAL-0011579";"2026-02-10";"MI-014";"6"
"SAL-0011580";"2026-02-10";"MI-015";"6"
"SAL-0011581";"2026-02-11";"MI-001";"16"
"SAL-0011582";"2026-02-11";"MI-002";"17"
"SAL-0011583";"2026-02-11";"MI-003";"19"
"SAL-0011584";"2026-02-11";"MI-004";"15"
"SAL-0011585";"2026-02-11";"MI-005";"15"
"SAL-0011586";"2026-02-11";"MI-006";"6"
"SAL-0011587";"2026-02-11";"MI-007";"22"
"SAL-0011588";"2026-02-11";"MI-008";"10"
"SAL-0011589";"2026-02-11";"MI-009";"13"
"SAL-0011590";"2026-02-11";"MI-010";"21"
"SAL-0011591";"2026-02-11";"MI-011";"16"
"SAL-0011592";"2026-02-11";"MI-012";"5"
"SAL-0011593";"2026-02-11";"MI-013";"13"
"SAL-0011594";"2026-02-11";"MI-014";"6"
"SAL-0011595";"2026-02-11";"MI-015";"15"
"SAL-0011596";"2026-02-12";"MI-001";"20"
"SAL-0011597";"2026-02-12";"MI-002";"19"
"SAL-0011598";"2026-02-12";"MI-003";"16"
"SAL-0011599";"2026-02-12";"MI-004";"14"
"SAL-0011600";"2026-02-12";"MI-005";"17"
"SAL-0011601";"2026-02-12";"MI-006";"13"
"SAL-0011602";"2026-02-12";"MI-007";"16"
"SAL-0011603";"2026-02-12";"MI-008";"16"
"SAL-0011604";"2026-02-12";"MI-009";"9"
"SAL-0011605";"2026-02-12";"MI-010";"10"
"SAL-0011606";"2026-02-12";"MI-011";"13"
"SAL-0011607";"2026-02-12";"MI-012";"13"
"SAL-0011608";"2026-02-12";"MI-013";"6"
"SAL-0011609";"2026-02-12";"MI-014";"2"
"SAL-0011610";"2026-02-12";"MI-015";"14"
"SAL-0011611";"2026-02-13";"MI-001";"31"
"SAL-0011612";"2026-02-13";"MI-002";"19"
"SAL-0011613";"2026-02-13";"MI-003";"27"
"SAL-0011614";"2026-02-13";"MI-004";"19"
"SAL-0011615";"2026-02-13";"MI-005";"25"
"SAL-0011616";"2026-02-13";"MI-006";"13"
"SAL-0011617";"2026-02-13";"MI-007";"30"
"SAL-0011618";"2026-02-13";"MI-008";"21"
"SAL-0011619";"2026-02-13";"MI-009";"4"
"SAL-0011620";"2026-02-13";"MI-010";"25"
"SAL-0011621";"2026-02-13";"MI-011";"15"
"SAL-0011622";"2026-02-13";"MI-012";"9"
"SAL-0011623";"2026-02-13";"MI-013";"23"
"SAL-0011624";"2026-02-13";"MI-014";"7"
"SAL-0011625";"2026-02-13";"MI-015";"17"
"SAL-0011626";"2026-02-14";"MI-001";"44"
"SAL-0011627";"2026-02-14";"MI-002";"26"
"SAL-0011628";"2026-02-14";"MI-003";"35"
"SAL-0011629";"2026-02-14";"MI-004";"31"
"SAL-0011630";"2026-02-14";"MI-005";"32"
"SAL-0011631";"2026-02-14";"MI-006";"25"
"SAL-0011632";"2026-02-14";"MI-007";"30"
"SAL-0011633";"2026-02-14";"MI-008";"23"
"SAL-0011634";"2026-02-14";"MI-009";"13"
"SAL-0011635";"2026-02-14";"MI-010";"31"
"SAL-0011636";"2026-02-14";"MI-011";"16"
"SAL-0011637";"2026-02-14";"MI-012";"15"
"SAL-0011638";"2026-02-14";"MI-013";"21"
"SAL-0011639";"2026-02-14";"MI-014";"13"
"SAL-0011640";"2026-02-14";"MI-015";"23"
"SAL-0011641";"2026-02-15";"MI-001";"38"
"SAL-0011642";"2026-02-15";"MI-002";"28"
"SAL-0011643";"2026-02-15";"MI-003";"26"
"SAL-0011644";"2026-02-15";"MI-004";"24"
"SAL-0011645";"2026-02-15";"MI-005";"40"
"SAL-0011646";"2026-02-15";"MI-006";"13"
"SAL-0011647";"2026-02-15";"MI-007";"23"
"SAL-0011648";"2026-02-15";"MI-008";"27"
"SAL-0011649";"2026-02-15";"MI-009";"12"
"SAL-0011650";"2026-02-15";"MI-010";"14"
"SAL-0011651";"2026-02-15";"MI-011";"15"
"SAL-0011652";"2026-02-15";"MI-012";"10"
"SAL-0011653";"2026-02-15";"MI-013";"17"
"SAL-0011654";"2026-02-15";"MI-014";"11"
"SAL-0011655";"2026-02-15";"MI-015";"22"
"SAL-0011656";"2026-02-16";"MI-001";"18"
"SAL-0011657";"2026-02-16";"MI-002";"15"
"SAL-0011658";"2026-02-16";"MI-003";"12"
"SAL-0011659";"2026-02-16";"MI-004";"13"
"SAL-0011660";"2026-02-16";"MI-005";"18"
"SAL-0011661";"2026-02-16";"MI-006";"11"
"SAL-0011662";"2026-02-16";"MI-007";"11"
"SAL-0011663";"2026-02-16";"MI-008";"8"
"SAL-0011664";"2026-02-16";"MI-009";"5"
"SAL-0011665";"2026-02-16";"MI-010";"10"
"SAL-0011666";"2026-02-16";"MI-011";"10"
"SAL-0011667";"2026-02-16";"MI-012";"6"
"SAL-0011668";"2026-02-16";"MI-013";"9"
"SAL-0011669";"2026-02-16";"MI-014";"2"
"SAL-0011670";"2026-02-16";"MI-015";"12"
"SAL-0011671";"2026-02-17";"MI-001";"20"
"SAL-0011672";"2026-02-17";"MI-002";"14"
"SAL-0011673";"2026-02-17";"MI-003";"12"
"SAL-0011674";"2026-02-17";"MI-004";"12"
"SAL-0011675";"2026-02-17";"MI-005";"17"
"SAL-0011676";"2026-02-17";"MI-006";"13"
"SAL-0011677";"2026-02-17";"MI-007";"15"
"SAL-0011678";"2026-02-17";"MI-008";"9"
"SAL-0011679";"2026-02-17";"MI-009";"6"
"SAL-0011680";"2026-02-17";"MI-010";"6"
"SAL-0011681";"2026-02-17";"MI-011";"6"
"SAL-0011682";"2026-02-17";"MI-012";"7"
"SAL-0011683";"2026-02-17";"MI-013";"6"
"SAL-0011684";"2026-02-17";"MI-014";"4"
"SAL-0011685";"2026-02-17";"MI-015";"9"
"SAL-0011686";"2026-02-18";"MI-001";"22"
"SAL-0011687";"2026-02-18";"MI-002";"15"
"SAL-0011688";"2026-02-18";"MI-003";"13"
"SAL-0011689";"2026-02-18";"MI-004";"10"
"SAL-0011690";"2026-02-18";"MI-005";"11"
"SAL-0011691";"2026-02-18";"MI-006";"18"
"SAL-0011692";"2026-02-18";"MI-007";"6"
"SAL-0011693";"2026-02-18";"MI-008";"4"
"SAL-0011694";"2026-02-18";"MI-009";"9"
"SAL-0011695";"2026-02-18";"MI-010";"14"
"SAL-0011696";"2026-02-18";"MI-011";"9"
"SAL-0011697";"2026-02-18";"MI-012";"7"
"SAL-0011698";"2026-02-18";"MI-013";"8"
"SAL-0011699";"2026-02-18";"MI-014";"1"
"SAL-0011700";"2026-02-18";"MI-015";"18"
"SAL-0011701";"2026-02-19";"MI-001";"20"
"SAL-0011702";"2026-02-19";"MI-002";"18"
"SAL-0011703";"2026-02-19";"MI-003";"15"
"SAL-0011704";"2026-02-19";"MI-004";"14"
"SAL-0011705";"2026-02-19";"MI-005";"13"
"SAL-0011706";"2026-02-19";"MI-006";"15"
"SAL-0011707";"2026-02-19";"MI-007";"14"
"SAL-0011708";"2026-02-19";"MI-008";"6"
"SAL-0011709";"2026-02-19";"MI-009";"0"
"SAL-0011710";"2026-02-19";"MI-010";"8"
"SAL-0011711";"2026-02-19";"MI-011";"17"
"SAL-0011712";"2026-02-19";"MI-012";"7"
"SAL-0011713";"2026-02-19";"MI-013";"9"
"SAL-0011714";"2026-02-19";"MI-014";"7"
"SAL-0011715";"2026-02-19";"MI-015";"6"
"SAL-0011716";"2026-02-20";"MI-001";"28"
"SAL-0011717";"2026-02-20";"MI-002";"16"
"SAL-0011718";"2026-02-20";"MI-003";"22"
"SAL-0011719";"2026-02-20";"MI-004";"11"
"SAL-0011720";"2026-02-20";"MI-005";"22"
"SAL-0011721";"2026-02-20";"MI-006";"16"
"SAL-0011722";"2026-02-20";"MI-007";"21"
"SAL-0011723";"2026-02-20";"MI-008";"19"
"SAL-0011724";"2026-02-20";"MI-009";"8"
"SAL-0011725";"2026-02-20";"MI-010";"11"
"SAL-0011726";"2026-02-20";"MI-011";"11"
"SAL-0011727";"2026-02-20";"MI-012";"5"
"SAL-0011728";"2026-02-20";"MI-013";"11"
"SAL-0011729";"2026-02-20";"MI-014";"6"
"SAL-0011730";"2026-02-20";"MI-015";"10"
"SAL-0011731";"2026-02-21";"MI-001";"44"
"SAL-0011732";"2026-02-21";"MI-002";"16"
"SAL-0011733";"2026-02-21";"MI-003";"27"
"SAL-0011734";"2026-02-21";"MI-004";"21"
"SAL-0011735";"2026-02-21";"MI-005";"40"
"SAL-0011736";"2026-02-21";"MI-006";"23"
"SAL-0011737";"2026-02-21";"MI-007";"30"
"SAL-0011738";"2026-02-21";"MI-008";"21"
"SAL-0011739";"2026-02-21";"MI-009";"15"
"SAL-0011740";"2026-02-21";"MI-010";"16"
"SAL-0011741";"2026-02-21";"MI-011";"20"
"SAL-0011742";"2026-02-21";"MI-012";"21"
"SAL-0011743";"2026-02-21";"MI-013";"16"
"SAL-0011744";"2026-02-21";"MI-014";"8"
"SAL-0011745";"2026-02-21";"MI-015";"16"
"SAL-0011746";"2026-02-22";"MI-001";"50"
"SAL-0011747";"2026-02-22";"MI-002";"27"
"SAL-0011748";"2026-02-22";"MI-003";"34"
"SAL-0011749";"2026-02-22";"MI-004";"24"
"SAL-0011750";"2026-02-22";"MI-005";"31"
"SAL-0011751";"2026-02-22";"MI-006";"17"
"SAL-0011752";"2026-02-22";"MI-007";"17"
"SAL-0011753";"2026-02-22";"MI-008";"24"
"SAL-0011754";"2026-02-22";"MI-009";"18"
"SAL-0011755";"2026-02-22";"MI-010";"17"
"SAL-0011756";"2026-02-22";"MI-011";"20"
"SAL-0011757";"2026-02-22";"MI-012";"15"
"SAL-0011758";"2026-02-22";"MI-013";"22"
"SAL-0011759";"2026-02-22";"MI-014";"17"
"SAL-0011760";"2026-02-22";"MI-015";"14"
"SAL-0011761";"2026-02-23";"MI-001";"23"
"SAL-0011762";"2026-02-23";"MI-002";"18"
"SAL-0011763";"2026-02-23";"MI-003";"15"
"SAL-0011764";"2026-02-23";"MI-004";"13"
"SAL-0011765";"2026-02-23";"MI-005";"18"
"SAL-0011766";"2026-02-23";"MI-006";"10"
"SAL-0011767";"2026-02-23";"MI-007";"13"
"SAL-0011768";"2026-02-23";"MI-008";"9"
"SAL-0011769";"2026-02-23";"MI-009";"4"
"SAL-0011770";"2026-02-23";"MI-010";"8"
"SAL-0011771";"2026-02-23";"MI-011";"14"
"SAL-0011772";"2026-02-23";"MI-012";"9"
"SAL-0011773";"2026-02-23";"MI-013";"9"
"SAL-0011774";"2026-02-23";"MI-014";"6"
"SAL-0011775";"2026-02-23";"MI-015";"17"
"SAL-0011776";"2026-02-24";"MI-001";"21"
"SAL-0011777";"2026-02-24";"MI-002";"17"
"SAL-0011778";"2026-02-24";"MI-003";"8"
"SAL-0011779";"2026-02-24";"MI-004";"13"
"SAL-0011780";"2026-02-24";"MI-005";"13"
"SAL-0011781";"2026-02-24";"MI-006";"11"
"SAL-0011782";"2026-02-24";"MI-007";"12"
"SAL-0011783";"2026-02-24";"MI-008";"10"
"SAL-0011784";"2026-02-24";"MI-009";"11"
"SAL-0011785";"2026-02-24";"MI-010";"7"
"SAL-0011786";"2026-02-24";"MI-011";"9"
"SAL-0011787";"2026-02-24";"MI-012";"5"
"SAL-0011788";"2026-02-24";"MI-013";"13"
"SAL-0011789";"2026-02-24";"MI-014";"6"
"SAL-0011790";"2026-02-24";"MI-015";"7"
"SAL-0011791";"2026-02-25";"MI-001";"14"
"SAL-0011792";"2026-02-25";"MI-002";"8"
"SAL-0011793";"2026-02-25";"MI-003";"14"
"SAL-0011794";"2026-02-25";"MI-004";"13"
"SAL-0011795";"2026-02-25";"MI-005";"9"
"SAL-0011796";"2026-02-25";"MI-006";"9"
"SAL-0011797";"2026-02-25";"MI-007";"17"
"SAL-0011798";"2026-02-25";"MI-008";"9"
"SAL-0011799";"2026-02-25";"MI-009";"7"
"SAL-0011800";"2026-02-25";"MI-010";"3"
"SAL-0011801";"2026-02-25";"MI-011";"7"
"SAL-0011802";"2026-02-25";"MI-012";"6"
"SAL-0011803";"2026-02-25";"MI-013";"9"
"SAL-0011804";"2026-02-25";"MI-014";"5"
"SAL-0011805";"2026-02-25";"MI-015";"9"
"SAL-0011806";"2026-02-26";"MI-001";"21"
"SAL-0011807";"2026-02-26";"MI-002";"23"
"SAL-0011808";"2026-02-26";"MI-003";"20"
"SAL-0011809";"2026-02-26";"MI-004";"13"
"SAL-0011810";"2026-02-26";"MI-005";"25"
"SAL-0011811";"2026-02-26";"MI-006";"21"
"SAL-0011812";"2026-02-26";"MI-007";"11"
"SAL-0011813";"2026-02-26";"MI-008";"9"
"SAL-0011814";"2026-02-26";"MI-009";"4"
"SAL-0011815";"2026-02-26";"MI-010";"11"
"SAL-0011816";"2026-02-26";"MI-011";"6"
"SAL-0011817";"2026-02-26";"MI-012";"4"
"SAL-0011818";"2026-02-26";"MI-013";"14"
"SAL-0011819";"2026-02-26";"MI-014";"4"
"SAL-0011820";"2026-02-26";"MI-015";"5"
"SAL-0011821";"2026-02-27";"MI-001";"41"
"SAL-0011822";"2026-02-27";"MI-002";"25"
"SAL-0011823";"2026-02-27";"MI-003";"15"
"SAL-0011824";"2026-02-27";"MI-004";"17"
"SAL-0011825";"2026-02-27";"MI-005";"30"
"SAL-0011826";"2026-02-27";"MI-006";"19"
"SAL-0011827";"2026-02-27";"MI-007";"24"
"SAL-0011828";"2026-02-27";"MI-008";"12"
"SAL-0011829";"2026-02-27";"MI-009";"19"
"SAL-0011830";"2026-02-27";"MI-010";"16"
"SAL-0011831";"2026-02-27";"MI-011";"25"
"SAL-0011832";"2026-02-27";"MI-012";"13"
"SAL-0011833";"2026-02-27";"MI-013";"20"
"SAL-0011834";"2026-02-27";"MI-014";"12"
"SAL-0011835";"2026-02-27";"MI-015";"17"
"SAL-0011836";"2026-02-28";"MI-001";"52"
"SAL-0011837";"2026-02-28";"MI-002";"15"
"SAL-0011838";"2026-02-28";"MI-003";"27"
"SAL-0011839";"2026-02-28";"MI-004";"32"
"SAL-0011840";"2026-02-28";"MI-005";"35"
"SAL-0011841";"2026-02-28";"MI-006";"20"
"SAL-0011842";"2026-02-28";"MI-007";"34"
"SAL-0011843";"2026-02-28";"MI-008";"12"
"SAL-0011844";"2026-02-28";"MI-009";"12"
"SAL-0011845";"2026-02-28";"MI-010";"23"
"SAL-0011846";"2026-02-28";"MI-011";"34"
"SAL-0011847";"2026-02-28";"MI-012";"8"
"SAL-0011848";"2026-02-28";"MI-013";"20"
"SAL-0011849";"2026-02-28";"MI-014";"9"
"SAL-0011850";"2026-02-28";"MI-015";"20"
"SAL-0011851";"2026-03-01";"MI-001";"36"
"SAL-0011852";"2026-03-01";"MI-002";"23"
"SAL-0011853";"2026-03-01";"MI-003";"22"
"SAL-0011854";"2026-03-01";"MI-004";"18"
"SAL-0011855";"2026-03-01";"MI-005";"27"
"SAL-0011856";"2026-03-01";"MI-006";"16"
"SAL-0011857";"2026-03-01";"MI-007";"15"
"SAL-0011858";"2026-03-01";"MI-008";"13"
"SAL-0011859";"2026-03-01";"MI-009";"18"
"SAL-0011860";"2026-03-01";"MI-010";"16"
"SAL-0011861";"2026-03-01";"MI-011";"24"
"SAL-0011862";"2026-03-01";"MI-012";"11"
"SAL-0011863";"2026-03-01";"MI-013";"12"
"SAL-0011864";"2026-03-01";"MI-014";"12"
"SAL-0011865";"2026-03-01";"MI-015";"8"
"SAL-0011866";"2026-03-02";"MI-001";"10"
"SAL-0011867";"2026-03-02";"MI-002";"15"
"SAL-0011868";"2026-03-02";"MI-003";"14"
"SAL-0011869";"2026-03-02";"MI-004";"15"
"SAL-0011870";"2026-03-02";"MI-005";"20"
"SAL-0011871";"2026-03-02";"MI-006";"9"
"SAL-0011872";"2026-03-02";"MI-007";"15"
"SAL-0011873";"2026-03-02";"MI-008";"5"
"SAL-0011874";"2026-03-02";"MI-009";"6"
"SAL-0011875";"2026-03-02";"MI-010";"11"
"SAL-0011876";"2026-03-02";"MI-011";"11"
"SAL-0011877";"2026-03-02";"MI-012";"8"
"SAL-0011878";"2026-03-02";"MI-013";"9"
"SAL-0011879";"2026-03-02";"MI-014";"3"
"SAL-0011880";"2026-03-02";"MI-015";"10"
"SAL-0011881";"2026-03-03";"MI-001";"21"
"SAL-0011882";"2026-03-03";"MI-002";"16"
"SAL-0011883";"2026-03-03";"MI-003";"12"
"SAL-0011884";"2026-03-03";"MI-004";"15"
"SAL-0011885";"2026-03-03";"MI-005";"23"
"SAL-0011886";"2026-03-03";"MI-006";"11"
"SAL-0011887";"2026-03-03";"MI-007";"21"
"SAL-0011888";"2026-03-03";"MI-008";"10"
"SAL-0011889";"2026-03-03";"MI-009";"8"
"SAL-0011890";"2026-03-03";"MI-010";"7"
"SAL-0011891";"2026-03-03";"MI-011";"11"
"SAL-0011892";"2026-03-03";"MI-012";"6"
"SAL-0011893";"2026-03-03";"MI-013";"16"
"SAL-0011894";"2026-03-03";"MI-014";"4"
"SAL-0011895";"2026-03-03";"MI-015";"15"
"SAL-0011896";"2026-03-04";"MI-001";"24"
"SAL-0011897";"2026-03-04";"MI-002";"10"
"SAL-0011898";"2026-03-04";"MI-003";"19"
"SAL-0011899";"2026-03-04";"MI-004";"18"
"SAL-0011900";"2026-03-04";"MI-005";"14"
"SAL-0011901";"2026-03-04";"MI-006";"12"
"SAL-0011902";"2026-03-04";"MI-007";"15"
"SAL-0011903";"2026-03-04";"MI-008";"4"
"SAL-0011904";"2026-03-04";"MI-009";"3"
"SAL-0011905";"2026-03-04";"MI-010";"14"
"SAL-0011906";"2026-03-04";"MI-011";"14"
"SAL-0011907";"2026-03-04";"MI-012";"10"
"SAL-0011908";"2026-03-04";"MI-013";"13"
"SAL-0011909";"2026-03-04";"MI-014";"8"
"SAL-0011910";"2026-03-04";"MI-015";"6"
"SAL-0011911";"2026-03-05";"MI-001";"15"
"SAL-0011912";"2026-03-05";"MI-002";"21"
"SAL-0011913";"2026-03-05";"MI-003";"13"
"SAL-0011914";"2026-03-05";"MI-004";"14"
"SAL-0011915";"2026-03-05";"MI-005";"14"
"SAL-0011916";"2026-03-05";"MI-006";"11"
"SAL-0011917";"2026-03-05";"MI-007";"14"
"SAL-0011918";"2026-03-05";"MI-008";"5"
"SAL-0011919";"2026-03-05";"MI-009";"9"
"SAL-0011920";"2026-03-05";"MI-010";"4"
"SAL-0011921";"2026-03-05";"MI-011";"5"
"SAL-0011922";"2026-03-05";"MI-012";"10"
"SAL-0011923";"2026-03-05";"MI-013";"9"
"SAL-0011924";"2026-03-05";"MI-014";"6"
"SAL-0011925";"2026-03-05";"MI-015";"7"
"SAL-0011926";"2026-03-06";"MI-001";"28"
"SAL-0011927";"2026-03-06";"MI-002";"10"
"SAL-0011928";"2026-03-06";"MI-003";"14"
"SAL-0011929";"2026-03-06";"MI-004";"14"
"SAL-0011930";"2026-03-06";"MI-005";"26"
"SAL-0011931";"2026-03-06";"MI-006";"13"
"SAL-0011932";"2026-03-06";"MI-007";"13"
"SAL-0011933";"2026-03-06";"MI-008";"12"
"SAL-0011934";"2026-03-06";"MI-009";"15"
"SAL-0011935";"2026-03-06";"MI-010";"12"
"SAL-0011936";"2026-03-06";"MI-011";"14"
"SAL-0011937";"2026-03-06";"MI-012";"9"
"SAL-0011938";"2026-03-06";"MI-013";"8"
"SAL-0011939";"2026-03-06";"MI-014";"6"
"SAL-0011940";"2026-03-06";"MI-015";"17"
"SAL-0011941";"2026-03-07";"MI-001";"31"
"SAL-0011942";"2026-03-07";"MI-002";"29"
"SAL-0011943";"2026-03-07";"MI-003";"26"
"SAL-0011944";"2026-03-07";"MI-004";"21"
"SAL-0011945";"2026-03-07";"MI-005";"34"
"SAL-0011946";"2026-03-07";"MI-006";"19"
"SAL-0011947";"2026-03-07";"MI-007";"20"
"SAL-0011948";"2026-03-07";"MI-008";"11"
"SAL-0011949";"2026-03-07";"MI-009";"10"
"SAL-0011950";"2026-03-07";"MI-010";"8"
"SAL-0011951";"2026-03-07";"MI-011";"20"
"SAL-0011952";"2026-03-07";"MI-012";"12"
"SAL-0011953";"2026-03-07";"MI-013";"8"
"SAL-0011954";"2026-03-07";"MI-014";"10"
"SAL-0011955";"2026-03-07";"MI-015";"17"
"SAL-0011956";"2026-03-08";"MI-001";"29"
"SAL-0011957";"2026-03-08";"MI-002";"19"
"SAL-0011958";"2026-03-08";"MI-003";"23"
"SAL-0011959";"2026-03-08";"MI-004";"17"
"SAL-0011960";"2026-03-08";"MI-005";"24"
"SAL-0011961";"2026-03-08";"MI-006";"13"
"SAL-0011962";"2026-03-08";"MI-007";"19"
"SAL-0011963";"2026-03-08";"MI-008";"15"
"SAL-0011964";"2026-03-08";"MI-009";"8"
"SAL-0011965";"2026-03-08";"MI-010";"15"
"SAL-0011966";"2026-03-08";"MI-011";"15"
"SAL-0011967";"2026-03-08";"MI-012";"11"
"SAL-0011968";"2026-03-08";"MI-013";"10"
"SAL-0011969";"2026-03-08";"MI-014";"4"
"SAL-0011970";"2026-03-08";"MI-015";"15"
"SAL-0011971";"2026-03-09";"MI-001";"16"
"SAL-0011972";"2026-03-09";"MI-002";"18"
"SAL-0011973";"2026-03-09";"MI-003";"17"
"SAL-0011974";"2026-03-09";"MI-004";"10"
"SAL-0011975";"2026-03-09";"MI-005";"21"
"SAL-0011976";"2026-03-09";"MI-006";"8"
"SAL-0011977";"2026-03-09";"MI-007";"12"
"SAL-0011978";"2026-03-09";"MI-008";"6"
"SAL-0011979";"2026-03-09";"MI-009";"4"
"SAL-0011980";"2026-03-09";"MI-010";"9"
"SAL-0011981";"2026-03-09";"MI-011";"5"
"SAL-0011982";"2026-03-09";"MI-012";"7"
"SAL-0011983";"2026-03-09";"MI-013";"12"
"SAL-0011984";"2026-03-09";"MI-014";"7"
"SAL-0011985";"2026-03-09";"MI-015";"11"
"SAL-0011986";"2026-03-10";"MI-001";"12"
"SAL-0011987";"2026-03-10";"MI-002";"12"
"SAL-0011988";"2026-03-10";"MI-003";"14"
"SAL-0011989";"2026-03-10";"MI-004";"6"
"SAL-0011990";"2026-03-10";"MI-005";"7"
"SAL-0011991";"2026-03-10";"MI-006";"7"
"SAL-0011992";"2026-03-10";"MI-007";"12"
"SAL-0011993";"2026-03-10";"MI-008";"8"
"SAL-0011994";"2026-03-10";"MI-009";"7"
"SAL-0011995";"2026-03-10";"MI-010";"6"
"SAL-0011996";"2026-03-10";"MI-011";"8"
"SAL-0011997";"2026-03-10";"MI-012";"6"
"SAL-0011998";"2026-03-10";"MI-013";"9"
"SAL-0011999";"2026-03-10";"MI-014";"1"
"SAL-0012000";"2026-03-10";"MI-015";"5"
"SAL-0012001";"2026-03-11";"MI-001";"19"
"SAL-0012002";"2026-03-11";"MI-002";"11"
"SAL-0012003";"2026-03-11";"MI-003";"24"
"SAL-0012004";"2026-03-11";"MI-004";"17"
"SAL-0012005";"2026-03-11";"MI-005";"22"
"SAL-0012006";"2026-03-11";"MI-006";"13"
"SAL-0012007";"2026-03-11";"MI-007";"17"
"SAL-0012008";"2026-03-11";"MI-008";"9"
"SAL-0012009";"2026-03-11";"MI-009";"10"
"SAL-0012010";"2026-03-11";"MI-010";"9"
"SAL-0012011";"2026-03-11";"MI-011";"6"
"SAL-0012012";"2026-03-11";"MI-012";"3"
"SAL-0012013";"2026-03-11";"MI-013";"10"
"SAL-0012014";"2026-03-11";"MI-014";"6"
"SAL-0012015";"2026-03-11";"MI-015";"10"
"SAL-0012016";"2026-03-12";"MI-001";"33"
"SAL-0012017";"2026-03-12";"MI-002";"15"
"SAL-0012018";"2026-03-12";"MI-003";"16"
"SAL-0012019";"2026-03-12";"MI-004";"12"
"SAL-0012020";"2026-03-12";"MI-005";"22"
"SAL-0012021";"2026-03-12";"MI-006";"15"
"SAL-0012022";"2026-03-12";"MI-007";"23"
"SAL-0012023";"2026-03-12";"MI-008";"9"
"SAL-0012024";"2026-03-12";"MI-009";"7"
"SAL-0012025";"2026-03-12";"MI-010";"8"
"SAL-0012026";"2026-03-12";"MI-011";"16"
"SAL-0012027";"2026-03-12";"MI-012";"5"
"SAL-0012028";"2026-03-12";"MI-013";"1"
"SAL-0012029";"2026-03-12";"MI-014";"10"
"SAL-0012030";"2026-03-12";"MI-015";"11"
"SAL-0012031";"2026-03-13";"MI-001";"28"
"SAL-0012032";"2026-03-13";"MI-002";"15"
"SAL-0012033";"2026-03-13";"MI-003";"20"
"SAL-0012034";"2026-03-13";"MI-004";"19"
"SAL-0012035";"2026-03-13";"MI-005";"32"
"SAL-0012036";"2026-03-13";"MI-006";"14"
"SAL-0012037";"2026-03-13";"MI-007";"19"
"SAL-0012038";"2026-03-13";"MI-008";"14"
"SAL-0012039";"2026-03-13";"MI-009";"13"
"SAL-0012040";"2026-03-13";"MI-010";"11"
"SAL-0012041";"2026-03-13";"MI-011";"10"
"SAL-0012042";"2026-03-13";"MI-012";"9"
"SAL-0012043";"2026-03-13";"MI-013";"12"
"SAL-0012044";"2026-03-13";"MI-014";"11"
"SAL-0012045";"2026-03-13";"MI-015";"13"
"SAL-0012046";"2026-03-14";"MI-001";"38"
"SAL-0012047";"2026-03-14";"MI-002";"30"
"SAL-0012048";"2026-03-14";"MI-003";"20"
"SAL-0012049";"2026-03-14";"MI-004";"22"
"SAL-0012050";"2026-03-14";"MI-005";"35"
"SAL-0012051";"2026-03-14";"MI-006";"18"
"SAL-0012052";"2026-03-14";"MI-007";"19"
"SAL-0012053";"2026-03-14";"MI-008";"21"
"SAL-0012054";"2026-03-14";"MI-009";"16"
"SAL-0012055";"2026-03-14";"MI-010";"15"
"SAL-0012056";"2026-03-14";"MI-011";"20"
"SAL-0012057";"2026-03-14";"MI-012";"14"
"SAL-0012058";"2026-03-14";"MI-013";"18"
"SAL-0012059";"2026-03-14";"MI-014";"15"
"SAL-0012060";"2026-03-14";"MI-015";"15"
"SAL-0012061";"2026-03-15";"MI-001";"30"
"SAL-0012062";"2026-03-15";"MI-002";"25"
"SAL-0012063";"2026-03-15";"MI-003";"34"
"SAL-0012064";"2026-03-15";"MI-004";"17"
"SAL-0012065";"2026-03-15";"MI-005";"31"
"SAL-0012066";"2026-03-15";"MI-006";"20"
"SAL-0012067";"2026-03-15";"MI-007";"23"
"SAL-0012068";"2026-03-15";"MI-008";"22"
"SAL-0012069";"2026-03-15";"MI-009";"9"
"SAL-0012070";"2026-03-15";"MI-010";"13"
"SAL-0012071";"2026-03-15";"MI-011";"15"
"SAL-0012072";"2026-03-15";"MI-012";"7"
"SAL-0012073";"2026-03-15";"MI-013";"10"
"SAL-0012074";"2026-03-15";"MI-014";"8"
"SAL-0012075";"2026-03-15";"MI-015";"17"
"SAL-0012076";"2026-03-16";"MI-001";"17"
"SAL-0012077";"2026-03-16";"MI-002";"15"
"SAL-0012078";"2026-03-16";"MI-003";"17"
"SAL-0012079";"2026-03-16";"MI-004";"11"
"SAL-0012080";"2026-03-16";"MI-005";"15"
"SAL-0012081";"2026-03-16";"MI-006";"7"
"SAL-0012082";"2026-03-16";"MI-007";"14"
"SAL-0012083";"2026-03-16";"MI-008";"9"
"SAL-0012084";"2026-03-16";"MI-009";"5"
"SAL-0012085";"2026-03-16";"MI-010";"4"
"SAL-0012086";"2026-03-16";"MI-011";"12"
"SAL-0012087";"2026-03-16";"MI-012";"7"
"SAL-0012088";"2026-03-16";"MI-013";"8"
"SAL-0012089";"2026-03-16";"MI-014";"7"
"SAL-0012090";"2026-03-16";"MI-015";"11"
"SAL-0012091";"2026-03-17";"MI-001";"12"
"SAL-0012092";"2026-03-17";"MI-002";"6"
"SAL-0012093";"2026-03-17";"MI-003";"13"
"SAL-0012094";"2026-03-17";"MI-004";"10"
"SAL-0012095";"2026-03-17";"MI-005";"14"
"SAL-0012096";"2026-03-17";"MI-006";"10"
"SAL-0012097";"2026-03-17";"MI-007";"16"
"SAL-0012098";"2026-03-17";"MI-008";"11"
"SAL-0012099";"2026-03-17";"MI-009";"7"
"SAL-0012100";"2026-03-17";"MI-010";"6"
"SAL-0012101";"2026-03-17";"MI-011";"13"
"SAL-0012102";"2026-03-17";"MI-012";"4"
"SAL-0012103";"2026-03-17";"MI-013";"6"
"SAL-0012104";"2026-03-17";"MI-014";"6"
"SAL-0012105";"2026-03-17";"MI-015";"9"
"SAL-0012106";"2026-03-18";"MI-001";"22"
"SAL-0012107";"2026-03-18";"MI-002";"16"
"SAL-0012108";"2026-03-18";"MI-003";"11"
"SAL-0012109";"2026-03-18";"MI-004";"12"
"SAL-0012110";"2026-03-18";"MI-005";"21"
"SAL-0012111";"2026-03-18";"MI-006";"14"
"SAL-0012112";"2026-03-18";"MI-007";"15"
"SAL-0012113";"2026-03-18";"MI-008";"16"
"SAL-0012114";"2026-03-18";"MI-009";"5"
"SAL-0012115";"2026-03-18";"MI-010";"7"
"SAL-0012116";"2026-03-18";"MI-011";"7"
"SAL-0012117";"2026-03-18";"MI-012";"4"
"SAL-0012118";"2026-03-18";"MI-013";"10"
"SAL-0012119";"2026-03-18";"MI-014";"3"
"SAL-0012120";"2026-03-18";"MI-015";"8"
"SAL-0012121";"2026-03-19";"MI-001";"30"
"SAL-0012122";"2026-03-19";"MI-002";"26"
"SAL-0012123";"2026-03-19";"MI-003";"19"
"SAL-0012124";"2026-03-19";"MI-004";"19"
"SAL-0012125";"2026-03-19";"MI-005";"22"
"SAL-0012126";"2026-03-19";"MI-006";"10"
"SAL-0012127";"2026-03-19";"MI-007";"16"
"SAL-0012128";"2026-03-19";"MI-008";"10"
"SAL-0012129";"2026-03-19";"MI-009";"16"
"SAL-0012130";"2026-03-19";"MI-010";"12"
"SAL-0012131";"2026-03-19";"MI-011";"10"
"SAL-0012132";"2026-03-19";"MI-012";"12"
"SAL-0012133";"2026-03-19";"MI-013";"5"
"SAL-0012134";"2026-03-19";"MI-014";"5"
"SAL-0012135";"2026-03-19";"MI-015";"8"
"SAL-0012136";"2026-03-20";"MI-001";"23"
"SAL-0012137";"2026-03-20";"MI-002";"25"
"SAL-0012138";"2026-03-20";"MI-003";"21"
"SAL-0012139";"2026-03-20";"MI-004";"17"
"SAL-0012140";"2026-03-20";"MI-005";"29"
"SAL-0012141";"2026-03-20";"MI-006";"13"
"SAL-0012142";"2026-03-20";"MI-007";"23"
"SAL-0012143";"2026-03-20";"MI-008";"14"
"SAL-0012144";"2026-03-20";"MI-009";"18"
"SAL-0012145";"2026-03-20";"MI-010";"11"
"SAL-0012146";"2026-03-20";"MI-011";"13"
"SAL-0012147";"2026-03-20";"MI-012";"5"
"SAL-0012148";"2026-03-20";"MI-013";"11"
"SAL-0012149";"2026-03-20";"MI-014";"8"
"SAL-0012150";"2026-03-20";"MI-015";"13"
"SAL-0012151";"2026-03-21";"MI-001";"45"
"SAL-0012152";"2026-03-21";"MI-002";"32"
"SAL-0012153";"2026-03-21";"MI-003";"25"
"SAL-0012154";"2026-03-21";"MI-004";"14"
"SAL-0012155";"2026-03-21";"MI-005";"19"
"SAL-0012156";"2026-03-21";"MI-006";"20"
"SAL-0012157";"2026-03-21";"MI-007";"18"
"SAL-0012158";"2026-03-21";"MI-008";"7"
"SAL-0012159";"2026-03-21";"MI-009";"11"
"SAL-0012160";"2026-03-21";"MI-010";"10"
"SAL-0012161";"2026-03-21";"MI-011";"22"
"SAL-0012162";"2026-03-21";"MI-012";"6"
"SAL-0012163";"2026-03-21";"MI-013";"14"
"SAL-0012164";"2026-03-21";"MI-014";"6"
"SAL-0012165";"2026-03-21";"MI-015";"19"
"SAL-0012166";"2026-03-22";"MI-001";"31"
"SAL-0012167";"2026-03-22";"MI-002";"20"
"SAL-0012168";"2026-03-22";"MI-003";"23"
"SAL-0012169";"2026-03-22";"MI-004";"13"
"SAL-0012170";"2026-03-22";"MI-005";"21"
"SAL-0012171";"2026-03-22";"MI-006";"21"
"SAL-0012172";"2026-03-22";"MI-007";"26"
"SAL-0012173";"2026-03-22";"MI-008";"11"
"SAL-0012174";"2026-03-22";"MI-009";"20"
"SAL-0012175";"2026-03-22";"MI-010";"7"
"SAL-0012176";"2026-03-22";"MI-011";"17"
"SAL-0012177";"2026-03-22";"MI-012";"15"
"SAL-0012178";"2026-03-22";"MI-013";"17"
"SAL-0012179";"2026-03-22";"MI-014";"15"
"SAL-0012180";"2026-03-22";"MI-015";"19"
"SAL-0012181";"2026-03-23";"MI-001";"25"
"SAL-0012182";"2026-03-23";"MI-002";"13"
"SAL-0012183";"2026-03-23";"MI-003";"16"
"SAL-0012184";"2026-03-23";"MI-004";"8"
"SAL-0012185";"2026-03-23";"MI-005";"7"
"SAL-0012186";"2026-03-23";"MI-006";"4"
"SAL-0012187";"2026-03-23";"MI-007";"13"
"SAL-0012188";"2026-03-23";"MI-008";"8"
"SAL-0012189";"2026-03-23";"MI-009";"5"
"SAL-0012190";"2026-03-23";"MI-010";"6"
"SAL-0012191";"2026-03-23";"MI-011";"11"
"SAL-0012192";"2026-03-23";"MI-012";"10"
"SAL-0012193";"2026-03-23";"MI-013";"10"
"SAL-0012194";"2026-03-23";"MI-014";"4"
"SAL-0012195";"2026-03-23";"MI-015";"11"
"SAL-0012196";"2026-03-24";"MI-001";"17"
"SAL-0012197";"2026-03-24";"MI-002";"15"
"SAL-0012198";"2026-03-24";"MI-003";"20"
"SAL-0012199";"2026-03-24";"MI-004";"14"
"SAL-0012200";"2026-03-24";"MI-005";"23"
"SAL-0012201";"2026-03-24";"MI-006";"15"
"SAL-0012202";"2026-03-24";"MI-007";"19"
"SAL-0012203";"2026-03-24";"MI-008";"12"
"SAL-0012204";"2026-03-24";"MI-009";"10"
"SAL-0012205";"2026-03-24";"MI-010";"8"
"SAL-0012206";"2026-03-24";"MI-011";"9"
"SAL-0012207";"2026-03-24";"MI-012";"3"
"SAL-0012208";"2026-03-24";"MI-013";"8"
"SAL-0012209";"2026-03-24";"MI-014";"9"
"SAL-0012210";"2026-03-24";"MI-015";"4"
"SAL-0012211";"2026-03-25";"MI-001";"12"
"SAL-0012212";"2026-03-25";"MI-002";"14"
"SAL-0012213";"2026-03-25";"MI-003";"12"
"SAL-0012214";"2026-03-25";"MI-004";"18"
"SAL-0012215";"2026-03-25";"MI-005";"10"
"SAL-0012216";"2026-03-25";"MI-006";"12"
"SAL-0012217";"2026-03-25";"MI-007";"15"
"SAL-0012218";"2026-03-25";"MI-008";"8"
"SAL-0012219";"2026-03-25";"MI-009";"12"
"SAL-0012220";"2026-03-25";"MI-010";"13"
"SAL-0012221";"2026-03-25";"MI-011";"17"
"SAL-0012222";"2026-03-25";"MI-012";"5"
"SAL-0012223";"2026-03-25";"MI-013";"1"
"SAL-0012224";"2026-03-25";"MI-014";"5"
"SAL-0012225";"2026-03-25";"MI-015";"10"
"SAL-0012226";"2026-03-26";"MI-001";"15"
"SAL-0012227";"2026-03-26";"MI-002";"16"
"SAL-0012228";"2026-03-26";"MI-003";"18"
"SAL-0012229";"2026-03-26";"MI-004";"13"
"SAL-0012230";"2026-03-26";"MI-005";"24"
"SAL-0012231";"2026-03-26";"MI-006";"15"
"SAL-0012232";"2026-03-26";"MI-007";"7"
"SAL-0012233";"2026-03-26";"MI-008";"12"
"SAL-0012234";"2026-03-26";"MI-009";"13"
"SAL-0012235";"2026-03-26";"MI-010";"10"
"SAL-0012236";"2026-03-26";"MI-011";"13"
"SAL-0012237";"2026-03-26";"MI-012";"6"
"SAL-0012238";"2026-03-26";"MI-013";"7"
"SAL-0012239";"2026-03-26";"MI-014";"7"
"SAL-0012240";"2026-03-26";"MI-015";"10"
"SAL-0012241";"2026-03-27";"MI-001";"30"
"SAL-0012242";"2026-03-27";"MI-002";"21"
"SAL-0012243";"2026-03-27";"MI-003";"22"
"SAL-0012244";"2026-03-27";"MI-004";"14"
"SAL-0012245";"2026-03-27";"MI-005";"14"
"SAL-0012246";"2026-03-27";"MI-006";"15"
"SAL-0012247";"2026-03-27";"MI-007";"24"
"SAL-0012248";"2026-03-27";"MI-008";"13"
"SAL-0012249";"2026-03-27";"MI-009";"5"
"SAL-0012250";"2026-03-27";"MI-010";"15"
"SAL-0012251";"2026-03-27";"MI-011";"20"
"SAL-0012252";"2026-03-27";"MI-012";"10"
"SAL-0012253";"2026-03-27";"MI-013";"15"
"SAL-0012254";"2026-03-27";"MI-014";"8"
"SAL-0012255";"2026-03-27";"MI-015";"10"
"SAL-0012256";"2026-03-28";"MI-001";"47"
"SAL-0012257";"2026-03-28";"MI-002";"35"
"SAL-0012258";"2026-03-28";"MI-003";"41"
"SAL-0012259";"2026-03-28";"MI-004";"19"
"SAL-0012260";"2026-03-28";"MI-005";"37"
"SAL-0012261";"2026-03-28";"MI-006";"17"
"SAL-0012262";"2026-03-28";"MI-007";"23"
"SAL-0012263";"2026-03-28";"MI-008";"17"
"SAL-0012264";"2026-03-28";"MI-009";"16"
"SAL-0012265";"2026-03-28";"MI-010";"19"
"SAL-0012266";"2026-03-28";"MI-011";"26"
"SAL-0012267";"2026-03-28";"MI-012";"9"
"SAL-0012268";"2026-03-28";"MI-013";"23"
"SAL-0012269";"2026-03-28";"MI-014";"10"
"SAL-0012270";"2026-03-28";"MI-015";"14"
"SAL-0012271";"2026-03-29";"MI-001";"38"
"SAL-0012272";"2026-03-29";"MI-002";"21"
"SAL-0012273";"2026-03-29";"MI-003";"28"
"SAL-0012274";"2026-03-29";"MI-004";"18"
"SAL-0012275";"2026-03-29";"MI-005";"22"
"SAL-0012276";"2026-03-29";"MI-006";"15"
"SAL-0012277";"2026-03-29";"MI-007";"23"
"SAL-0012278";"2026-03-29";"MI-008";"10"
"SAL-0012279";"2026-03-29";"MI-009";"14"
"SAL-0012280";"2026-03-29";"MI-010";"17"
"SAL-0012281";"2026-03-29";"MI-011";"14"
"SAL-0012282";"2026-03-29";"MI-012";"15"
"SAL-0012283";"2026-03-29";"MI-013";"12"
"SAL-0012284";"2026-03-29";"MI-014";"14"
"SAL-0012285";"2026-03-29";"MI-015";"19"
"SAL-0012286";"2026-03-30";"MI-001";"20"
"SAL-0012287";"2026-03-30";"MI-002";"13"
"SAL-0012288";"2026-03-30";"MI-003";"21"
"SAL-0012289";"2026-03-30";"MI-004";"5"
"SAL-0012290";"2026-03-30";"MI-005";"19"
"SAL-0012291";"2026-03-30";"MI-006";"8"
"SAL-0012292";"2026-03-30";"MI-007";"10"
"SAL-0012293";"2026-03-30";"MI-008";"11"
"SAL-0012294";"2026-03-30";"MI-009";"8"
"SAL-0012295";"2026-03-30";"MI-010";"9"
"SAL-0012296";"2026-03-30";"MI-011";"11"
"SAL-0012297";"2026-03-30";"MI-012";"6"
"SAL-0012298";"2026-03-30";"MI-013";"6"
"SAL-0012299";"2026-03-30";"MI-014";"3"
"SAL-0012300";"2026-03-30";"MI-015";"4"
"SAL-0012301";"2026-03-31";"MI-001";"15"
"SAL-0012302";"2026-03-31";"MI-002";"12"
"SAL-0012303";"2026-03-31";"MI-003";"21"
"SAL-0012304";"2026-03-31";"MI-004";"11"
"SAL-0012305";"2026-03-31";"MI-005";"17"
"SAL-0012306";"2026-03-31";"MI-006";"6"
"SAL-0012307";"2026-03-31";"MI-007";"12"
"SAL-0012308";"2026-03-31";"MI-008";"11"
"SAL-0012309";"2026-03-31";"MI-009";"2"
"SAL-0012310";"2026-03-31";"MI-010";"11"
"SAL-0012311";"2026-03-31";"MI-011";"6"
"SAL-0012312";"2026-03-31";"MI-012";"9"
"SAL-0012313";"2026-03-31";"MI-013";"5"
"SAL-0012314";"2026-03-31";"MI-014";"2"
"SAL-0012315";"2026-03-31";"MI-015";"5"
"SAL-0012316";"2026-04-01";"MI-001";"21"
"SAL-0012317";"2026-04-01";"MI-002";"14"
"SAL-0012318";"2026-04-01";"MI-003";"14"
"SAL-0012319";"2026-04-01";"MI-004";"11"
"SAL-0012320";"2026-04-01";"MI-005";"19"
"SAL-0012321";"2026-04-01";"MI-006";"10"
"SAL-0012322";"2026-04-01";"MI-007";"16"
"SAL-0012323";"2026-04-01";"MI-008";"6"
"SAL-0012324";"2026-04-01";"MI-009";"5"
"SAL-0012325";"2026-04-01";"MI-010";"2"
"SAL-0012326";"2026-04-01";"MI-011";"13"
"SAL-0012327";"2026-04-01";"MI-012";"9"
"SAL-0012328";"2026-04-01";"MI-013";"15"
"SAL-0012329";"2026-04-01";"MI-014";"7"
"SAL-0012330";"2026-04-01";"MI-015";"10"
"SAL-0012331";"2026-04-02";"MI-001";"19"
"SAL-0012332";"2026-04-02";"MI-002";"6"
"SAL-0012333";"2026-04-02";"MI-003";"13"
"SAL-0012334";"2026-04-02";"MI-004";"11"
"SAL-0012335";"2026-04-02";"MI-005";"14"
"SAL-0012336";"2026-04-02";"MI-006";"7"
"SAL-0012337";"2026-04-02";"MI-007";"17"
"SAL-0012338";"2026-04-02";"MI-008";"9"
"SAL-0012339";"2026-04-02";"MI-009";"7"
"SAL-0012340";"2026-04-02";"MI-010";"8"
"SAL-0012341";"2026-04-02";"MI-011";"13"
"SAL-0012342";"2026-04-02";"MI-012";"7"
"SAL-0012343";"2026-04-02";"MI-013";"6"
"SAL-0012344";"2026-04-02";"MI-014";"5"
"SAL-0012345";"2026-04-02";"MI-015";"13"
"SAL-0012346";"2026-04-03";"MI-001";"32"
"SAL-0012347";"2026-04-03";"MI-002";"27"
"SAL-0012348";"2026-04-03";"MI-003";"28"
"SAL-0012349";"2026-04-03";"MI-004";"19"
"SAL-0012350";"2026-04-03";"MI-005";"29"
"SAL-0012351";"2026-04-03";"MI-006";"20"
"SAL-0012352";"2026-04-03";"MI-007";"23"
"SAL-0012353";"2026-04-03";"MI-008";"12"
"SAL-0012354";"2026-04-03";"MI-009";"10"
"SAL-0012355";"2026-04-03";"MI-010";"14"
"SAL-0012356";"2026-04-03";"MI-011";"20"
"SAL-0012357";"2026-04-03";"MI-012";"7"
"SAL-0012358";"2026-04-03";"MI-013";"4"
"SAL-0012359";"2026-04-03";"MI-014";"10"
"SAL-0012360";"2026-04-03";"MI-015";"12"
"SAL-0012361";"2026-04-04";"MI-001";"29"
"SAL-0012362";"2026-04-04";"MI-002";"28"
"SAL-0012363";"2026-04-04";"MI-003";"28"
"SAL-0012364";"2026-04-04";"MI-004";"23"
"SAL-0012365";"2026-04-04";"MI-005";"46"
"SAL-0012366";"2026-04-04";"MI-006";"23"
"SAL-0012367";"2026-04-04";"MI-007";"21"
"SAL-0012368";"2026-04-04";"MI-008";"20"
"SAL-0012369";"2026-04-04";"MI-009";"15"
"SAL-0012370";"2026-04-04";"MI-010";"20"
"SAL-0012371";"2026-04-04";"MI-011";"23"
"SAL-0012372";"2026-04-04";"MI-012";"15"
"SAL-0012373";"2026-04-04";"MI-013";"12"
"SAL-0012374";"2026-04-04";"MI-014";"8"
"SAL-0012375";"2026-04-04";"MI-015";"17"
"SAL-0012376";"2026-04-05";"MI-001";"33"
"SAL-0012377";"2026-04-05";"MI-002";"23"
"SAL-0012378";"2026-04-05";"MI-003";"25"
"SAL-0012379";"2026-04-05";"MI-004";"15"
"SAL-0012380";"2026-04-05";"MI-005";"30"
"SAL-0012381";"2026-04-05";"MI-006";"16"
"SAL-0012382";"2026-04-05";"MI-007";"19"
"SAL-0012383";"2026-04-05";"MI-008";"8"
"SAL-0012384";"2026-04-05";"MI-009";"15"
"SAL-0012385";"2026-04-05";"MI-010";"8"
"SAL-0012386";"2026-04-05";"MI-011";"16"
"SAL-0012387";"2026-04-05";"MI-012";"11"
"SAL-0012388";"2026-04-05";"MI-013";"10"
"SAL-0012389";"2026-04-05";"MI-014";"10"
"SAL-0012390";"2026-04-05";"MI-015";"14"
"SAL-0012391";"2026-04-06";"MI-001";"17"
"SAL-0012392";"2026-04-06";"MI-002";"11"
"SAL-0012393";"2026-04-06";"MI-003";"13"
"SAL-0012394";"2026-04-06";"MI-004";"12"
"SAL-0012395";"2026-04-06";"MI-005";"16"
"SAL-0012396";"2026-04-06";"MI-006";"11"
"SAL-0012397";"2026-04-06";"MI-007";"14"
"SAL-0012398";"2026-04-06";"MI-008";"12"
"SAL-0012399";"2026-04-06";"MI-009";"7"
"SAL-0012400";"2026-04-06";"MI-010";"10"
"SAL-0012401";"2026-04-06";"MI-011";"16"
"SAL-0012402";"2026-04-06";"MI-012";"10"
"SAL-0012403";"2026-04-06";"MI-013";"11"
"SAL-0012404";"2026-04-06";"MI-014";"11"
"SAL-0012405";"2026-04-06";"MI-015";"4"
"SAL-0012406";"2026-04-07";"MI-001";"17"
"SAL-0012407";"2026-04-07";"MI-002";"12"
"SAL-0012408";"2026-04-07";"MI-003";"20"
"SAL-0012409";"2026-04-07";"MI-004";"10"
"SAL-0012410";"2026-04-07";"MI-005";"13"
"SAL-0012411";"2026-04-07";"MI-006";"7"
"SAL-0012412";"2026-04-07";"MI-007";"14"
"SAL-0012413";"2026-04-07";"MI-008";"7"
"SAL-0012414";"2026-04-07";"MI-009";"2"
"SAL-0012415";"2026-04-07";"MI-010";"3"
"SAL-0012416";"2026-04-07";"MI-011";"11"
"SAL-0012417";"2026-04-07";"MI-012";"5"
"SAL-0012418";"2026-04-07";"MI-013";"11"
"SAL-0012419";"2026-04-07";"MI-014";"9"
"SAL-0012420";"2026-04-07";"MI-015";"7"
"SAL-0012421";"2026-04-08";"MI-001";"17"
"SAL-0012422";"2026-04-08";"MI-002";"14"
"SAL-0012423";"2026-04-08";"MI-003";"12"
"SAL-0012424";"2026-04-08";"MI-004";"12"
"SAL-0012425";"2026-04-08";"MI-005";"18"
"SAL-0012426";"2026-04-08";"MI-006";"14"
"SAL-0012427";"2026-04-08";"MI-007";"10"
"SAL-0012428";"2026-04-08";"MI-008";"7"
"SAL-0012429";"2026-04-08";"MI-009";"9"
"SAL-0012430";"2026-04-08";"MI-010";"9"
"SAL-0012431";"2026-04-08";"MI-011";"11"
"SAL-0012432";"2026-04-08";"MI-012";"12"
"SAL-0012433";"2026-04-08";"MI-013";"6"
"SAL-0012434";"2026-04-08";"MI-014";"6"
"SAL-0012435";"2026-04-08";"MI-015";"8"
"SAL-0012436";"2026-04-09";"MI-001";"25"
"SAL-0012437";"2026-04-09";"MI-002";"13"
"SAL-0012438";"2026-04-09";"MI-003";"12"
"SAL-0012439";"2026-04-09";"MI-004";"11"
"SAL-0012440";"2026-04-09";"MI-005";"27"
"SAL-0012441";"2026-04-09";"MI-006";"11"
"SAL-0012442";"2026-04-09";"MI-007";"16"
"SAL-0012443";"2026-04-09";"MI-008";"11"
"SAL-0012444";"2026-04-09";"MI-009";"9"
"SAL-0012445";"2026-04-09";"MI-010";"10"
"SAL-0012446";"2026-04-09";"MI-011";"10"
"SAL-0012447";"2026-04-09";"MI-012";"7"
"SAL-0012448";"2026-04-09";"MI-013";"12"
"SAL-0012449";"2026-04-09";"MI-014";"7"
"SAL-0012450";"2026-04-09";"MI-015";"7"
"SAL-0012451";"2026-04-10";"MI-001";"22"
"SAL-0012452";"2026-04-10";"MI-002";"23"
"SAL-0012453";"2026-04-10";"MI-003";"24"
"SAL-0012454";"2026-04-10";"MI-004";"22"
"SAL-0012455";"2026-04-10";"MI-005";"17"
"SAL-0012456";"2026-04-10";"MI-006";"16"
"SAL-0012457";"2026-04-10";"MI-007";"15"
"SAL-0012458";"2026-04-10";"MI-008";"8"
"SAL-0012459";"2026-04-10";"MI-009";"6"
"SAL-0012460";"2026-04-10";"MI-010";"16"
"SAL-0012461";"2026-04-10";"MI-011";"9"
"SAL-0012462";"2026-04-10";"MI-012";"14"
"SAL-0012463";"2026-04-10";"MI-013";"13"
"SAL-0012464";"2026-04-10";"MI-014";"8"
"SAL-0012465";"2026-04-10";"MI-015";"11"
"SAL-0012466";"2026-04-11";"MI-001";"49"
"SAL-0012467";"2026-04-11";"MI-002";"40"
"SAL-0012468";"2026-04-11";"MI-003";"34"
"SAL-0012469";"2026-04-11";"MI-004";"32"
"SAL-0012470";"2026-04-11";"MI-005";"36"
"SAL-0012471";"2026-04-11";"MI-006";"23"
"SAL-0012472";"2026-04-11";"MI-007";"27"
"SAL-0012473";"2026-04-11";"MI-008";"19"
"SAL-0012474";"2026-04-11";"MI-009";"13"
"SAL-0012475";"2026-04-11";"MI-010";"12"
"SAL-0012476";"2026-04-11";"MI-011";"23"
"SAL-0012477";"2026-04-11";"MI-012";"20"
"SAL-0012478";"2026-04-11";"MI-013";"17"
"SAL-0012479";"2026-04-11";"MI-014";"13"
"SAL-0012480";"2026-04-11";"MI-015";"21"
"SAL-0012481";"2026-04-12";"MI-001";"26"
"SAL-0012482";"2026-04-12";"MI-002";"20"
"SAL-0012483";"2026-04-12";"MI-003";"16"
"SAL-0012484";"2026-04-12";"MI-004";"17"
"SAL-0012485";"2026-04-12";"MI-005";"23"
"SAL-0012486";"2026-04-12";"MI-006";"11"
"SAL-0012487";"2026-04-12";"MI-007";"16"
"SAL-0012488";"2026-04-12";"MI-008";"13"
"SAL-0012489";"2026-04-12";"MI-009";"15"
"SAL-0012490";"2026-04-12";"MI-010";"8"
"SAL-0012491";"2026-04-12";"MI-011";"17"
"SAL-0012492";"2026-04-12";"MI-012";"3"
"SAL-0012493";"2026-04-12";"MI-013";"10"
"SAL-0012494";"2026-04-12";"MI-014";"11"
"SAL-0012495";"2026-04-12";"MI-015";"15"
"SAL-0012496";"2026-04-13";"MI-001";"14"
"SAL-0012497";"2026-04-13";"MI-002";"15"
"SAL-0012498";"2026-04-13";"MI-003";"11"
"SAL-0012499";"2026-04-13";"MI-004";"14"
"SAL-0012500";"2026-04-13";"MI-005";"8"
"SAL-0012501";"2026-04-13";"MI-006";"12"
"SAL-0012502";"2026-04-13";"MI-007";"10"
"SAL-0012503";"2026-04-13";"MI-008";"10"
"SAL-0012504";"2026-04-13";"MI-009";"5"
"SAL-0012505";"2026-04-13";"MI-010";"8"
"SAL-0012506";"2026-04-13";"MI-011";"13"
"SAL-0012507";"2026-04-13";"MI-012";"3"
"SAL-0012508";"2026-04-13";"MI-013";"10"
"SAL-0012509";"2026-04-13";"MI-014";"5"
"SAL-0012510";"2026-04-13";"MI-015";"9"
"SAL-0012511";"2026-04-14";"MI-001";"20"
"SAL-0012512";"2026-04-14";"MI-002";"20"
"SAL-0012513";"2026-04-14";"MI-003";"16"
"SAL-0012514";"2026-04-14";"MI-004";"15"
"SAL-0012515";"2026-04-14";"MI-005";"18"
"SAL-0012516";"2026-04-14";"MI-006";"15"
"SAL-0012517";"2026-04-14";"MI-007";"13"
"SAL-0012518";"2026-04-14";"MI-008";"9"
"SAL-0012519";"2026-04-14";"MI-009";"8"
"SAL-0012520";"2026-04-14";"MI-010";"6"
"SAL-0012521";"2026-04-14";"MI-011";"13"
"SAL-0012522";"2026-04-14";"MI-012";"10"
"SAL-0012523";"2026-04-14";"MI-013";"8"
"SAL-0012524";"2026-04-14";"MI-014";"8"
"SAL-0012525";"2026-04-14";"MI-015";"5"
"SAL-0012526";"2026-04-15";"MI-001";"21"
"SAL-0012527";"2026-04-15";"MI-002";"18"
"SAL-0012528";"2026-04-15";"MI-003";"26"
"SAL-0012529";"2026-04-15";"MI-004";"14"
"SAL-0012530";"2026-04-15";"MI-005";"19"
"SAL-0012531";"2026-04-15";"MI-006";"15"
"SAL-0012532";"2026-04-15";"MI-007";"12"
"SAL-0012533";"2026-04-15";"MI-008";"9"
"SAL-0012534";"2026-04-15";"MI-009";"11"
"SAL-0012535";"2026-04-15";"MI-010";"9"
"SAL-0012536";"2026-04-15";"MI-011";"9"
"SAL-0012537";"2026-04-15";"MI-012";"7"
"SAL-0012538";"2026-04-15";"MI-013";"10"
"SAL-0012539";"2026-04-15";"MI-014";"7"
"SAL-0012540";"2026-04-15";"MI-015";"12"
"SAL-0012541";"2026-04-16";"MI-001";"16"
"SAL-0012542";"2026-04-16";"MI-002";"11"
"SAL-0012543";"2026-04-16";"MI-003";"17"
"SAL-0012544";"2026-04-16";"MI-004";"13"
"SAL-0012545";"2026-04-16";"MI-005";"20"
"SAL-0012546";"2026-04-16";"MI-006";"11"
"SAL-0012547";"2026-04-16";"MI-007";"16"
"SAL-0012548";"2026-04-16";"MI-008";"7"
"SAL-0012549";"2026-04-16";"MI-009";"6"
"SAL-0012550";"2026-04-16";"MI-010";"6"
"SAL-0012551";"2026-04-16";"MI-011";"16"
"SAL-0012552";"2026-04-16";"MI-012";"5"
"SAL-0012553";"2026-04-16";"MI-013";"12"
"SAL-0012554";"2026-04-16";"MI-014";"12"
"SAL-0012555";"2026-04-16";"MI-015";"10"
"SAL-0012556";"2026-04-17";"MI-001";"32"
"SAL-0012557";"2026-04-17";"MI-002";"26"
"SAL-0012558";"2026-04-17";"MI-003";"13"
"SAL-0012559";"2026-04-17";"MI-004";"18"
"SAL-0012560";"2026-04-17";"MI-005";"27"
"SAL-0012561";"2026-04-17";"MI-006";"13"
"SAL-0012562";"2026-04-17";"MI-007";"25"
"SAL-0012563";"2026-04-17";"MI-008";"14"
"SAL-0012564";"2026-04-17";"MI-009";"16"
"SAL-0012565";"2026-04-17";"MI-010";"6"
"SAL-0012566";"2026-04-17";"MI-011";"12"
"SAL-0012567";"2026-04-17";"MI-012";"10"
"SAL-0012568";"2026-04-17";"MI-013";"6"
"SAL-0012569";"2026-04-17";"MI-014";"5"
"SAL-0012570";"2026-04-17";"MI-015";"15"
"SAL-0012571";"2026-04-18";"MI-001";"37"
"SAL-0012572";"2026-04-18";"MI-002";"36"
"SAL-0012573";"2026-04-18";"MI-003";"26"
"SAL-0012574";"2026-04-18";"MI-004";"22"
"SAL-0012575";"2026-04-18";"MI-005";"42"
"SAL-0012576";"2026-04-18";"MI-006";"26"
"SAL-0012577";"2026-04-18";"MI-007";"28"
"SAL-0012578";"2026-04-18";"MI-008";"24"
"SAL-0012579";"2026-04-18";"MI-009";"15"
"SAL-0012580";"2026-04-18";"MI-010";"21"
"SAL-0012581";"2026-04-18";"MI-011";"19"
"SAL-0012582";"2026-04-18";"MI-012";"23"
"SAL-0012583";"2026-04-18";"MI-013";"17"
"SAL-0012584";"2026-04-18";"MI-014";"12"
"SAL-0012585";"2026-04-18";"MI-015";"20"
"SAL-0012586";"2026-04-19";"MI-001";"33"
"SAL-0012587";"2026-04-19";"MI-002";"35"
"SAL-0012588";"2026-04-19";"MI-003";"17"
"SAL-0012589";"2026-04-19";"MI-004";"18"
"SAL-0012590";"2026-04-19";"MI-005";"33"
"SAL-0012591";"2026-04-19";"MI-006";"23"
"SAL-0012592";"2026-04-19";"MI-007";"35"
"SAL-0012593";"2026-04-19";"MI-008";"18"
"SAL-0012594";"2026-04-19";"MI-009";"14"
"SAL-0012595";"2026-04-19";"MI-010";"9"
"SAL-0012596";"2026-04-19";"MI-011";"17"
"SAL-0012597";"2026-04-19";"MI-012";"14"
"SAL-0012598";"2026-04-19";"MI-013";"20"
"SAL-0012599";"2026-04-19";"MI-014";"16"
"SAL-0012600";"2026-04-19";"MI-015";"18"
"SAL-0012601";"2026-04-20";"MI-001";"17"
"SAL-0012602";"2026-04-20";"MI-002";"18"
"SAL-0012603";"2026-04-20";"MI-003";"24"
"SAL-0012604";"2026-04-20";"MI-004";"15"
"SAL-0012605";"2026-04-20";"MI-005";"18"
"SAL-0012606";"2026-04-20";"MI-006";"10"
"SAL-0012607";"2026-04-20";"MI-007";"11"
"SAL-0012608";"2026-04-20";"MI-008";"7"
"SAL-0012609";"2026-04-20";"MI-009";"5"
"SAL-0012610";"2026-04-20";"MI-010";"9"
"SAL-0012611";"2026-04-20";"MI-011";"3"
"SAL-0012612";"2026-04-20";"MI-012";"5"
"SAL-0012613";"2026-04-20";"MI-013";"12"
"SAL-0012614";"2026-04-20";"MI-014";"6"
"SAL-0012615";"2026-04-20";"MI-015";"5"
"SAL-0012616";"2026-04-21";"MI-001";"24"
"SAL-0012617";"2026-04-21";"MI-002";"16"
"SAL-0012618";"2026-04-21";"MI-003";"21"
"SAL-0012619";"2026-04-21";"MI-004";"11"
"SAL-0012620";"2026-04-21";"MI-005";"14"
"SAL-0012621";"2026-04-21";"MI-006";"5"
"SAL-0012622";"2026-04-21";"MI-007";"14"
"SAL-0012623";"2026-04-21";"MI-008";"10"
"SAL-0012624";"2026-04-21";"MI-009";"9"
"SAL-0012625";"2026-04-21";"MI-010";"7"
"SAL-0012626";"2026-04-21";"MI-011";"7"
"SAL-0012627";"2026-04-21";"MI-012";"9"
"SAL-0012628";"2026-04-21";"MI-013";"6"
"SAL-0012629";"2026-04-21";"MI-014";"1"
"SAL-0012630";"2026-04-21";"MI-015";"8"
"SAL-0012631";"2026-04-22";"MI-001";"17"
"SAL-0012632";"2026-04-22";"MI-002";"10"
"SAL-0012633";"2026-04-22";"MI-003";"16"
"SAL-0012634";"2026-04-22";"MI-004";"13"
"SAL-0012635";"2026-04-22";"MI-005";"13"
"SAL-0012636";"2026-04-22";"MI-006";"12"
"SAL-0012637";"2026-04-22";"MI-007";"10"
"SAL-0012638";"2026-04-22";"MI-008";"12"
"SAL-0012639";"2026-04-22";"MI-009";"7"
"SAL-0012640";"2026-04-22";"MI-010";"6"
"SAL-0012641";"2026-04-22";"MI-011";"13"
"SAL-0012642";"2026-04-22";"MI-012";"6"
"SAL-0012643";"2026-04-22";"MI-013";"14"
"SAL-0012644";"2026-04-22";"MI-014";"3"
"SAL-0012645";"2026-04-22";"MI-015";"10"
"SAL-0012646";"2026-04-23";"MI-001";"20"
"SAL-0012647";"2026-04-23";"MI-002";"18"
"SAL-0012648";"2026-04-23";"MI-003";"16"
"SAL-0012649";"2026-04-23";"MI-004";"12"
"SAL-0012650";"2026-04-23";"MI-005";"26"
"SAL-0012651";"2026-04-23";"MI-006";"9"
"SAL-0012652";"2026-04-23";"MI-007";"16"
"SAL-0012653";"2026-04-23";"MI-008";"8"
"SAL-0012654";"2026-04-23";"MI-009";"7"
"SAL-0012655";"2026-04-23";"MI-010";"7"
"SAL-0012656";"2026-04-23";"MI-011";"9"
"SAL-0012657";"2026-04-23";"MI-012";"6"
"SAL-0012658";"2026-04-23";"MI-013";"11"
"SAL-0012659";"2026-04-23";"MI-014";"6"
"SAL-0012660";"2026-04-23";"MI-015";"11"
"SAL-0012661";"2026-04-24";"MI-001";"27"
"SAL-0012662";"2026-04-24";"MI-002";"22"
"SAL-0012663";"2026-04-24";"MI-003";"29"
"SAL-0012664";"2026-04-24";"MI-004";"19"
"SAL-0012665";"2026-04-24";"MI-005";"30"
"SAL-0012666";"2026-04-24";"MI-006";"13"
"SAL-0012667";"2026-04-24";"MI-007";"29"
"SAL-0012668";"2026-04-24";"MI-008";"5"
"SAL-0012669";"2026-04-24";"MI-009";"15"
"SAL-0012670";"2026-04-24";"MI-010";"9"
"SAL-0012671";"2026-04-24";"MI-011";"17"
"SAL-0012672";"2026-04-24";"MI-012";"13"
"SAL-0012673";"2026-04-24";"MI-013";"8"
"SAL-0012674";"2026-04-24";"MI-014";"11"
"SAL-0012675";"2026-04-24";"MI-015";"13"
"SAL-0012676";"2026-04-25";"MI-001";"32"
"SAL-0012677";"2026-04-25";"MI-002";"35"
"SAL-0012678";"2026-04-25";"MI-003";"39"
"SAL-0012679";"2026-04-25";"MI-004";"27"
"SAL-0012680";"2026-04-25";"MI-005";"43"
"SAL-0012681";"2026-04-25";"MI-006";"28"
"SAL-0012682";"2026-04-25";"MI-007";"21"
"SAL-0012683";"2026-04-25";"MI-008";"21"
"SAL-0012684";"2026-04-25";"MI-009";"23"
"SAL-0012685";"2026-04-25";"MI-010";"21"
"SAL-0012686";"2026-04-25";"MI-011";"25"
"SAL-0012687";"2026-04-25";"MI-012";"17"
"SAL-0012688";"2026-04-25";"MI-013";"14"
"SAL-0012689";"2026-04-25";"MI-014";"12"
"SAL-0012690";"2026-04-25";"MI-015";"21"
"SAL-0012691";"2026-04-26";"MI-001";"32"
"SAL-0012692";"2026-04-26";"MI-002";"23"
"SAL-0012693";"2026-04-26";"MI-003";"25"
"SAL-0012694";"2026-04-26";"MI-004";"20"
"SAL-0012695";"2026-04-26";"MI-005";"26"
"SAL-0012696";"2026-04-26";"MI-006";"17"
"SAL-0012697";"2026-04-26";"MI-007";"23"
"SAL-0012698";"2026-04-26";"MI-008";"10"
"SAL-0012699";"2026-04-26";"MI-009";"9"
"SAL-0012700";"2026-04-26";"MI-010";"11"
"SAL-0012701";"2026-04-26";"MI-011";"14"
"SAL-0012702";"2026-04-26";"MI-012";"18"
"SAL-0012703";"2026-04-26";"MI-013";"14"
"SAL-0012704";"2026-04-26";"MI-014";"12"
"SAL-0012705";"2026-04-26";"MI-015";"15"
"SAL-0012706";"2026-04-27";"MI-001";"16"
"SAL-0012707";"2026-04-27";"MI-002";"13"
"SAL-0012708";"2026-04-27";"MI-003";"11"
"SAL-0012709";"2026-04-27";"MI-004";"11"
"SAL-0012710";"2026-04-27";"MI-005";"16"
"SAL-0012711";"2026-04-27";"MI-006";"10"
"SAL-0012712";"2026-04-27";"MI-007";"15"
"SAL-0012713";"2026-04-27";"MI-008";"7"
"SAL-0012714";"2026-04-27";"MI-009";"9"
"SAL-0012715";"2026-04-27";"MI-010";"5"
"SAL-0012716";"2026-04-27";"MI-011";"11"
"SAL-0012717";"2026-04-27";"MI-012";"8"
"SAL-0012718";"2026-04-27";"MI-013";"10"
"SAL-0012719";"2026-04-27";"MI-014";"4"
"SAL-0012720";"2026-04-27";"MI-015";"11"
"SAL-0012721";"2026-04-28";"MI-001";"25"
"SAL-0012722";"2026-04-28";"MI-002";"18"
"SAL-0012723";"2026-04-28";"MI-003";"16"
"SAL-0012724";"2026-04-28";"MI-004";"8"
"SAL-0012725";"2026-04-28";"MI-005";"21"
"SAL-0012726";"2026-04-28";"MI-006";"17"
"SAL-0012727";"2026-04-28";"MI-007";"15"
"SAL-0012728";"2026-04-28";"MI-008";"10"
"SAL-0012729";"2026-04-28";"MI-009";"14"
"SAL-0012730";"2026-04-28";"MI-010";"6"
"SAL-0012731";"2026-04-28";"MI-011";"10"
"SAL-0012732";"2026-04-28";"MI-012";"12"
"SAL-0012733";"2026-04-28";"MI-013";"8"
"SAL-0012734";"2026-04-28";"MI-014";"5"
"SAL-0012735";"2026-04-28";"MI-015";"8"
"SAL-0012736";"2026-04-29";"MI-001";"24"
"SAL-0012737";"2026-04-29";"MI-002";"23"
"SAL-0012738";"2026-04-29";"MI-003";"17"
"SAL-0012739";"2026-04-29";"MI-004";"15"
"SAL-0012740";"2026-04-29";"MI-005";"25"
"SAL-0012741";"2026-04-29";"MI-006";"14"
"SAL-0012742";"2026-04-29";"MI-007";"15"
"SAL-0012743";"2026-04-29";"MI-008";"9"
"SAL-0012744";"2026-04-29";"MI-009";"8"
"SAL-0012745";"2026-04-29";"MI-010";"9"
"SAL-0012746";"2026-04-29";"MI-011";"7"
"SAL-0012747";"2026-04-29";"MI-012";"11"
"SAL-0012748";"2026-04-29";"MI-013";"11"
"SAL-0012749";"2026-04-29";"MI-014";"13"
"SAL-0012750";"2026-04-29";"MI-015";"8"
"SAL-0012751";"2026-04-30";"MI-001";"20"
"SAL-0012752";"2026-04-30";"MI-002";"16"
"SAL-0012753";"2026-04-30";"MI-003";"13"
"SAL-0012754";"2026-04-30";"MI-004";"17"
"SAL-0012755";"2026-04-30";"MI-005";"22"
"SAL-0012756";"2026-04-30";"MI-006";"11"
"SAL-0012757";"2026-04-30";"MI-007";"15"
"SAL-0012758";"2026-04-30";"MI-008";"11"
"SAL-0012759";"2026-04-30";"MI-009";"8"
"SAL-0012760";"2026-04-30";"MI-010";"7"
"SAL-0012761";"2026-04-30";"MI-011";"3"
"SAL-0012762";"2026-04-30";"MI-012";"6"
"SAL-0012763";"2026-04-30";"MI-013";"3"
"SAL-0012764";"2026-04-30";"MI-014";"6"
"SAL-0012765";"2026-04-30";"MI-015";"8"
"SAL-0012766";"2026-05-01";"MI-001";"22"
"SAL-0012767";"2026-05-01";"MI-002";"16"
"SAL-0012768";"2026-05-01";"MI-003";"16"
"SAL-0012769";"2026-05-01";"MI-004";"20"
"SAL-0012770";"2026-05-01";"MI-005";"27"
"SAL-0012771";"2026-05-01";"MI-006";"8"
"SAL-0012772";"2026-05-01";"MI-007";"12"
"SAL-0012773";"2026-05-01";"MI-008";"11"
"SAL-0012774";"2026-05-01";"MI-009";"5"
"SAL-0012775";"2026-05-01";"MI-010";"10"
"SAL-0012776";"2026-05-01";"MI-011";"17"
"SAL-0012777";"2026-05-01";"MI-012";"5"
"SAL-0012778";"2026-05-01";"MI-013";"4"
"SAL-0012779";"2026-05-01";"MI-014";"9"
"SAL-0012780";"2026-05-01";"MI-015";"5"
"SAL-0012781";"2026-05-02";"MI-001";"36"
"SAL-0012782";"2026-05-02";"MI-002";"29"
"SAL-0012783";"2026-05-02";"MI-003";"35"
"SAL-0012784";"2026-05-02";"MI-004";"29"
"SAL-0012785";"2026-05-02";"MI-005";"32"
"SAL-0012786";"2026-05-02";"MI-006";"13"
"SAL-0012787";"2026-05-02";"MI-007";"23"
"SAL-0012788";"2026-05-02";"MI-008";"25"
"SAL-0012789";"2026-05-02";"MI-009";"12"
"SAL-0012790";"2026-05-02";"MI-010";"14"
"SAL-0012791";"2026-05-02";"MI-011";"20"
"SAL-0012792";"2026-05-02";"MI-012";"17"
"SAL-0012793";"2026-05-02";"MI-013";"15"
"SAL-0012794";"2026-05-02";"MI-014";"8"
"SAL-0012795";"2026-05-02";"MI-015";"16"
"SAL-0012796";"2026-05-03";"MI-001";"30"
"SAL-0012797";"2026-05-03";"MI-002";"23"
"SAL-0012798";"2026-05-03";"MI-003";"19"
"SAL-0012799";"2026-05-03";"MI-004";"18"
"SAL-0012800";"2026-05-03";"MI-005";"28"
"SAL-0012801";"2026-05-03";"MI-006";"13"
"SAL-0012802";"2026-05-03";"MI-007";"33"
"SAL-0012803";"2026-05-03";"MI-008";"14"
"SAL-0012804";"2026-05-03";"MI-009";"13"
"SAL-0012805";"2026-05-03";"MI-010";"14"
"SAL-0012806";"2026-05-03";"MI-011";"11"
"SAL-0012807";"2026-05-03";"MI-012";"13"
"SAL-0012808";"2026-05-03";"MI-013";"11"
"SAL-0012809";"2026-05-03";"MI-014";"10"
"SAL-0012810";"2026-05-03";"MI-015";"15"
"SAL-0012811";"2026-05-04";"MI-001";"24"
"SAL-0012812";"2026-05-04";"MI-002";"17"
"SAL-0012813";"2026-05-04";"MI-003";"17"
"SAL-0012814";"2026-05-04";"MI-004";"15"
"SAL-0012815";"2026-05-04";"MI-005";"17"
"SAL-0012816";"2026-05-04";"MI-006";"8"
"SAL-0012817";"2026-05-04";"MI-007";"11"
"SAL-0012818";"2026-05-04";"MI-008";"5"
"SAL-0012819";"2026-05-04";"MI-009";"9"
"SAL-0012820";"2026-05-04";"MI-010";"6"
"SAL-0012821";"2026-05-04";"MI-011";"11"
"SAL-0012822";"2026-05-04";"MI-012";"9"
"SAL-0012823";"2026-05-04";"MI-013";"6"
"SAL-0012824";"2026-05-04";"MI-014";"6"
"SAL-0012825";"2026-05-04";"MI-015";"10"
"SAL-0012826";"2026-05-05";"MI-001";"31"
"SAL-0012827";"2026-05-05";"MI-002";"12"
"SAL-0012828";"2026-05-05";"MI-003";"14"
"SAL-0012829";"2026-05-05";"MI-004";"8"
"SAL-0012830";"2026-05-05";"MI-005";"17"
"SAL-0012831";"2026-05-05";"MI-006";"12"
"SAL-0012832";"2026-05-05";"MI-007";"10"
"SAL-0012833";"2026-05-05";"MI-008";"7"
"SAL-0012834";"2026-05-05";"MI-009";"6"
"SAL-0012835";"2026-05-05";"MI-010";"4"
"SAL-0012836";"2026-05-05";"MI-011";"7"
"SAL-0012837";"2026-05-05";"MI-012";"3"
"SAL-0012838";"2026-05-05";"MI-013";"7"
"SAL-0012839";"2026-05-05";"MI-014";"7"
"SAL-0012840";"2026-05-05";"MI-015";"11"
"SAL-0012841";"2026-05-06";"MI-001";"19"
"SAL-0012842";"2026-05-06";"MI-002";"15"
"SAL-0012843";"2026-05-06";"MI-003";"12"
"SAL-0012844";"2026-05-06";"MI-004";"13"
"SAL-0012845";"2026-05-06";"MI-005";"17"
"SAL-0012846";"2026-05-06";"MI-006";"11"
"SAL-0012847";"2026-05-06";"MI-007";"10"
"SAL-0012848";"2026-05-06";"MI-008";"10"
"SAL-0012849";"2026-05-06";"MI-009";"7"
"SAL-0012850";"2026-05-06";"MI-010";"9"
"SAL-0012851";"2026-05-06";"MI-011";"6"
"SAL-0012852";"2026-05-06";"MI-012";"8"
"SAL-0012853";"2026-05-06";"MI-013";"7"
"SAL-0012854";"2026-05-06";"MI-014";"7"
"SAL-0012855";"2026-05-06";"MI-015";"11"
"SAL-0012856";"2026-05-07";"MI-001";"24"
"SAL-0012857";"2026-05-07";"MI-002";"12"
"SAL-0012858";"2026-05-07";"MI-003";"20"
"SAL-0012859";"2026-05-07";"MI-004";"8"
"SAL-0012860";"2026-05-07";"MI-005";"19"
"SAL-0012861";"2026-05-07";"MI-006";"11"
"SAL-0012862";"2026-05-07";"MI-007";"11"
"SAL-0012863";"2026-05-07";"MI-008";"10"
"SAL-0012864";"2026-05-07";"MI-009";"7"
"SAL-0012865";"2026-05-07";"MI-010";"4"
"SAL-0012866";"2026-05-07";"MI-011";"14"
"SAL-0012867";"2026-05-07";"MI-012";"9"
"SAL-0012868";"2026-05-07";"MI-013";"9"
"SAL-0012869";"2026-05-07";"MI-014";"10"
"SAL-0012870";"2026-05-07";"MI-015";"5"
"SAL-0012871";"2026-05-08";"MI-001";"23"
"SAL-0012872";"2026-05-08";"MI-002";"11"
"SAL-0012873";"2026-05-08";"MI-003";"19"
"SAL-0012874";"2026-05-08";"MI-004";"14"
"SAL-0012875";"2026-05-08";"MI-005";"24"
"SAL-0012876";"2026-05-08";"MI-006";"20"
"SAL-0012877";"2026-05-08";"MI-007";"19"
"SAL-0012878";"2026-05-08";"MI-008";"9"
"SAL-0012879";"2026-05-08";"MI-009";"13"
"SAL-0012880";"2026-05-08";"MI-010";"4"
"SAL-0012881";"2026-05-08";"MI-011";"13"
"SAL-0012882";"2026-05-08";"MI-012";"14"
"SAL-0012883";"2026-05-08";"MI-013";"9"
"SAL-0012884";"2026-05-08";"MI-014";"11"
"SAL-0012885";"2026-05-08";"MI-015";"13"
"SAL-0012886";"2026-05-09";"MI-001";"40"
"SAL-0012887";"2026-05-09";"MI-002";"27"
"SAL-0012888";"2026-05-09";"MI-003";"32"
"SAL-0012889";"2026-05-09";"MI-004";"34"
"SAL-0012890";"2026-05-09";"MI-005";"37"
"SAL-0012891";"2026-05-09";"MI-006";"21"
"SAL-0012892";"2026-05-09";"MI-007";"32"
"SAL-0012893";"2026-05-09";"MI-008";"25"
"SAL-0012894";"2026-05-09";"MI-009";"13"
"SAL-0012895";"2026-05-09";"MI-010";"14"
"SAL-0012896";"2026-05-09";"MI-011";"20"
"SAL-0012897";"2026-05-09";"MI-012";"19"
"SAL-0012898";"2026-05-09";"MI-013";"17"
"SAL-0012899";"2026-05-09";"MI-014";"10"
"SAL-0012900";"2026-05-09";"MI-015";"16"
"SAL-0012901";"2026-05-10";"MI-001";"33"
"SAL-0012902";"2026-05-10";"MI-002";"32"
"SAL-0012903";"2026-05-10";"MI-003";"19"
"SAL-0012904";"2026-05-10";"MI-004";"13"
"SAL-0012905";"2026-05-10";"MI-005";"23"
"SAL-0012906";"2026-05-10";"MI-006";"17"
"SAL-0012907";"2026-05-10";"MI-007";"19"
"SAL-0012908";"2026-05-10";"MI-008";"11"
"SAL-0012909";"2026-05-10";"MI-009";"16"
"SAL-0012910";"2026-05-10";"MI-010";"7"
"SAL-0012911";"2026-05-10";"MI-011";"12"
"SAL-0012912";"2026-05-10";"MI-012";"20"
"SAL-0012913";"2026-05-10";"MI-013";"12"
"SAL-0012914";"2026-05-10";"MI-014";"10"
"SAL-0012915";"2026-05-10";"MI-015";"10"
"SAL-0012916";"2026-05-11";"MI-001";"14"
"SAL-0012917";"2026-05-11";"MI-002";"7"
"SAL-0012918";"2026-05-11";"MI-003";"17"
"SAL-0012919";"2026-05-11";"MI-004";"13"
"SAL-0012920";"2026-05-11";"MI-005";"13"
"SAL-0012921";"2026-05-11";"MI-006";"9"
"SAL-0012922";"2026-05-11";"MI-007";"11"
"SAL-0012923";"2026-05-11";"MI-008";"13"
"SAL-0012924";"2026-05-11";"MI-009";"7"
"SAL-0012925";"2026-05-11";"MI-010";"14"
"SAL-0012926";"2026-05-11";"MI-011";"13"
"SAL-0012927";"2026-05-11";"MI-012";"7"
"SAL-0012928";"2026-05-11";"MI-013";"5"
"SAL-0012929";"2026-05-11";"MI-014";"6"
"SAL-0012930";"2026-05-11";"MI-015";"3"
"SAL-0012931";"2026-05-12";"MI-001";"18"
"SAL-0012932";"2026-05-12";"MI-002";"13"
"SAL-0012933";"2026-05-12";"MI-003";"22"
"SAL-0012934";"2026-05-12";"MI-004";"8"
"SAL-0012935";"2026-05-12";"MI-005";"11"
"SAL-0012936";"2026-05-12";"MI-006";"11"
"SAL-0012937";"2026-05-12";"MI-007";"15"
"SAL-0012938";"2026-05-12";"MI-008";"10"
"SAL-0012939";"2026-05-12";"MI-009";"10"
"SAL-0012940";"2026-05-12";"MI-010";"10"
"SAL-0012941";"2026-05-12";"MI-011";"10"
"SAL-0012942";"2026-05-12";"MI-012";"7"
"SAL-0012943";"2026-05-12";"MI-013";"8"
"SAL-0012944";"2026-05-12";"MI-014";"8"
"SAL-0012945";"2026-05-12";"MI-015";"7"
"SAL-0012946";"2026-05-13";"MI-001";"18"
"SAL-0012947";"2026-05-13";"MI-002";"19"
"SAL-0012948";"2026-05-13";"MI-003";"13"
"SAL-0012949";"2026-05-13";"MI-004";"11"
"SAL-0012950";"2026-05-13";"MI-005";"20"
"SAL-0012951";"2026-05-13";"MI-006";"12"
"SAL-0012952";"2026-05-13";"MI-007";"17"
"SAL-0012953";"2026-05-13";"MI-008";"3"
"SAL-0012954";"2026-05-13";"MI-009";"7"
"SAL-0012955";"2026-05-13";"MI-010";"4"
"SAL-0012956";"2026-05-13";"MI-011";"11"
"SAL-0012957";"2026-05-13";"MI-012";"11"
"SAL-0012958";"2026-05-13";"MI-013";"10"
"SAL-0012959";"2026-05-13";"MI-014";"6"
"SAL-0012960";"2026-05-13";"MI-015";"11"
"SAL-0012961";"2026-05-14";"MI-001";"18"
"SAL-0012962";"2026-05-14";"MI-002";"14"
"SAL-0012963";"2026-05-14";"MI-003";"11"
"SAL-0012964";"2026-05-14";"MI-004";"15"
"SAL-0012965";"2026-05-14";"MI-005";"11"
"SAL-0012966";"2026-05-14";"MI-006";"11"
"SAL-0012967";"2026-05-14";"MI-007";"16"
"SAL-0012968";"2026-05-14";"MI-008";"8"
"SAL-0012969";"2026-05-14";"MI-009";"4"
"SAL-0012970";"2026-05-14";"MI-010";"9"
"SAL-0012971";"2026-05-14";"MI-011";"11"
"SAL-0012972";"2026-05-14";"MI-012";"14"
"SAL-0012973";"2026-05-14";"MI-013";"17"
"SAL-0012974";"2026-05-14";"MI-014";"10"
"SAL-0012975";"2026-05-14";"MI-015";"3"
"SAL-0012976";"2026-05-15";"MI-001";"25"
"SAL-0012977";"2026-05-15";"MI-002";"14"
"SAL-0012978";"2026-05-15";"MI-003";"14"
"SAL-0012979";"2026-05-15";"MI-004";"12"
"SAL-0012980";"2026-05-15";"MI-005";"27"
"SAL-0012981";"2026-05-15";"MI-006";"9"
"SAL-0012982";"2026-05-15";"MI-007";"27"
"SAL-0012983";"2026-05-15";"MI-008";"10"
"SAL-0012984";"2026-05-15";"MI-009";"9"
"SAL-0012985";"2026-05-15";"MI-010";"6"
"SAL-0012986";"2026-05-15";"MI-011";"11"
"SAL-0012987";"2026-05-15";"MI-012";"7"
"SAL-0012988";"2026-05-15";"MI-013";"10"
"SAL-0012989";"2026-05-15";"MI-014";"2"
"SAL-0012990";"2026-05-15";"MI-015";"8"
"SAL-0012991";"2026-05-16";"MI-001";"28"
"SAL-0012992";"2026-05-16";"MI-002";"25"
"SAL-0012993";"2026-05-16";"MI-003";"34"
"SAL-0012994";"2026-05-16";"MI-004";"19"
"SAL-0012995";"2026-05-16";"MI-005";"26"
"SAL-0012996";"2026-05-16";"MI-006";"21"
"SAL-0012997";"2026-05-16";"MI-007";"33"
"SAL-0012998";"2026-05-16";"MI-008";"16"
"SAL-0012999";"2026-05-16";"MI-009";"17"
"SAL-0013000";"2026-05-16";"MI-010";"15"
"SAL-0013001";"2026-05-16";"MI-011";"11"
"SAL-0013002";"2026-05-16";"MI-012";"12"
"SAL-0013003";"2026-05-16";"MI-013";"10"
"SAL-0013004";"2026-05-16";"MI-014";"11"
"SAL-0013005";"2026-05-16";"MI-015";"9"
"SAL-0013006";"2026-05-17";"MI-001";"38"
"SAL-0013007";"2026-05-17";"MI-002";"32"
"SAL-0013008";"2026-05-17";"MI-003";"30"
"SAL-0013009";"2026-05-17";"MI-004";"31"
"SAL-0013010";"2026-05-17";"MI-005";"35"
"SAL-0013011";"2026-05-17";"MI-006";"17"
"SAL-0013012";"2026-05-17";"MI-007";"21"
"SAL-0013013";"2026-05-17";"MI-008";"21"
"SAL-0013014";"2026-05-17";"MI-009";"19"
"SAL-0013015";"2026-05-17";"MI-010";"19"
"SAL-0013016";"2026-05-17";"MI-011";"13"
"SAL-0013017";"2026-05-17";"MI-012";"12"
"SAL-0013018";"2026-05-17";"MI-013";"5"
"SAL-0013019";"2026-05-17";"MI-014";"13"
"SAL-0013020";"2026-05-17";"MI-015";"18"
"SAL-0013021";"2026-05-18";"MI-001";"16"
"SAL-0013022";"2026-05-18";"MI-002";"7"
"SAL-0013023";"2026-05-18";"MI-003";"12"
"SAL-0013024";"2026-05-18";"MI-004";"9"
"SAL-0013025";"2026-05-18";"MI-005";"10"
"SAL-0013026";"2026-05-18";"MI-006";"12"
"SAL-0013027";"2026-05-18";"MI-007";"11"
"SAL-0013028";"2026-05-18";"MI-008";"9"
"SAL-0013029";"2026-05-18";"MI-009";"5"
"SAL-0013030";"2026-05-18";"MI-010";"6"
"SAL-0013031";"2026-05-18";"MI-011";"10"
"SAL-0013032";"2026-05-18";"MI-012";"7"
"SAL-0013033";"2026-05-18";"MI-013";"2"
"SAL-0013034";"2026-05-18";"MI-014";"5"
"SAL-0013035";"2026-05-18";"MI-015";"9"
"SAL-0013036";"2026-05-19";"MI-001";"19"
"SAL-0013037";"2026-05-19";"MI-002";"13"
"SAL-0013038";"2026-05-19";"MI-003";"19"
"SAL-0013039";"2026-05-19";"MI-004";"11"
"SAL-0013040";"2026-05-19";"MI-005";"21"
"SAL-0013041";"2026-05-19";"MI-006";"14"
"SAL-0013042";"2026-05-19";"MI-007";"21"
"SAL-0013043";"2026-05-19";"MI-008";"9"
"SAL-0013044";"2026-05-19";"MI-009";"14"
"SAL-0013045";"2026-05-19";"MI-010";"6"
"SAL-0013046";"2026-05-19";"MI-011";"4"
"SAL-0013047";"2026-05-19";"MI-012";"6"
"SAL-0013048";"2026-05-19";"MI-013";"14"
"SAL-0013049";"2026-05-19";"MI-014";"8"
"SAL-0013050";"2026-05-19";"MI-015";"10"
"SAL-0013051";"2026-05-20";"MI-001";"23"
"SAL-0013052";"2026-05-20";"MI-002";"13"
"SAL-0013053";"2026-05-20";"MI-003";"17"
"SAL-0013054";"2026-05-20";"MI-004";"15"
"SAL-0013055";"2026-05-20";"MI-005";"13"
"SAL-0013056";"2026-05-20";"MI-006";"10"
"SAL-0013057";"2026-05-20";"MI-007";"13"
"SAL-0013058";"2026-05-20";"MI-008";"14"
"SAL-0013059";"2026-05-20";"MI-009";"7"
"SAL-0013060";"2026-05-20";"MI-010";"11"
"SAL-0013061";"2026-05-20";"MI-011";"8"
"SAL-0013062";"2026-05-20";"MI-012";"11"
"SAL-0013063";"2026-05-20";"MI-013";"7"
"SAL-0013064";"2026-05-20";"MI-014";"9"
"SAL-0013065";"2026-05-20";"MI-015";"5"
"SAL-0013066";"2026-05-21";"MI-001";"23"
"SAL-0013067";"2026-05-21";"MI-002";"21"
"SAL-0013068";"2026-05-21";"MI-003";"20"
"SAL-0013069";"2026-05-21";"MI-004";"12"
"SAL-0013070";"2026-05-21";"MI-005";"24"
"SAL-0013071";"2026-05-21";"MI-006";"11"
"SAL-0013072";"2026-05-21";"MI-007";"16"
"SAL-0013073";"2026-05-21";"MI-008";"4"
"SAL-0013074";"2026-05-21";"MI-009";"9"
"SAL-0013075";"2026-05-21";"MI-010";"11"
"SAL-0013076";"2026-05-21";"MI-011";"17"
"SAL-0013077";"2026-05-21";"MI-012";"10"
"SAL-0013078";"2026-05-21";"MI-013";"14"
"SAL-0013079";"2026-05-21";"MI-014";"12"
"SAL-0013080";"2026-05-21";"MI-015";"7"
"SAL-0013081";"2026-05-22";"MI-001";"18"
"SAL-0013082";"2026-05-22";"MI-002";"24"
"SAL-0013083";"2026-05-22";"MI-003";"12"
"SAL-0013084";"2026-05-22";"MI-004";"20"
"SAL-0013085";"2026-05-22";"MI-005";"22"
"SAL-0013086";"2026-05-22";"MI-006";"14"
"SAL-0013087";"2026-05-22";"MI-007";"16"
"SAL-0013088";"2026-05-22";"MI-008";"7"
"SAL-0013089";"2026-05-22";"MI-009";"11"
"SAL-0013090";"2026-05-22";"MI-010";"13"
"SAL-0013091";"2026-05-22";"MI-011";"11"
"SAL-0013092";"2026-05-22";"MI-012";"5"
"SAL-0013093";"2026-05-22";"MI-013";"10"
"SAL-0013094";"2026-05-22";"MI-014";"11"
"SAL-0013095";"2026-05-22";"MI-015";"10"
"SAL-0013096";"2026-05-23";"MI-001";"27"
"SAL-0013097";"2026-05-23";"MI-002";"32"
"SAL-0013098";"2026-05-23";"MI-003";"21"
"SAL-0013099";"2026-05-23";"MI-004";"19"
"SAL-0013100";"2026-05-23";"MI-005";"31"
"SAL-0013101";"2026-05-23";"MI-006";"27"
"SAL-0013102";"2026-05-23";"MI-007";"26"
"SAL-0013103";"2026-05-23";"MI-008";"7"
"SAL-0013104";"2026-05-23";"MI-009";"12"
"SAL-0013105";"2026-05-23";"MI-010";"21"
"SAL-0013106";"2026-05-23";"MI-011";"21"
"SAL-0013107";"2026-05-23";"MI-012";"16"
"SAL-0013108";"2026-05-23";"MI-013";"14"
"SAL-0013109";"2026-05-23";"MI-014";"11"
"SAL-0013110";"2026-05-23";"MI-015";"20"
"SAL-0013111";"2026-05-24";"MI-001";"32"
"SAL-0013112";"2026-05-24";"MI-002";"21"
"SAL-0013113";"2026-05-24";"MI-003";"31"
"SAL-0013114";"2026-05-24";"MI-004";"21"
"SAL-0013115";"2026-05-24";"MI-005";"23"
"SAL-0013116";"2026-05-24";"MI-006";"19"
"SAL-0013117";"2026-05-24";"MI-007";"24"
"SAL-0013118";"2026-05-24";"MI-008";"19"
"SAL-0013119";"2026-05-24";"MI-009";"23"
"SAL-0013120";"2026-05-24";"MI-010";"23"
"SAL-0013121";"2026-05-24";"MI-011";"29"
"SAL-0013122";"2026-05-24";"MI-012";"15"
"SAL-0013123";"2026-05-24";"MI-013";"17"
"SAL-0013124";"2026-05-24";"MI-014";"16"
"SAL-0013125";"2026-05-24";"MI-015";"15"
"SAL-0013126";"2026-05-25";"MI-001";"24"
"SAL-0013127";"2026-05-25";"MI-002";"9"
"SAL-0013128";"2026-05-25";"MI-003";"17"
"SAL-0013129";"2026-05-25";"MI-004";"9"
"SAL-0013130";"2026-05-25";"MI-005";"17"
"SAL-0013131";"2026-05-25";"MI-006";"11"
"SAL-0013132";"2026-05-25";"MI-007";"11"
"SAL-0013133";"2026-05-25";"MI-008";"12"
"SAL-0013134";"2026-05-25";"MI-009";"11"
"SAL-0013135";"2026-05-25";"MI-010";"7"
"SAL-0013136";"2026-05-25";"MI-011";"8"
"SAL-0013137";"2026-05-25";"MI-012";"12"
"SAL-0013138";"2026-05-25";"MI-013";"10"
"SAL-0013139";"2026-05-25";"MI-014";"7"
"SAL-0013140";"2026-05-25";"MI-015";"7"
"SAL-0013141";"2026-05-26";"MI-001";"24"
"SAL-0013142";"2026-05-26";"MI-002";"15"
"SAL-0013143";"2026-05-26";"MI-003";"20"
"SAL-0013144";"2026-05-26";"MI-004";"13"
"SAL-0013145";"2026-05-26";"MI-005";"19"
"SAL-0013146";"2026-05-26";"MI-006";"17"
"SAL-0013147";"2026-05-26";"MI-007";"14"
"SAL-0013148";"2026-05-26";"MI-008";"14"
"SAL-0013149";"2026-05-26";"MI-009";"8"
"SAL-0013150";"2026-05-26";"MI-010";"11"
"SAL-0013151";"2026-05-26";"MI-011";"8"
"SAL-0013152";"2026-05-26";"MI-012";"17"
"SAL-0013153";"2026-05-26";"MI-013";"7"
"SAL-0013154";"2026-05-26";"MI-014";"8"
"SAL-0013155";"2026-05-26";"MI-015";"11"
"SAL-0013156";"2026-05-27";"MI-001";"23"
"SAL-0013157";"2026-05-27";"MI-002";"12"
"SAL-0013158";"2026-05-27";"MI-003";"21"
"SAL-0013159";"2026-05-27";"MI-004";"10"
"SAL-0013160";"2026-05-27";"MI-005";"15"
"SAL-0013161";"2026-05-27";"MI-006";"7"
"SAL-0013162";"2026-05-27";"MI-007";"15"
"SAL-0013163";"2026-05-27";"MI-008";"11"
"SAL-0013164";"2026-05-27";"MI-009";"7"
"SAL-0013165";"2026-05-27";"MI-010";"10"
"SAL-0013166";"2026-05-27";"MI-011";"11"
"SAL-0013167";"2026-05-27";"MI-012";"10"
"SAL-0013168";"2026-05-27";"MI-013";"9"
"SAL-0013169";"2026-05-27";"MI-014";"9"
"SAL-0013170";"2026-05-27";"MI-015";"11"
"SAL-0013171";"2026-05-28";"MI-001";"14"
"SAL-0013172";"2026-05-28";"MI-002";"19"
"SAL-0013173";"2026-05-28";"MI-003";"20"
"SAL-0013174";"2026-05-28";"MI-004";"8"
"SAL-0013175";"2026-05-28";"MI-005";"17"
"SAL-0013176";"2026-05-28";"MI-006";"10"
"SAL-0013177";"2026-05-28";"MI-007";"14"
"SAL-0013178";"2026-05-28";"MI-008";"15"
"SAL-0013179";"2026-05-28";"MI-009";"9"
"SAL-0013180";"2026-05-28";"MI-010";"7"
"SAL-0013181";"2026-05-28";"MI-011";"7"
"SAL-0013182";"2026-05-28";"MI-012";"14"
"SAL-0013183";"2026-05-28";"MI-013";"6"
"SAL-0013184";"2026-05-28";"MI-014";"12"
"SAL-0013185";"2026-05-28";"MI-015";"14"
"SAL-0013186";"2026-05-29";"MI-001";"29"
"SAL-0013187";"2026-05-29";"MI-002";"21"
"SAL-0013188";"2026-05-29";"MI-003";"21"
"SAL-0013189";"2026-05-29";"MI-004";"12"
"SAL-0013190";"2026-05-29";"MI-005";"21"
"SAL-0013191";"2026-05-29";"MI-006";"17"
"SAL-0013192";"2026-05-29";"MI-007";"16"
"SAL-0013193";"2026-05-29";"MI-008";"16"
"SAL-0013194";"2026-05-29";"MI-009";"9"
"SAL-0013195";"2026-05-29";"MI-010";"7"
"SAL-0013196";"2026-05-29";"MI-011";"13"
"SAL-0013197";"2026-05-29";"MI-012";"13"
"SAL-0013198";"2026-05-29";"MI-013";"8"
"SAL-0013199";"2026-05-29";"MI-014";"6"
"SAL-0013200";"2026-05-29";"MI-015";"12"
"SAL-0013201";"2026-05-30";"MI-001";"34"
"SAL-0013202";"2026-05-30";"MI-002";"24"
"SAL-0013203";"2026-05-30";"MI-003";"35"
"SAL-0013204";"2026-05-30";"MI-004";"23"
"SAL-0013205";"2026-05-30";"MI-005";"31"
"SAL-0013206";"2026-05-30";"MI-006";"17"
"SAL-0013207";"2026-05-30";"MI-007";"25"
"SAL-0013208";"2026-05-30";"MI-008";"13"
"SAL-0013209";"2026-05-30";"MI-009";"11"
"SAL-0013210";"2026-05-30";"MI-010";"12"
"SAL-0013211";"2026-05-30";"MI-011";"23"
"SAL-0013212";"2026-05-30";"MI-012";"19"
"SAL-0013213";"2026-05-30";"MI-013";"17"
"SAL-0013214";"2026-05-30";"MI-014";"7"
"SAL-0013215";"2026-05-30";"MI-015";"18"
"SAL-0013216";"2026-05-31";"MI-001";"44"
"SAL-0013217";"2026-05-31";"MI-002";"18"
"SAL-0013218";"2026-05-31";"MI-003";"31"
"SAL-0013219";"2026-05-31";"MI-004";"22"
"SAL-0013220";"2026-05-31";"MI-005";"36"
"SAL-0013221";"2026-05-31";"MI-006";"16"
"SAL-0013222";"2026-05-31";"MI-007";"26"
"SAL-0013223";"2026-05-31";"MI-008";"18"
"SAL-0013224";"2026-05-31";"MI-009";"23"
"SAL-0013225";"2026-05-31";"MI-010";"11"
"SAL-0013226";"2026-05-31";"MI-011";"16"
"SAL-0013227";"2026-05-31";"MI-012";"11"
"SAL-0013228";"2026-05-31";"MI-013";"13"
"SAL-0013229";"2026-05-31";"MI-014";"12"
"SAL-0013230";"2026-05-31";"MI-015";"23"
"SAL-0013231";"2026-06-01";"MI-001";"27"
"SAL-0013232";"2026-06-01";"MI-002";"12"
"SAL-0013233";"2026-06-01";"MI-003";"15"
"SAL-0013234";"2026-06-01";"MI-004";"13"
"SAL-0013235";"2026-06-01";"MI-005";"20"
"SAL-0013236";"2026-06-01";"MI-006";"14"
"SAL-0013237";"2026-06-01";"MI-007";"16"
"SAL-0013238";"2026-06-01";"MI-008";"5"
"SAL-0013239";"2026-06-01";"MI-009";"8"
"SAL-0013240";"2026-06-01";"MI-010";"8"
"SAL-0013241";"2026-06-01";"MI-011";"7"
"SAL-0013242";"2026-06-01";"MI-012";"7"
"SAL-0013243";"2026-06-01";"MI-013";"9"
"SAL-0013244";"2026-06-01";"MI-014";"13"
"SAL-0013245";"2026-06-01";"MI-015";"11"
"SAL-0013246";"2026-06-02";"MI-001";"14"
"SAL-0013247";"2026-06-02";"MI-002";"16"
"SAL-0013248";"2026-06-02";"MI-003";"19"
"SAL-0013249";"2026-06-02";"MI-004";"15"
"SAL-0013250";"2026-06-02";"MI-005";"20"
"SAL-0013251";"2026-06-02";"MI-006";"6"
"SAL-0013252";"2026-06-02";"MI-007";"12"
"SAL-0013253";"2026-06-02";"MI-008";"9"
"SAL-0013254";"2026-06-02";"MI-009";"9"
"SAL-0013255";"2026-06-02";"MI-010";"6"
"SAL-0013256";"2026-06-02";"MI-011";"8"
"SAL-0013257";"2026-06-02";"MI-012";"16"
"SAL-0013258";"2026-06-02";"MI-013";"13"
"SAL-0013259";"2026-06-02";"MI-014";"10"
"SAL-0013260";"2026-06-02";"MI-015";"9"
"SAL-0013261";"2026-06-03";"MI-001";"17"
"SAL-0013262";"2026-06-03";"MI-002";"16"
"SAL-0013263";"2026-06-03";"MI-003";"10"
"SAL-0013264";"2026-06-03";"MI-004";"9"
"SAL-0013265";"2026-06-03";"MI-005";"18"
"SAL-0013266";"2026-06-03";"MI-006";"10"
"SAL-0013267";"2026-06-03";"MI-007";"12"
"SAL-0013268";"2026-06-03";"MI-008";"10"
"SAL-0013269";"2026-06-03";"MI-009";"11"
"SAL-0013270";"2026-06-03";"MI-010";"2"
"SAL-0013271";"2026-06-03";"MI-011";"9"
"SAL-0013272";"2026-06-03";"MI-012";"4"
"SAL-0013273";"2026-06-03";"MI-013";"6"
"SAL-0013274";"2026-06-03";"MI-014";"10"
"SAL-0013275";"2026-06-03";"MI-015";"7"
"SAL-0013276";"2026-06-04";"MI-001";"19"
"SAL-0013277";"2026-06-04";"MI-002";"13"
"SAL-0013278";"2026-06-04";"MI-003";"17"
"SAL-0013279";"2026-06-04";"MI-004";"9"
"SAL-0013280";"2026-06-04";"MI-005";"19"
"SAL-0013281";"2026-06-04";"MI-006";"9"
"SAL-0013282";"2026-06-04";"MI-007";"14"
"SAL-0013283";"2026-06-04";"MI-008";"5"
"SAL-0013284";"2026-06-04";"MI-009";"1"
"SAL-0013285";"2026-06-04";"MI-010";"4"
"SAL-0013286";"2026-06-04";"MI-011";"9"
"SAL-0013287";"2026-06-04";"MI-012";"8"
"SAL-0013288";"2026-06-04";"MI-013";"11"
"SAL-0013289";"2026-06-04";"MI-014";"9"
"SAL-0013290";"2026-06-04";"MI-015";"7"
"SAL-0013291";"2026-06-05";"MI-001";"36"
"SAL-0013292";"2026-06-05";"MI-002";"21"
"SAL-0013293";"2026-06-05";"MI-003";"20"
"SAL-0013294";"2026-06-05";"MI-004";"6"
"SAL-0013295";"2026-06-05";"MI-005";"15"
"SAL-0013296";"2026-06-05";"MI-006";"18"
"SAL-0013297";"2026-06-05";"MI-007";"15"
"SAL-0013298";"2026-06-05";"MI-008";"8"
"SAL-0013299";"2026-06-05";"MI-009";"9"
"SAL-0013300";"2026-06-05";"MI-010";"12"
"SAL-0013301";"2026-06-05";"MI-011";"19"
"SAL-0013302";"2026-06-05";"MI-012";"10"
"SAL-0013303";"2026-06-05";"MI-013";"17"
"SAL-0013304";"2026-06-05";"MI-014";"10"
"SAL-0013305";"2026-06-05";"MI-015";"18"
"SAL-0013306";"2026-06-06";"MI-001";"38"
"SAL-0013307";"2026-06-06";"MI-002";"29"
"SAL-0013308";"2026-06-06";"MI-003";"19"
"SAL-0013309";"2026-06-06";"MI-004";"24"
"SAL-0013310";"2026-06-06";"MI-005";"31"
"SAL-0013311";"2026-06-06";"MI-006";"14"
"SAL-0013312";"2026-06-06";"MI-007";"26"
"SAL-0013313";"2026-06-06";"MI-008";"11"
"SAL-0013314";"2026-06-06";"MI-009";"12"
"SAL-0013315";"2026-06-06";"MI-010";"16"
"SAL-0013316";"2026-06-06";"MI-011";"21"
"SAL-0013317";"2026-06-06";"MI-012";"9"
"SAL-0013318";"2026-06-06";"MI-013";"15"
"SAL-0013319";"2026-06-06";"MI-014";"12"
"SAL-0013320";"2026-06-06";"MI-015";"15"
"SAL-0013321";"2026-06-07";"MI-001";"37"
"SAL-0013322";"2026-06-07";"MI-002";"28"
"SAL-0013323";"2026-06-07";"MI-003";"38"
"SAL-0013324";"2026-06-07";"MI-004";"20"
"SAL-0013325";"2026-06-07";"MI-005";"29"
"SAL-0013326";"2026-06-07";"MI-006";"23"
"SAL-0013327";"2026-06-07";"MI-007";"25"
"SAL-0013328";"2026-06-07";"MI-008";"22"
"SAL-0013329";"2026-06-07";"MI-009";"12"
"SAL-0013330";"2026-06-07";"MI-010";"14"
"SAL-0013331";"2026-06-07";"MI-011";"13"
"SAL-0013332";"2026-06-07";"MI-012";"18"
"SAL-0013333";"2026-06-07";"MI-013";"17"
"SAL-0013334";"2026-06-07";"MI-014";"12"
"SAL-0013335";"2026-06-07";"MI-015";"12"
"SAL-0013336";"2026-06-08";"MI-001";"17"
"SAL-0013337";"2026-06-08";"MI-002";"17"
"SAL-0013338";"2026-06-08";"MI-003";"12"
"SAL-0013339";"2026-06-08";"MI-004";"11"
"SAL-0013340";"2026-06-08";"MI-005";"19"
"SAL-0013341";"2026-06-08";"MI-006";"10"
"SAL-0013342";"2026-06-08";"MI-007";"15"
"SAL-0013343";"2026-06-08";"MI-008";"13"
"SAL-0013344";"2026-06-08";"MI-009";"8"
"SAL-0013345";"2026-06-08";"MI-010";"3"
"SAL-0013346";"2026-06-08";"MI-011";"6"
"SAL-0013347";"2026-06-08";"MI-012";"4"
"SAL-0013348";"2026-06-08";"MI-013";"7"
"SAL-0013349";"2026-06-08";"MI-014";"8"
"SAL-0013350";"2026-06-08";"MI-015";"10"
"SAL-0013351";"2026-06-09";"MI-001";"15"
"SAL-0013352";"2026-06-09";"MI-002";"17"
"SAL-0013353";"2026-06-09";"MI-003";"18"
"SAL-0013354";"2026-06-09";"MI-004";"11"
"SAL-0013355";"2026-06-09";"MI-005";"19"
"SAL-0013356";"2026-06-09";"MI-006";"6"
"SAL-0013357";"2026-06-09";"MI-007";"10"
"SAL-0013358";"2026-06-09";"MI-008";"6"
"SAL-0013359";"2026-06-09";"MI-009";"10"
"SAL-0013360";"2026-06-09";"MI-010";"4"
"SAL-0013361";"2026-06-09";"MI-011";"7"
"SAL-0013362";"2026-06-09";"MI-012";"3"
"SAL-0013363";"2026-06-09";"MI-013";"6"
"SAL-0013364";"2026-06-09";"MI-014";"10"
"SAL-0013365";"2026-06-09";"MI-015";"10"
"SAL-0013366";"2026-06-10";"MI-001";"20"
"SAL-0013367";"2026-06-10";"MI-002";"15"
"SAL-0013368";"2026-06-10";"MI-003";"24"
"SAL-0013369";"2026-06-10";"MI-004";"19"
"SAL-0013370";"2026-06-10";"MI-005";"14"
"SAL-0013371";"2026-06-10";"MI-006";"14"
"SAL-0013372";"2026-06-10";"MI-007";"12"
"SAL-0013373";"2026-06-10";"MI-008";"10"
"SAL-0013374";"2026-06-10";"MI-009";"9"
"SAL-0013375";"2026-06-10";"MI-010";"11"
"SAL-0013376";"2026-06-10";"MI-011";"15"
"SAL-0013377";"2026-06-10";"MI-012";"11"
"SAL-0013378";"2026-06-10";"MI-013";"6"
"SAL-0013379";"2026-06-10";"MI-014";"5"
"SAL-0013380";"2026-06-10";"MI-015";"12"
"SAL-0013381";"2026-06-11";"MI-001";"18"
"SAL-0013382";"2026-06-11";"MI-002";"18"
"SAL-0013383";"2026-06-11";"MI-003";"14"
"SAL-0013384";"2026-06-11";"MI-004";"12"
"SAL-0013385";"2026-06-11";"MI-005";"26"
"SAL-0013386";"2026-06-11";"MI-006";"12"
"SAL-0013387";"2026-06-11";"MI-007";"12"
"SAL-0013388";"2026-06-11";"MI-008";"4"
"SAL-0013389";"2026-06-11";"MI-009";"9"
"SAL-0013390";"2026-06-11";"MI-010";"9"
"SAL-0013391";"2026-06-11";"MI-011";"9"
"SAL-0013392";"2026-06-11";"MI-012";"7"
"SAL-0013393";"2026-06-11";"MI-013";"4"
"SAL-0013394";"2026-06-11";"MI-014";"10"
"SAL-0013395";"2026-06-11";"MI-015";"11"
"SAL-0013396";"2026-06-12";"MI-001";"31"
"SAL-0013397";"2026-06-12";"MI-002";"23"
"SAL-0013398";"2026-06-12";"MI-003";"11"
"SAL-0013399";"2026-06-12";"MI-004";"13"
"SAL-0013400";"2026-06-12";"MI-005";"22"
"SAL-0013401";"2026-06-12";"MI-006";"15"
"SAL-0013402";"2026-06-12";"MI-007";"15"
"SAL-0013403";"2026-06-12";"MI-008";"11"
"SAL-0013404";"2026-06-12";"MI-009";"7"
"SAL-0013405";"2026-06-12";"MI-010";"8"
"SAL-0013406";"2026-06-12";"MI-011";"10"
"SAL-0013407";"2026-06-12";"MI-012";"13"
"SAL-0013408";"2026-06-12";"MI-013";"12"
"SAL-0013409";"2026-06-12";"MI-014";"9"
"SAL-0013410";"2026-06-12";"MI-015";"13"
"SAL-0013411";"2026-06-13";"MI-001";"38"
"SAL-0013412";"2026-06-13";"MI-002";"28"
"SAL-0013413";"2026-06-13";"MI-003";"36"
"SAL-0013414";"2026-06-13";"MI-004";"20"
"SAL-0013415";"2026-06-13";"MI-005";"31"
"SAL-0013416";"2026-06-13";"MI-006";"19"
"SAL-0013417";"2026-06-13";"MI-007";"24"
"SAL-0013418";"2026-06-13";"MI-008";"19"
"SAL-0013419";"2026-06-13";"MI-009";"20"
"SAL-0013420";"2026-06-13";"MI-010";"9"
"SAL-0013421";"2026-06-13";"MI-011";"20"
"SAL-0013422";"2026-06-13";"MI-012";"21"
"SAL-0013423";"2026-06-13";"MI-013";"12"
"SAL-0013424";"2026-06-13";"MI-014";"17"
"SAL-0013425";"2026-06-13";"MI-015";"16"
"SAL-0013426";"2026-06-14";"MI-001";"41"
"SAL-0013427";"2026-06-14";"MI-002";"27"
"SAL-0013428";"2026-06-14";"MI-003";"23"
"SAL-0013429";"2026-06-14";"MI-004";"15"
"SAL-0013430";"2026-06-14";"MI-005";"19"
"SAL-0013431";"2026-06-14";"MI-006";"13"
"SAL-0013432";"2026-06-14";"MI-007";"16"
"SAL-0013433";"2026-06-14";"MI-008";"17"
"SAL-0013434";"2026-06-14";"MI-009";"11"
"SAL-0013435";"2026-06-14";"MI-010";"19"
"SAL-0013436";"2026-06-14";"MI-011";"17"
"SAL-0013437";"2026-06-14";"MI-012";"14"
"SAL-0013438";"2026-06-14";"MI-013";"11"
"SAL-0013439";"2026-06-14";"MI-014";"13"
"SAL-0013440";"2026-06-14";"MI-015";"12"
"SAL-0013441";"2026-06-15";"MI-001";"17"
"SAL-0013442";"2026-06-15";"MI-002";"14"
"SAL-0013443";"2026-06-15";"MI-003";"12"
"SAL-0013444";"2026-06-15";"MI-004";"13"
"SAL-0013445";"2026-06-15";"MI-005";"22"
"SAL-0013446";"2026-06-15";"MI-006";"12"
"SAL-0013447";"2026-06-15";"MI-007";"8"
"SAL-0013448";"2026-06-15";"MI-008";"9"
"SAL-0013449";"2026-06-15";"MI-009";"12"
"SAL-0013450";"2026-06-15";"MI-010";"7"
"SAL-0013451";"2026-06-15";"MI-011";"5"
"SAL-0013452";"2026-06-15";"MI-012";"14"
"SAL-0013453";"2026-06-15";"MI-013";"8"
"SAL-0013454";"2026-06-15";"MI-014";"9"
"SAL-0013455";"2026-06-15";"MI-015";"8"
"SAL-0013456";"2026-06-16";"MI-001";"18"
"SAL-0013457";"2026-06-16";"MI-002";"20"
"SAL-0013458";"2026-06-16";"MI-003";"14"
"SAL-0013459";"2026-06-16";"MI-004";"16"
"SAL-0013460";"2026-06-16";"MI-005";"21"
"SAL-0013461";"2026-06-16";"MI-006";"12"
"SAL-0013462";"2026-06-16";"MI-007";"13"
"SAL-0013463";"2026-06-16";"MI-008";"12"
"SAL-0013464";"2026-06-16";"MI-009";"5"
"SAL-0013465";"2026-06-16";"MI-010";"4"
"SAL-0013466";"2026-06-16";"MI-011";"5"
"SAL-0013467";"2026-06-16";"MI-012";"13"
"SAL-0013468";"2026-06-16";"MI-013";"3"
"SAL-0013469";"2026-06-16";"MI-014";"7"
"SAL-0013470";"2026-06-16";"MI-015";"9"
"SAL-0013471";"2026-06-17";"MI-001";"18"
"SAL-0013472";"2026-06-17";"MI-002";"10"
"SAL-0013473";"2026-06-17";"MI-003";"14"
"SAL-0013474";"2026-06-17";"MI-004";"7"
"SAL-0013475";"2026-06-17";"MI-005";"16"
"SAL-0013476";"2026-06-17";"MI-006";"12"
"SAL-0013477";"2026-06-17";"MI-007";"13"
"SAL-0013478";"2026-06-17";"MI-008";"12"
"SAL-0013479";"2026-06-17";"MI-009";"5"
"SAL-0013480";"2026-06-17";"MI-010";"9"
"SAL-0013481";"2026-06-17";"MI-011";"7"
"SAL-0013482";"2026-06-17";"MI-012";"6"
"SAL-0013483";"2026-06-17";"MI-013";"9"
"SAL-0013484";"2026-06-17";"MI-014";"6"
"SAL-0013485";"2026-06-17";"MI-015";"11"
"SAL-0013486";"2026-06-18";"MI-001";"17"
"SAL-0013487";"2026-06-18";"MI-002";"21"
"SAL-0013488";"2026-06-18";"MI-003";"15"
"SAL-0013489";"2026-06-18";"MI-004";"16"
"SAL-0013490";"2026-06-18";"MI-005";"17"
"SAL-0013491";"2026-06-18";"MI-006";"6"
"SAL-0013492";"2026-06-18";"MI-007";"13"
"SAL-0013493";"2026-06-18";"MI-008";"7"
"SAL-0013494";"2026-06-18";"MI-009";"11"
"SAL-0013495";"2026-06-18";"MI-010";"7"
"SAL-0013496";"2026-06-18";"MI-011";"3"
"SAL-0013497";"2026-06-18";"MI-012";"8"
"SAL-0013498";"2026-06-18";"MI-013";"12"
"SAL-0013499";"2026-06-18";"MI-014";"8"
"SAL-0013500";"2026-06-18";"MI-015";"7"
"SAL-0013501";"2026-06-19";"MI-001";"24"
"SAL-0013502";"2026-06-19";"MI-002";"20"
"SAL-0013503";"2026-06-19";"MI-003";"25"
"SAL-0013504";"2026-06-19";"MI-004";"19"
"SAL-0013505";"2026-06-19";"MI-005";"21"
"SAL-0013506";"2026-06-19";"MI-006";"15"
"SAL-0013507";"2026-06-19";"MI-007";"14"
"SAL-0013508";"2026-06-19";"MI-008";"12"
"SAL-0013509";"2026-06-19";"MI-009";"8"
"SAL-0013510";"2026-06-19";"MI-010";"5"
"SAL-0013511";"2026-06-19";"MI-011";"8"
"SAL-0013512";"2026-06-19";"MI-012";"11"
"SAL-0013513";"2026-06-19";"MI-013";"7"
"SAL-0013514";"2026-06-19";"MI-014";"13"
"SAL-0013515";"2026-06-19";"MI-015";"5"
"SAL-0013516";"2026-06-20";"MI-001";"49"
"SAL-0013517";"2026-06-20";"MI-002";"25"
"SAL-0013518";"2026-06-20";"MI-003";"30"
"SAL-0013519";"2026-06-20";"MI-004";"19"
"SAL-0013520";"2026-06-20";"MI-005";"29"
"SAL-0013521";"2026-06-20";"MI-006";"26"
"SAL-0013522";"2026-06-20";"MI-007";"24"
"SAL-0013523";"2026-06-20";"MI-008";"17"
"SAL-0013524";"2026-06-20";"MI-009";"19"
"SAL-0013525";"2026-06-20";"MI-010";"10"
"SAL-0013526";"2026-06-20";"MI-011";"17"
"SAL-0013527";"2026-06-20";"MI-012";"17"
"SAL-0013528";"2026-06-20";"MI-013";"15"
"SAL-0013529";"2026-06-20";"MI-014";"19"
"SAL-0013530";"2026-06-20";"MI-015";"17"
"SAL-0013531";"2026-06-21";"MI-001";"30"
"SAL-0013532";"2026-06-21";"MI-002";"28"
"SAL-0013533";"2026-06-21";"MI-003";"20"
"SAL-0013534";"2026-06-21";"MI-004";"13"
"SAL-0013535";"2026-06-21";"MI-005";"24"
"SAL-0013536";"2026-06-21";"MI-006";"9"
"SAL-0013537";"2026-06-21";"MI-007";"21"
"SAL-0013538";"2026-06-21";"MI-008";"17"
"SAL-0013539";"2026-06-21";"MI-009";"9"
"SAL-0013540";"2026-06-21";"MI-010";"12"
"SAL-0013541";"2026-06-21";"MI-011";"14"
"SAL-0013542";"2026-06-21";"MI-012";"16"
"SAL-0013543";"2026-06-21";"MI-013";"10"
"SAL-0013544";"2026-06-21";"MI-014";"9"
"SAL-0013545";"2026-06-21";"MI-015";"11"
"SAL-0013546";"2026-06-22";"MI-001";"29"
"SAL-0013547";"2026-06-22";"MI-002";"20"
"SAL-0013548";"2026-06-22";"MI-003";"22"
"SAL-0013549";"2026-06-22";"MI-004";"10"
"SAL-0013550";"2026-06-22";"MI-005";"20"
"SAL-0013551";"2026-06-22";"MI-006";"16"
"SAL-0013552";"2026-06-22";"MI-007";"19"
"SAL-0013553";"2026-06-22";"MI-008";"13"
"SAL-0013554";"2026-06-22";"MI-009";"9"
"SAL-0013555";"2026-06-22";"MI-010";"3"
"SAL-0013556";"2026-06-22";"MI-011";"10"
"SAL-0013557";"2026-06-22";"MI-012";"16"
"SAL-0013558";"2026-06-22";"MI-013";"6"
"SAL-0013559";"2026-06-22";"MI-014";"7"
"SAL-0013560";"2026-06-22";"MI-015";"8"
"SAL-0013561";"2026-06-23";"MI-001";"16"
"SAL-0013562";"2026-06-23";"MI-002";"12"
"SAL-0013563";"2026-06-23";"MI-003";"19"
"SAL-0013564";"2026-06-23";"MI-004";"12"
"SAL-0013565";"2026-06-23";"MI-005";"20"
"SAL-0013566";"2026-06-23";"MI-006";"8"
"SAL-0013567";"2026-06-23";"MI-007";"14"
"SAL-0013568";"2026-06-23";"MI-008";"11"
"SAL-0013569";"2026-06-23";"MI-009";"8"
"SAL-0013570";"2026-06-23";"MI-010";"12"
"SAL-0013571";"2026-06-23";"MI-011";"8"
"SAL-0013572";"2026-06-23";"MI-012";"8"
"SAL-0013573";"2026-06-23";"MI-013";"10"
"SAL-0013574";"2026-06-23";"MI-014";"14"
"SAL-0013575";"2026-06-23";"MI-015";"13"
"SAL-0013576";"2026-06-24";"MI-001";"22"
"SAL-0013577";"2026-06-24";"MI-002";"10"
"SAL-0013578";"2026-06-24";"MI-003";"18"
"SAL-0013579";"2026-06-24";"MI-004";"15"
"SAL-0013580";"2026-06-24";"MI-005";"18"
"SAL-0013581";"2026-06-24";"MI-006";"5"
"SAL-0013582";"2026-06-24";"MI-007";"14"
"SAL-0013583";"2026-06-24";"MI-008";"2"
"SAL-0013584";"2026-06-24";"MI-009";"7"
"SAL-0013585";"2026-06-24";"MI-010";"8"
"SAL-0013586";"2026-06-24";"MI-011";"6"
"SAL-0013587";"2026-06-24";"MI-012";"7"
"SAL-0013588";"2026-06-24";"MI-013";"7"
"SAL-0013589";"2026-06-24";"MI-014";"9"
"SAL-0013590";"2026-06-24";"MI-015";"4"
"SAL-0013591";"2026-06-25";"MI-001";"28"
"SAL-0013592";"2026-06-25";"MI-002";"16"
"SAL-0013593";"2026-06-25";"MI-003";"20"
"SAL-0013594";"2026-06-25";"MI-004";"15"
"SAL-0013595";"2026-06-25";"MI-005";"16"
"SAL-0013596";"2026-06-25";"MI-006";"13"
"SAL-0013597";"2026-06-25";"MI-007";"13"
"SAL-0013598";"2026-06-25";"MI-008";"3"
"SAL-0013599";"2026-06-25";"MI-009";"7"
"SAL-0013600";"2026-06-25";"MI-010";"13"
"SAL-0013601";"2026-06-25";"MI-011";"12"
"SAL-0013602";"2026-06-25";"MI-012";"4"
"SAL-0013603";"2026-06-25";"MI-013";"16"
"SAL-0013604";"2026-06-25";"MI-014";"9"
"SAL-0013605";"2026-06-25";"MI-015";"6"
"SAL-0013606";"2026-06-26";"MI-001";"34"
"SAL-0013607";"2026-06-26";"MI-002";"21"
"SAL-0013608";"2026-06-26";"MI-003";"34"
"SAL-0013609";"2026-06-26";"MI-004";"23"
"SAL-0013610";"2026-06-26";"MI-005";"26"
"SAL-0013611";"2026-06-26";"MI-006";"22"
"SAL-0013612";"2026-06-26";"MI-007";"31"
"SAL-0013613";"2026-06-26";"MI-008";"9"
"SAL-0013614";"2026-06-26";"MI-009";"8"
"SAL-0013615";"2026-06-26";"MI-010";"12"
"SAL-0013616";"2026-06-26";"MI-011";"13"
"SAL-0013617";"2026-06-26";"MI-012";"11"
"SAL-0013618";"2026-06-26";"MI-013";"18"
"SAL-0013619";"2026-06-26";"MI-014";"11"
"SAL-0013620";"2026-06-26";"MI-015";"9"
"SAL-0013621";"2026-06-27";"MI-001";"36"
"SAL-0013622";"2026-06-27";"MI-002";"31"
"SAL-0013623";"2026-06-27";"MI-003";"17"
"SAL-0013624";"2026-06-27";"MI-004";"25"
"SAL-0013625";"2026-06-27";"MI-005";"29"
"SAL-0013626";"2026-06-27";"MI-006";"19"
"SAL-0013627";"2026-06-27";"MI-007";"32"
"SAL-0013628";"2026-06-27";"MI-008";"29"
"SAL-0013629";"2026-06-27";"MI-009";"17"
"SAL-0013630";"2026-06-27";"MI-010";"7"
"SAL-0013631";"2026-06-27";"MI-011";"11"
"SAL-0013632";"2026-06-27";"MI-012";"16"
"SAL-0013633";"2026-06-27";"MI-013";"14"
"SAL-0013634";"2026-06-27";"MI-014";"15"
"SAL-0013635";"2026-06-27";"MI-015";"13"
"SAL-0013636";"2026-06-28";"MI-001";"29"
"SAL-0013637";"2026-06-28";"MI-002";"31"
"SAL-0013638";"2026-06-28";"MI-003";"26"
"SAL-0013639";"2026-06-28";"MI-004";"21"
"SAL-0013640";"2026-06-28";"MI-005";"28"
"SAL-0013641";"2026-06-28";"MI-006";"11"
"SAL-0013642";"2026-06-28";"MI-007";"21"
"SAL-0013643";"2026-06-28";"MI-008";"14"
"SAL-0013644";"2026-06-28";"MI-009";"9"
"SAL-0013645";"2026-06-28";"MI-010";"14"
"SAL-0013646";"2026-06-28";"MI-011";"10"
"SAL-0013647";"2026-06-28";"MI-012";"19"
"SAL-0013648";"2026-06-28";"MI-013";"13"
"SAL-0013649";"2026-06-28";"MI-014";"10"
"SAL-0013650";"2026-06-28";"MI-015";"16"
"SAL-0013651";"2026-06-29";"MI-001";"22"
"SAL-0013652";"2026-06-29";"MI-002";"9"
"SAL-0013653";"2026-06-29";"MI-003";"13"
"SAL-0013654";"2026-06-29";"MI-004";"5"
"SAL-0013655";"2026-06-29";"MI-005";"20"
"SAL-0013656";"2026-06-29";"MI-006";"7"
"SAL-0013657";"2026-06-29";"MI-007";"15"
"SAL-0013658";"2026-06-29";"MI-008";"12"
"SAL-0013659";"2026-06-29";"MI-009";"6"
"SAL-0013660";"2026-06-29";"MI-010";"3"
"SAL-0013661";"2026-06-29";"MI-011";"11"
"SAL-0013662";"2026-06-29";"MI-012";"15"
"SAL-0013663";"2026-06-29";"MI-013";"6"
"SAL-0013664";"2026-06-29";"MI-014";"11"
"SAL-0013665";"2026-06-29";"MI-015";"10"
"SAL-0013666";"2026-06-30";"MI-001";"14"
"SAL-0013667";"2026-06-30";"MI-002";"11"
"SAL-0013668";"2026-06-30";"MI-003";"15"
"SAL-0013669";"2026-06-30";"MI-004";"9"
"SAL-0013670";"2026-06-30";"MI-005";"13"
"SAL-0013671";"2026-06-30";"MI-006";"2"
"SAL-0013672";"2026-06-30";"MI-007";"10"
"SAL-0013673";"2026-06-30";"MI-008";"5"
"SAL-0013674";"2026-06-30";"MI-009";"4"
"SAL-0013675";"2026-06-30";"MI-010";"7"
"SAL-0013676";"2026-06-30";"MI-011";"6"
"SAL-0013677";"2026-06-30";"MI-012";"8"
"SAL-0013678";"2026-06-30";"MI-013";"4"
"SAL-0013679";"2026-06-30";"MI-014";"8"
"SAL-0013680";"2026-06-30";"MI-015";"5"
"SAL-0013681";"2026-07-01";"MI-001";"20"
"SAL-0013682";"2026-07-01";"MI-002";"16"
"SAL-0013683";"2026-07-01";"MI-003";"15"
"SAL-0013684";"2026-07-01";"MI-004";"10"
"SAL-0013685";"2026-07-01";"MI-005";"15"
"SAL-0013686";"2026-07-01";"MI-006";"12"
"SAL-0013687";"2026-07-01";"MI-007";"10"
"SAL-0013688";"2026-07-01";"MI-008";"8"
"SAL-0013689";"2026-07-01";"MI-009";"7"
"SAL-0013690";"2026-07-01";"MI-010";"6"
"SAL-0013691";"2026-07-01";"MI-011";"6"
"SAL-0013692";"2026-07-01";"MI-012";"7"
"SAL-0013693";"2026-07-01";"MI-013";"10"
"SAL-0013694";"2026-07-01";"MI-014";"9"
"SAL-0013695";"2026-07-01";"MI-015";"2"
"SAL-0013696";"2026-07-02";"MI-001";"24"
"SAL-0013697";"2026-07-02";"MI-002";"15"
"SAL-0013698";"2026-07-02";"MI-003";"20"
"SAL-0013699";"2026-07-02";"MI-004";"11"
"SAL-0013700";"2026-07-02";"MI-005";"29"
"SAL-0013701";"2026-07-02";"MI-006";"6"
"SAL-0013702";"2026-07-02";"MI-007";"10"
"SAL-0013703";"2026-07-02";"MI-008";"7"
"SAL-0013704";"2026-07-02";"MI-009";"6"
"SAL-0013705";"2026-07-02";"MI-010";"8"
"SAL-0013706";"2026-07-02";"MI-011";"7"
"SAL-0013707";"2026-07-02";"MI-012";"14"
"SAL-0013708";"2026-07-02";"MI-013";"8"
"SAL-0013709";"2026-07-02";"MI-014";"10"
"SAL-0013710";"2026-07-02";"MI-015";"7"
"SAL-0013711";"2026-07-03";"MI-001";"20"
"SAL-0013712";"2026-07-03";"MI-002";"14"
"SAL-0013713";"2026-07-03";"MI-003";"17"
"SAL-0013714";"2026-07-03";"MI-004";"21"
"SAL-0013715";"2026-07-03";"MI-005";"22"
"SAL-0013716";"2026-07-03";"MI-006";"10"
"SAL-0013717";"2026-07-03";"MI-007";"16"
"SAL-0013718";"2026-07-03";"MI-008";"9"
"SAL-0013719";"2026-07-03";"MI-009";"8"
"SAL-0013720";"2026-07-03";"MI-010";"11"
"SAL-0013721";"2026-07-03";"MI-011";"16"
"SAL-0013722";"2026-07-03";"MI-012";"10"
"SAL-0013723";"2026-07-03";"MI-013";"8"
"SAL-0013724";"2026-07-03";"MI-014";"7"
"SAL-0013725";"2026-07-03";"MI-015";"8"
"SAL-0013726";"2026-07-04";"MI-001";"29"
"SAL-0013727";"2026-07-04";"MI-002";"28"
"SAL-0013728";"2026-07-04";"MI-003";"30"
"SAL-0013729";"2026-07-04";"MI-004";"18"
"SAL-0013730";"2026-07-04";"MI-005";"25"
"SAL-0013731";"2026-07-04";"MI-006";"23"
"SAL-0013732";"2026-07-04";"MI-007";"24"
"SAL-0013733";"2026-07-04";"MI-008";"18"
"SAL-0013734";"2026-07-04";"MI-009";"11"
"SAL-0013735";"2026-07-04";"MI-010";"12"
"SAL-0013736";"2026-07-04";"MI-011";"13"
"SAL-0013737";"2026-07-04";"MI-012";"20"
"SAL-0013738";"2026-07-04";"MI-013";"9"
"SAL-0013739";"2026-07-04";"MI-014";"7"
"SAL-0013740";"2026-07-04";"MI-015";"12"
"SAL-0013741";"2026-07-05";"MI-001";"33"
"SAL-0013742";"2026-07-05";"MI-002";"17"
"SAL-0013743";"2026-07-05";"MI-003";"20"
"SAL-0013744";"2026-07-05";"MI-004";"12"
"SAL-0013745";"2026-07-05";"MI-005";"29"
"SAL-0013746";"2026-07-05";"MI-006";"13"
"SAL-0013747";"2026-07-05";"MI-007";"20"
"SAL-0013748";"2026-07-05";"MI-008";"20"
"SAL-0013749";"2026-07-05";"MI-009";"13"
"SAL-0013750";"2026-07-05";"MI-010";"14"
"SAL-0013751";"2026-07-05";"MI-011";"17"
"SAL-0013752";"2026-07-05";"MI-012";"19"
"SAL-0013753";"2026-07-05";"MI-013";"10"
"SAL-0013754";"2026-07-05";"MI-014";"6"
"SAL-0013755";"2026-07-05";"MI-015";"9"
"SAL-0013756";"2026-07-06";"MI-001";"27"
"SAL-0013757";"2026-07-06";"MI-002";"16"
"SAL-0013758";"2026-07-06";"MI-003";"16"
"SAL-0013759";"2026-07-06";"MI-004";"8"
"SAL-0013760";"2026-07-06";"MI-005";"12"
"SAL-0013761";"2026-07-06";"MI-006";"8"
"SAL-0013762";"2026-07-06";"MI-007";"12"
"SAL-0013763";"2026-07-06";"MI-008";"6"
"SAL-0013764";"2026-07-06";"MI-009";"5"
"SAL-0013765";"2026-07-06";"MI-010";"8"
"SAL-0013766";"2026-07-06";"MI-011";"7"
"SAL-0013767";"2026-07-06";"MI-012";"11"
"SAL-0013768";"2026-07-06";"MI-013";"6"
"SAL-0013769";"2026-07-06";"MI-014";"8"
"SAL-0013770";"2026-07-06";"MI-015";"12"
"SAL-0013771";"2026-07-07";"MI-001";"27"
"SAL-0013772";"2026-07-07";"MI-002";"17"
"SAL-0013773";"2026-07-07";"MI-003";"21"
"SAL-0013774";"2026-07-07";"MI-004";"12"
"SAL-0013775";"2026-07-07";"MI-005";"13"
"SAL-0013776";"2026-07-07";"MI-006";"12"
"SAL-0013777";"2026-07-07";"MI-007";"17"
"SAL-0013778";"2026-07-07";"MI-008";"18"
"SAL-0013779";"2026-07-07";"MI-009";"2"
"SAL-0013780";"2026-07-07";"MI-010";"9"
"SAL-0013781";"2026-07-07";"MI-011";"11"
"SAL-0013782";"2026-07-07";"MI-012";"6"
"SAL-0013783";"2026-07-07";"MI-013";"9"
"SAL-0013784";"2026-07-07";"MI-014";"7"
"SAL-0013785";"2026-07-07";"MI-015";"10"
"SAL-0013786";"2026-07-08";"MI-001";"21"
"SAL-0013787";"2026-07-08";"MI-002";"11"
"SAL-0013788";"2026-07-08";"MI-003";"25"
"SAL-0013789";"2026-07-08";"MI-004";"16"
"SAL-0013790";"2026-07-08";"MI-005";"22"
"SAL-0013791";"2026-07-08";"MI-006";"16"
"SAL-0013792";"2026-07-08";"MI-007";"15"
"SAL-0013793";"2026-07-08";"MI-008";"11"
"SAL-0013794";"2026-07-08";"MI-009";"6"
"SAL-0013795";"2026-07-08";"MI-010";"5"
"SAL-0013796";"2026-07-08";"MI-011";"9"
"SAL-0013797";"2026-07-08";"MI-012";"13"
"SAL-0013798";"2026-07-08";"MI-013";"8"
"SAL-0013799";"2026-07-08";"MI-014";"11"
"SAL-0013800";"2026-07-08";"MI-015";"6"
"SAL-0013801";"2026-07-09";"MI-001";"14"
"SAL-0013802";"2026-07-09";"MI-002";"13"
"SAL-0013803";"2026-07-09";"MI-003";"16"
"SAL-0013804";"2026-07-09";"MI-004";"9"
"SAL-0013805";"2026-07-09";"MI-005";"17"
"SAL-0013806";"2026-07-09";"MI-006";"14"
"SAL-0013807";"2026-07-09";"MI-007";"20"
"SAL-0013808";"2026-07-09";"MI-008";"9"
"SAL-0013809";"2026-07-09";"MI-009";"5"
"SAL-0013810";"2026-07-09";"MI-010";"8"
"SAL-0013811";"2026-07-09";"MI-011";"13"
"SAL-0013812";"2026-07-09";"MI-012";"9"
"SAL-0013813";"2026-07-09";"MI-013";"5"
"SAL-0013814";"2026-07-09";"MI-014";"8"
"SAL-0013815";"2026-07-09";"MI-015";"8"
"SAL-0013816";"2026-07-10";"MI-001";"24"
"SAL-0013817";"2026-07-10";"MI-002";"25"
"SAL-0013818";"2026-07-10";"MI-003";"19"
"SAL-0013819";"2026-07-10";"MI-004";"17"
"SAL-0013820";"2026-07-10";"MI-005";"20"
"SAL-0013821";"2026-07-10";"MI-006";"16"
"SAL-0013822";"2026-07-10";"MI-007";"19"
"SAL-0013823";"2026-07-10";"MI-008";"13"
"SAL-0013824";"2026-07-10";"MI-009";"7"
"SAL-0013825";"2026-07-10";"MI-010";"7"
"SAL-0013826";"2026-07-10";"MI-011";"10"
"SAL-0013827";"2026-07-10";"MI-012";"15"
"SAL-0013828";"2026-07-10";"MI-013";"6"
"SAL-0013829";"2026-07-10";"MI-014";"6"
"SAL-0013830";"2026-07-10";"MI-015";"8"
"SAL-0013831";"2026-07-11";"MI-001";"39"
"SAL-0013832";"2026-07-11";"MI-002";"27"
"SAL-0013833";"2026-07-11";"MI-003";"22"
"SAL-0013834";"2026-07-11";"MI-004";"30"
"SAL-0013835";"2026-07-11";"MI-005";"38"
"SAL-0013836";"2026-07-11";"MI-006";"25"
"SAL-0013837";"2026-07-11";"MI-007";"26"
"SAL-0013838";"2026-07-11";"MI-008";"27"
"SAL-0013839";"2026-07-11";"MI-009";"15"
"SAL-0013840";"2026-07-11";"MI-010";"9"
"SAL-0013841";"2026-07-11";"MI-011";"17"
"SAL-0013842";"2026-07-11";"MI-012";"14"
"SAL-0013843";"2026-07-11";"MI-013";"14"
"SAL-0013844";"2026-07-11";"MI-014";"11"
"SAL-0013845";"2026-07-11";"MI-015";"21"
"SAL-0013846";"2026-07-12";"MI-001";"34"
"SAL-0013847";"2026-07-12";"MI-002";"25"
"SAL-0013848";"2026-07-12";"MI-003";"26"
"SAL-0013849";"2026-07-12";"MI-004";"18"
"SAL-0013850";"2026-07-12";"MI-005";"25"
"SAL-0013851";"2026-07-12";"MI-006";"13"
"SAL-0013852";"2026-07-12";"MI-007";"19"
"SAL-0013853";"2026-07-12";"MI-008";"9"
"SAL-0013854";"2026-07-12";"MI-009";"8"
"SAL-0013855";"2026-07-12";"MI-010";"13"
"SAL-0013856";"2026-07-12";"MI-011";"15"
"SAL-0013857";"2026-07-12";"MI-012";"15"
"SAL-0013858";"2026-07-12";"MI-013";"8"
"SAL-0013859";"2026-07-12";"MI-014";"14"
"SAL-0013860";"2026-07-12";"MI-015";"12"
"SAL-0013861";"2026-07-13";"MI-001";"18"
"SAL-0013862";"2026-07-13";"MI-002";"7"
"SAL-0013863";"2026-07-13";"MI-003";"15"
"SAL-0013864";"2026-07-13";"MI-004";"7"
"SAL-0013865";"2026-07-13";"MI-005";"17"
"SAL-0013866";"2026-07-13";"MI-006";"10"
"SAL-0013867";"2026-07-13";"MI-007";"15"
"SAL-0013868";"2026-07-13";"MI-008";"10"
"SAL-0013869";"2026-07-13";"MI-009";"2"
"SAL-0013870";"2026-07-13";"MI-010";"7"
"SAL-0013871";"2026-07-13";"MI-011";"8"
"SAL-0013872";"2026-07-13";"MI-012";"9"
"SAL-0013873";"2026-07-13";"MI-013";"9"
"SAL-0013874";"2026-07-13";"MI-014";"8"
"SAL-0013875";"2026-07-13";"MI-015";"8"
"SAL-0013876";"2026-07-14";"MI-001";"12"
"SAL-0013877";"2026-07-14";"MI-002";"12"
"SAL-0013878";"2026-07-14";"MI-003";"6"
"SAL-0013879";"2026-07-14";"MI-004";"14"
"SAL-0013880";"2026-07-14";"MI-005";"19"
"SAL-0013881";"2026-07-14";"MI-006";"14"
"SAL-0013882";"2026-07-14";"MI-007";"6"
"SAL-0013883";"2026-07-14";"MI-008";"8"
"SAL-0013884";"2026-07-14";"MI-009";"7"
"SAL-0013885";"2026-07-14";"MI-010";"6"
"SAL-0013886";"2026-07-14";"MI-011";"7"
"SAL-0013887";"2026-07-14";"MI-012";"6"
"SAL-0013888";"2026-07-14";"MI-013";"9"
"SAL-0013889";"2026-07-14";"MI-014";"2"
"SAL-0013890";"2026-07-14";"MI-015";"8"
"SAL-0013891";"2026-07-15";"MI-001";"17"
"SAL-0013892";"2026-07-15";"MI-002";"19"
"SAL-0013893";"2026-07-15";"MI-003";"16"
"SAL-0013894";"2026-07-15";"MI-004";"18"
"SAL-0013895";"2026-07-15";"MI-005";"13"
"SAL-0013896";"2026-07-15";"MI-006";"8"
"SAL-0013897";"2026-07-15";"MI-007";"11"
"SAL-0013898";"2026-07-15";"MI-008";"14"
"SAL-0013899";"2026-07-15";"MI-009";"11"
"SAL-0013900";"2026-07-15";"MI-010";"6"
"SAL-0013901";"2026-07-15";"MI-011";"11"
"SAL-0013902";"2026-07-15";"MI-012";"7"
"SAL-0013903";"2026-07-15";"MI-013";"10"
"SAL-0013904";"2026-07-15";"MI-014";"7"
"SAL-0013905";"2026-07-15";"MI-015";"11"
"SAL-0013906";"2026-07-16";"MI-001";"18"
"SAL-0013907";"2026-07-16";"MI-002";"21"
"SAL-0013908";"2026-07-16";"MI-003";"10"
"SAL-0013909";"2026-07-16";"MI-004";"20"
"SAL-0013910";"2026-07-16";"MI-005";"14"
"SAL-0013911";"2026-07-16";"MI-006";"9"
"SAL-0013912";"2026-07-16";"MI-007";"21"
"SAL-0013913";"2026-07-16";"MI-008";"8"
"SAL-0013914";"2026-07-16";"MI-009";"9"
"SAL-0013915";"2026-07-16";"MI-010";"8"
"SAL-0013916";"2026-07-16";"MI-011";"11"
"SAL-0013917";"2026-07-16";"MI-012";"11"
"SAL-0013918";"2026-07-16";"MI-013";"11"
"SAL-0013919";"2026-07-16";"MI-014";"8"
"SAL-0013920";"2026-07-16";"MI-015";"13"
"SAL-0013921";"2026-07-17";"MI-001";"28"
"SAL-0013922";"2026-07-17";"MI-002";"24"
"SAL-0013923";"2026-07-17";"MI-003";"26"
"SAL-0013924";"2026-07-17";"MI-004";"8"
"SAL-0013925";"2026-07-17";"MI-005";"20"
"SAL-0013926";"2026-07-17";"MI-006";"12"
"SAL-0013927";"2026-07-17";"MI-007";"30"
"SAL-0013928";"2026-07-17";"MI-008";"13"
"SAL-0013929";"2026-07-17";"MI-009";"11"
"SAL-0013930";"2026-07-17";"MI-010";"10"
"SAL-0013931";"2026-07-17";"MI-011";"13"
"SAL-0013932";"2026-07-17";"MI-012";"14"
"SAL-0013933";"2026-07-17";"MI-013";"11"
"SAL-0013934";"2026-07-17";"MI-014";"10"
"SAL-0013935";"2026-07-17";"MI-015";"7"
"SAL-0013936";"2026-07-18";"MI-001";"44"
"SAL-0013937";"2026-07-18";"MI-002";"23"
"SAL-0013938";"2026-07-18";"MI-003";"29"
"SAL-0013939";"2026-07-18";"MI-004";"21"
"SAL-0013940";"2026-07-18";"MI-005";"35"
"SAL-0013941";"2026-07-18";"MI-006";"25"
"SAL-0013942";"2026-07-18";"MI-007";"31"
"SAL-0013943";"2026-07-18";"MI-008";"15"
"SAL-0013944";"2026-07-18";"MI-009";"13"
"SAL-0013945";"2026-07-18";"MI-010";"10"
"SAL-0013946";"2026-07-18";"MI-011";"14"
"SAL-0013947";"2026-07-18";"MI-012";"19"
"SAL-0013948";"2026-07-18";"MI-013";"12"
"SAL-0013949";"2026-07-18";"MI-014";"17"
"SAL-0013950";"2026-07-18";"MI-015";"9"
"SAL-0013951";"2026-07-19";"MI-001";"29"
"SAL-0013952";"2026-07-19";"MI-002";"24"
"SAL-0013953";"2026-07-19";"MI-003";"31"
"SAL-0013954";"2026-07-19";"MI-004";"16"
"SAL-0013955";"2026-07-19";"MI-005";"27"
"SAL-0013956";"2026-07-19";"MI-006";"21"
"SAL-0013957";"2026-07-19";"MI-007";"20"
"SAL-0013958";"2026-07-19";"MI-008";"21"
"SAL-0013959";"2026-07-19";"MI-009";"17"
"SAL-0013960";"2026-07-19";"MI-010";"17"
"SAL-0013961";"2026-07-19";"MI-011";"18"
"SAL-0013962";"2026-07-19";"MI-012";"15"
"SAL-0013963";"2026-07-19";"MI-013";"16"
"SAL-0013964";"2026-07-19";"MI-014";"11"
"SAL-0013965";"2026-07-19";"MI-015";"16"
"SAL-0013966";"2026-07-20";"MI-001";"8"
"SAL-0013967";"2026-07-20";"MI-002";"16"
"SAL-0013968";"2026-07-20";"MI-003";"5"
"SAL-0013969";"2026-07-20";"MI-004";"13"
"SAL-0013970";"2026-07-20";"MI-005";"20"
"SAL-0013971";"2026-07-20";"MI-006";"11"
"SAL-0013972";"2026-07-20";"MI-007";"14"
"SAL-0013973";"2026-07-20";"MI-008";"10"
"SAL-0013974";"2026-07-20";"MI-009";"2"
"SAL-0013975";"2026-07-20";"MI-010";"7"
"SAL-0013976";"2026-07-20";"MI-011";"2"
"SAL-0013977";"2026-07-20";"MI-012";"7"
"SAL-0013978";"2026-07-20";"MI-013";"5"
"SAL-0013979";"2026-07-20";"MI-014";"7"
"SAL-0013980";"2026-07-20";"MI-015";"7"
"SAL-0013981";"2026-07-21";"MI-001";"20"
"SAL-0013982";"2026-07-21";"MI-002";"8"
"SAL-0013983";"2026-07-21";"MI-003";"19"
"SAL-0013984";"2026-07-21";"MI-004";"13"
"SAL-0013985";"2026-07-21";"MI-005";"12"
"SAL-0013986";"2026-07-21";"MI-006";"12"
"SAL-0013987";"2026-07-21";"MI-007";"21"
"SAL-0013988";"2026-07-21";"MI-008";"8"
"SAL-0013989";"2026-07-21";"MI-009";"5"
"SAL-0013990";"2026-07-21";"MI-010";"4"
"SAL-0013991";"2026-07-21";"MI-011";"7"
"SAL-0013992";"2026-07-21";"MI-012";"6"
"SAL-0013993";"2026-07-21";"MI-013";"7"
"SAL-0013994";"2026-07-21";"MI-014";"8"
"SAL-0013995";"2026-07-21";"MI-015";"7"
"SAL-0013996";"2026-07-22";"MI-001";"20"
"SAL-0013997";"2026-07-22";"MI-002";"16"
"SAL-0013998";"2026-07-22";"MI-003";"9"
"SAL-0013999";"2026-07-22";"MI-004";"7"
"SAL-0014000";"2026-07-22";"MI-005";"22"
"SAL-0014001";"2026-07-22";"MI-006";"10"
"SAL-0014002";"2026-07-22";"MI-007";"12"
"SAL-0014003";"2026-07-22";"MI-008";"8"
"SAL-0014004";"2026-07-22";"MI-009";"9"
"SAL-0014005";"2026-07-22";"MI-010";"8"
"SAL-0014006";"2026-07-22";"MI-011";"7"
"SAL-0014007";"2026-07-22";"MI-012";"13"
"SAL-0014008";"2026-07-22";"MI-013";"8"
"SAL-0014009";"2026-07-22";"MI-014";"5"
"SAL-0014010";"2026-07-22";"MI-015";"5"
"SAL-0014011";"2026-07-23";"MI-001";"24"
"SAL-0014012";"2026-07-23";"MI-002";"20"
"SAL-0014013";"2026-07-23";"MI-003";"22"
"SAL-0014014";"2026-07-23";"MI-004";"7"
"SAL-0014015";"2026-07-23";"MI-005";"19"
"SAL-0014016";"2026-07-23";"MI-006";"16"
"SAL-0014017";"2026-07-23";"MI-007";"24"
"SAL-0014018";"2026-07-23";"MI-008";"7"
"SAL-0014019";"2026-07-23";"MI-009";"6"
"SAL-0014020";"2026-07-23";"MI-010";"8"
"SAL-0014021";"2026-07-23";"MI-011";"8"
"SAL-0014022";"2026-07-23";"MI-012";"7"
"SAL-0014023";"2026-07-23";"MI-013";"10"
"SAL-0014024";"2026-07-23";"MI-014";"9"
"SAL-0014025";"2026-07-23";"MI-015";"13"
"SAL-0014026";"2026-07-24";"MI-001";"36"
"SAL-0014027";"2026-07-24";"MI-002";"12"
"SAL-0014028";"2026-07-24";"MI-003";"25"
"SAL-0014029";"2026-07-24";"MI-004";"10"
"SAL-0014030";"2026-07-24";"MI-005";"21"
"SAL-0014031";"2026-07-24";"MI-006";"14"
"SAL-0014032";"2026-07-24";"MI-007";"20"
"SAL-0014033";"2026-07-24";"MI-008";"7"
"SAL-0014034";"2026-07-24";"MI-009";"9"
"SAL-0014035";"2026-07-24";"MI-010";"8"
"SAL-0014036";"2026-07-24";"MI-011";"8"
"SAL-0014037";"2026-07-24";"MI-012";"12"
"SAL-0014038";"2026-07-24";"MI-013";"8"
"SAL-0014039";"2026-07-24";"MI-014";"11"
"SAL-0014040";"2026-07-24";"MI-015";"10"
"SAL-0014041";"2026-07-25";"MI-001";"42"
"SAL-0014042";"2026-07-25";"MI-002";"24"
"SAL-0014043";"2026-07-25";"MI-003";"21"
"SAL-0014044";"2026-07-25";"MI-004";"19"
"SAL-0014045";"2026-07-25";"MI-005";"45"
"SAL-0014046";"2026-07-25";"MI-006";"23"
"SAL-0014047";"2026-07-25";"MI-007";"22"
"SAL-0014048";"2026-07-25";"MI-008";"27"
"SAL-0014049";"2026-07-25";"MI-009";"14"
"SAL-0014050";"2026-07-25";"MI-010";"20"
"SAL-0014051";"2026-07-25";"MI-011";"21"
"SAL-0014052";"2026-07-25";"MI-012";"16"
"SAL-0014053";"2026-07-25";"MI-013";"9"
"SAL-0014054";"2026-07-25";"MI-014";"12"
"SAL-0014055";"2026-07-25";"MI-015";"15"
"SAL-0014056";"2026-07-26";"MI-001";"28"
"SAL-0014057";"2026-07-26";"MI-002";"13"
"SAL-0014058";"2026-07-26";"MI-003";"21"
"SAL-0014059";"2026-07-26";"MI-004";"17"
"SAL-0014060";"2026-07-26";"MI-005";"25"
"SAL-0014061";"2026-07-26";"MI-006";"11"
"SAL-0014062";"2026-07-26";"MI-007";"21"
"SAL-0014063";"2026-07-26";"MI-008";"16"
"SAL-0014064";"2026-07-26";"MI-009";"7"
"SAL-0014065";"2026-07-26";"MI-010";"13"
"SAL-0014066";"2026-07-26";"MI-011";"14"
"SAL-0014067";"2026-07-26";"MI-012";"10"
"SAL-0014068";"2026-07-26";"MI-013";"18"
"SAL-0014069";"2026-07-26";"MI-014";"13"
"SAL-0014070";"2026-07-26";"MI-015";"0"
"SAL-0014071";"2026-07-27";"MI-001";"20"
"SAL-0014072";"2026-07-27";"MI-002";"19"
"SAL-0014073";"2026-07-27";"MI-003";"15"
"SAL-0014074";"2026-07-27";"MI-004";"13"
"SAL-0014075";"2026-07-27";"MI-005";"19"
"SAL-0014076";"2026-07-27";"MI-006";"10"
"SAL-0014077";"2026-07-27";"MI-007";"11"
"SAL-0014078";"2026-07-27";"MI-008";"9"
"SAL-0014079";"2026-07-27";"MI-009";"8"
"SAL-0014080";"2026-07-27";"MI-010";"8"
"SAL-0014081";"2026-07-27";"MI-011";"8"
"SAL-0014082";"2026-07-27";"MI-012";"17"
"SAL-0014083";"2026-07-27";"MI-013";"9"
"SAL-0014084";"2026-07-27";"MI-014";"8"
"SAL-0014085";"2026-07-27";"MI-015";"10"
"SAL-0014086";"2026-07-28";"MI-001";"22"
"SAL-0014087";"2026-07-28";"MI-002";"14"
"SAL-0014088";"2026-07-28";"MI-003";"15"
"SAL-0014089";"2026-07-28";"MI-004";"11"
"SAL-0014090";"2026-07-28";"MI-005";"15"
"SAL-0014091";"2026-07-28";"MI-006";"14"
"SAL-0014092";"2026-07-28";"MI-007";"8"
"SAL-0014093";"2026-07-28";"MI-008";"12"
"SAL-0014094";"2026-07-28";"MI-009";"7"
"SAL-0014095";"2026-07-28";"MI-010";"8"
"SAL-0014096";"2026-07-28";"MI-011";"10"
"SAL-0014097";"2026-07-28";"MI-012";"10"
"SAL-0014098";"2026-07-28";"MI-013";"7"
"SAL-0014099";"2026-07-28";"MI-014";"7"
"SAL-0014100";"2026-07-28";"MI-015";"8"
"SAL-0014101";"2026-07-29";"MI-001";"21"
"SAL-0014102";"2026-07-29";"MI-002";"15"
"SAL-0014103";"2026-07-29";"MI-003";"11"
"SAL-0014104";"2026-07-29";"MI-004";"12"
"SAL-0014105";"2026-07-29";"MI-005";"12"
"SAL-0014106";"2026-07-29";"MI-006";"10"
"SAL-0014107";"2026-07-29";"MI-007";"20"
"SAL-0014108";"2026-07-29";"MI-008";"9"
"SAL-0014109";"2026-07-29";"MI-009";"6"
"SAL-0014110";"2026-07-29";"MI-010";"13"
"SAL-0014111";"2026-07-29";"MI-011";"16"
"SAL-0014112";"2026-07-29";"MI-012";"11"
"SAL-0014113";"2026-07-29";"MI-013";"9"
"SAL-0014114";"2026-07-29";"MI-014";"8"
"SAL-0014115";"2026-07-29";"MI-015";"7"
"SAL-0014116";"2026-07-30";"MI-001";"22"
"SAL-0014117";"2026-07-30";"MI-002";"12"
"SAL-0014118";"2026-07-30";"MI-003";"22"
"SAL-0014119";"2026-07-30";"MI-004";"21"
"SAL-0014120";"2026-07-30";"MI-005";"17"
"SAL-0014121";"2026-07-30";"MI-006";"16"
"SAL-0014122";"2026-07-30";"MI-007";"16"
"SAL-0014123";"2026-07-30";"MI-008";"13"
"SAL-0014124";"2026-07-30";"MI-009";"6"
"SAL-0014125";"2026-07-30";"MI-010";"7"
"SAL-0014126";"2026-07-30";"MI-011";"11"
"SAL-0014127";"2026-07-30";"MI-012";"8"
"SAL-0014128";"2026-07-30";"MI-013";"11"
"SAL-0014129";"2026-07-30";"MI-014";"8"
"SAL-0014130";"2026-07-30";"MI-015";"7"
"SAL-0014131";"2026-07-31";"MI-001";"34"
"SAL-0014132";"2026-07-31";"MI-002";"22"
"SAL-0014133";"2026-07-31";"MI-003";"21"
"SAL-0014134";"2026-07-31";"MI-004";"14"
"SAL-0014135";"2026-07-31";"MI-005";"28"
"SAL-0014136";"2026-07-31";"MI-006";"22"
"SAL-0014137";"2026-07-31";"MI-007";"22"
"SAL-0014138";"2026-07-31";"MI-008";"6"
"SAL-0014139";"2026-07-31";"MI-009";"12"
"SAL-0014140";"2026-07-31";"MI-010";"13"
"SAL-0014141";"2026-07-31";"MI-011";"17"
"SAL-0014142";"2026-07-31";"MI-012";"14"
"SAL-0014143";"2026-07-31";"MI-013";"11"
"SAL-0014144";"2026-07-31";"MI-014";"11"
"SAL-0014145";"2026-07-31";"MI-015";"12"
"SAL-0014146";"2026-08-01";"MI-001";"34"
"SAL-0014147";"2026-08-01";"MI-002";"24"
"SAL-0014148";"2026-08-01";"MI-003";"40"
"SAL-0014149";"2026-08-01";"MI-004";"23"
"SAL-0014150";"2026-08-01";"MI-005";"46"
"SAL-0014151";"2026-08-01";"MI-006";"26"
"SAL-0014152";"2026-08-01";"MI-007";"23"
"SAL-0014153";"2026-08-01";"MI-008";"27"
"SAL-0014154";"2026-08-01";"MI-009";"20"
"SAL-0014155";"2026-08-01";"MI-010";"13"
"SAL-0014156";"2026-08-01";"MI-011";"21"
"SAL-0014157";"2026-08-01";"MI-012";"16"
"SAL-0014158";"2026-08-01";"MI-013";"9"
"SAL-0014159";"2026-08-01";"MI-014";"16"
"SAL-0014160";"2026-08-01";"MI-015";"21"
"SAL-0014161";"2026-08-02";"MI-001";"24"
"SAL-0014162";"2026-08-02";"MI-002";"15"
"SAL-0014163";"2026-08-02";"MI-003";"21"
"SAL-0014164";"2026-08-02";"MI-004";"17"
"SAL-0014165";"2026-08-02";"MI-005";"26"
"SAL-0014166";"2026-08-02";"MI-006";"20"
"SAL-0014167";"2026-08-02";"MI-007";"17"
"SAL-0014168";"2026-08-02";"MI-008";"12"
"SAL-0014169";"2026-08-02";"MI-009";"8"
"SAL-0014170";"2026-08-02";"MI-010";"11"
"SAL-0014171";"2026-08-02";"MI-011";"16"
"SAL-0014172";"2026-08-02";"MI-012";"12"
"SAL-0014173";"2026-08-02";"MI-013";"9"
"SAL-0014174";"2026-08-02";"MI-014";"13"
"SAL-0014175";"2026-08-02";"MI-015";"17"
"SAL-0014176";"2026-08-03";"MI-001";"25"
"SAL-0014177";"2026-08-03";"MI-002";"14"
"SAL-0014178";"2026-08-03";"MI-003";"15"
"SAL-0014179";"2026-08-03";"MI-004";"10"
"SAL-0014180";"2026-08-03";"MI-005";"16"
"SAL-0014181";"2026-08-03";"MI-006";"14"
"SAL-0014182";"2026-08-03";"MI-007";"12"
"SAL-0014183";"2026-08-03";"MI-008";"8"
"SAL-0014184";"2026-08-03";"MI-009";"4"
"SAL-0014185";"2026-08-03";"MI-010";"9"
"SAL-0014186";"2026-08-03";"MI-011";"5"
"SAL-0014187";"2026-08-03";"MI-012";"8"
"SAL-0014188";"2026-08-03";"MI-013";"7"
"SAL-0014189";"2026-08-03";"MI-014";"2"
"SAL-0014190";"2026-08-03";"MI-015";"11"
"SAL-0014191";"2026-08-04";"MI-001";"18"
"SAL-0014192";"2026-08-04";"MI-002";"12"
"SAL-0014193";"2026-08-04";"MI-003";"17"
"SAL-0014194";"2026-08-04";"MI-004";"14"
"SAL-0014195";"2026-08-04";"MI-005";"20"
"SAL-0014196";"2026-08-04";"MI-006";"3"
"SAL-0014197";"2026-08-04";"MI-007";"11"
"SAL-0014198";"2026-08-04";"MI-008";"8"
"SAL-0014199";"2026-08-04";"MI-009";"7"
"SAL-0014200";"2026-08-04";"MI-010";"8"
"SAL-0014201";"2026-08-04";"MI-011";"9"
"SAL-0014202";"2026-08-04";"MI-012";"10"
"SAL-0014203";"2026-08-04";"MI-013";"8"
"SAL-0014204";"2026-08-04";"MI-014";"7"
"SAL-0014205";"2026-08-04";"MI-015";"10"
"SAL-0014206";"2026-08-05";"MI-001";"27"
"SAL-0014207";"2026-08-05";"MI-002";"23"
"SAL-0014208";"2026-08-05";"MI-003";"14"
"SAL-0014209";"2026-08-05";"MI-004";"15"
"SAL-0014210";"2026-08-05";"MI-005";"15"
"SAL-0014211";"2026-08-05";"MI-006";"12"
"SAL-0014212";"2026-08-05";"MI-007";"13"
"SAL-0014213";"2026-08-05";"MI-008";"10"
"SAL-0014214";"2026-08-05";"MI-009";"10"
"SAL-0014215";"2026-08-05";"MI-010";"9"
"SAL-0014216";"2026-08-05";"MI-011";"11"
"SAL-0014217";"2026-08-05";"MI-012";"5"
"SAL-0014218";"2026-08-05";"MI-013";"8"
"SAL-0014219";"2026-08-05";"MI-014";"11"
"SAL-0014220";"2026-08-05";"MI-015";"17"
"SAL-0014221";"2026-08-06";"MI-001";"32"
"SAL-0014222";"2026-08-06";"MI-002";"21"
"SAL-0014223";"2026-08-06";"MI-003";"22"
"SAL-0014224";"2026-08-06";"MI-004";"12"
"SAL-0014225";"2026-08-06";"MI-005";"15"
"SAL-0014226";"2026-08-06";"MI-006";"14"
"SAL-0014227";"2026-08-06";"MI-007";"11"
"SAL-0014228";"2026-08-06";"MI-008";"7"
"SAL-0014229";"2026-08-06";"MI-009";"9"
"SAL-0014230";"2026-08-06";"MI-010";"5"
"SAL-0014231";"2026-08-06";"MI-011";"7"
"SAL-0014232";"2026-08-06";"MI-012";"14"
"SAL-0014233";"2026-08-06";"MI-013";"9"
"SAL-0014234";"2026-08-06";"MI-014";"11"
"SAL-0014235";"2026-08-06";"MI-015";"9"
"SAL-0014236";"2026-08-07";"MI-001";"22"
"SAL-0014237";"2026-08-07";"MI-002";"18"
"SAL-0014238";"2026-08-07";"MI-003";"24"
"SAL-0014239";"2026-08-07";"MI-004";"19"
"SAL-0014240";"2026-08-07";"MI-005";"19"
"SAL-0014241";"2026-08-07";"MI-006";"12"
"SAL-0014242";"2026-08-07";"MI-007";"17"
"SAL-0014243";"2026-08-07";"MI-008";"13"
"SAL-0014244";"2026-08-07";"MI-009";"10"
"SAL-0014245";"2026-08-07";"MI-010";"7"
"SAL-0014246";"2026-08-07";"MI-011";"17"
"SAL-0014247";"2026-08-07";"MI-012";"10"
"SAL-0014248";"2026-08-07";"MI-013";"12"
"SAL-0014249";"2026-08-07";"MI-014";"12"
"SAL-0014250";"2026-08-07";"MI-015";"11"
"SAL-0014251";"2026-08-08";"MI-001";"29"
"SAL-0014252";"2026-08-08";"MI-002";"26"
"SAL-0014253";"2026-08-08";"MI-003";"24"
"SAL-0014254";"2026-08-08";"MI-004";"17"
"SAL-0014255";"2026-08-08";"MI-005";"30"
"SAL-0014256";"2026-08-08";"MI-006";"22"
"SAL-0014257";"2026-08-08";"MI-007";"29"
"SAL-0014258";"2026-08-08";"MI-008";"21"
"SAL-0014259";"2026-08-08";"MI-009";"11"
"SAL-0014260";"2026-08-08";"MI-010";"13"
"SAL-0014261";"2026-08-08";"MI-011";"12"
"SAL-0014262";"2026-08-08";"MI-012";"20"
"SAL-0014263";"2026-08-08";"MI-013";"10"
"SAL-0014264";"2026-08-08";"MI-014";"21"
"SAL-0014265";"2026-08-08";"MI-015";"17"
"SAL-0014266";"2026-08-09";"MI-001";"33"
"SAL-0014267";"2026-08-09";"MI-002";"29"
"SAL-0014268";"2026-08-09";"MI-003";"11"
"SAL-0014269";"2026-08-09";"MI-004";"17"
"SAL-0014270";"2026-08-09";"MI-005";"34"
"SAL-0014271";"2026-08-09";"MI-006";"15"
"SAL-0014272";"2026-08-09";"MI-007";"21"
"SAL-0014273";"2026-08-09";"MI-008";"22"
"SAL-0014274";"2026-08-09";"MI-009";"13"
"SAL-0014275";"2026-08-09";"MI-010";"15"
"SAL-0014276";"2026-08-09";"MI-011";"17"
"SAL-0014277";"2026-08-09";"MI-012";"18"
"SAL-0014278";"2026-08-09";"MI-013";"11"
"SAL-0014279";"2026-08-09";"MI-014";"13"
"SAL-0014280";"2026-08-09";"MI-015";"13"
"SAL-0014281";"2026-08-10";"MI-001";"21"
"SAL-0014282";"2026-08-10";"MI-002";"12"
"SAL-0014283";"2026-08-10";"MI-003";"15"
"SAL-0014284";"2026-08-10";"MI-004";"14"
"SAL-0014285";"2026-08-10";"MI-005";"18"
"SAL-0014286";"2026-08-10";"MI-006";"6"
"SAL-0014287";"2026-08-10";"MI-007";"15"
"SAL-0014288";"2026-08-10";"MI-008";"12"
"SAL-0014289";"2026-08-10";"MI-009";"3"
"SAL-0014290";"2026-08-10";"MI-010";"10"
"SAL-0014291";"2026-08-10";"MI-011";"7"
"SAL-0014292";"2026-08-10";"MI-012";"4"
"SAL-0014293";"2026-08-10";"MI-013";"2"
"SAL-0014294";"2026-08-10";"MI-014";"7"
"SAL-0014295";"2026-08-10";"MI-015";"9"
"SAL-0014296";"2026-08-11";"MI-001";"11"
"SAL-0014297";"2026-08-11";"MI-002";"17"
"SAL-0014298";"2026-08-11";"MI-003";"18"
"SAL-0014299";"2026-08-11";"MI-004";"10"
"SAL-0014300";"2026-08-11";"MI-005";"21"
"SAL-0014301";"2026-08-11";"MI-006";"16"
"SAL-0014302";"2026-08-11";"MI-007";"8"
"SAL-0014303";"2026-08-11";"MI-008";"9"
"SAL-0014304";"2026-08-11";"MI-009";"7"
"SAL-0014305";"2026-08-11";"MI-010";"5"
"SAL-0014306";"2026-08-11";"MI-011";"8"
"SAL-0014307";"2026-08-11";"MI-012";"12"
"SAL-0014308";"2026-08-11";"MI-013";"10"
"SAL-0014309";"2026-08-11";"MI-014";"5"
"SAL-0014310";"2026-08-11";"MI-015";"9"
"SAL-0014311";"2026-08-12";"MI-001";"27"
"SAL-0014312";"2026-08-12";"MI-002";"22"
"SAL-0014313";"2026-08-12";"MI-003";"19"
"SAL-0014314";"2026-08-12";"MI-004";"20"
"SAL-0014315";"2026-08-12";"MI-005";"23"
"SAL-0014316";"2026-08-12";"MI-006";"17"
"SAL-0014317";"2026-08-12";"MI-007";"14"
"SAL-0014318";"2026-08-12";"MI-008";"18"
"SAL-0014319";"2026-08-12";"MI-009";"5"
"SAL-0014320";"2026-08-12";"MI-010";"6"
"SAL-0014321";"2026-08-12";"MI-011";"10"
"SAL-0014322";"2026-08-12";"MI-012";"9"
"SAL-0014323";"2026-08-12";"MI-013";"2"
"SAL-0014324";"2026-08-12";"MI-014";"8"
"SAL-0014325";"2026-08-12";"MI-015";"8"
"SAL-0014326";"2026-08-13";"MI-001";"31"
"SAL-0014327";"2026-08-13";"MI-002";"24"
"SAL-0014328";"2026-08-13";"MI-003";"14"
"SAL-0014329";"2026-08-13";"MI-004";"16"
"SAL-0014330";"2026-08-13";"MI-005";"24"
"SAL-0014331";"2026-08-13";"MI-006";"9"
"SAL-0014332";"2026-08-13";"MI-007";"27"
"SAL-0014333";"2026-08-13";"MI-008";"12"
"SAL-0014334";"2026-08-13";"MI-009";"10"
"SAL-0014335";"2026-08-13";"MI-010";"6"
"SAL-0014336";"2026-08-13";"MI-011";"17"
"SAL-0014337";"2026-08-13";"MI-012";"16"
"SAL-0014338";"2026-08-13";"MI-013";"13"
"SAL-0014339";"2026-08-13";"MI-014";"9"
"SAL-0014340";"2026-08-13";"MI-015";"9"
"SAL-0014341";"2026-08-14";"MI-001";"27"
"SAL-0014342";"2026-08-14";"MI-002";"14"
"SAL-0014343";"2026-08-14";"MI-003";"20"
"SAL-0014344";"2026-08-14";"MI-004";"17"
"SAL-0014345";"2026-08-14";"MI-005";"28"
"SAL-0014346";"2026-08-14";"MI-006";"15"
"SAL-0014347";"2026-08-14";"MI-007";"12"
"SAL-0014348";"2026-08-14";"MI-008";"11"
"SAL-0014349";"2026-08-14";"MI-009";"14"
"SAL-0014350";"2026-08-14";"MI-010";"13"
"SAL-0014351";"2026-08-14";"MI-011";"11"
"SAL-0014352";"2026-08-14";"MI-012";"12"
"SAL-0014353";"2026-08-14";"MI-013";"10"
"SAL-0014354";"2026-08-14";"MI-014";"14"
"SAL-0014355";"2026-08-14";"MI-015";"8"
"SAL-0014356";"2026-08-15";"MI-001";"27"
"SAL-0014357";"2026-08-15";"MI-002";"26"
"SAL-0014358";"2026-08-15";"MI-003";"26"
"SAL-0014359";"2026-08-15";"MI-004";"21"
"SAL-0014360";"2026-08-15";"MI-005";"29"
"SAL-0014361";"2026-08-15";"MI-006";"19"
"SAL-0014362";"2026-08-15";"MI-007";"26"
"SAL-0014363";"2026-08-15";"MI-008";"14"
"SAL-0014364";"2026-08-15";"MI-009";"18"
"SAL-0014365";"2026-08-15";"MI-010";"9"
"SAL-0014366";"2026-08-15";"MI-011";"14"
"SAL-0014367";"2026-08-15";"MI-012";"22"
"SAL-0014368";"2026-08-15";"MI-013";"10"
"SAL-0014369";"2026-08-15";"MI-014";"5"
"SAL-0014370";"2026-08-15";"MI-015";"14"
"SAL-0014371";"2026-08-16";"MI-001";"32"
"SAL-0014372";"2026-08-16";"MI-002";"18"
"SAL-0014373";"2026-08-16";"MI-003";"22"
"SAL-0014374";"2026-08-16";"MI-004";"17"
"SAL-0014375";"2026-08-16";"MI-005";"26"
"SAL-0014376";"2026-08-16";"MI-006";"12"
"SAL-0014377";"2026-08-16";"MI-007";"23"
"SAL-0014378";"2026-08-16";"MI-008";"13"
"SAL-0014379";"2026-08-16";"MI-009";"7"
"SAL-0014380";"2026-08-16";"MI-010";"7"
"SAL-0014381";"2026-08-16";"MI-011";"12"
"SAL-0014382";"2026-08-16";"MI-012";"9"
"SAL-0014383";"2026-08-16";"MI-013";"15"
"SAL-0014384";"2026-08-16";"MI-014";"16"
"SAL-0014385";"2026-08-16";"MI-015";"11"
"SAL-0014386";"2026-08-17";"MI-001";"20"
"SAL-0014387";"2026-08-17";"MI-002";"12"
"SAL-0014388";"2026-08-17";"MI-003";"11"
"SAL-0014389";"2026-08-17";"MI-004";"12"
"SAL-0014390";"2026-08-17";"MI-005";"23"
"SAL-0014391";"2026-08-17";"MI-006";"12"
"SAL-0014392";"2026-08-17";"MI-007";"14"
"SAL-0014393";"2026-08-17";"MI-008";"8"
"SAL-0014394";"2026-08-17";"MI-009";"7"
"SAL-0014395";"2026-08-17";"MI-010";"8"
"SAL-0014396";"2026-08-17";"MI-011";"9"
"SAL-0014397";"2026-08-17";"MI-012";"14"
"SAL-0014398";"2026-08-17";"MI-013";"1"
"SAL-0014399";"2026-08-17";"MI-014";"3"
"SAL-0014400";"2026-08-17";"MI-015";"2"
"SAL-0014401";"2026-08-18";"MI-001";"18"
"SAL-0014402";"2026-08-18";"MI-002";"12"
"SAL-0014403";"2026-08-18";"MI-003";"19"
"SAL-0014404";"2026-08-18";"MI-004";"11"
"SAL-0014405";"2026-08-18";"MI-005";"18"
"SAL-0014406";"2026-08-18";"MI-006";"9"
"SAL-0014407";"2026-08-18";"MI-007";"16"
"SAL-0014408";"2026-08-18";"MI-008";"7"
"SAL-0014409";"2026-08-18";"MI-009";"8"
"SAL-0014410";"2026-08-18";"MI-010";"8"
"SAL-0014411";"2026-08-18";"MI-011";"10"
"SAL-0014412";"2026-08-18";"MI-012";"4"
"SAL-0014413";"2026-08-18";"MI-013";"6"
"SAL-0014414";"2026-08-18";"MI-014";"8"
"SAL-0014415";"2026-08-18";"MI-015";"10"
"SAL-0014416";"2026-08-19";"MI-001";"25"
"SAL-0014417";"2026-08-19";"MI-002";"15"
"SAL-0014418";"2026-08-19";"MI-003";"19"
"SAL-0014419";"2026-08-19";"MI-004";"14"
"SAL-0014420";"2026-08-19";"MI-005";"16"
"SAL-0014421";"2026-08-19";"MI-006";"5"
"SAL-0014422";"2026-08-19";"MI-007";"18"
"SAL-0014423";"2026-08-19";"MI-008";"8"
"SAL-0014424";"2026-08-19";"MI-009";"13"
"SAL-0014425";"2026-08-19";"MI-010";"10"
"SAL-0014426";"2026-08-19";"MI-011";"13"
"SAL-0014427";"2026-08-19";"MI-012";"9"
"SAL-0014428";"2026-08-19";"MI-013";"12"
"SAL-0014429";"2026-08-19";"MI-014";"9"
"SAL-0014430";"2026-08-19";"MI-015";"12"
"SAL-0014431";"2026-08-20";"MI-001";"26"
"SAL-0014432";"2026-08-20";"MI-002";"19"
"SAL-0014433";"2026-08-20";"MI-003";"24"
"SAL-0014434";"2026-08-20";"MI-004";"7"
"SAL-0014435";"2026-08-20";"MI-005";"21"
"SAL-0014436";"2026-08-20";"MI-006";"14"
"SAL-0014437";"2026-08-20";"MI-007";"25"
"SAL-0014438";"2026-08-20";"MI-008";"11"
"SAL-0014439";"2026-08-20";"MI-009";"12"
"SAL-0014440";"2026-08-20";"MI-010";"12"
"SAL-0014441";"2026-08-20";"MI-011";"13"
"SAL-0014442";"2026-08-20";"MI-012";"8"
"SAL-0014443";"2026-08-20";"MI-013";"8"
"SAL-0014444";"2026-08-20";"MI-014";"11"
"SAL-0014445";"2026-08-20";"MI-015";"4"
"SAL-0014446";"2026-08-21";"MI-001";"23"
"SAL-0014447";"2026-08-21";"MI-002";"16"
"SAL-0014448";"2026-08-21";"MI-003";"15"
"SAL-0014449";"2026-08-21";"MI-004";"14"
"SAL-0014450";"2026-08-21";"MI-005";"22"
"SAL-0014451";"2026-08-21";"MI-006";"7"
"SAL-0014452";"2026-08-21";"MI-007";"13"
"SAL-0014453";"2026-08-21";"MI-008";"5"
"SAL-0014454";"2026-08-21";"MI-009";"5"
"SAL-0014455";"2026-08-21";"MI-010";"9"
"SAL-0014456";"2026-08-21";"MI-011";"9"
"SAL-0014457";"2026-08-21";"MI-012";"6"
"SAL-0014458";"2026-08-21";"MI-013";"12"
"SAL-0014459";"2026-08-21";"MI-014";"9"
"SAL-0014460";"2026-08-21";"MI-015";"0"
"SAL-0014461";"2026-08-22";"MI-001";"29"
"SAL-0014462";"2026-08-22";"MI-002";"28"
"SAL-0014463";"2026-08-22";"MI-003";"30"
"SAL-0014464";"2026-08-22";"MI-004";"21"
"SAL-0014465";"2026-08-22";"MI-005";"42"
"SAL-0014466";"2026-08-22";"MI-006";"15"
"SAL-0014467";"2026-08-22";"MI-007";"29"
"SAL-0014468";"2026-08-22";"MI-008";"15"
"SAL-0014469";"2026-08-22";"MI-009";"22"
"SAL-0014470";"2026-08-22";"MI-010";"16"
"SAL-0014471";"2026-08-22";"MI-011";"15"
"SAL-0014472";"2026-08-22";"MI-012";"22"
"SAL-0014473";"2026-08-22";"MI-013";"13"
"SAL-0014474";"2026-08-22";"MI-014";"14"
"SAL-0014475";"2026-08-22";"MI-015";"16"
"SAL-0014476";"2026-08-23";"MI-001";"29"
"SAL-0014477";"2026-08-23";"MI-002";"24"
"SAL-0014478";"2026-08-23";"MI-003";"26"
"SAL-0014479";"2026-08-23";"MI-004";"19"
"SAL-0014480";"2026-08-23";"MI-005";"24"
"SAL-0014481";"2026-08-23";"MI-006";"16"
"SAL-0014482";"2026-08-23";"MI-007";"18"
"SAL-0014483";"2026-08-23";"MI-008";"20"
"SAL-0014484";"2026-08-23";"MI-009";"10"
"SAL-0014485";"2026-08-23";"MI-010";"8"
"SAL-0014486";"2026-08-23";"MI-011";"14"
"SAL-0014487";"2026-08-23";"MI-012";"5"
"SAL-0014488";"2026-08-23";"MI-013";"8"
"SAL-0014489";"2026-08-23";"MI-014";"5"
"SAL-0014490";"2026-08-23";"MI-015";"8"
"SAL-0014491";"2026-08-24";"MI-001";"16"
"SAL-0014492";"2026-08-24";"MI-002";"16"
"SAL-0014493";"2026-08-24";"MI-003";"20"
"SAL-0014494";"2026-08-24";"MI-004";"13"
"SAL-0014495";"2026-08-24";"MI-005";"16"
"SAL-0014496";"2026-08-24";"MI-006";"4"
"SAL-0014497";"2026-08-24";"MI-007";"17"
"SAL-0014498";"2026-08-24";"MI-008";"8"
"SAL-0014499";"2026-08-24";"MI-009";"3"
"SAL-0014500";"2026-08-24";"MI-010";"3"
"SAL-0014501";"2026-08-24";"MI-011";"11"
"SAL-0014502";"2026-08-24";"MI-012";"7"
"SAL-0014503";"2026-08-24";"MI-013";"5"
"SAL-0014504";"2026-08-24";"MI-014";"9"
"SAL-0014505";"2026-08-24";"MI-015";"12"
"SAL-0014506";"2026-08-25";"MI-001";"20"
"SAL-0014507";"2026-08-25";"MI-002";"17"
"SAL-0014508";"2026-08-25";"MI-003";"17"
"SAL-0014509";"2026-08-25";"MI-004";"9"
"SAL-0014510";"2026-08-25";"MI-005";"19"
"SAL-0014511";"2026-08-25";"MI-006";"4"
"SAL-0014512";"2026-08-25";"MI-007";"4"
"SAL-0014513";"2026-08-25";"MI-008";"10"
"SAL-0014514";"2026-08-25";"MI-009";"4"
"SAL-0014515";"2026-08-25";"MI-010";"7"
"SAL-0014516";"2026-08-25";"MI-011";"11"
"SAL-0014517";"2026-08-25";"MI-012";"12"
"SAL-0014518";"2026-08-25";"MI-013";"11"
"SAL-0014519";"2026-08-25";"MI-014";"7"
"SAL-0014520";"2026-08-25";"MI-015";"3"
"SAL-0014521";"2026-08-26";"MI-001";"16"
"SAL-0014522";"2026-08-26";"MI-002";"15"
"SAL-0014523";"2026-08-26";"MI-003";"16"
"SAL-0014524";"2026-08-26";"MI-004";"13"
"SAL-0014525";"2026-08-26";"MI-005";"14"
"SAL-0014526";"2026-08-26";"MI-006";"13"
"SAL-0014527";"2026-08-26";"MI-007";"11"
"SAL-0014528";"2026-08-26";"MI-008";"9"
"SAL-0014529";"2026-08-26";"MI-009";"6"
"SAL-0014530";"2026-08-26";"MI-010";"10"
"SAL-0014531";"2026-08-26";"MI-011";"10"
"SAL-0014532";"2026-08-26";"MI-012";"10"
"SAL-0014533";"2026-08-26";"MI-013";"5"
"SAL-0014534";"2026-08-26";"MI-014";"7"
"SAL-0014535";"2026-08-26";"MI-015";"5"
"SAL-0014536";"2026-08-27";"MI-001";"19"
"SAL-0014537";"2026-08-27";"MI-002";"17"
"SAL-0014538";"2026-08-27";"MI-003";"24"
"SAL-0014539";"2026-08-27";"MI-004";"15"
"SAL-0014540";"2026-08-27";"MI-005";"19"
"SAL-0014541";"2026-08-27";"MI-006";"10"
"SAL-0014542";"2026-08-27";"MI-007";"13"
"SAL-0014543";"2026-08-27";"MI-008";"9"
"SAL-0014544";"2026-08-27";"MI-009";"4"
"SAL-0014545";"2026-08-27";"MI-010";"8"
"SAL-0014546";"2026-08-27";"MI-011";"9"
"SAL-0014547";"2026-08-27";"MI-012";"6"
"SAL-0014548";"2026-08-27";"MI-013";"6"
"SAL-0014549";"2026-08-27";"MI-014";"13"
"SAL-0014550";"2026-08-27";"MI-015";"10"
"SAL-0014551";"2026-08-28";"MI-001";"14"
"SAL-0014552";"2026-08-28";"MI-002";"23"
"SAL-0014553";"2026-08-28";"MI-003";"19"
"SAL-0014554";"2026-08-28";"MI-004";"12"
"SAL-0014555";"2026-08-28";"MI-005";"27"
"SAL-0014556";"2026-08-28";"MI-006";"10"
"SAL-0014557";"2026-08-28";"MI-007";"13"
"SAL-0014558";"2026-08-28";"MI-008";"3"
"SAL-0014559";"2026-08-28";"MI-009";"8"
"SAL-0014560";"2026-08-28";"MI-010";"12"
"SAL-0014561";"2026-08-28";"MI-011";"12"
"SAL-0014562";"2026-08-28";"MI-012";"5"
"SAL-0014563";"2026-08-28";"MI-013";"10"
"SAL-0014564";"2026-08-28";"MI-014";"6"
"SAL-0014565";"2026-08-28";"MI-015";"7"
"SAL-0014566";"2026-08-29";"MI-001";"34"
"SAL-0014567";"2026-08-29";"MI-002";"27"
"SAL-0014568";"2026-08-29";"MI-003";"25"
"SAL-0014569";"2026-08-29";"MI-004";"17"
"SAL-0014570";"2026-08-29";"MI-005";"29"
"SAL-0014571";"2026-08-29";"MI-006";"13"
"SAL-0014572";"2026-08-29";"MI-007";"21"
"SAL-0014573";"2026-08-29";"MI-008";"18"
"SAL-0014574";"2026-08-29";"MI-009";"14"
"SAL-0014575";"2026-08-29";"MI-010";"14"
"SAL-0014576";"2026-08-29";"MI-011";"13"
"SAL-0014577";"2026-08-29";"MI-012";"19"
"SAL-0014578";"2026-08-29";"MI-013";"17"
"SAL-0014579";"2026-08-29";"MI-014";"14"
"SAL-0014580";"2026-08-29";"MI-015";"22"
"SAL-0014581";"2026-08-30";"MI-001";"33"
"SAL-0014582";"2026-08-30";"MI-002";"33"
"SAL-0014583";"2026-08-30";"MI-003";"34"
"SAL-0014584";"2026-08-30";"MI-004";"21"
"SAL-0014585";"2026-08-30";"MI-005";"31"
"SAL-0014586";"2026-08-30";"MI-006";"18"
"SAL-0014587";"2026-08-30";"MI-007";"33"
"SAL-0014588";"2026-08-30";"MI-008";"23"
"SAL-0014589";"2026-08-30";"MI-009";"12"
"SAL-0014590";"2026-08-30";"MI-010";"15"
"SAL-0014591";"2026-08-30";"MI-011";"23"
"SAL-0014592";"2026-08-30";"MI-012";"24"
"SAL-0014593";"2026-08-30";"MI-013";"15"
"SAL-0014594";"2026-08-30";"MI-014";"14"
"SAL-0014595";"2026-08-30";"MI-015";"18"
"SAL-0014596";"2026-08-31";"MI-001";"24"
"SAL-0014597";"2026-08-31";"MI-002";"16"
"SAL-0014598";"2026-08-31";"MI-003";"16"
"SAL-0014599";"2026-08-31";"MI-004";"7"
"SAL-0014600";"2026-08-31";"MI-005";"6"
"SAL-0014601";"2026-08-31";"MI-006";"13"
"SAL-0014602";"2026-08-31";"MI-007";"14"
"SAL-0014603";"2026-08-31";"MI-008";"8"
"SAL-0014604";"2026-08-31";"MI-009";"8"
"SAL-0014605";"2026-08-31";"MI-010";"8"
"SAL-0014606";"2026-08-31";"MI-011";"6"
"SAL-0014607";"2026-08-31";"MI-012";"8"
"SAL-0014608";"2026-08-31";"MI-013";"4"
"SAL-0014609";"2026-08-31";"MI-014";"7"
"SAL-0014610";"2026-08-31";"MI-015";"7"
"SAL-0014611";"2026-09-01";"MI-001";"14"
"SAL-0014612";"2026-09-01";"MI-002";"19"
"SAL-0014613";"2026-09-01";"MI-003";"19"
"SAL-0014614";"2026-09-01";"MI-004";"12"
"SAL-0014615";"2026-09-01";"MI-005";"19"
"SAL-0014616";"2026-09-01";"MI-006";"10"
"SAL-0014617";"2026-09-01";"MI-007";"12"
"SAL-0014618";"2026-09-01";"MI-008";"7"
"SAL-0014619";"2026-09-01";"MI-009";"6"
"SAL-0014620";"2026-09-01";"MI-010";"5"
"SAL-0014621";"2026-09-01";"MI-011";"5"
"SAL-0014622";"2026-09-01";"MI-012";"9"
"SAL-0014623";"2026-09-01";"MI-013";"4"
"SAL-0014624";"2026-09-01";"MI-014";"11"
"SAL-0014625";"2026-09-01";"MI-015";"7"
"SAL-0014626";"2026-09-02";"MI-001";"19"
"SAL-0014627";"2026-09-02";"MI-002";"14"
"SAL-0014628";"2026-09-02";"MI-003";"6"
"SAL-0014629";"2026-09-02";"MI-004";"14"
"SAL-0014630";"2026-09-02";"MI-005";"22"
"SAL-0014631";"2026-09-02";"MI-006";"13"
"SAL-0014632";"2026-09-02";"MI-007";"18"
"SAL-0014633";"2026-09-02";"MI-008";"11"
"SAL-0014634";"2026-09-02";"MI-009";"7"
"SAL-0014635";"2026-09-02";"MI-010";"11"
"SAL-0014636";"2026-09-02";"MI-011";"10"
"SAL-0014637";"2026-09-02";"MI-012";"14"
"SAL-0014638";"2026-09-02";"MI-013";"10"
"SAL-0014639";"2026-09-02";"MI-014";"8"
"SAL-0014640";"2026-09-02";"MI-015";"6"
"SAL-0014641";"2026-09-03";"MI-001";"26"
"SAL-0014642";"2026-09-03";"MI-002";"4"
"SAL-0014643";"2026-09-03";"MI-003";"12"
"SAL-0014644";"2026-09-03";"MI-004";"17"
"SAL-0014645";"2026-09-03";"MI-005";"8"
"SAL-0014646";"2026-09-03";"MI-006";"11"
"SAL-0014647";"2026-09-03";"MI-007";"18"
"SAL-0014648";"2026-09-03";"MI-008";"12"
"SAL-0014649";"2026-09-03";"MI-009";"6"
"SAL-0014650";"2026-09-03";"MI-010";"7"
"SAL-0014651";"2026-09-03";"MI-011";"7"
"SAL-0014652";"2026-09-03";"MI-012";"6"
"SAL-0014653";"2026-09-03";"MI-013";"6"
"SAL-0014654";"2026-09-03";"MI-014";"7"
"SAL-0014655";"2026-09-03";"MI-015";"8"
"SAL-0014656";"2026-09-04";"MI-001";"23"
"SAL-0014657";"2026-09-04";"MI-002";"18"
"SAL-0014658";"2026-09-04";"MI-003";"15"
"SAL-0014659";"2026-09-04";"MI-004";"6"
"SAL-0014660";"2026-09-04";"MI-005";"23"
"SAL-0014661";"2026-09-04";"MI-006";"12"
"SAL-0014662";"2026-09-04";"MI-007";"15"
"SAL-0014663";"2026-09-04";"MI-008";"10"
"SAL-0014664";"2026-09-04";"MI-009";"6"
"SAL-0014665";"2026-09-04";"MI-010";"11"
"SAL-0014666";"2026-09-04";"MI-011";"11"
"SAL-0014667";"2026-09-04";"MI-012";"9"
"SAL-0014668";"2026-09-04";"MI-013";"8"
"SAL-0014669";"2026-09-04";"MI-014";"5"
"SAL-0014670";"2026-09-04";"MI-015";"11"
"SAL-0014671";"2026-09-05";"MI-001";"38"
"SAL-0014672";"2026-09-05";"MI-002";"42"
"SAL-0014673";"2026-09-05";"MI-003";"35"
"SAL-0014674";"2026-09-05";"MI-004";"21"
"SAL-0014675";"2026-09-05";"MI-005";"37"
"SAL-0014676";"2026-09-05";"MI-006";"25"
"SAL-0014677";"2026-09-05";"MI-007";"16"
"SAL-0014678";"2026-09-05";"MI-008";"28"
"SAL-0014679";"2026-09-05";"MI-009";"18"
"SAL-0014680";"2026-09-05";"MI-010";"15"
"SAL-0014681";"2026-09-05";"MI-011";"14"
"SAL-0014682";"2026-09-05";"MI-012";"15"
"SAL-0014683";"2026-09-05";"MI-013";"14"
"SAL-0014684";"2026-09-05";"MI-014";"13"
"SAL-0014685";"2026-09-05";"MI-015";"23"
"SAL-0014686";"2026-09-06";"MI-001";"29"
"SAL-0014687";"2026-09-06";"MI-002";"27"
"SAL-0014688";"2026-09-06";"MI-003";"25"
"SAL-0014689";"2026-09-06";"MI-004";"22"
"SAL-0014690";"2026-09-06";"MI-005";"25"
"SAL-0014691";"2026-09-06";"MI-006";"18"
"SAL-0014692";"2026-09-06";"MI-007";"27"
"SAL-0014693";"2026-09-06";"MI-008";"20"
"SAL-0014694";"2026-09-06";"MI-009";"14"
"SAL-0014695";"2026-09-06";"MI-010";"8"
"SAL-0014696";"2026-09-06";"MI-011";"22"
"SAL-0014697";"2026-09-06";"MI-012";"14"
"SAL-0014698";"2026-09-06";"MI-013";"7"
"SAL-0014699";"2026-09-06";"MI-014";"11"
"SAL-0014700";"2026-09-06";"MI-015";"14"
"SAL-0014701";"2026-09-07";"MI-001";"19"
"SAL-0014702";"2026-09-07";"MI-002";"12"
"SAL-0014703";"2026-09-07";"MI-003";"4"
"SAL-0014704";"2026-09-07";"MI-004";"11"
"SAL-0014705";"2026-09-07";"MI-005";"17"
"SAL-0014706";"2026-09-07";"MI-006";"10"
"SAL-0014707";"2026-09-07";"MI-007";"17"
"SAL-0014708";"2026-09-07";"MI-008";"9"
"SAL-0014709";"2026-09-07";"MI-009";"7"
"SAL-0014710";"2026-09-07";"MI-010";"6"
"SAL-0014711";"2026-09-07";"MI-011";"7"
"SAL-0014712";"2026-09-07";"MI-012";"7"
"SAL-0014713";"2026-09-07";"MI-013";"3"
"SAL-0014714";"2026-09-07";"MI-014";"10"
"SAL-0014715";"2026-09-07";"MI-015";"6"
"SAL-0014716";"2026-09-08";"MI-001";"22"
"SAL-0014717";"2026-09-08";"MI-002";"20"
"SAL-0014718";"2026-09-08";"MI-003";"16"
"SAL-0014719";"2026-09-08";"MI-004";"8"
"SAL-0014720";"2026-09-08";"MI-005";"21"
"SAL-0014721";"2026-09-08";"MI-006";"8"
"SAL-0014722";"2026-09-08";"MI-007";"11"
"SAL-0014723";"2026-09-08";"MI-008";"7"
"SAL-0014724";"2026-09-08";"MI-009";"6"
"SAL-0014725";"2026-09-08";"MI-010";"7"
"SAL-0014726";"2026-09-08";"MI-011";"10"
"SAL-0014727";"2026-09-08";"MI-012";"13"
"SAL-0014728";"2026-09-08";"MI-013";"1"
"SAL-0014729";"2026-09-08";"MI-014";"7"
"SAL-0014730";"2026-09-08";"MI-015";"13"
"SAL-0014731";"2026-09-09";"MI-001";"20"
"SAL-0014732";"2026-09-09";"MI-002";"15"
"SAL-0014733";"2026-09-09";"MI-003";"16"
"SAL-0014734";"2026-09-09";"MI-004";"9"
"SAL-0014735";"2026-09-09";"MI-005";"15"
"SAL-0014736";"2026-09-09";"MI-006";"10"
"SAL-0014737";"2026-09-09";"MI-007";"12"
"SAL-0014738";"2026-09-09";"MI-008";"13"
"SAL-0014739";"2026-09-09";"MI-009";"3"
"SAL-0014740";"2026-09-09";"MI-010";"10"
"SAL-0014741";"2026-09-09";"MI-011";"11"
"SAL-0014742";"2026-09-09";"MI-012";"13"
"SAL-0014743";"2026-09-09";"MI-013";"7"
"SAL-0014744";"2026-09-09";"MI-014";"5"
"SAL-0014745";"2026-09-09";"MI-015";"10"
"SAL-0014746";"2026-09-10";"MI-001";"23"
"SAL-0014747";"2026-09-10";"MI-002";"13"
"SAL-0014748";"2026-09-10";"MI-003";"16"
"SAL-0014749";"2026-09-10";"MI-004";"14"
"SAL-0014750";"2026-09-10";"MI-005";"18"
"SAL-0014751";"2026-09-10";"MI-006";"11"
"SAL-0014752";"2026-09-10";"MI-007";"12"
"SAL-0014753";"2026-09-10";"MI-008";"10"
"SAL-0014754";"2026-09-10";"MI-009";"6"
"SAL-0014755";"2026-09-10";"MI-010";"10"
"SAL-0014756";"2026-09-10";"MI-011";"7"
"SAL-0014757";"2026-09-10";"MI-012";"12"
"SAL-0014758";"2026-09-10";"MI-013";"3"
"SAL-0014759";"2026-09-10";"MI-014";"8"
"SAL-0014760";"2026-09-10";"MI-015";"5"
"SAL-0014761";"2026-09-11";"MI-001";"26"
"SAL-0014762";"2026-09-11";"MI-002";"21"
"SAL-0014763";"2026-09-11";"MI-003";"21"
"SAL-0014764";"2026-09-11";"MI-004";"9"
"SAL-0014765";"2026-09-11";"MI-005";"25"
"SAL-0014766";"2026-09-11";"MI-006";"9"
"SAL-0014767";"2026-09-11";"MI-007";"18"
"SAL-0014768";"2026-09-11";"MI-008";"10"
"SAL-0014769";"2026-09-11";"MI-009";"7"
"SAL-0014770";"2026-09-11";"MI-010";"6"
"SAL-0014771";"2026-09-11";"MI-011";"18"
"SAL-0014772";"2026-09-11";"MI-012";"7"
"SAL-0014773";"2026-09-11";"MI-013";"14"
"SAL-0014774";"2026-09-11";"MI-014";"13"
"SAL-0014775";"2026-09-11";"MI-015";"12"
"SAL-0014776";"2026-09-12";"MI-001";"37"
"SAL-0014777";"2026-09-12";"MI-002";"18"
"SAL-0014778";"2026-09-12";"MI-003";"21"
"SAL-0014779";"2026-09-12";"MI-004";"13"
"SAL-0014780";"2026-09-12";"MI-005";"30"
"SAL-0014781";"2026-09-12";"MI-006";"16"
"SAL-0014782";"2026-09-12";"MI-007";"27"
"SAL-0014783";"2026-09-12";"MI-008";"18"
"SAL-0014784";"2026-09-12";"MI-009";"12"
"SAL-0014785";"2026-09-12";"MI-010";"7"
"SAL-0014786";"2026-09-12";"MI-011";"16"
"SAL-0014787";"2026-09-12";"MI-012";"12"
"SAL-0014788";"2026-09-12";"MI-013";"11"
"SAL-0014789";"2026-09-12";"MI-014";"10"
"SAL-0014790";"2026-09-12";"MI-015";"15"
"SAL-0014791";"2026-09-13";"MI-001";"33"
"SAL-0014792";"2026-09-13";"MI-002";"23"
"SAL-0014793";"2026-09-13";"MI-003";"28"
"SAL-0014794";"2026-09-13";"MI-004";"24"
"SAL-0014795";"2026-09-13";"MI-005";"23"
"SAL-0014796";"2026-09-13";"MI-006";"20"
"SAL-0014797";"2026-09-13";"MI-007";"15"
"SAL-0014798";"2026-09-13";"MI-008";"21"
"SAL-0014799";"2026-09-13";"MI-009";"11"
"SAL-0014800";"2026-09-13";"MI-010";"13"
"SAL-0014801";"2026-09-13";"MI-011";"16"
"SAL-0014802";"2026-09-13";"MI-012";"12"
"SAL-0014803";"2026-09-13";"MI-013";"15"
"SAL-0014804";"2026-09-13";"MI-014";"14"
"SAL-0014805";"2026-09-13";"MI-015";"17"
