"forecast_id";"forecast_generated_date";"forecast_date";"forecast_horizon_days";"service_period";"menu_item_id";"menu_variant_id";"menu_item_name";"portion_size";"category";"baseline_portions";"predicted_portions";"lower_bound_portions";"upper_bound_portions";"forecast_confidence_pct";"confirmed_reservation_covers";"weather_condition";"special_occasion";"event_types";"key_demand_drivers";"predicted_revenue_aud";"model_version";"is_synthetic"
"FC-000001";"2026-08-01";"2026-08-02";"1";"Lunch";"MI-001";"MI-001-SMALL";"Chicken Teriyaki Bowl - Small";"Small";"Signature Nosh Bowls";"6.786";"7.193";"5.754";"8.632";"87.2";"29";"Mild";"None";"None";"Weekend | Mild";"107.18";"misecast-menu-v2.0";"true"
"FC-000002";"2026-08-01";"2026-08-02";"1";"Lunch";"MI-001";"MI-001-LARGE";"Chicken Teriyaki Bowl - Large";"Large";"Signature Nosh Bowls";"6.679";"7.079";"5.663";"8.495";"87.2";"29";"Mild";"None";"None";"Weekend | Mild";"126.71";"misecast-menu-v2.0";"true"
"FC-000003";"2026-08-01";"2026-08-02";"1";"Lunch";"MI-002";"MI-002-SMALL";"Tofu Teriyaki Bowl - Small";"Small";"Signature Nosh Bowls";"6.179";"6.549";"5.239";"7.859";"87.2";"29";"Mild";"None";"None";"Weekend | Mild";"97.58";"misecast-menu-v2.0";"true"
"FC-000004";"2026-08-01";"2026-08-02";"1";"Lunch";"MI-002";"MI-002-LARGE";"Tofu Teriyaki Bowl - Large";"Large";"Signature Nosh Bowls";"6";"6.36";"5.088";"7.632";"87.2";"29";"Mild";"None";"None";"Weekend | Mild";"113.84";"misecast-menu-v2.0";"true"
"FC-000005";"2026-08-01";"2026-08-02";"1";"Lunch";"MI-003";"MI-003-SMALL";"Miso Eggplant Bowl - Small";"Small";"Signature Nosh Bowls";"6.679";"7.079";"5.663";"8.495";"87.2";"29";"Mild";"None";"None";"Weekend | Mild";"112.56";"misecast-menu-v2.0";"true"
"FC-000006";"2026-08-01";"2026-08-02";"1";"Lunch";"MI-003";"MI-003-LARGE";"Miso Eggplant Bowl - Large";"Large";"Signature Nosh Bowls";"6.607";"7.004";"5.603";"8.405";"87.2";"29";"Mild";"None";"None";"Weekend | Mild";"132.38";"misecast-menu-v2.0";"true"
"FC-000007";"2026-08-01";"2026-08-02";"1";"Lunch";"MI-004";"MI-004-SMALL";"Miso Falalalafel - Small";"Small";"Signature Nosh Bowls";"7.714";"8.177";"6.542";"9.812";"87.2";"29";"Mild";"None";"None";"Weekend | Mild";"130.01";"misecast-menu-v2.0";"true"
"FC-000008";"2026-08-01";"2026-08-02";"1";"Lunch";"MI-004";"MI-004-LARGE";"Miso Falalalafel - Large";"Large";"Signature Nosh Bowls";"7.714";"8.177";"6.542";"9.812";"87.2";"29";"Mild";"None";"None";"Weekend | Mild";"154.55";"misecast-menu-v2.0";"true"
"FC-000009";"2026-08-01";"2026-08-02";"1";"Lunch";"MI-005";"MI-005-SMALL";"Sashimi Bowl - Small";"Small";"Signature Nosh Bowls";"6.821";"7.231";"5.785";"8.677";"87.2";"29";"Mild";"None";"None";"Weekend | Mild";"129.43";"misecast-menu-v2.0";"true"
"FC-000010";"2026-08-01";"2026-08-02";"1";"Lunch";"MI-005";"MI-005-LARGE";"Sashimi Bowl - Large";"Large";"Signature Nosh Bowls";"7.036";"7.458";"5.966";"8.95";"87.2";"29";"Mild";"None";"None";"Weekend | Mild";"155.87";"misecast-menu-v2.0";"true"
"FC-000011";"2026-08-01";"2026-08-02";"1";"Lunch";"MI-006";"MI-006-SMALL";"Poke Bowl - Small";"Small";"Signature Nosh Bowls";"6.357";"6.739";"5.391";"8.087";"87.2";"29";"Mild";"None";"None";"Weekend | Mild";"113.89";"misecast-menu-v2.0";"true"
"FC-000012";"2026-08-01";"2026-08-02";"1";"Lunch";"MI-006";"MI-006-LARGE";"Poke Bowl - Large";"Large";"Signature Nosh Bowls";"6.25";"6.625";"5.3";"7.95";"87.2";"29";"Mild";"None";"None";"Weekend | Mild";"131.84";"misecast-menu-v2.0";"true"
"FC-000013";"2026-08-01";"2026-08-02";"1";"Lunch";"MI-007";"MI-007-SMALL";"Wagyu Beef Bowl - Small";"Small";"Signature Nosh Bowls";"6.643";"7.041";"5.633";"8.449";"87.2";"29";"Mild";"None";"None";"Weekend | Mild";"126.03";"misecast-menu-v2.0";"true"
"FC-000014";"2026-08-01";"2026-08-02";"1";"Lunch";"MI-007";"MI-007-LARGE";"Wagyu Beef Bowl - Large";"Large";"Signature Nosh Bowls";"6.571";"6.966";"5.573";"8.359";"87.2";"29";"Mild";"None";"None";"Weekend | Mild";"145.59";"misecast-menu-v2.0";"true"
"FC-000015";"2026-08-01";"2026-08-02";"1";"Lunch";"MI-008";"MI-008-SMALL";"Karaage Chicken Bowl - Small";"Small";"Signature Nosh Bowls";"6.643";"7.041";"5.633";"8.449";"87.2";"29";"Mild";"None";"None";"Weekend | Mild";"118.99";"misecast-menu-v2.0";"true"
"FC-000016";"2026-08-01";"2026-08-02";"1";"Lunch";"MI-008";"MI-008-LARGE";"Karaage Chicken Bowl - Large";"Large";"Signature Nosh Bowls";"6.429";"6.814";"5.451";"8.177";"87.2";"29";"Mild";"None";"None";"Weekend | Mild";"135.6";"misecast-menu-v2.0";"true"
"FC-000017";"2026-08-01";"2026-08-02";"1";"Lunch";"MI-009";"MI-009-SMALL";"Power Meal - Small";"Small";"Signature Nosh Bowls";"8";"8.48";"6.784";"10.176";"87.2";"29";"Mild";"None";"None";"Weekend | Mild";"160.27";"misecast-menu-v2.0";"true"
"FC-000018";"2026-08-01";"2026-08-02";"1";"Lunch";"MI-009";"MI-009-LARGE";"Power Meal - Large";"Large";"Signature Nosh Bowls";"7.821";"8.291";"6.633";"9.949";"87.2";"29";"Mild";"None";"None";"Weekend | Mild";"181.57";"misecast-menu-v2.0";"true"
"FC-000019";"2026-08-01";"2026-08-02";"1";"Lunch";"MI-010";"MI-010-SMALL";"Salmon Yuzu Bowl - Small";"Small";"Signature Nosh Bowls";"7.071";"7.496";"5.997";"8.995";"87.2";"29";"Mild";"None";"None";"Weekend | Mild";"134.18";"misecast-menu-v2.0";"true"
"FC-000020";"2026-08-01";"2026-08-02";"1";"Lunch";"MI-010";"MI-010-LARGE";"Salmon Yuzu Bowl - Large";"Large";"Signature Nosh Bowls";"6.929";"7.344";"5.875";"8.813";"87.2";"29";"Mild";"None";"None";"Weekend | Mild";"153.49";"misecast-menu-v2.0";"true"
"FC-000021";"2026-08-01";"2026-08-02";"1";"Lunch";"MI-011";"MI-011-STANDARD";"Karaage Bento";"Standard";"Protein Bento";"15.786";"16.733";"13.386";"20.08";"87.2";"29";"Mild";"None";"None";"Weekend | Mild";"232.59";"misecast-menu-v2.0";"true"
"FC-000022";"2026-08-01";"2026-08-02";"1";"Lunch";"MI-012";"MI-012-STANDARD";"Salmon Aburi Bento";"Standard";"Protein Bento";"15.929";"16.884";"13.507";"20.261";"87.2";"29";"Mild";"None";"None";"Weekend | Mild";"251.57";"misecast-menu-v2.0";"true"
"FC-000023";"2026-08-01";"2026-08-02";"1";"Lunch";"MI-013";"MI-013-STANDARD";"Tofu Bento";"Standard";"Protein Bento";"15.964";"16.922";"13.538";"20.306";"87.2";"29";"Mild";"None";"None";"Weekend | Mild";"218.29";"misecast-menu-v2.0";"true"
"FC-000024";"2026-08-01";"2026-08-02";"1";"Lunch";"MI-014";"MI-014-SMALL";"Create Your Own - Sous-vide Chicken - Small";"Small";"Create Your Own Bowl";"6.036";"6.398";"5.118";"7.678";"87.2";"29";"Mild";"None";"None";"Weekend | Mild";"101.73";"misecast-menu-v2.0";"true"
"FC-000025";"2026-08-01";"2026-08-02";"1";"Lunch";"MI-014";"MI-014-LARGE";"Create Your Own - Sous-vide Chicken - Large";"Large";"Create Your Own Bowl";"6.214";"6.587";"5.27";"7.904";"87.2";"29";"Mild";"None";"None";"Weekend | Mild";"124.49";"misecast-menu-v2.0";"true"
"FC-000026";"2026-08-01";"2026-08-02";"1";"Lunch";"MI-015";"MI-015-SMALL";"Create Your Own - Seared Chicken - Small";"Small";"Create Your Own Bowl";"6.393";"6.776";"5.421";"8.131";"87.2";"29";"Mild";"None";"None";"Weekend | Mild";"107.74";"misecast-menu-v2.0";"true"
"FC-000027";"2026-08-01";"2026-08-02";"1";"Lunch";"MI-015";"MI-015-LARGE";"Create Your Own - Seared Chicken - Large";"Large";"Create Your Own Bowl";"6.357";"6.739";"5.391";"8.087";"87.2";"29";"Mild";"None";"None";"Weekend | Mild";"127.37";"misecast-menu-v2.0";"true"
"FC-000028";"2026-08-01";"2026-08-02";"1";"Lunch";"MI-016";"MI-016-SMALL";"Create Your Own - Pan-seared Tofu - Small";"Small";"Create Your Own Bowl";"5.893";"6.246";"4.997";"7.495";"87.2";"29";"Mild";"None";"None";"Weekend | Mild";"99.31";"misecast-menu-v2.0";"true"
"FC-000029";"2026-08-01";"2026-08-02";"1";"Lunch";"MI-016";"MI-016-LARGE";"Create Your Own - Pan-seared Tofu - Large";"Large";"Create Your Own Bowl";"5.964";"6.322";"5.058";"7.586";"87.2";"29";"Mild";"None";"None";"Weekend | Mild";"119.49";"misecast-menu-v2.0";"true"
"FC-000030";"2026-08-01";"2026-08-02";"1";"Lunch";"MI-017";"MI-017-SMALL";"Create Your Own - Crispy Eggplant - Small";"Small";"Create Your Own Bowl";"6.571";"6.966";"5.573";"8.359";"87.2";"29";"Mild";"None";"None";"Weekend | Mild";"117.73";"misecast-menu-v2.0";"true"
"FC-000031";"2026-08-01";"2026-08-02";"1";"Lunch";"MI-017";"MI-017-LARGE";"Create Your Own - Crispy Eggplant - Large";"Large";"Create Your Own Bowl";"6.571";"6.966";"5.573";"8.359";"87.2";"29";"Mild";"None";"None";"Weekend | Mild";"138.62";"misecast-menu-v2.0";"true"
"FC-000032";"2026-08-01";"2026-08-02";"1";"Lunch";"MI-018";"MI-018-SMALL";"Create Your Own - Miso Beet Falafel - Small";"Small";"Create Your Own Bowl";"7.107";"7.534";"6.027";"9.041";"87.2";"29";"Mild";"None";"None";"Weekend | Mild";"127.32";"misecast-menu-v2.0";"true"
"FC-000033";"2026-08-01";"2026-08-02";"1";"Lunch";"MI-018";"MI-018-LARGE";"Create Your Own - Miso Beet Falafel - Large";"Large";"Create Your Own Bowl";"7.107";"7.534";"6.027";"9.041";"87.2";"29";"Mild";"None";"None";"Weekend | Mild";"149.93";"misecast-menu-v2.0";"true"
"FC-000034";"2026-08-01";"2026-08-02";"1";"Lunch";"MI-019";"MI-019-SMALL";"Create Your Own - Tiger Prawns - Small";"Small";"Create Your Own Bowl";"5.893";"6.246";"4.997";"7.495";"87.2";"29";"Mild";"None";"None";"Weekend | Mild";"105.56";"misecast-menu-v2.0";"true"
"FC-000035";"2026-08-01";"2026-08-02";"1";"Lunch";"MI-019";"MI-019-LARGE";"Create Your Own - Tiger Prawns - Large";"Large";"Create Your Own Bowl";"5.821";"6.171";"4.937";"7.405";"87.2";"29";"Mild";"None";"None";"Weekend | Mild";"122.8";"misecast-menu-v2.0";"true"
"FC-000036";"2026-08-01";"2026-08-02";"1";"Lunch";"MI-020";"MI-020-SMALL";"Create Your Own - Karaage Chicken - Small";"Small";"Create Your Own Bowl";"6.75";"7.155";"5.724";"8.586";"87.2";"29";"Mild";"None";"None";"Weekend | Mild";"128.07";"misecast-menu-v2.0";"true"
"FC-000037";"2026-08-01";"2026-08-02";"1";"Lunch";"MI-020";"MI-020-LARGE";"Create Your Own - Karaage Chicken - Large";"Large";"Create Your Own Bowl";"6.464";"6.852";"5.482";"8.222";"87.2";"29";"Mild";"None";"None";"Weekend | Mild";"143.21";"misecast-menu-v2.0";"true"
"FC-000038";"2026-08-01";"2026-08-02";"1";"Lunch";"MI-021";"MI-021-SMALL";"Create Your Own - Sashimi Salmon - Small";"Small";"Create Your Own Bowl";"5.964";"6.322";"5.058";"7.586";"87.2";"29";"Mild";"None";"None";"Weekend | Mild";"113.16";"misecast-menu-v2.0";"true"
"FC-000039";"2026-08-01";"2026-08-02";"1";"Lunch";"MI-021";"MI-021-LARGE";"Create Your Own - Sashimi Salmon - Large";"Large";"Create Your Own Bowl";"5.75";"6.095";"4.876";"7.314";"87.2";"29";"Mild";"None";"None";"Weekend | Mild";"127.39";"misecast-menu-v2.0";"true"
"FC-000040";"2026-08-01";"2026-08-02";"1";"Lunch";"MI-022";"MI-022-SMALL";"Create Your Own - Sashimi Tuna - Small";"Small";"Create Your Own Bowl";"6.179";"6.549";"5.239";"7.859";"87.2";"29";"Mild";"None";"None";"Weekend | Mild";"117.23";"misecast-menu-v2.0";"true"
"FC-000041";"2026-08-01";"2026-08-02";"1";"Lunch";"MI-022";"MI-022-LARGE";"Create Your Own - Sashimi Tuna - Large";"Large";"Create Your Own Bowl";"6.036";"6.398";"5.118";"7.678";"87.2";"29";"Mild";"None";"None";"Weekend | Mild";"133.72";"misecast-menu-v2.0";"true"
"FC-000042";"2026-08-01";"2026-08-02";"1";"Lunch";"MI-023";"MI-023-SMALL";"Create Your Own - Flame-seared Salmon - Small";"Small";"Create Your Own Bowl";"5.929";"6.284";"5.027";"7.541";"87.2";"29";"Mild";"None";"None";"Weekend | Mild";"118.77";"misecast-menu-v2.0";"true"
"FC-000043";"2026-08-01";"2026-08-02";"1";"Lunch";"MI-023";"MI-023-LARGE";"Create Your Own - Flame-seared Salmon - Large";"Large";"Create Your Own Bowl";"5.857";"6.209";"4.967";"7.451";"87.2";"29";"Mild";"None";"None";"Weekend | Mild";"135.98";"misecast-menu-v2.0";"true"
"FC-000044";"2026-08-01";"2026-08-02";"1";"Lunch";"MI-024";"MI-024-SMALL";"Create Your Own - Flame-seared Wagyu - Small";"Small";"Create Your Own Bowl";"5.929";"6.284";"5.027";"7.541";"87.2";"29";"Mild";"None";"None";"Weekend | Mild";"118.77";"misecast-menu-v2.0";"true"
"FC-000045";"2026-08-01";"2026-08-02";"1";"Lunch";"MI-024";"MI-024-LARGE";"Create Your Own - Flame-seared Wagyu - Large";"Large";"Create Your Own Bowl";"5.679";"6.019";"4.815";"7.223";"87.2";"29";"Mild";"None";"None";"Weekend | Mild";"131.82";"misecast-menu-v2.0";"true"
"FC-000046";"2026-08-01";"2026-08-02";"1";"Lunch";"MI-025";"MI-025-SMALL";"Create Your Own - No Protein - Small";"Small";"Create Your Own Bowl";"4.821";"5.111";"4.089";"6.133";"87.2";"29";"Mild";"None";"None";"Weekend | Mild";"65.93";"misecast-menu-v2.0";"true"
"FC-000047";"2026-08-01";"2026-08-02";"1";"Lunch";"MI-025";"MI-025-LARGE";"Create Your Own - No Protein - Large";"Large";"Create Your Own Bowl";"4.643";"4.921";"3.937";"5.905";"87.2";"29";"Mild";"None";"None";"Weekend | Mild";"78.24";"misecast-menu-v2.0";"true"
"FC-000048";"2026-08-01";"2026-08-02";"1";"Lunch";"MI-026";"MI-026-STANDARD";"Miso Soup";"Standard";"Light Bites";"9.714";"10.297";"8.238";"12.356";"87.2";"29";"Mild";"None";"None";"Weekend | Mild";"25.74";"misecast-menu-v2.0";"true"
"FC-000049";"2026-08-01";"2026-08-02";"1";"Lunch";"MI-027";"MI-027-STANDARD";"Raw Balls - Peanut Butter";"Standard";"Light Bites";"1.964";"2.082";"1.666";"2.498";"87.2";"29";"Mild";"None";"None";"Weekend | Mild";"8.74";"misecast-menu-v2.0";"true"
"FC-000050";"2026-08-01";"2026-08-02";"1";"Lunch";"MI-028";"MI-028-STANDARD";"Raw Balls - Choc Brownie";"Standard";"Light Bites";"1.893";"2.006";"1.605";"2.407";"87.2";"29";"Mild";"None";"None";"Weekend | Mild";"8.43";"misecast-menu-v2.0";"true"
"FC-000051";"2026-08-01";"2026-08-02";"1";"Lunch";"MI-029";"MI-029-STANDARD";"Raw Balls - Coconut Cacao";"Standard";"Light Bites";"1.893";"2.006";"1.605";"2.407";"87.2";"29";"Mild";"None";"None";"Weekend | Mild";"8.43";"misecast-menu-v2.0";"true"
"FC-000052";"2026-08-01";"2026-08-02";"1";"Lunch";"MI-030";"MI-030-STANDARD";"Raw Balls - Hazelnut";"Standard";"Light Bites";"1.786";"1.893";"1.514";"2.272";"87.2";"29";"Mild";"None";"None";"Weekend | Mild";"7.95";"misecast-menu-v2.0";"true"
"FC-000053";"2026-08-01";"2026-08-02";"1";"Lunch";"MI-031";"MI-031-STANDARD";"Raw Balls - Apricot Delight";"Standard";"Light Bites";"1.893";"2.006";"1.605";"2.407";"87.2";"29";"Mild";"None";"None";"Weekend | Mild";"8.43";"misecast-menu-v2.0";"true"
"FC-000054";"2026-08-01";"2026-08-02";"1";"Lunch";"MI-032";"MI-032-STANDARD";"myDeal - $5 Crispy Chicken Bites";"Standard";"Promotions";"3.286";"3.483";"2.786";"4.18";"87.2";"29";"Mild";"None";"None";"Weekend | Mild";"17.42";"misecast-menu-v2.0";"true"
"FC-000055";"2026-08-01";"2026-08-02";"1";"Lunch";"MI-033";"MI-033-STANDARD";"Coconut Water";"Standard";"Drinks";"12.179";"12.909";"10.327";"15.491";"87.2";"29";"Mild";"None";"None";"Weekend | Mild";"54.22";"misecast-menu-v2.0";"true"
"FC-000056";"2026-08-01";"2026-08-02";"1";"Lunch";"MI-034";"MI-034-STANDARD";"Cold Pressed Juice - Watermelon Lime";"Standard";"Drinks";"11.214";"11.887";"9.51";"14.264";"87.2";"29";"Mild";"None";"None";"Weekend | Mild";"65.38";"misecast-menu-v2.0";"true"
"FC-000057";"2026-08-01";"2026-08-02";"1";"Lunch";"MI-035";"MI-035-STANDARD";"Cold Pressed Juice - Classic OJ";"Standard";"Drinks";"11.429";"12.114";"9.691";"14.537";"87.2";"29";"Mild";"None";"None";"Weekend | Mild";"66.63";"misecast-menu-v2.0";"true"
"FC-000058";"2026-08-01";"2026-08-02";"1";"Lunch";"MI-036";"MI-036-STANDARD";"Cold Pressed Juice - Pineapple Mint";"Standard";"Drinks";"11.393";"12.076";"9.661";"14.491";"87.2";"29";"Mild";"None";"None";"Weekend | Mild";"66.42";"misecast-menu-v2.0";"true"
"FC-000059";"2026-08-01";"2026-08-02";"1";"Lunch";"MI-037";"MI-037-STANDARD";"Dash Sparkling Water - Lime";"Standard";"Drinks";"12.071";"12.796";"10.237";"15.355";"87.2";"29";"Mild";"None";"None";"Weekend | Mild";"51.18";"misecast-menu-v2.0";"true"
"FC-000060";"2026-08-01";"2026-08-02";"1";"Lunch";"MI-038";"MI-038-STANDARD";"Dash Sparkling Water - Raspberry";"Standard";"Drinks";"12.357";"13.099";"10.479";"15.719";"87.2";"29";"Mild";"None";"None";"Weekend | Mild";"52.4";"misecast-menu-v2.0";"true"
"FC-000061";"2026-08-01";"2026-08-02";"1";"Lunch";"MI-039";"MI-039-STANDARD";"Dash Sparkling Water - Peach";"Standard";"Drinks";"12.179";"12.909";"10.327";"15.491";"87.2";"29";"Mild";"None";"None";"Weekend | Mild";"51.64";"misecast-menu-v2.0";"true"
"FC-000062";"2026-08-01";"2026-08-02";"1";"Lunch";"MI-040";"MI-040-STANDARD";"Kombucha - Ginger Lemon";"Standard";"Drinks";"12.25";"12.985";"10.388";"15.582";"87.2";"29";"Mild";"None";"None";"Weekend | Mild";"71.42";"misecast-menu-v2.0";"true"
"FC-000063";"2026-08-01";"2026-08-02";"1";"Lunch";"MI-041";"MI-041-STANDARD";"Kombucha - Lemon Lime Mint";"Standard";"Drinks";"11.964";"12.682";"10.146";"15.218";"87.2";"29";"Mild";"None";"None";"Weekend | Mild";"69.75";"misecast-menu-v2.0";"true"
"FC-000064";"2026-08-01";"2026-08-02";"1";"Lunch";"MI-042";"MI-042-STANDARD";"Kombucha - Peach";"Standard";"Drinks";"12.5";"13.25";"10.6";"15.9";"87.2";"29";"Mild";"None";"None";"Weekend | Mild";"72.88";"misecast-menu-v2.0";"true"
"FC-000065";"2026-08-01";"2026-08-02";"1";"Lunch";"MI-043";"MI-043-STANDARD";"Kombucha - Raspberry Lemonade";"Standard";"Drinks";"12.071";"12.796";"10.237";"15.355";"87.2";"29";"Mild";"None";"None";"Weekend | Mild";"70.38";"misecast-menu-v2.0";"true"
"FC-000066";"2026-08-01";"2026-08-02";"1";"Lunch";"MI-044";"MI-044-STANDARD";"Sodaly - Passionfruit";"Standard";"Drinks";"12.429";"13.174";"10.539";"15.809";"87.2";"29";"Mild";"None";"None";"Weekend | Mild";"64.55";"misecast-menu-v2.0";"true"
"FC-000067";"2026-08-01";"2026-08-02";"1";"Lunch";"MI-045";"MI-045-STANDARD";"Sodaly - Guava";"Standard";"Drinks";"12.536";"13.288";"10.63";"15.946";"87.2";"29";"Mild";"None";"None";"Weekend | Mild";"65.11";"misecast-menu-v2.0";"true"
"FC-000068";"2026-08-01";"2026-08-02";"1";"Lunch";"MI-046";"MI-046-STANDARD";"Sodaly - Raspberry";"Standard";"Drinks";"12.429";"13.174";"10.539";"15.809";"87.2";"29";"Mild";"None";"None";"Weekend | Mild";"64.55";"misecast-menu-v2.0";"true"
"FC-000069";"2026-08-01";"2026-08-02";"1";"Lunch";"MI-047";"MI-047-STANDARD";"Sparkling Water";"Standard";"Drinks";"18.75";"19.875";"15.9";"23.85";"87.2";"29";"Mild";"None";"None";"Weekend | Mild";"69.56";"misecast-menu-v2.0";"true"
"FC-000070";"2026-08-01";"2026-08-02";"1";"Lunch";"MI-048";"MI-048-STANDARD";"Specialty Soda - Gingerella";"Standard";"Drinks";"12.179";"12.909";"10.327";"15.491";"87.2";"29";"Mild";"None";"None";"Weekend | Mild";"63.25";"misecast-menu-v2.0";"true"
"FC-000071";"2026-08-01";"2026-08-02";"1";"Lunch";"MI-049";"MI-049-STANDARD";"Specialty Soda - Karma Cola";"Standard";"Drinks";"12.393";"13.136";"10.509";"15.763";"87.2";"29";"Mild";"None";"None";"Weekend | Mild";"64.37";"misecast-menu-v2.0";"true"
"FC-000072";"2026-08-01";"2026-08-02";"1";"Lunch";"MI-050";"MI-050-STANDARD";"Specialty Soda - Lemmy";"Standard";"Drinks";"12.107";"12.834";"10.267";"15.401";"87.2";"29";"Mild";"None";"None";"Weekend | Mild";"62.89";"misecast-menu-v2.0";"true"
"FC-000073";"2026-08-01";"2026-08-02";"1";"Lunch";"MI-051";"MI-051-STANDARD";"Still Water";"Standard";"Drinks";"22.286";"23.623";"18.898";"28.348";"87.2";"29";"Mild";"None";"None";"Weekend | Mild";"70.87";"misecast-menu-v2.0";"true"
"FC-000074";"2026-08-01";"2026-08-02";"1";"Lunch";"MI-052";"MI-052-STANDARD";"Yuzu Ginger Cha";"Standard";"Drinks";"11.464";"12.152";"9.722";"14.582";"87.2";"29";"Mild";"None";"None";"Weekend | Mild";"54.68";"misecast-menu-v2.0";"true"
"FC-000075";"2026-08-01";"2026-08-02";"1";"Lunch";"MI-053";"MI-053-STANDARD";"Avocado";"Standard";"Add-ons / Modifiers";"1.464";"1.552";"1.242";"1.862";"87.2";"29";"Mild";"None";"None";"Weekend | Mild";"3.1";"misecast-menu-v2.0";"true"
"FC-000076";"2026-08-01";"2026-08-02";"1";"Lunch";"MI-054";"MI-054-STANDARD";"63 deg egg";"Standard";"Add-ons / Modifiers";"2";"2.12";"1.696";"2.544";"87.2";"29";"Mild";"None";"None";"Weekend | Mild";"5.3";"misecast-menu-v2.0";"true"
"FC-000077";"2026-08-01";"2026-08-02";"1";"Lunch";"MI-055";"MI-055-STANDARD";"Extra Salad";"Standard";"Add-ons / Modifiers";"2.107";"2.234";"1.787";"2.681";"87.2";"29";"Mild";"None";"None";"Weekend | Mild";"4.47";"misecast-menu-v2.0";"true"
"FC-000078";"2026-08-01";"2026-08-02";"1";"Lunch";"MI-056";"MI-056-STANDARD";"Standard topping (kimchi, corn, edamame, nori, etc.)";"Standard";"Add-ons / Modifiers";"1.107";"1.174";"0.939";"1.409";"87.2";"29";"Mild";"None";"None";"Weekend | Mild";"0.59";"misecast-menu-v2.0";"true"
"FC-000079";"2026-08-01";"2026-08-02";"1";"Lunch";"MI-057";"MI-057-STANDARD";"Extra Sauce (any)";"Standard";"Add-ons / Modifiers";"1";"1.06";"0.848";"1.272";"87.2";"29";"Mild";"None";"None";"Weekend | Mild";"1.59";"misecast-menu-v2.0";"true"
"FC-000080";"2026-08-01";"2026-08-02";"1";"Lunch";"MI-058";"MI-058-STANDARD";"Extra Sous-vide / Seared Chicken";"Standard";"Add-ons / Modifiers";"2.964";"3.142";"2.514";"3.77";"87.2";"29";"Mild";"None";"None";"Weekend | Mild";"12.57";"misecast-menu-v2.0";"true"
"FC-000081";"2026-08-01";"2026-08-02";"1";"Lunch";"MI-059";"MI-059-STANDARD";"Extra Pan Seared Tofu";"Standard";"Add-ons / Modifiers";"2.357";"2.499";"1.999";"2.999";"87.2";"29";"Mild";"None";"None";"Weekend | Mild";"10";"misecast-menu-v2.0";"true"
"FC-000082";"2026-08-01";"2026-08-02";"1";"Lunch";"MI-060";"MI-060-STANDARD";"Extra Eggplant";"Standard";"Add-ons / Modifiers";"3.607";"3.824";"3.059";"4.589";"87.2";"29";"Mild";"None";"None";"Weekend | Mild";"15.3";"misecast-menu-v2.0";"true"
"FC-000083";"2026-08-01";"2026-08-02";"1";"Lunch";"MI-061";"MI-061-STANDARD";"Extra Falafels";"Standard";"Add-ons / Modifiers";"4.571";"4.846";"3.877";"5.815";"87.2";"29";"Mild";"None";"None";"Weekend | Mild";"24.23";"misecast-menu-v2.0";"true"
"FC-000084";"2026-08-01";"2026-08-02";"1";"Lunch";"MI-062";"MI-062-STANDARD";"Extra Karaage Chicken";"Standard";"Add-ons / Modifiers";"3.607";"3.824";"3.059";"4.589";"87.2";"29";"Mild";"None";"None";"Weekend | Mild";"19.12";"misecast-menu-v2.0";"true"
"FC-000085";"2026-08-01";"2026-08-02";"1";"Lunch";"MI-063";"MI-063-STANDARD";"Extra Tiger Prawns";"Standard";"Add-ons / Modifiers";"2.5";"2.65";"2.12";"3.18";"87.2";"29";"Mild";"None";"None";"Weekend | Mild";"13.25";"misecast-menu-v2.0";"true"
"FC-000086";"2026-08-01";"2026-08-02";"1";"Lunch";"MI-064";"MI-064-STANDARD";"Extra Aburi / Sashimi Salmon";"Standard";"Add-ons / Modifiers";"2.5";"2.65";"2.12";"3.18";"87.2";"29";"Mild";"None";"None";"Weekend | Mild";"15.9";"misecast-menu-v2.0";"true"
"FC-000087";"2026-08-01";"2026-08-02";"1";"Lunch";"MI-065";"MI-065-STANDARD";"Extra Sashimi Tuna";"Standard";"Add-ons / Modifiers";"2.286";"2.423";"1.938";"2.908";"87.2";"29";"Mild";"None";"None";"Weekend | Mild";"14.54";"misecast-menu-v2.0";"true"
"FC-000088";"2026-08-01";"2026-08-02";"1";"Lunch";"MI-066";"MI-066-STANDARD";"Extra Wagyu";"Standard";"Add-ons / Modifiers";"2.071";"2.196";"1.757";"2.635";"87.2";"29";"Mild";"None";"None";"Weekend | Mild";"13.18";"misecast-menu-v2.0";"true"
"FC-000089";"2026-08-01";"2026-08-02";"1";"Dinner";"MI-001";"MI-001-SMALL";"Chicken Teriyaki Bowl - Small";"Small";"Signature Nosh Bowls";"9.393";"10.52";"8.416";"12.624";"87.2";"55";"Mild";"None";"None";"Weekend | Mild";"156.75";"misecast-menu-v2.0";"true"
"FC-000090";"2026-08-01";"2026-08-02";"1";"Dinner";"MI-001";"MI-001-LARGE";"Chicken Teriyaki Bowl - Large";"Large";"Signature Nosh Bowls";"9.5";"10.64";"8.512";"12.768";"87.2";"55";"Mild";"None";"None";"Weekend | Mild";"190.46";"misecast-menu-v2.0";"true"
"FC-000091";"2026-08-01";"2026-08-02";"1";"Dinner";"MI-002";"MI-002-SMALL";"Tofu Teriyaki Bowl - Small";"Small";"Signature Nosh Bowls";"9.071";"10.16";"8.128";"12.192";"87.2";"55";"Mild";"None";"None";"Weekend | Mild";"151.38";"misecast-menu-v2.0";"true"
"FC-000092";"2026-08-01";"2026-08-02";"1";"Dinner";"MI-002";"MI-002-LARGE";"Tofu Teriyaki Bowl - Large";"Large";"Signature Nosh Bowls";"9.25";"10.36";"8.288";"12.432";"87.2";"55";"Mild";"None";"None";"Weekend | Mild";"185.44";"misecast-menu-v2.0";"true"
"FC-000093";"2026-08-01";"2026-08-02";"1";"Dinner";"MI-003";"MI-003-SMALL";"Miso Eggplant Bowl - Small";"Small";"Signature Nosh Bowls";"9.429";"10.56";"8.448";"12.672";"87.2";"55";"Mild";"None";"None";"Weekend | Mild";"167.9";"misecast-menu-v2.0";"true"
"FC-000094";"2026-08-01";"2026-08-02";"1";"Dinner";"MI-003";"MI-003-LARGE";"Miso Eggplant Bowl - Large";"Large";"Signature Nosh Bowls";"9.5";"10.64";"8.512";"12.768";"87.2";"55";"Mild";"None";"None";"Weekend | Mild";"201.1";"misecast-menu-v2.0";"true"
"FC-000095";"2026-08-01";"2026-08-02";"1";"Dinner";"MI-004";"MI-004-SMALL";"Miso Falalalafel - Small";"Small";"Signature Nosh Bowls";"10.964";"12.28";"9.824";"14.736";"87.2";"55";"Mild";"None";"None";"Weekend | Mild";"195.25";"misecast-menu-v2.0";"true"
"FC-000096";"2026-08-01";"2026-08-02";"1";"Dinner";"MI-004";"MI-004-LARGE";"Miso Falalalafel - Large";"Large";"Signature Nosh Bowls";"10.964";"12.28";"9.824";"14.736";"87.2";"55";"Mild";"None";"None";"Weekend | Mild";"232.09";"misecast-menu-v2.0";"true"
"FC-000097";"2026-08-01";"2026-08-02";"1";"Dinner";"MI-005";"MI-005-SMALL";"Sashimi Bowl - Small";"Small";"Signature Nosh Bowls";"10.357";"11.6";"9.28";"13.92";"87.2";"55";"Mild";"None";"None";"Weekend | Mild";"207.64";"misecast-menu-v2.0";"true"
"FC-000098";"2026-08-01";"2026-08-02";"1";"Dinner";"MI-005";"MI-005-LARGE";"Sashimi Bowl - Large";"Large";"Signature Nosh Bowls";"10.143";"11.36";"9.088";"13.632";"87.2";"55";"Mild";"None";"None";"Weekend | Mild";"237.42";"misecast-menu-v2.0";"true"
"FC-000099";"2026-08-01";"2026-08-02";"1";"Dinner";"MI-006";"MI-006-SMALL";"Poke Bowl - Small";"Small";"Signature Nosh Bowls";"9.143";"10.24";"8.192";"12.288";"87.2";"55";"Mild";"None";"None";"Weekend | Mild";"173.06";"misecast-menu-v2.0";"true"
"FC-000100";"2026-08-01";"2026-08-02";"1";"Dinner";"MI-006";"MI-006-LARGE";"Poke Bowl - Large";"Large";"Signature Nosh Bowls";"9.286";"10.4";"8.32";"12.48";"87.2";"55";"Mild";"None";"None";"Weekend | Mild";"206.96";"misecast-menu-v2.0";"true"
"FC-000101";"2026-08-01";"2026-08-02";"1";"Dinner";"MI-007";"MI-007-SMALL";"Wagyu Beef Bowl - Small";"Small";"Signature Nosh Bowls";"9.643";"10.8";"8.64";"12.96";"87.2";"55";"Mild";"None";"None";"Weekend | Mild";"193.32";"misecast-menu-v2.0";"true"
"FC-000102";"2026-08-01";"2026-08-02";"1";"Dinner";"MI-007";"MI-007-LARGE";"Wagyu Beef Bowl - Large";"Large";"Signature Nosh Bowls";"9.75";"10.92";"8.736";"13.104";"87.2";"55";"Mild";"None";"None";"Weekend | Mild";"228.23";"misecast-menu-v2.0";"true"
"FC-000103";"2026-08-01";"2026-08-02";"1";"Dinner";"MI-008";"MI-008-SMALL";"Karaage Chicken Bowl - Small";"Small";"Signature Nosh Bowls";"9.25";"10.36";"8.288";"12.432";"87.2";"55";"Mild";"None";"None";"Weekend | Mild";"175.08";"misecast-menu-v2.0";"true"
"FC-000104";"2026-08-01";"2026-08-02";"1";"Dinner";"MI-008";"MI-008-LARGE";"Karaage Chicken Bowl - Large";"Large";"Signature Nosh Bowls";"9.5";"10.64";"8.512";"12.768";"87.2";"55";"Mild";"None";"None";"Weekend | Mild";"211.74";"misecast-menu-v2.0";"true"
"FC-000105";"2026-08-01";"2026-08-02";"1";"Dinner";"MI-009";"MI-009-SMALL";"Power Meal - Small";"Small";"Signature Nosh Bowls";"10.321";"11.56";"9.248";"13.872";"87.2";"55";"Mild";"None";"None";"Weekend | Mild";"218.48";"misecast-menu-v2.0";"true"
"FC-000106";"2026-08-01";"2026-08-02";"1";"Dinner";"MI-009";"MI-009-LARGE";"Power Meal - Large";"Large";"Signature Nosh Bowls";"10.536";"11.8";"9.44";"14.16";"87.2";"55";"Mild";"None";"None";"Weekend | Mild";"258.42";"misecast-menu-v2.0";"true"
"FC-000107";"2026-08-01";"2026-08-02";"1";"Dinner";"MI-010";"MI-010-SMALL";"Salmon Yuzu Bowl - Small";"Small";"Signature Nosh Bowls";"9.929";"11.12";"8.896";"13.344";"87.2";"55";"Mild";"None";"None";"Weekend | Mild";"199.05";"misecast-menu-v2.0";"true"
"FC-000108";"2026-08-01";"2026-08-02";"1";"Dinner";"MI-010";"MI-010-LARGE";"Salmon Yuzu Bowl - Large";"Large";"Signature Nosh Bowls";"10.071";"11.28";"9.024";"13.536";"87.2";"55";"Mild";"None";"None";"Weekend | Mild";"235.75";"misecast-menu-v2.0";"true"
"FC-000109";"2026-08-01";"2026-08-02";"1";"Dinner";"MI-011";"MI-011-STANDARD";"Karaage Bento";"Standard";"Protein Bento";"16.75";"18.76";"15.008";"22.512";"87.2";"55";"Mild";"None";"None";"Weekend | Mild";"260.76";"misecast-menu-v2.0";"true"
"FC-000110";"2026-08-01";"2026-08-02";"1";"Dinner";"MI-012";"MI-012-STANDARD";"Salmon Aburi Bento";"Standard";"Protein Bento";"15.857";"17.76";"14.208";"21.312";"87.2";"55";"Mild";"None";"None";"Weekend | Mild";"264.62";"misecast-menu-v2.0";"true"
"FC-000111";"2026-08-01";"2026-08-02";"1";"Dinner";"MI-013";"MI-013-STANDARD";"Tofu Bento";"Standard";"Protein Bento";"15.821";"17.72";"14.176";"21.264";"87.2";"55";"Mild";"None";"None";"Weekend | Mild";"228.59";"misecast-menu-v2.0";"true"
"FC-000112";"2026-08-01";"2026-08-02";"1";"Dinner";"MI-014";"MI-014-SMALL";"Create Your Own - Sous-vide Chicken - Small";"Small";"Create Your Own Bowl";"8.821";"9.88";"7.904";"11.856";"87.2";"55";"Mild";"None";"None";"Weekend | Mild";"157.09";"misecast-menu-v2.0";"true"
"FC-000113";"2026-08-01";"2026-08-02";"1";"Dinner";"MI-014";"MI-014-LARGE";"Create Your Own - Sous-vide Chicken - Large";"Large";"Create Your Own Bowl";"8.643";"9.68";"7.744";"11.616";"87.2";"55";"Mild";"None";"None";"Weekend | Mild";"182.95";"misecast-menu-v2.0";"true"
"FC-000114";"2026-08-01";"2026-08-02";"1";"Dinner";"MI-015";"MI-015-SMALL";"Create Your Own - Seared Chicken - Small";"Small";"Create Your Own Bowl";"8.821";"9.88";"7.904";"11.856";"87.2";"55";"Mild";"None";"None";"Weekend | Mild";"157.09";"misecast-menu-v2.0";"true"
"FC-000115";"2026-08-01";"2026-08-02";"1";"Dinner";"MI-015";"MI-015-LARGE";"Create Your Own - Seared Chicken - Large";"Large";"Create Your Own Bowl";"8.893";"9.96";"7.968";"11.952";"87.2";"55";"Mild";"None";"None";"Weekend | Mild";"188.24";"misecast-menu-v2.0";"true"
"FC-000116";"2026-08-01";"2026-08-02";"1";"Dinner";"MI-016";"MI-016-SMALL";"Create Your Own - Pan-seared Tofu - Small";"Small";"Create Your Own Bowl";"8.464";"9.48";"7.584";"11.376";"87.2";"55";"Mild";"None";"None";"Weekend | Mild";"150.73";"misecast-menu-v2.0";"true"
"FC-000117";"2026-08-01";"2026-08-02";"1";"Dinner";"MI-016";"MI-016-LARGE";"Create Your Own - Pan-seared Tofu - Large";"Large";"Create Your Own Bowl";"8.393";"9.4";"7.52";"11.28";"87.2";"55";"Mild";"None";"None";"Weekend | Mild";"177.66";"misecast-menu-v2.0";"true"
"FC-000118";"2026-08-01";"2026-08-02";"1";"Dinner";"MI-017";"MI-017-SMALL";"Create Your Own - Crispy Eggplant - Small";"Small";"Create Your Own Bowl";"9.643";"10.8";"8.64";"12.96";"87.2";"55";"Mild";"None";"None";"Weekend | Mild";"182.52";"misecast-menu-v2.0";"true"
"FC-000119";"2026-08-01";"2026-08-02";"1";"Dinner";"MI-017";"MI-017-LARGE";"Create Your Own - Crispy Eggplant - Large";"Large";"Create Your Own Bowl";"9.643";"10.8";"8.64";"12.96";"87.2";"55";"Mild";"None";"None";"Weekend | Mild";"214.92";"misecast-menu-v2.0";"true"
"FC-000120";"2026-08-01";"2026-08-02";"1";"Dinner";"MI-018";"MI-018-SMALL";"Create Your Own - Miso Beet Falafel - Small";"Small";"Create Your Own Bowl";"9.607";"10.76";"8.608";"12.912";"87.2";"55";"Mild";"None";"None";"Weekend | Mild";"181.84";"misecast-menu-v2.0";"true"
"FC-000121";"2026-08-01";"2026-08-02";"1";"Dinner";"MI-018";"MI-018-LARGE";"Create Your Own - Miso Beet Falafel - Large";"Large";"Create Your Own Bowl";"9.571";"10.72";"8.576";"12.864";"87.2";"55";"Mild";"None";"None";"Weekend | Mild";"213.33";"misecast-menu-v2.0";"true"
"FC-000122";"2026-08-01";"2026-08-02";"1";"Dinner";"MI-019";"MI-019-SMALL";"Create Your Own - Tiger Prawns - Small";"Small";"Create Your Own Bowl";"8.643";"9.68";"7.744";"11.616";"87.2";"55";"Mild";"None";"None";"Weekend | Mild";"163.59";"misecast-menu-v2.0";"true"
"FC-000123";"2026-08-01";"2026-08-02";"1";"Dinner";"MI-019";"MI-019-LARGE";"Create Your Own - Tiger Prawns - Large";"Large";"Create Your Own Bowl";"8.714";"9.76";"7.808";"11.712";"87.2";"55";"Mild";"None";"None";"Weekend | Mild";"194.22";"misecast-menu-v2.0";"true"
"FC-000124";"2026-08-01";"2026-08-02";"1";"Dinner";"MI-020";"MI-020-SMALL";"Create Your Own - Karaage Chicken - Small";"Small";"Create Your Own Bowl";"9.143";"10.24";"8.192";"12.288";"87.2";"55";"Mild";"None";"None";"Weekend | Mild";"183.3";"misecast-menu-v2.0";"true"
"FC-000125";"2026-08-01";"2026-08-02";"1";"Dinner";"MI-020";"MI-020-LARGE";"Create Your Own - Karaage Chicken - Large";"Large";"Create Your Own Bowl";"9.429";"10.56";"8.448";"12.672";"87.2";"55";"Mild";"None";"None";"Weekend | Mild";"220.7";"misecast-menu-v2.0";"true"
"FC-000126";"2026-08-01";"2026-08-02";"1";"Dinner";"MI-021";"MI-021-SMALL";"Create Your Own - Sashimi Salmon - Small";"Small";"Create Your Own Bowl";"8.143";"9.12";"7.296";"10.944";"87.2";"55";"Mild";"None";"None";"Weekend | Mild";"163.25";"misecast-menu-v2.0";"true"
"FC-000127";"2026-08-01";"2026-08-02";"1";"Dinner";"MI-021";"MI-021-LARGE";"Create Your Own - Sashimi Salmon - Large";"Large";"Create Your Own Bowl";"8.357";"9.36";"7.488";"11.232";"87.2";"55";"Mild";"None";"None";"Weekend | Mild";"195.62";"misecast-menu-v2.0";"true"
"FC-000128";"2026-08-01";"2026-08-02";"1";"Dinner";"MI-022";"MI-022-SMALL";"Create Your Own - Sashimi Tuna - Small";"Small";"Create Your Own Bowl";"8.571";"9.6";"7.68";"11.52";"87.2";"55";"Mild";"None";"None";"Weekend | Mild";"171.84";"misecast-menu-v2.0";"true"
"FC-000129";"2026-08-01";"2026-08-02";"1";"Dinner";"MI-022";"MI-022-LARGE";"Create Your Own - Sashimi Tuna - Large";"Large";"Create Your Own Bowl";"8.714";"9.76";"7.808";"11.712";"87.2";"55";"Mild";"None";"None";"Weekend | Mild";"203.98";"misecast-menu-v2.0";"true"
"FC-000130";"2026-08-01";"2026-08-02";"1";"Dinner";"MI-023";"MI-023-SMALL";"Create Your Own - Flame-seared Salmon - Small";"Small";"Create Your Own Bowl";"8.571";"9.6";"7.68";"11.52";"87.2";"55";"Mild";"None";"None";"Weekend | Mild";"181.44";"misecast-menu-v2.0";"true"
"FC-000131";"2026-08-01";"2026-08-02";"1";"Dinner";"MI-023";"MI-023-LARGE";"Create Your Own - Flame-seared Salmon - Large";"Large";"Create Your Own Bowl";"8.643";"9.68";"7.744";"11.616";"87.2";"55";"Mild";"None";"None";"Weekend | Mild";"211.99";"misecast-menu-v2.0";"true"
"FC-000132";"2026-08-01";"2026-08-02";"1";"Dinner";"MI-024";"MI-024-SMALL";"Create Your Own - Flame-seared Wagyu - Small";"Small";"Create Your Own Bowl";"8.25";"9.24";"7.392";"11.088";"87.2";"55";"Mild";"None";"None";"Weekend | Mild";"174.64";"misecast-menu-v2.0";"true"
"FC-000133";"2026-08-01";"2026-08-02";"1";"Dinner";"MI-024";"MI-024-LARGE";"Create Your Own - Flame-seared Wagyu - Large";"Large";"Create Your Own Bowl";"8.464";"9.48";"7.584";"11.376";"87.2";"55";"Mild";"None";"None";"Weekend | Mild";"207.61";"misecast-menu-v2.0";"true"
"FC-000134";"2026-08-01";"2026-08-02";"1";"Dinner";"MI-025";"MI-025-SMALL";"Create Your Own - No Protein - Small";"Small";"Create Your Own Bowl";"7.464";"8.36";"6.688";"10.032";"87.2";"55";"Mild";"None";"None";"Weekend | Mild";"107.84";"misecast-menu-v2.0";"true"
"FC-000135";"2026-08-01";"2026-08-02";"1";"Dinner";"MI-025";"MI-025-LARGE";"Create Your Own - No Protein - Large";"Large";"Create Your Own Bowl";"7.679";"8.6";"6.88";"10.32";"87.2";"55";"Mild";"None";"None";"Weekend | Mild";"136.74";"misecast-menu-v2.0";"true"
"FC-000136";"2026-08-01";"2026-08-02";"1";"Dinner";"MI-026";"MI-026-STANDARD";"Miso Soup";"Standard";"Light Bites";"10.393";"11.64";"9.312";"13.968";"87.2";"55";"Mild";"None";"None";"Weekend | Mild";"29.1";"misecast-menu-v2.0";"true"
"FC-000137";"2026-08-01";"2026-08-02";"1";"Dinner";"MI-027";"MI-027-STANDARD";"Raw Balls - Peanut Butter";"Standard";"Light Bites";"1.821";"2.04";"1.632";"2.448";"87.2";"55";"Mild";"None";"None";"Weekend | Mild";"8.57";"misecast-menu-v2.0";"true"
"FC-000138";"2026-08-01";"2026-08-02";"1";"Dinner";"MI-028";"MI-028-STANDARD";"Raw Balls - Choc Brownie";"Standard";"Light Bites";"1.786";"2";"1.6";"2.4";"87.2";"55";"Mild";"None";"None";"Weekend | Mild";"8.4";"misecast-menu-v2.0";"true"
"FC-000139";"2026-08-01";"2026-08-02";"1";"Dinner";"MI-029";"MI-029-STANDARD";"Raw Balls - Coconut Cacao";"Standard";"Light Bites";"1.821";"2.04";"1.632";"2.448";"87.2";"55";"Mild";"None";"None";"Weekend | Mild";"8.57";"misecast-menu-v2.0";"true"
"FC-000140";"2026-08-01";"2026-08-02";"1";"Dinner";"MI-030";"MI-030-STANDARD";"Raw Balls - Hazelnut";"Standard";"Light Bites";"1.893";"2.12";"1.696";"2.544";"87.2";"55";"Mild";"None";"None";"Weekend | Mild";"8.9";"misecast-menu-v2.0";"true"
"FC-000141";"2026-08-01";"2026-08-02";"1";"Dinner";"MI-031";"MI-031-STANDARD";"Raw Balls - Apricot Delight";"Standard";"Light Bites";"1.893";"2.12";"1.696";"2.544";"87.2";"55";"Mild";"None";"None";"Weekend | Mild";"8.9";"misecast-menu-v2.0";"true"
"FC-000142";"2026-08-01";"2026-08-02";"1";"Dinner";"MI-032";"MI-032-STANDARD";"myDeal - $5 Crispy Chicken Bites";"Standard";"Promotions";"3.464";"3.88";"3.104";"4.656";"87.2";"55";"Mild";"None";"None";"Weekend | Mild";"19.4";"misecast-menu-v2.0";"true"
"FC-000143";"2026-08-01";"2026-08-02";"1";"Dinner";"MI-033";"MI-033-STANDARD";"Coconut Water";"Standard";"Drinks";"12.214";"13.68";"10.944";"16.416";"87.2";"55";"Mild";"None";"None";"Weekend | Mild";"57.46";"misecast-menu-v2.0";"true"
"FC-000144";"2026-08-01";"2026-08-02";"1";"Dinner";"MI-034";"MI-034-STANDARD";"Cold Pressed Juice - Watermelon Lime";"Standard";"Drinks";"11.429";"12.8";"10.24";"15.36";"87.2";"55";"Mild";"None";"None";"Weekend | Mild";"70.4";"misecast-menu-v2.0";"true"
"FC-000145";"2026-08-01";"2026-08-02";"1";"Dinner";"MI-035";"MI-035-STANDARD";"Cold Pressed Juice - Classic OJ";"Standard";"Drinks";"11.393";"12.76";"10.208";"15.312";"87.2";"55";"Mild";"None";"None";"Weekend | Mild";"70.18";"misecast-menu-v2.0";"true"
"FC-000146";"2026-08-01";"2026-08-02";"1";"Dinner";"MI-036";"MI-036-STANDARD";"Cold Pressed Juice - Pineapple Mint";"Standard";"Drinks";"11.107";"12.44";"9.952";"14.928";"87.2";"55";"Mild";"None";"None";"Weekend | Mild";"68.42";"misecast-menu-v2.0";"true"
"FC-000147";"2026-08-01";"2026-08-02";"1";"Dinner";"MI-037";"MI-037-STANDARD";"Dash Sparkling Water - Lime";"Standard";"Drinks";"12.929";"14.48";"11.584";"17.376";"87.2";"55";"Mild";"None";"None";"Weekend | Mild";"57.92";"misecast-menu-v2.0";"true"
"FC-000148";"2026-08-01";"2026-08-02";"1";"Dinner";"MI-038";"MI-038-STANDARD";"Dash Sparkling Water - Raspberry";"Standard";"Drinks";"12.5";"14";"11.2";"16.8";"87.2";"55";"Mild";"None";"None";"Weekend | Mild";"56";"misecast-menu-v2.0";"true"
"FC-000149";"2026-08-01";"2026-08-02";"1";"Dinner";"MI-039";"MI-039-STANDARD";"Dash Sparkling Water - Peach";"Standard";"Drinks";"12.714";"14.24";"11.392";"17.088";"87.2";"55";"Mild";"None";"None";"Weekend | Mild";"56.96";"misecast-menu-v2.0";"true"
"FC-000150";"2026-08-01";"2026-08-02";"1";"Dinner";"MI-040";"MI-040-STANDARD";"Kombucha - Ginger Lemon";"Standard";"Drinks";"12.536";"14.04";"11.232";"16.848";"87.2";"55";"Mild";"None";"None";"Weekend | Mild";"77.22";"misecast-menu-v2.0";"true"
"FC-000151";"2026-08-01";"2026-08-02";"1";"Dinner";"MI-041";"MI-041-STANDARD";"Kombucha - Lemon Lime Mint";"Standard";"Drinks";"12.643";"14.16";"11.328";"16.992";"87.2";"55";"Mild";"None";"None";"Weekend | Mild";"77.88";"misecast-menu-v2.0";"true"
"FC-000152";"2026-08-01";"2026-08-02";"1";"Dinner";"MI-042";"MI-042-STANDARD";"Kombucha - Peach";"Standard";"Drinks";"12.536";"14.04";"11.232";"16.848";"87.2";"55";"Mild";"None";"None";"Weekend | Mild";"77.22";"misecast-menu-v2.0";"true"
"FC-000153";"2026-08-01";"2026-08-02";"1";"Dinner";"MI-043";"MI-043-STANDARD";"Kombucha - Raspberry Lemonade";"Standard";"Drinks";"12.821";"14.36";"11.488";"17.232";"87.2";"55";"Mild";"None";"None";"Weekend | Mild";"78.98";"misecast-menu-v2.0";"true"
"FC-000154";"2026-08-01";"2026-08-02";"1";"Dinner";"MI-044";"MI-044-STANDARD";"Sodaly - Passionfruit";"Standard";"Drinks";"12.679";"14.2";"11.36";"17.04";"87.2";"55";"Mild";"None";"None";"Weekend | Mild";"69.58";"misecast-menu-v2.0";"true"
"FC-000155";"2026-08-01";"2026-08-02";"1";"Dinner";"MI-045";"MI-045-STANDARD";"Sodaly - Guava";"Standard";"Drinks";"12.393";"13.88";"11.104";"16.656";"87.2";"55";"Mild";"None";"None";"Weekend | Mild";"68.01";"misecast-menu-v2.0";"true"
"FC-000156";"2026-08-01";"2026-08-02";"1";"Dinner";"MI-046";"MI-046-STANDARD";"Sodaly - Raspberry";"Standard";"Drinks";"12.893";"14.44";"11.552";"17.328";"87.2";"55";"Mild";"None";"None";"Weekend | Mild";"70.76";"misecast-menu-v2.0";"true"
"FC-000157";"2026-08-01";"2026-08-02";"1";"Dinner";"MI-047";"MI-047-STANDARD";"Sparkling Water";"Standard";"Drinks";"19.179";"21.48";"17.184";"25.776";"87.2";"55";"Mild";"None";"None";"Weekend | Mild";"75.18";"misecast-menu-v2.0";"true"
"FC-000158";"2026-08-01";"2026-08-02";"1";"Dinner";"MI-048";"MI-048-STANDARD";"Specialty Soda - Gingerella";"Standard";"Drinks";"12.464";"13.96";"11.168";"16.752";"87.2";"55";"Mild";"None";"None";"Weekend | Mild";"68.4";"misecast-menu-v2.0";"true"
"FC-000159";"2026-08-01";"2026-08-02";"1";"Dinner";"MI-049";"MI-049-STANDARD";"Specialty Soda - Karma Cola";"Standard";"Drinks";"12.536";"14.04";"11.232";"16.848";"87.2";"55";"Mild";"None";"None";"Weekend | Mild";"68.8";"misecast-menu-v2.0";"true"
"FC-000160";"2026-08-01";"2026-08-02";"1";"Dinner";"MI-050";"MI-050-STANDARD";"Specialty Soda - Lemmy";"Standard";"Drinks";"12.571";"14.08";"11.264";"16.896";"87.2";"55";"Mild";"None";"None";"Weekend | Mild";"68.99";"misecast-menu-v2.0";"true"
"FC-000161";"2026-08-01";"2026-08-02";"1";"Dinner";"MI-051";"MI-051-STANDARD";"Still Water";"Standard";"Drinks";"22.821";"25.56";"20.448";"30.672";"87.2";"55";"Mild";"None";"None";"Weekend | Mild";"76.68";"misecast-menu-v2.0";"true"
"FC-000162";"2026-08-01";"2026-08-02";"1";"Dinner";"MI-052";"MI-052-STANDARD";"Yuzu Ginger Cha";"Standard";"Drinks";"11.679";"13.08";"10.464";"15.696";"87.2";"55";"Mild";"None";"None";"Weekend | Mild";"58.86";"misecast-menu-v2.0";"true"
"FC-000163";"2026-08-01";"2026-08-02";"1";"Dinner";"MI-053";"MI-053-STANDARD";"Avocado";"Standard";"Add-ons / Modifiers";"1.464";"1.64";"1.312";"1.968";"87.2";"55";"Mild";"None";"None";"Weekend | Mild";"3.28";"misecast-menu-v2.0";"true"
"FC-000164";"2026-08-01";"2026-08-02";"1";"Dinner";"MI-054";"MI-054-STANDARD";"63 deg egg";"Standard";"Add-ons / Modifiers";"2";"2.24";"1.792";"2.688";"87.2";"55";"Mild";"None";"None";"Weekend | Mild";"5.6";"misecast-menu-v2.0";"true"
"FC-000165";"2026-08-01";"2026-08-02";"1";"Dinner";"MI-055";"MI-055-STANDARD";"Extra Salad";"Standard";"Add-ons / Modifiers";"2.214";"2.48";"1.984";"2.976";"87.2";"55";"Mild";"None";"None";"Weekend | Mild";"4.96";"misecast-menu-v2.0";"true"
"FC-000166";"2026-08-01";"2026-08-02";"1";"Dinner";"MI-056";"MI-056-STANDARD";"Standard topping (kimchi, corn, edamame, nori, etc.)";"Standard";"Add-ons / Modifiers";"1.143";"1.28";"1.024";"1.536";"87.2";"55";"Mild";"None";"None";"Weekend | Mild";"0.64";"misecast-menu-v2.0";"true"
"FC-000167";"2026-08-01";"2026-08-02";"1";"Dinner";"MI-057";"MI-057-STANDARD";"Extra Sauce (any)";"Standard";"Add-ons / Modifiers";"1.036";"1.16";"0.928";"1.392";"87.2";"55";"Mild";"None";"None";"Weekend | Mild";"1.74";"misecast-menu-v2.0";"true"
"FC-000168";"2026-08-01";"2026-08-02";"1";"Dinner";"MI-058";"MI-058-STANDARD";"Extra Sous-vide / Seared Chicken";"Standard";"Add-ons / Modifiers";"3.107";"3.48";"2.784";"4.176";"87.2";"55";"Mild";"None";"None";"Weekend | Mild";"13.92";"misecast-menu-v2.0";"true"
"FC-000169";"2026-08-01";"2026-08-02";"1";"Dinner";"MI-059";"MI-059-STANDARD";"Extra Pan Seared Tofu";"Standard";"Add-ons / Modifiers";"2.393";"2.68";"2.144";"3.216";"87.2";"55";"Mild";"None";"None";"Weekend | Mild";"10.72";"misecast-menu-v2.0";"true"
"FC-000170";"2026-08-01";"2026-08-02";"1";"Dinner";"MI-060";"MI-060-STANDARD";"Extra Eggplant";"Standard";"Add-ons / Modifiers";"3.893";"4.36";"3.488";"5.232";"87.2";"55";"Mild";"None";"None";"Weekend | Mild";"17.44";"misecast-menu-v2.0";"true"
"FC-000171";"2026-08-01";"2026-08-02";"1";"Dinner";"MI-061";"MI-061-STANDARD";"Extra Falafels";"Standard";"Add-ons / Modifiers";"4.679";"5.24";"4.192";"6.288";"87.2";"55";"Mild";"None";"None";"Weekend | Mild";"26.2";"misecast-menu-v2.0";"true"
"FC-000172";"2026-08-01";"2026-08-02";"1";"Dinner";"MI-062";"MI-062-STANDARD";"Extra Karaage Chicken";"Standard";"Add-ons / Modifiers";"3.786";"4.24";"3.392";"5.088";"87.2";"55";"Mild";"None";"None";"Weekend | Mild";"21.2";"misecast-menu-v2.0";"true"
"FC-000173";"2026-08-01";"2026-08-02";"1";"Dinner";"MI-063";"MI-063-STANDARD";"Extra Tiger Prawns";"Standard";"Add-ons / Modifiers";"2.357";"2.64";"2.112";"3.168";"87.2";"55";"Mild";"None";"None";"Weekend | Mild";"13.2";"misecast-menu-v2.0";"true"
"FC-000174";"2026-08-01";"2026-08-02";"1";"Dinner";"MI-064";"MI-064-STANDARD";"Extra Aburi / Sashimi Salmon";"Standard";"Add-ons / Modifiers";"2.464";"2.76";"2.208";"3.312";"87.2";"55";"Mild";"None";"None";"Weekend | Mild";"16.56";"misecast-menu-v2.0";"true"
"FC-000175";"2026-08-01";"2026-08-02";"1";"Dinner";"MI-065";"MI-065-STANDARD";"Extra Sashimi Tuna";"Standard";"Add-ons / Modifiers";"2.357";"2.64";"2.112";"3.168";"87.2";"55";"Mild";"None";"None";"Weekend | Mild";"15.84";"misecast-menu-v2.0";"true"
"FC-000176";"2026-08-01";"2026-08-02";"1";"Dinner";"MI-066";"MI-066-STANDARD";"Extra Wagyu";"Standard";"Add-ons / Modifiers";"2.143";"2.4";"1.92";"2.88";"87.2";"55";"Mild";"None";"None";"Weekend | Mild";"14.4";"misecast-menu-v2.0";"true"
"FC-000177";"2026-08-01";"2026-08-03";"2";"Lunch";"MI-001";"MI-001-SMALL";"Chicken Teriyaki Bowl - Small";"Small";"Signature Nosh Bowls";"6.786";"6.786";"5.429";"8.143";"86.4";"20";"Cloudy";"None";"None";"Weekday | Cloudy";"101.11";"misecast-menu-v2.0";"true"
"FC-000178";"2026-08-01";"2026-08-03";"2";"Lunch";"MI-001";"MI-001-LARGE";"Chicken Teriyaki Bowl - Large";"Large";"Signature Nosh Bowls";"6.679";"6.679";"5.343";"8.015";"86.4";"20";"Cloudy";"None";"None";"Weekday | Cloudy";"119.55";"misecast-menu-v2.0";"true"
"FC-000179";"2026-08-01";"2026-08-03";"2";"Lunch";"MI-002";"MI-002-SMALL";"Tofu Teriyaki Bowl - Small";"Small";"Signature Nosh Bowls";"6.179";"6.179";"4.943";"7.415";"86.4";"20";"Cloudy";"None";"None";"Weekday | Cloudy";"92.07";"misecast-menu-v2.0";"true"
"FC-000180";"2026-08-01";"2026-08-03";"2";"Lunch";"MI-002";"MI-002-LARGE";"Tofu Teriyaki Bowl - Large";"Large";"Signature Nosh Bowls";"6";"6";"4.8";"7.2";"86.4";"20";"Cloudy";"None";"None";"Weekday | Cloudy";"107.4";"misecast-menu-v2.0";"true"
"FC-000181";"2026-08-01";"2026-08-03";"2";"Lunch";"MI-003";"MI-003-SMALL";"Miso Eggplant Bowl - Small";"Small";"Signature Nosh Bowls";"6.679";"6.679";"5.343";"8.015";"86.4";"20";"Cloudy";"None";"None";"Weekday | Cloudy";"106.2";"misecast-menu-v2.0";"true"
"FC-000182";"2026-08-01";"2026-08-03";"2";"Lunch";"MI-003";"MI-003-LARGE";"Miso Eggplant Bowl - Large";"Large";"Signature Nosh Bowls";"6.607";"6.607";"5.286";"7.928";"86.4";"20";"Cloudy";"None";"None";"Weekday | Cloudy";"124.87";"misecast-menu-v2.0";"true"
"FC-000183";"2026-08-01";"2026-08-03";"2";"Lunch";"MI-004";"MI-004-SMALL";"Miso Falalalafel - Small";"Small";"Signature Nosh Bowls";"7.714";"7.714";"6.171";"9.257";"86.4";"20";"Cloudy";"None";"None";"Weekday | Cloudy";"122.65";"misecast-menu-v2.0";"true"
"FC-000184";"2026-08-01";"2026-08-03";"2";"Lunch";"MI-004";"MI-004-LARGE";"Miso Falalalafel - Large";"Large";"Signature Nosh Bowls";"7.714";"7.714";"6.171";"9.257";"86.4";"20";"Cloudy";"None";"None";"Weekday | Cloudy";"145.79";"misecast-menu-v2.0";"true"
"FC-000185";"2026-08-01";"2026-08-03";"2";"Lunch";"MI-005";"MI-005-SMALL";"Sashimi Bowl - Small";"Small";"Signature Nosh Bowls";"6.821";"6.821";"5.457";"8.185";"86.4";"20";"Cloudy";"None";"None";"Weekday | Cloudy";"122.1";"misecast-menu-v2.0";"true"
"FC-000186";"2026-08-01";"2026-08-03";"2";"Lunch";"MI-005";"MI-005-LARGE";"Sashimi Bowl - Large";"Large";"Signature Nosh Bowls";"7.036";"7.036";"5.629";"8.443";"86.4";"20";"Cloudy";"None";"None";"Weekday | Cloudy";"147.05";"misecast-menu-v2.0";"true"
"FC-000187";"2026-08-01";"2026-08-03";"2";"Lunch";"MI-006";"MI-006-SMALL";"Poke Bowl - Small";"Small";"Signature Nosh Bowls";"6.357";"6.357";"5.086";"7.628";"86.4";"20";"Cloudy";"None";"None";"Weekday | Cloudy";"107.43";"misecast-menu-v2.0";"true"
"FC-000188";"2026-08-01";"2026-08-03";"2";"Lunch";"MI-006";"MI-006-LARGE";"Poke Bowl - Large";"Large";"Signature Nosh Bowls";"6.25";"6.25";"5";"7.5";"86.4";"20";"Cloudy";"None";"None";"Weekday | Cloudy";"124.37";"misecast-menu-v2.0";"true"
"FC-000189";"2026-08-01";"2026-08-03";"2";"Lunch";"MI-007";"MI-007-SMALL";"Wagyu Beef Bowl - Small";"Small";"Signature Nosh Bowls";"6.643";"6.643";"5.314";"7.972";"86.4";"20";"Cloudy";"None";"None";"Weekday | Cloudy";"118.91";"misecast-menu-v2.0";"true"
"FC-000190";"2026-08-01";"2026-08-03";"2";"Lunch";"MI-007";"MI-007-LARGE";"Wagyu Beef Bowl - Large";"Large";"Signature Nosh Bowls";"6.571";"6.571";"5.257";"7.885";"86.4";"20";"Cloudy";"None";"None";"Weekday | Cloudy";"137.33";"misecast-menu-v2.0";"true"
"FC-000191";"2026-08-01";"2026-08-03";"2";"Lunch";"MI-008";"MI-008-SMALL";"Karaage Chicken Bowl - Small";"Small";"Signature Nosh Bowls";"6.643";"6.643";"5.314";"7.972";"86.4";"20";"Cloudy";"None";"None";"Weekday | Cloudy";"112.27";"misecast-menu-v2.0";"true"
"FC-000192";"2026-08-01";"2026-08-03";"2";"Lunch";"MI-008";"MI-008-LARGE";"Karaage Chicken Bowl - Large";"Large";"Signature Nosh Bowls";"6.429";"6.429";"5.143";"7.715";"86.4";"20";"Cloudy";"None";"None";"Weekday | Cloudy";"127.94";"misecast-menu-v2.0";"true"
"FC-000193";"2026-08-01";"2026-08-03";"2";"Lunch";"MI-009";"MI-009-SMALL";"Power Meal - Small";"Small";"Signature Nosh Bowls";"8";"8";"6.4";"9.6";"86.4";"20";"Cloudy";"None";"None";"Weekday | Cloudy";"151.2";"misecast-menu-v2.0";"true"
"FC-000194";"2026-08-01";"2026-08-03";"2";"Lunch";"MI-009";"MI-009-LARGE";"Power Meal - Large";"Large";"Signature Nosh Bowls";"7.821";"7.821";"6.257";"9.385";"86.4";"20";"Cloudy";"None";"None";"Weekday | Cloudy";"171.28";"misecast-menu-v2.0";"true"
"FC-000195";"2026-08-01";"2026-08-03";"2";"Lunch";"MI-010";"MI-010-SMALL";"Salmon Yuzu Bowl - Small";"Small";"Signature Nosh Bowls";"7.071";"7.071";"5.657";"8.485";"86.4";"20";"Cloudy";"None";"None";"Weekday | Cloudy";"126.57";"misecast-menu-v2.0";"true"
"FC-000196";"2026-08-01";"2026-08-03";"2";"Lunch";"MI-010";"MI-010-LARGE";"Salmon Yuzu Bowl - Large";"Large";"Signature Nosh Bowls";"6.929";"6.929";"5.543";"8.315";"86.4";"20";"Cloudy";"None";"None";"Weekday | Cloudy";"144.82";"misecast-menu-v2.0";"true"
"FC-000197";"2026-08-01";"2026-08-03";"2";"Lunch";"MI-011";"MI-011-STANDARD";"Karaage Bento";"Standard";"Protein Bento";"15.786";"15.786";"12.629";"18.943";"86.4";"20";"Cloudy";"None";"None";"Weekday | Cloudy";"219.43";"misecast-menu-v2.0";"true"
"FC-000198";"2026-08-01";"2026-08-03";"2";"Lunch";"MI-012";"MI-012-STANDARD";"Salmon Aburi Bento";"Standard";"Protein Bento";"15.929";"15.929";"12.743";"19.115";"86.4";"20";"Cloudy";"None";"None";"Weekday | Cloudy";"237.34";"misecast-menu-v2.0";"true"
"FC-000199";"2026-08-01";"2026-08-03";"2";"Lunch";"MI-013";"MI-013-STANDARD";"Tofu Bento";"Standard";"Protein Bento";"15.964";"15.964";"12.771";"19.157";"86.4";"20";"Cloudy";"None";"None";"Weekday | Cloudy";"205.94";"misecast-menu-v2.0";"true"
"FC-000200";"2026-08-01";"2026-08-03";"2";"Lunch";"MI-014";"MI-014-SMALL";"Create Your Own - Sous-vide Chicken - Small";"Small";"Create Your Own Bowl";"6.036";"6.036";"4.829";"7.243";"86.4";"20";"Cloudy";"None";"None";"Weekday | Cloudy";"95.97";"misecast-menu-v2.0";"true"
"FC-000201";"2026-08-01";"2026-08-03";"2";"Lunch";"MI-014";"MI-014-LARGE";"Create Your Own - Sous-vide Chicken - Large";"Large";"Create Your Own Bowl";"6.214";"6.214";"4.971";"7.457";"86.4";"20";"Cloudy";"None";"None";"Weekday | Cloudy";"117.44";"misecast-menu-v2.0";"true"
"FC-000202";"2026-08-01";"2026-08-03";"2";"Lunch";"MI-015";"MI-015-SMALL";"Create Your Own - Seared Chicken - Small";"Small";"Create Your Own Bowl";"6.393";"6.393";"5.114";"7.672";"86.4";"20";"Cloudy";"None";"None";"Weekday | Cloudy";"101.65";"misecast-menu-v2.0";"true"
"FC-000203";"2026-08-01";"2026-08-03";"2";"Lunch";"MI-015";"MI-015-LARGE";"Create Your Own - Seared Chicken - Large";"Large";"Create Your Own Bowl";"6.357";"6.357";"5.086";"7.628";"86.4";"20";"Cloudy";"None";"None";"Weekday | Cloudy";"120.15";"misecast-menu-v2.0";"true"
"FC-000204";"2026-08-01";"2026-08-03";"2";"Lunch";"MI-016";"MI-016-SMALL";"Create Your Own - Pan-seared Tofu - Small";"Small";"Create Your Own Bowl";"5.893";"5.893";"4.714";"7.072";"86.4";"20";"Cloudy";"None";"None";"Weekday | Cloudy";"93.7";"misecast-menu-v2.0";"true"
"FC-000205";"2026-08-01";"2026-08-03";"2";"Lunch";"MI-016";"MI-016-LARGE";"Create Your Own - Pan-seared Tofu - Large";"Large";"Create Your Own Bowl";"5.964";"5.964";"4.771";"7.157";"86.4";"20";"Cloudy";"None";"None";"Weekday | Cloudy";"112.72";"misecast-menu-v2.0";"true"
"FC-000206";"2026-08-01";"2026-08-03";"2";"Lunch";"MI-017";"MI-017-SMALL";"Create Your Own - Crispy Eggplant - Small";"Small";"Create Your Own Bowl";"6.571";"6.571";"5.257";"7.885";"86.4";"20";"Cloudy";"None";"None";"Weekday | Cloudy";"111.05";"misecast-menu-v2.0";"true"
"FC-000207";"2026-08-01";"2026-08-03";"2";"Lunch";"MI-017";"MI-017-LARGE";"Create Your Own - Crispy Eggplant - Large";"Large";"Create Your Own Bowl";"6.571";"6.571";"5.257";"7.885";"86.4";"20";"Cloudy";"None";"None";"Weekday | Cloudy";"130.76";"misecast-menu-v2.0";"true"
"FC-000208";"2026-08-01";"2026-08-03";"2";"Lunch";"MI-018";"MI-018-SMALL";"Create Your Own - Miso Beet Falafel - Small";"Small";"Create Your Own Bowl";"7.107";"7.107";"5.686";"8.528";"86.4";"20";"Cloudy";"None";"None";"Weekday | Cloudy";"120.11";"misecast-menu-v2.0";"true"
"FC-000209";"2026-08-01";"2026-08-03";"2";"Lunch";"MI-018";"MI-018-LARGE";"Create Your Own - Miso Beet Falafel - Large";"Large";"Create Your Own Bowl";"7.107";"7.107";"5.686";"8.528";"86.4";"20";"Cloudy";"None";"None";"Weekday | Cloudy";"141.43";"misecast-menu-v2.0";"true"
"FC-000210";"2026-08-01";"2026-08-03";"2";"Lunch";"MI-019";"MI-019-SMALL";"Create Your Own - Tiger Prawns - Small";"Small";"Create Your Own Bowl";"5.893";"5.893";"4.714";"7.072";"86.4";"20";"Cloudy";"None";"None";"Weekday | Cloudy";"99.59";"misecast-menu-v2.0";"true"
"FC-000211";"2026-08-01";"2026-08-03";"2";"Lunch";"MI-019";"MI-019-LARGE";"Create Your Own - Tiger Prawns - Large";"Large";"Create Your Own Bowl";"5.821";"5.821";"4.657";"6.985";"86.4";"20";"Cloudy";"None";"None";"Weekday | Cloudy";"115.84";"misecast-menu-v2.0";"true"
"FC-000212";"2026-08-01";"2026-08-03";"2";"Lunch";"MI-020";"MI-020-SMALL";"Create Your Own - Karaage Chicken - Small";"Small";"Create Your Own Bowl";"6.75";"6.75";"5.4";"8.1";"86.4";"20";"Cloudy";"None";"None";"Weekday | Cloudy";"120.82";"misecast-menu-v2.0";"true"
"FC-000213";"2026-08-01";"2026-08-03";"2";"Lunch";"MI-020";"MI-020-LARGE";"Create Your Own - Karaage Chicken - Large";"Large";"Create Your Own Bowl";"6.464";"6.464";"5.171";"7.757";"86.4";"20";"Cloudy";"None";"None";"Weekday | Cloudy";"135.1";"misecast-menu-v2.0";"true"
"FC-000214";"2026-08-01";"2026-08-03";"2";"Lunch";"MI-021";"MI-021-SMALL";"Create Your Own - Sashimi Salmon - Small";"Small";"Create Your Own Bowl";"5.964";"5.964";"4.771";"7.157";"86.4";"20";"Cloudy";"None";"None";"Weekday | Cloudy";"106.76";"misecast-menu-v2.0";"true"
"FC-000215";"2026-08-01";"2026-08-03";"2";"Lunch";"MI-021";"MI-021-LARGE";"Create Your Own - Sashimi Salmon - Large";"Large";"Create Your Own Bowl";"5.75";"5.75";"4.6";"6.9";"86.4";"20";"Cloudy";"None";"None";"Weekday | Cloudy";"120.18";"misecast-menu-v2.0";"true"
"FC-000216";"2026-08-01";"2026-08-03";"2";"Lunch";"MI-022";"MI-022-SMALL";"Create Your Own - Sashimi Tuna - Small";"Small";"Create Your Own Bowl";"6.179";"6.179";"4.943";"7.415";"86.4";"20";"Cloudy";"None";"None";"Weekday | Cloudy";"110.6";"misecast-menu-v2.0";"true"
"FC-000217";"2026-08-01";"2026-08-03";"2";"Lunch";"MI-022";"MI-022-LARGE";"Create Your Own - Sashimi Tuna - Large";"Large";"Create Your Own Bowl";"6.036";"6.036";"4.829";"7.243";"86.4";"20";"Cloudy";"None";"None";"Weekday | Cloudy";"126.15";"misecast-menu-v2.0";"true"
"FC-000218";"2026-08-01";"2026-08-03";"2";"Lunch";"MI-023";"MI-023-SMALL";"Create Your Own - Flame-seared Salmon - Small";"Small";"Create Your Own Bowl";"5.929";"5.929";"4.743";"7.115";"86.4";"20";"Cloudy";"None";"None";"Weekday | Cloudy";"112.06";"misecast-menu-v2.0";"true"
"FC-000219";"2026-08-01";"2026-08-03";"2";"Lunch";"MI-023";"MI-023-LARGE";"Create Your Own - Flame-seared Salmon - Large";"Large";"Create Your Own Bowl";"5.857";"5.857";"4.686";"7.028";"86.4";"20";"Cloudy";"None";"None";"Weekday | Cloudy";"128.27";"misecast-menu-v2.0";"true"
"FC-000220";"2026-08-01";"2026-08-03";"2";"Lunch";"MI-024";"MI-024-SMALL";"Create Your Own - Flame-seared Wagyu - Small";"Small";"Create Your Own Bowl";"5.929";"5.929";"4.743";"7.115";"86.4";"20";"Cloudy";"None";"None";"Weekday | Cloudy";"112.06";"misecast-menu-v2.0";"true"
"FC-000221";"2026-08-01";"2026-08-03";"2";"Lunch";"MI-024";"MI-024-LARGE";"Create Your Own - Flame-seared Wagyu - Large";"Large";"Create Your Own Bowl";"5.679";"5.679";"4.543";"6.815";"86.4";"20";"Cloudy";"None";"None";"Weekday | Cloudy";"124.37";"misecast-menu-v2.0";"true"
"FC-000222";"2026-08-01";"2026-08-03";"2";"Lunch";"MI-025";"MI-025-SMALL";"Create Your Own - No Protein - Small";"Small";"Create Your Own Bowl";"4.821";"4.821";"3.857";"5.785";"86.4";"20";"Cloudy";"None";"None";"Weekday | Cloudy";"62.19";"misecast-menu-v2.0";"true"
"FC-000223";"2026-08-01";"2026-08-03";"2";"Lunch";"MI-025";"MI-025-LARGE";"Create Your Own - No Protein - Large";"Large";"Create Your Own Bowl";"4.643";"4.643";"3.714";"5.572";"86.4";"20";"Cloudy";"None";"None";"Weekday | Cloudy";"73.82";"misecast-menu-v2.0";"true"
"FC-000224";"2026-08-01";"2026-08-03";"2";"Lunch";"MI-026";"MI-026-STANDARD";"Miso Soup";"Standard";"Light Bites";"9.714";"9.714";"7.771";"11.657";"86.4";"20";"Cloudy";"None";"None";"Weekday | Cloudy";"24.29";"misecast-menu-v2.0";"true"
"FC-000225";"2026-08-01";"2026-08-03";"2";"Lunch";"MI-027";"MI-027-STANDARD";"Raw Balls - Peanut Butter";"Standard";"Light Bites";"1.964";"1.964";"1.571";"2.357";"86.4";"20";"Cloudy";"None";"None";"Weekday | Cloudy";"8.25";"misecast-menu-v2.0";"true"
"FC-000226";"2026-08-01";"2026-08-03";"2";"Lunch";"MI-028";"MI-028-STANDARD";"Raw Balls - Choc Brownie";"Standard";"Light Bites";"1.893";"1.893";"1.514";"2.272";"86.4";"20";"Cloudy";"None";"None";"Weekday | Cloudy";"7.95";"misecast-menu-v2.0";"true"
"FC-000227";"2026-08-01";"2026-08-03";"2";"Lunch";"MI-029";"MI-029-STANDARD";"Raw Balls - Coconut Cacao";"Standard";"Light Bites";"1.893";"1.893";"1.514";"2.272";"86.4";"20";"Cloudy";"None";"None";"Weekday | Cloudy";"7.95";"misecast-menu-v2.0";"true"
"FC-000228";"2026-08-01";"2026-08-03";"2";"Lunch";"MI-030";"MI-030-STANDARD";"Raw Balls - Hazelnut";"Standard";"Light Bites";"1.786";"1.786";"1.429";"2.143";"86.4";"20";"Cloudy";"None";"None";"Weekday | Cloudy";"7.5";"misecast-menu-v2.0";"true"
"FC-000229";"2026-08-01";"2026-08-03";"2";"Lunch";"MI-031";"MI-031-STANDARD";"Raw Balls - Apricot Delight";"Standard";"Light Bites";"1.893";"1.893";"1.514";"2.272";"86.4";"20";"Cloudy";"None";"None";"Weekday | Cloudy";"7.95";"misecast-menu-v2.0";"true"
"FC-000230";"2026-08-01";"2026-08-03";"2";"Lunch";"MI-032";"MI-032-STANDARD";"myDeal - $5 Crispy Chicken Bites";"Standard";"Promotions";"3.286";"3.286";"2.629";"3.943";"86.4";"20";"Cloudy";"None";"None";"Weekday | Cloudy";"16.43";"misecast-menu-v2.0";"true"
"FC-000231";"2026-08-01";"2026-08-03";"2";"Lunch";"MI-033";"MI-033-STANDARD";"Coconut Water";"Standard";"Drinks";"12.179";"12.179";"9.743";"14.615";"86.4";"20";"Cloudy";"None";"None";"Weekday | Cloudy";"51.15";"misecast-menu-v2.0";"true"
"FC-000232";"2026-08-01";"2026-08-03";"2";"Lunch";"MI-034";"MI-034-STANDARD";"Cold Pressed Juice - Watermelon Lime";"Standard";"Drinks";"11.214";"11.214";"8.971";"13.457";"86.4";"20";"Cloudy";"None";"None";"Weekday | Cloudy";"61.68";"misecast-menu-v2.0";"true"
"FC-000233";"2026-08-01";"2026-08-03";"2";"Lunch";"MI-035";"MI-035-STANDARD";"Cold Pressed Juice - Classic OJ";"Standard";"Drinks";"11.429";"11.429";"9.143";"13.715";"86.4";"20";"Cloudy";"None";"None";"Weekday | Cloudy";"62.86";"misecast-menu-v2.0";"true"
"FC-000234";"2026-08-01";"2026-08-03";"2";"Lunch";"MI-036";"MI-036-STANDARD";"Cold Pressed Juice - Pineapple Mint";"Standard";"Drinks";"11.393";"11.393";"9.114";"13.672";"86.4";"20";"Cloudy";"None";"None";"Weekday | Cloudy";"62.66";"misecast-menu-v2.0";"true"
"FC-000235";"2026-08-01";"2026-08-03";"2";"Lunch";"MI-037";"MI-037-STANDARD";"Dash Sparkling Water - Lime";"Standard";"Drinks";"12.071";"12.071";"9.657";"14.485";"86.4";"20";"Cloudy";"None";"None";"Weekday | Cloudy";"48.28";"misecast-menu-v2.0";"true"
"FC-000236";"2026-08-01";"2026-08-03";"2";"Lunch";"MI-038";"MI-038-STANDARD";"Dash Sparkling Water - Raspberry";"Standard";"Drinks";"12.357";"12.357";"9.886";"14.828";"86.4";"20";"Cloudy";"None";"None";"Weekday | Cloudy";"49.43";"misecast-menu-v2.0";"true"
"FC-000237";"2026-08-01";"2026-08-03";"2";"Lunch";"MI-039";"MI-039-STANDARD";"Dash Sparkling Water - Peach";"Standard";"Drinks";"12.179";"12.179";"9.743";"14.615";"86.4";"20";"Cloudy";"None";"None";"Weekday | Cloudy";"48.72";"misecast-menu-v2.0";"true"
"FC-000238";"2026-08-01";"2026-08-03";"2";"Lunch";"MI-040";"MI-040-STANDARD";"Kombucha - Ginger Lemon";"Standard";"Drinks";"12.25";"12.25";"9.8";"14.7";"86.4";"20";"Cloudy";"None";"None";"Weekday | Cloudy";"67.38";"misecast-menu-v2.0";"true"
"FC-000239";"2026-08-01";"2026-08-03";"2";"Lunch";"MI-041";"MI-041-STANDARD";"Kombucha - Lemon Lime Mint";"Standard";"Drinks";"11.964";"11.964";"9.571";"14.357";"86.4";"20";"Cloudy";"None";"None";"Weekday | Cloudy";"65.8";"misecast-menu-v2.0";"true"
"FC-000240";"2026-08-01";"2026-08-03";"2";"Lunch";"MI-042";"MI-042-STANDARD";"Kombucha - Peach";"Standard";"Drinks";"12.5";"12.5";"10";"15";"86.4";"20";"Cloudy";"None";"None";"Weekday | Cloudy";"68.75";"misecast-menu-v2.0";"true"
"FC-000241";"2026-08-01";"2026-08-03";"2";"Lunch";"MI-043";"MI-043-STANDARD";"Kombucha - Raspberry Lemonade";"Standard";"Drinks";"12.071";"12.071";"9.657";"14.485";"86.4";"20";"Cloudy";"None";"None";"Weekday | Cloudy";"66.39";"misecast-menu-v2.0";"true"
"FC-000242";"2026-08-01";"2026-08-03";"2";"Lunch";"MI-044";"MI-044-STANDARD";"Sodaly - Passionfruit";"Standard";"Drinks";"12.429";"12.429";"9.943";"14.915";"86.4";"20";"Cloudy";"None";"None";"Weekday | Cloudy";"60.9";"misecast-menu-v2.0";"true"
"FC-000243";"2026-08-01";"2026-08-03";"2";"Lunch";"MI-045";"MI-045-STANDARD";"Sodaly - Guava";"Standard";"Drinks";"12.536";"12.536";"10.029";"15.043";"86.4";"20";"Cloudy";"None";"None";"Weekday | Cloudy";"61.43";"misecast-menu-v2.0";"true"
"FC-000244";"2026-08-01";"2026-08-03";"2";"Lunch";"MI-046";"MI-046-STANDARD";"Sodaly - Raspberry";"Standard";"Drinks";"12.429";"12.429";"9.943";"14.915";"86.4";"20";"Cloudy";"None";"None";"Weekday | Cloudy";"60.9";"misecast-menu-v2.0";"true"
"FC-000245";"2026-08-01";"2026-08-03";"2";"Lunch";"MI-047";"MI-047-STANDARD";"Sparkling Water";"Standard";"Drinks";"18.75";"18.75";"15";"22.5";"86.4";"20";"Cloudy";"None";"None";"Weekday | Cloudy";"65.63";"misecast-menu-v2.0";"true"
"FC-000246";"2026-08-01";"2026-08-03";"2";"Lunch";"MI-048";"MI-048-STANDARD";"Specialty Soda - Gingerella";"Standard";"Drinks";"12.179";"12.179";"9.743";"14.615";"86.4";"20";"Cloudy";"None";"None";"Weekday | Cloudy";"59.68";"misecast-menu-v2.0";"true"
"FC-000247";"2026-08-01";"2026-08-03";"2";"Lunch";"MI-049";"MI-049-STANDARD";"Specialty Soda - Karma Cola";"Standard";"Drinks";"12.393";"12.393";"9.914";"14.872";"86.4";"20";"Cloudy";"None";"None";"Weekday | Cloudy";"60.73";"misecast-menu-v2.0";"true"
"FC-000248";"2026-08-01";"2026-08-03";"2";"Lunch";"MI-050";"MI-050-STANDARD";"Specialty Soda - Lemmy";"Standard";"Drinks";"12.107";"12.107";"9.686";"14.528";"86.4";"20";"Cloudy";"None";"None";"Weekday | Cloudy";"59.32";"misecast-menu-v2.0";"true"
"FC-000249";"2026-08-01";"2026-08-03";"2";"Lunch";"MI-051";"MI-051-STANDARD";"Still Water";"Standard";"Drinks";"22.286";"22.286";"17.829";"26.743";"86.4";"20";"Cloudy";"None";"None";"Weekday | Cloudy";"66.86";"misecast-menu-v2.0";"true"
"FC-000250";"2026-08-01";"2026-08-03";"2";"Lunch";"MI-052";"MI-052-STANDARD";"Yuzu Ginger Cha";"Standard";"Drinks";"11.464";"11.464";"9.171";"13.757";"86.4";"20";"Cloudy";"None";"None";"Weekday | Cloudy";"51.59";"misecast-menu-v2.0";"true"
"FC-000251";"2026-08-01";"2026-08-03";"2";"Lunch";"MI-053";"MI-053-STANDARD";"Avocado";"Standard";"Add-ons / Modifiers";"1.464";"1.464";"1.171";"1.757";"86.4";"20";"Cloudy";"None";"None";"Weekday | Cloudy";"2.93";"misecast-menu-v2.0";"true"
"FC-000252";"2026-08-01";"2026-08-03";"2";"Lunch";"MI-054";"MI-054-STANDARD";"63 deg egg";"Standard";"Add-ons / Modifiers";"2";"2";"1.6";"2.4";"86.4";"20";"Cloudy";"None";"None";"Weekday | Cloudy";"5";"misecast-menu-v2.0";"true"
"FC-000253";"2026-08-01";"2026-08-03";"2";"Lunch";"MI-055";"MI-055-STANDARD";"Extra Salad";"Standard";"Add-ons / Modifiers";"2.107";"2.107";"1.686";"2.528";"86.4";"20";"Cloudy";"None";"None";"Weekday | Cloudy";"4.21";"misecast-menu-v2.0";"true"
"FC-000254";"2026-08-01";"2026-08-03";"2";"Lunch";"MI-056";"MI-056-STANDARD";"Standard topping (kimchi, corn, edamame, nori, etc.)";"Standard";"Add-ons / Modifiers";"1.107";"1.107";"0.886";"1.328";"86.4";"20";"Cloudy";"None";"None";"Weekday | Cloudy";"0.55";"misecast-menu-v2.0";"true"
"FC-000255";"2026-08-01";"2026-08-03";"2";"Lunch";"MI-057";"MI-057-STANDARD";"Extra Sauce (any)";"Standard";"Add-ons / Modifiers";"1";"1";"0.8";"1.2";"86.4";"20";"Cloudy";"None";"None";"Weekday | Cloudy";"1.5";"misecast-menu-v2.0";"true"
"FC-000256";"2026-08-01";"2026-08-03";"2";"Lunch";"MI-058";"MI-058-STANDARD";"Extra Sous-vide / Seared Chicken";"Standard";"Add-ons / Modifiers";"2.964";"2.964";"2.371";"3.557";"86.4";"20";"Cloudy";"None";"None";"Weekday | Cloudy";"11.86";"misecast-menu-v2.0";"true"
"FC-000257";"2026-08-01";"2026-08-03";"2";"Lunch";"MI-059";"MI-059-STANDARD";"Extra Pan Seared Tofu";"Standard";"Add-ons / Modifiers";"2.357";"2.357";"1.886";"2.828";"86.4";"20";"Cloudy";"None";"None";"Weekday | Cloudy";"9.43";"misecast-menu-v2.0";"true"
"FC-000258";"2026-08-01";"2026-08-03";"2";"Lunch";"MI-060";"MI-060-STANDARD";"Extra Eggplant";"Standard";"Add-ons / Modifiers";"3.607";"3.607";"2.886";"4.328";"86.4";"20";"Cloudy";"None";"None";"Weekday | Cloudy";"14.43";"misecast-menu-v2.0";"true"
"FC-000259";"2026-08-01";"2026-08-03";"2";"Lunch";"MI-061";"MI-061-STANDARD";"Extra Falafels";"Standard";"Add-ons / Modifiers";"4.571";"4.571";"3.657";"5.485";"86.4";"20";"Cloudy";"None";"None";"Weekday | Cloudy";"22.85";"misecast-menu-v2.0";"true"
"FC-000260";"2026-08-01";"2026-08-03";"2";"Lunch";"MI-062";"MI-062-STANDARD";"Extra Karaage Chicken";"Standard";"Add-ons / Modifiers";"3.607";"3.607";"2.886";"4.328";"86.4";"20";"Cloudy";"None";"None";"Weekday | Cloudy";"18.04";"misecast-menu-v2.0";"true"
"FC-000261";"2026-08-01";"2026-08-03";"2";"Lunch";"MI-063";"MI-063-STANDARD";"Extra Tiger Prawns";"Standard";"Add-ons / Modifiers";"2.5";"2.5";"2";"3";"86.4";"20";"Cloudy";"None";"None";"Weekday | Cloudy";"12.5";"misecast-menu-v2.0";"true"
"FC-000262";"2026-08-01";"2026-08-03";"2";"Lunch";"MI-064";"MI-064-STANDARD";"Extra Aburi / Sashimi Salmon";"Standard";"Add-ons / Modifiers";"2.5";"2.5";"2";"3";"86.4";"20";"Cloudy";"None";"None";"Weekday | Cloudy";"15";"misecast-menu-v2.0";"true"
"FC-000263";"2026-08-01";"2026-08-03";"2";"Lunch";"MI-065";"MI-065-STANDARD";"Extra Sashimi Tuna";"Standard";"Add-ons / Modifiers";"2.286";"2.286";"1.829";"2.743";"86.4";"20";"Cloudy";"None";"None";"Weekday | Cloudy";"13.72";"misecast-menu-v2.0";"true"
"FC-000264";"2026-08-01";"2026-08-03";"2";"Lunch";"MI-066";"MI-066-STANDARD";"Extra Wagyu";"Standard";"Add-ons / Modifiers";"2.071";"2.071";"1.657";"2.485";"86.4";"20";"Cloudy";"None";"None";"Weekday | Cloudy";"12.43";"misecast-menu-v2.0";"true"
"FC-000265";"2026-08-01";"2026-08-03";"2";"Dinner";"MI-001";"MI-001-SMALL";"Chicken Teriyaki Bowl - Small";"Small";"Signature Nosh Bowls";"9.393";"9.393";"7.514";"11.272";"86.4";"35";"Cloudy";"None";"None";"Weekday | Cloudy";"139.96";"misecast-menu-v2.0";"true"
"FC-000266";"2026-08-01";"2026-08-03";"2";"Dinner";"MI-001";"MI-001-LARGE";"Chicken Teriyaki Bowl - Large";"Large";"Signature Nosh Bowls";"9.5";"9.5";"7.6";"11.4";"86.4";"35";"Cloudy";"None";"None";"Weekday | Cloudy";"170.05";"misecast-menu-v2.0";"true"
"FC-000267";"2026-08-01";"2026-08-03";"2";"Dinner";"MI-002";"MI-002-SMALL";"Tofu Teriyaki Bowl - Small";"Small";"Signature Nosh Bowls";"9.071";"9.071";"7.257";"10.885";"86.4";"35";"Cloudy";"None";"None";"Weekday | Cloudy";"135.16";"misecast-menu-v2.0";"true"
"FC-000268";"2026-08-01";"2026-08-03";"2";"Dinner";"MI-002";"MI-002-LARGE";"Tofu Teriyaki Bowl - Large";"Large";"Signature Nosh Bowls";"9.25";"9.25";"7.4";"11.1";"86.4";"35";"Cloudy";"None";"None";"Weekday | Cloudy";"165.58";"misecast-menu-v2.0";"true"
"FC-000269";"2026-08-01";"2026-08-03";"2";"Dinner";"MI-003";"MI-003-SMALL";"Miso Eggplant Bowl - Small";"Small";"Signature Nosh Bowls";"9.429";"9.429";"7.543";"11.315";"86.4";"35";"Cloudy";"None";"None";"Weekday | Cloudy";"149.92";"misecast-menu-v2.0";"true"
"FC-000270";"2026-08-01";"2026-08-03";"2";"Dinner";"MI-003";"MI-003-LARGE";"Miso Eggplant Bowl - Large";"Large";"Signature Nosh Bowls";"9.5";"9.5";"7.6";"11.4";"86.4";"35";"Cloudy";"None";"None";"Weekday | Cloudy";"179.55";"misecast-menu-v2.0";"true"
"FC-000271";"2026-08-01";"2026-08-03";"2";"Dinner";"MI-004";"MI-004-SMALL";"Miso Falalalafel - Small";"Small";"Signature Nosh Bowls";"10.964";"10.964";"8.771";"13.157";"86.4";"35";"Cloudy";"None";"None";"Weekday | Cloudy";"174.33";"misecast-menu-v2.0";"true"
"FC-000272";"2026-08-01";"2026-08-03";"2";"Dinner";"MI-004";"MI-004-LARGE";"Miso Falalalafel - Large";"Large";"Signature Nosh Bowls";"10.964";"10.964";"8.771";"13.157";"86.4";"35";"Cloudy";"None";"None";"Weekday | Cloudy";"207.22";"misecast-menu-v2.0";"true"
"FC-000273";"2026-08-01";"2026-08-03";"2";"Dinner";"MI-005";"MI-005-SMALL";"Sashimi Bowl - Small";"Small";"Signature Nosh Bowls";"10.357";"10.357";"8.286";"12.428";"86.4";"35";"Cloudy";"None";"None";"Weekday | Cloudy";"185.39";"misecast-menu-v2.0";"true"
"FC-000274";"2026-08-01";"2026-08-03";"2";"Dinner";"MI-005";"MI-005-LARGE";"Sashimi Bowl - Large";"Large";"Signature Nosh Bowls";"10.143";"10.143";"8.114";"12.172";"86.4";"35";"Cloudy";"None";"None";"Weekday | Cloudy";"211.99";"misecast-menu-v2.0";"true"
"FC-000275";"2026-08-01";"2026-08-03";"2";"Dinner";"MI-006";"MI-006-SMALL";"Poke Bowl - Small";"Small";"Signature Nosh Bowls";"9.143";"9.143";"7.314";"10.972";"86.4";"35";"Cloudy";"None";"None";"Weekday | Cloudy";"154.52";"misecast-menu-v2.0";"true"
"FC-000276";"2026-08-01";"2026-08-03";"2";"Dinner";"MI-006";"MI-006-LARGE";"Poke Bowl - Large";"Large";"Signature Nosh Bowls";"9.286";"9.286";"7.429";"11.143";"86.4";"35";"Cloudy";"None";"None";"Weekday | Cloudy";"184.79";"misecast-menu-v2.0";"true"
"FC-000277";"2026-08-01";"2026-08-03";"2";"Dinner";"MI-007";"MI-007-SMALL";"Wagyu Beef Bowl - Small";"Small";"Signature Nosh Bowls";"9.643";"9.643";"7.714";"11.572";"86.4";"35";"Cloudy";"None";"None";"Weekday | Cloudy";"172.61";"misecast-menu-v2.0";"true"
"FC-000278";"2026-08-01";"2026-08-03";"2";"Dinner";"MI-007";"MI-007-LARGE";"Wagyu Beef Bowl - Large";"Large";"Signature Nosh Bowls";"9.75";"9.75";"7.8";"11.7";"86.4";"35";"Cloudy";"None";"None";"Weekday | Cloudy";"203.77";"misecast-menu-v2.0";"true"
"FC-000279";"2026-08-01";"2026-08-03";"2";"Dinner";"MI-008";"MI-008-SMALL";"Karaage Chicken Bowl - Small";"Small";"Signature Nosh Bowls";"9.25";"9.25";"7.4";"11.1";"86.4";"35";"Cloudy";"None";"None";"Weekday | Cloudy";"156.32";"misecast-menu-v2.0";"true"
"FC-000280";"2026-08-01";"2026-08-03";"2";"Dinner";"MI-008";"MI-008-LARGE";"Karaage Chicken Bowl - Large";"Large";"Signature Nosh Bowls";"9.5";"9.5";"7.6";"11.4";"86.4";"35";"Cloudy";"None";"None";"Weekday | Cloudy";"189.05";"misecast-menu-v2.0";"true"
"FC-000281";"2026-08-01";"2026-08-03";"2";"Dinner";"MI-009";"MI-009-SMALL";"Power Meal - Small";"Small";"Signature Nosh Bowls";"10.321";"10.321";"8.257";"12.385";"86.4";"35";"Cloudy";"None";"None";"Weekday | Cloudy";"195.07";"misecast-menu-v2.0";"true"
"FC-000282";"2026-08-01";"2026-08-03";"2";"Dinner";"MI-009";"MI-009-LARGE";"Power Meal - Large";"Large";"Signature Nosh Bowls";"10.536";"10.536";"8.429";"12.643";"86.4";"35";"Cloudy";"None";"None";"Weekday | Cloudy";"230.74";"misecast-menu-v2.0";"true"
"FC-000283";"2026-08-01";"2026-08-03";"2";"Dinner";"MI-010";"MI-010-SMALL";"Salmon Yuzu Bowl - Small";"Small";"Signature Nosh Bowls";"9.929";"9.929";"7.943";"11.915";"86.4";"35";"Cloudy";"None";"None";"Weekday | Cloudy";"177.73";"misecast-menu-v2.0";"true"
"FC-000284";"2026-08-01";"2026-08-03";"2";"Dinner";"MI-010";"MI-010-LARGE";"Salmon Yuzu Bowl - Large";"Large";"Signature Nosh Bowls";"10.071";"10.071";"8.057";"12.085";"86.4";"35";"Cloudy";"None";"None";"Weekday | Cloudy";"210.48";"misecast-menu-v2.0";"true"
"FC-000285";"2026-08-01";"2026-08-03";"2";"Dinner";"MI-011";"MI-011-STANDARD";"Karaage Bento";"Standard";"Protein Bento";"16.75";"16.75";"13.4";"20.1";"86.4";"35";"Cloudy";"None";"None";"Weekday | Cloudy";"232.83";"misecast-menu-v2.0";"true"
"FC-000286";"2026-08-01";"2026-08-03";"2";"Dinner";"MI-012";"MI-012-STANDARD";"Salmon Aburi Bento";"Standard";"Protein Bento";"15.857";"15.857";"12.686";"19.028";"86.4";"35";"Cloudy";"None";"None";"Weekday | Cloudy";"236.27";"misecast-menu-v2.0";"true"
"FC-000287";"2026-08-01";"2026-08-03";"2";"Dinner";"MI-013";"MI-013-STANDARD";"Tofu Bento";"Standard";"Protein Bento";"15.821";"15.821";"12.657";"18.985";"86.4";"35";"Cloudy";"None";"None";"Weekday | Cloudy";"204.09";"misecast-menu-v2.0";"true"
"FC-000288";"2026-08-01";"2026-08-03";"2";"Dinner";"MI-014";"MI-014-SMALL";"Create Your Own - Sous-vide Chicken - Small";"Small";"Create Your Own Bowl";"8.821";"8.821";"7.057";"10.585";"86.4";"35";"Cloudy";"None";"None";"Weekday | Cloudy";"140.25";"misecast-menu-v2.0";"true"
"FC-000289";"2026-08-01";"2026-08-03";"2";"Dinner";"MI-014";"MI-014-LARGE";"Create Your Own - Sous-vide Chicken - Large";"Large";"Create Your Own Bowl";"8.643";"8.643";"6.914";"10.372";"86.4";"35";"Cloudy";"None";"None";"Weekday | Cloudy";"163.35";"misecast-menu-v2.0";"true"
"FC-000290";"2026-08-01";"2026-08-03";"2";"Dinner";"MI-015";"MI-015-SMALL";"Create Your Own - Seared Chicken - Small";"Small";"Create Your Own Bowl";"8.821";"8.821";"7.057";"10.585";"86.4";"35";"Cloudy";"None";"None";"Weekday | Cloudy";"140.25";"misecast-menu-v2.0";"true"
"FC-000291";"2026-08-01";"2026-08-03";"2";"Dinner";"MI-015";"MI-015-LARGE";"Create Your Own - Seared Chicken - Large";"Large";"Create Your Own Bowl";"8.893";"8.893";"7.114";"10.672";"86.4";"35";"Cloudy";"None";"None";"Weekday | Cloudy";"168.08";"misecast-menu-v2.0";"true"
"FC-000292";"2026-08-01";"2026-08-03";"2";"Dinner";"MI-016";"MI-016-SMALL";"Create Your Own - Pan-seared Tofu - Small";"Small";"Create Your Own Bowl";"8.464";"8.464";"6.771";"10.157";"86.4";"35";"Cloudy";"None";"None";"Weekday | Cloudy";"134.58";"misecast-menu-v2.0";"true"
"FC-000293";"2026-08-01";"2026-08-03";"2";"Dinner";"MI-016";"MI-016-LARGE";"Create Your Own - Pan-seared Tofu - Large";"Large";"Create Your Own Bowl";"8.393";"8.393";"6.714";"10.072";"86.4";"35";"Cloudy";"None";"None";"Weekday | Cloudy";"158.63";"misecast-menu-v2.0";"true"
"FC-000294";"2026-08-01";"2026-08-03";"2";"Dinner";"MI-017";"MI-017-SMALL";"Create Your Own - Crispy Eggplant - Small";"Small";"Create Your Own Bowl";"9.643";"9.643";"7.714";"11.572";"86.4";"35";"Cloudy";"None";"None";"Weekday | Cloudy";"162.97";"misecast-menu-v2.0";"true"
"FC-000295";"2026-08-01";"2026-08-03";"2";"Dinner";"MI-017";"MI-017-LARGE";"Create Your Own - Crispy Eggplant - Large";"Large";"Create Your Own Bowl";"9.643";"9.643";"7.714";"11.572";"86.4";"35";"Cloudy";"None";"None";"Weekday | Cloudy";"191.9";"misecast-menu-v2.0";"true"
"FC-000296";"2026-08-01";"2026-08-03";"2";"Dinner";"MI-018";"MI-018-SMALL";"Create Your Own - Miso Beet Falafel - Small";"Small";"Create Your Own Bowl";"9.607";"9.607";"7.686";"11.528";"86.4";"35";"Cloudy";"None";"None";"Weekday | Cloudy";"162.36";"misecast-menu-v2.0";"true"
"FC-000297";"2026-08-01";"2026-08-03";"2";"Dinner";"MI-018";"MI-018-LARGE";"Create Your Own - Miso Beet Falafel - Large";"Large";"Create Your Own Bowl";"9.571";"9.571";"7.657";"11.485";"86.4";"35";"Cloudy";"None";"None";"Weekday | Cloudy";"190.46";"misecast-menu-v2.0";"true"
"FC-000298";"2026-08-01";"2026-08-03";"2";"Dinner";"MI-019";"MI-019-SMALL";"Create Your Own - Tiger Prawns - Small";"Small";"Create Your Own Bowl";"8.643";"8.643";"6.914";"10.372";"86.4";"35";"Cloudy";"None";"None";"Weekday | Cloudy";"146.07";"misecast-menu-v2.0";"true"
"FC-000299";"2026-08-01";"2026-08-03";"2";"Dinner";"MI-019";"MI-019-LARGE";"Create Your Own - Tiger Prawns - Large";"Large";"Create Your Own Bowl";"8.714";"8.714";"6.971";"10.457";"86.4";"35";"Cloudy";"None";"None";"Weekday | Cloudy";"173.41";"misecast-menu-v2.0";"true"
"FC-000300";"2026-08-01";"2026-08-03";"2";"Dinner";"MI-020";"MI-020-SMALL";"Create Your Own - Karaage Chicken - Small";"Small";"Create Your Own Bowl";"9.143";"9.143";"7.314";"10.972";"86.4";"35";"Cloudy";"None";"None";"Weekday | Cloudy";"163.66";"misecast-menu-v2.0";"true"
"FC-000301";"2026-08-01";"2026-08-03";"2";"Dinner";"MI-020";"MI-020-LARGE";"Create Your Own - Karaage Chicken - Large";"Large";"Create Your Own Bowl";"9.429";"9.429";"7.543";"11.315";"86.4";"35";"Cloudy";"None";"None";"Weekday | Cloudy";"197.07";"misecast-menu-v2.0";"true"
"FC-000302";"2026-08-01";"2026-08-03";"2";"Dinner";"MI-021";"MI-021-SMALL";"Create Your Own - Sashimi Salmon - Small";"Small";"Create Your Own Bowl";"8.143";"8.143";"6.514";"9.772";"86.4";"35";"Cloudy";"None";"None";"Weekday | Cloudy";"145.76";"misecast-menu-v2.0";"true"
"FC-000303";"2026-08-01";"2026-08-03";"2";"Dinner";"MI-021";"MI-021-LARGE";"Create Your Own - Sashimi Salmon - Large";"Large";"Create Your Own Bowl";"8.357";"8.357";"6.686";"10.028";"86.4";"35";"Cloudy";"None";"None";"Weekday | Cloudy";"174.66";"misecast-menu-v2.0";"true"
"FC-000304";"2026-08-01";"2026-08-03";"2";"Dinner";"MI-022";"MI-022-SMALL";"Create Your Own - Sashimi Tuna - Small";"Small";"Create Your Own Bowl";"8.571";"8.571";"6.857";"10.285";"86.4";"35";"Cloudy";"None";"None";"Weekday | Cloudy";"153.42";"misecast-menu-v2.0";"true"
"FC-000305";"2026-08-01";"2026-08-03";"2";"Dinner";"MI-022";"MI-022-LARGE";"Create Your Own - Sashimi Tuna - Large";"Large";"Create Your Own Bowl";"8.714";"8.714";"6.971";"10.457";"86.4";"35";"Cloudy";"None";"None";"Weekday | Cloudy";"182.12";"misecast-menu-v2.0";"true"
"FC-000306";"2026-08-01";"2026-08-03";"2";"Dinner";"MI-023";"MI-023-SMALL";"Create Your Own - Flame-seared Salmon - Small";"Small";"Create Your Own Bowl";"8.571";"8.571";"6.857";"10.285";"86.4";"35";"Cloudy";"None";"None";"Weekday | Cloudy";"161.99";"misecast-menu-v2.0";"true"
"FC-000307";"2026-08-01";"2026-08-03";"2";"Dinner";"MI-023";"MI-023-LARGE";"Create Your Own - Flame-seared Salmon - Large";"Large";"Create Your Own Bowl";"8.643";"8.643";"6.914";"10.372";"86.4";"35";"Cloudy";"None";"None";"Weekday | Cloudy";"189.28";"misecast-menu-v2.0";"true"
"FC-000308";"2026-08-01";"2026-08-03";"2";"Dinner";"MI-024";"MI-024-SMALL";"Create Your Own - Flame-seared Wagyu - Small";"Small";"Create Your Own Bowl";"8.25";"8.25";"6.6";"9.9";"86.4";"35";"Cloudy";"None";"None";"Weekday | Cloudy";"155.92";"misecast-menu-v2.0";"true"
"FC-000309";"2026-08-01";"2026-08-03";"2";"Dinner";"MI-024";"MI-024-LARGE";"Create Your Own - Flame-seared Wagyu - Large";"Large";"Create Your Own Bowl";"8.464";"8.464";"6.771";"10.157";"86.4";"35";"Cloudy";"None";"None";"Weekday | Cloudy";"185.36";"misecast-menu-v2.0";"true"
"FC-000310";"2026-08-01";"2026-08-03";"2";"Dinner";"MI-025";"MI-025-SMALL";"Create Your Own - No Protein - Small";"Small";"Create Your Own Bowl";"7.464";"7.464";"5.971";"8.957";"86.4";"35";"Cloudy";"None";"None";"Weekday | Cloudy";"96.29";"misecast-menu-v2.0";"true"
"FC-000311";"2026-08-01";"2026-08-03";"2";"Dinner";"MI-025";"MI-025-LARGE";"Create Your Own - No Protein - Large";"Large";"Create Your Own Bowl";"7.679";"7.679";"6.143";"9.215";"86.4";"35";"Cloudy";"None";"None";"Weekday | Cloudy";"122.1";"misecast-menu-v2.0";"true"
"FC-000312";"2026-08-01";"2026-08-03";"2";"Dinner";"MI-026";"MI-026-STANDARD";"Miso Soup";"Standard";"Light Bites";"10.393";"10.393";"8.314";"12.472";"86.4";"35";"Cloudy";"None";"None";"Weekday | Cloudy";"25.98";"misecast-menu-v2.0";"true"
"FC-000313";"2026-08-01";"2026-08-03";"2";"Dinner";"MI-027";"MI-027-STANDARD";"Raw Balls - Peanut Butter";"Standard";"Light Bites";"1.821";"1.821";"1.457";"2.185";"86.4";"35";"Cloudy";"None";"None";"Weekday | Cloudy";"7.65";"misecast-menu-v2.0";"true"
"FC-000314";"2026-08-01";"2026-08-03";"2";"Dinner";"MI-028";"MI-028-STANDARD";"Raw Balls - Choc Brownie";"Standard";"Light Bites";"1.786";"1.786";"1.429";"2.143";"86.4";"35";"Cloudy";"None";"None";"Weekday | Cloudy";"7.5";"misecast-menu-v2.0";"true"
"FC-000315";"2026-08-01";"2026-08-03";"2";"Dinner";"MI-029";"MI-029-STANDARD";"Raw Balls - Coconut Cacao";"Standard";"Light Bites";"1.821";"1.821";"1.457";"2.185";"86.4";"35";"Cloudy";"None";"None";"Weekday | Cloudy";"7.65";"misecast-menu-v2.0";"true"
"FC-000316";"2026-08-01";"2026-08-03";"2";"Dinner";"MI-030";"MI-030-STANDARD";"Raw Balls - Hazelnut";"Standard";"Light Bites";"1.893";"1.893";"1.514";"2.272";"86.4";"35";"Cloudy";"None";"None";"Weekday | Cloudy";"7.95";"misecast-menu-v2.0";"true"
"FC-000317";"2026-08-01";"2026-08-03";"2";"Dinner";"MI-031";"MI-031-STANDARD";"Raw Balls - Apricot Delight";"Standard";"Light Bites";"1.893";"1.893";"1.514";"2.272";"86.4";"35";"Cloudy";"None";"None";"Weekday | Cloudy";"7.95";"misecast-menu-v2.0";"true"
"FC-000318";"2026-08-01";"2026-08-03";"2";"Dinner";"MI-032";"MI-032-STANDARD";"myDeal - $5 Crispy Chicken Bites";"Standard";"Promotions";"3.464";"3.464";"2.771";"4.157";"86.4";"35";"Cloudy";"None";"None";"Weekday | Cloudy";"17.32";"misecast-menu-v2.0";"true"
"FC-000319";"2026-08-01";"2026-08-03";"2";"Dinner";"MI-033";"MI-033-STANDARD";"Coconut Water";"Standard";"Drinks";"12.214";"12.214";"9.771";"14.657";"86.4";"35";"Cloudy";"None";"None";"Weekday | Cloudy";"51.3";"misecast-menu-v2.0";"true"
"FC-000320";"2026-08-01";"2026-08-03";"2";"Dinner";"MI-034";"MI-034-STANDARD";"Cold Pressed Juice - Watermelon Lime";"Standard";"Drinks";"11.429";"11.429";"9.143";"13.715";"86.4";"35";"Cloudy";"None";"None";"Weekday | Cloudy";"62.86";"misecast-menu-v2.0";"true"
"FC-000321";"2026-08-01";"2026-08-03";"2";"Dinner";"MI-035";"MI-035-STANDARD";"Cold Pressed Juice - Classic OJ";"Standard";"Drinks";"11.393";"11.393";"9.114";"13.672";"86.4";"35";"Cloudy";"None";"None";"Weekday | Cloudy";"62.66";"misecast-menu-v2.0";"true"
"FC-000322";"2026-08-01";"2026-08-03";"2";"Dinner";"MI-036";"MI-036-STANDARD";"Cold Pressed Juice - Pineapple Mint";"Standard";"Drinks";"11.107";"11.107";"8.886";"13.328";"86.4";"35";"Cloudy";"None";"None";"Weekday | Cloudy";"61.09";"misecast-menu-v2.0";"true"
"FC-000323";"2026-08-01";"2026-08-03";"2";"Dinner";"MI-037";"MI-037-STANDARD";"Dash Sparkling Water - Lime";"Standard";"Drinks";"12.929";"12.929";"10.343";"15.515";"86.4";"35";"Cloudy";"None";"None";"Weekday | Cloudy";"51.72";"misecast-menu-v2.0";"true"
"FC-000324";"2026-08-01";"2026-08-03";"2";"Dinner";"MI-038";"MI-038-STANDARD";"Dash Sparkling Water - Raspberry";"Standard";"Drinks";"12.5";"12.5";"10";"15";"86.4";"35";"Cloudy";"None";"None";"Weekday | Cloudy";"50";"misecast-menu-v2.0";"true"
"FC-000325";"2026-08-01";"2026-08-03";"2";"Dinner";"MI-039";"MI-039-STANDARD";"Dash Sparkling Water - Peach";"Standard";"Drinks";"12.714";"12.714";"10.171";"15.257";"86.4";"35";"Cloudy";"None";"None";"Weekday | Cloudy";"50.86";"misecast-menu-v2.0";"true"
"FC-000326";"2026-08-01";"2026-08-03";"2";"Dinner";"MI-040";"MI-040-STANDARD";"Kombucha - Ginger Lemon";"Standard";"Drinks";"12.536";"12.536";"10.029";"15.043";"86.4";"35";"Cloudy";"None";"None";"Weekday | Cloudy";"68.95";"misecast-menu-v2.0";"true"
"FC-000327";"2026-08-01";"2026-08-03";"2";"Dinner";"MI-041";"MI-041-STANDARD";"Kombucha - Lemon Lime Mint";"Standard";"Drinks";"12.643";"12.643";"10.114";"15.172";"86.4";"35";"Cloudy";"None";"None";"Weekday | Cloudy";"69.54";"misecast-menu-v2.0";"true"
"FC-000328";"2026-08-01";"2026-08-03";"2";"Dinner";"MI-042";"MI-042-STANDARD";"Kombucha - Peach";"Standard";"Drinks";"12.536";"12.536";"10.029";"15.043";"86.4";"35";"Cloudy";"None";"None";"Weekday | Cloudy";"68.95";"misecast-menu-v2.0";"true"
"FC-000329";"2026-08-01";"2026-08-03";"2";"Dinner";"MI-043";"MI-043-STANDARD";"Kombucha - Raspberry Lemonade";"Standard";"Drinks";"12.821";"12.821";"10.257";"15.385";"86.4";"35";"Cloudy";"None";"None";"Weekday | Cloudy";"70.52";"misecast-menu-v2.0";"true"
"FC-000330";"2026-08-01";"2026-08-03";"2";"Dinner";"MI-044";"MI-044-STANDARD";"Sodaly - Passionfruit";"Standard";"Drinks";"12.679";"12.679";"10.143";"15.215";"86.4";"35";"Cloudy";"None";"None";"Weekday | Cloudy";"62.13";"misecast-menu-v2.0";"true"
"FC-000331";"2026-08-01";"2026-08-03";"2";"Dinner";"MI-045";"MI-045-STANDARD";"Sodaly - Guava";"Standard";"Drinks";"12.393";"12.393";"9.914";"14.872";"86.4";"35";"Cloudy";"None";"None";"Weekday | Cloudy";"60.73";"misecast-menu-v2.0";"true"
"FC-000332";"2026-08-01";"2026-08-03";"2";"Dinner";"MI-046";"MI-046-STANDARD";"Sodaly - Raspberry";"Standard";"Drinks";"12.893";"12.893";"10.314";"15.472";"86.4";"35";"Cloudy";"None";"None";"Weekday | Cloudy";"63.18";"misecast-menu-v2.0";"true"
"FC-000333";"2026-08-01";"2026-08-03";"2";"Dinner";"MI-047";"MI-047-STANDARD";"Sparkling Water";"Standard";"Drinks";"19.179";"19.179";"15.343";"23.015";"86.4";"35";"Cloudy";"None";"None";"Weekday | Cloudy";"67.13";"misecast-menu-v2.0";"true"
"FC-000334";"2026-08-01";"2026-08-03";"2";"Dinner";"MI-048";"MI-048-STANDARD";"Specialty Soda - Gingerella";"Standard";"Drinks";"12.464";"12.464";"9.971";"14.957";"86.4";"35";"Cloudy";"None";"None";"Weekday | Cloudy";"61.07";"misecast-menu-v2.0";"true"
"FC-000335";"2026-08-01";"2026-08-03";"2";"Dinner";"MI-049";"MI-049-STANDARD";"Specialty Soda - Karma Cola";"Standard";"Drinks";"12.536";"12.536";"10.029";"15.043";"86.4";"35";"Cloudy";"None";"None";"Weekday | Cloudy";"61.43";"misecast-menu-v2.0";"true"
"FC-000336";"2026-08-01";"2026-08-03";"2";"Dinner";"MI-050";"MI-050-STANDARD";"Specialty Soda - Lemmy";"Standard";"Drinks";"12.571";"12.571";"10.057";"15.085";"86.4";"35";"Cloudy";"None";"None";"Weekday | Cloudy";"61.6";"misecast-menu-v2.0";"true"
"FC-000337";"2026-08-01";"2026-08-03";"2";"Dinner";"MI-051";"MI-051-STANDARD";"Still Water";"Standard";"Drinks";"22.821";"22.821";"18.257";"27.385";"86.4";"35";"Cloudy";"None";"None";"Weekday | Cloudy";"68.46";"misecast-menu-v2.0";"true"
"FC-000338";"2026-08-01";"2026-08-03";"2";"Dinner";"MI-052";"MI-052-STANDARD";"Yuzu Ginger Cha";"Standard";"Drinks";"11.679";"11.679";"9.343";"14.015";"86.4";"35";"Cloudy";"None";"None";"Weekday | Cloudy";"52.56";"misecast-menu-v2.0";"true"
"FC-000339";"2026-08-01";"2026-08-03";"2";"Dinner";"MI-053";"MI-053-STANDARD";"Avocado";"Standard";"Add-ons / Modifiers";"1.464";"1.464";"1.171";"1.757";"86.4";"35";"Cloudy";"None";"None";"Weekday | Cloudy";"2.93";"misecast-menu-v2.0";"true"
"FC-000340";"2026-08-01";"2026-08-03";"2";"Dinner";"MI-054";"MI-054-STANDARD";"63 deg egg";"Standard";"Add-ons / Modifiers";"2";"2";"1.6";"2.4";"86.4";"35";"Cloudy";"None";"None";"Weekday | Cloudy";"5";"misecast-menu-v2.0";"true"
"FC-000341";"2026-08-01";"2026-08-03";"2";"Dinner";"MI-055";"MI-055-STANDARD";"Extra Salad";"Standard";"Add-ons / Modifiers";"2.214";"2.214";"1.771";"2.657";"86.4";"35";"Cloudy";"None";"None";"Weekday | Cloudy";"4.43";"misecast-menu-v2.0";"true"
"FC-000342";"2026-08-01";"2026-08-03";"2";"Dinner";"MI-056";"MI-056-STANDARD";"Standard topping (kimchi, corn, edamame, nori, etc.)";"Standard";"Add-ons / Modifiers";"1.143";"1.143";"0.914";"1.372";"86.4";"35";"Cloudy";"None";"None";"Weekday | Cloudy";"0.57";"misecast-menu-v2.0";"true"
"FC-000343";"2026-08-01";"2026-08-03";"2";"Dinner";"MI-057";"MI-057-STANDARD";"Extra Sauce (any)";"Standard";"Add-ons / Modifiers";"1.036";"1.036";"0.829";"1.243";"86.4";"35";"Cloudy";"None";"None";"Weekday | Cloudy";"1.55";"misecast-menu-v2.0";"true"
"FC-000344";"2026-08-01";"2026-08-03";"2";"Dinner";"MI-058";"MI-058-STANDARD";"Extra Sous-vide / Seared Chicken";"Standard";"Add-ons / Modifiers";"3.107";"3.107";"2.486";"3.728";"86.4";"35";"Cloudy";"None";"None";"Weekday | Cloudy";"12.43";"misecast-menu-v2.0";"true"
"FC-000345";"2026-08-01";"2026-08-03";"2";"Dinner";"MI-059";"MI-059-STANDARD";"Extra Pan Seared Tofu";"Standard";"Add-ons / Modifiers";"2.393";"2.393";"1.914";"2.872";"86.4";"35";"Cloudy";"None";"None";"Weekday | Cloudy";"9.57";"misecast-menu-v2.0";"true"
"FC-000346";"2026-08-01";"2026-08-03";"2";"Dinner";"MI-060";"MI-060-STANDARD";"Extra Eggplant";"Standard";"Add-ons / Modifiers";"3.893";"3.893";"3.114";"4.672";"86.4";"35";"Cloudy";"None";"None";"Weekday | Cloudy";"15.57";"misecast-menu-v2.0";"true"
"FC-000347";"2026-08-01";"2026-08-03";"2";"Dinner";"MI-061";"MI-061-STANDARD";"Extra Falafels";"Standard";"Add-ons / Modifiers";"4.679";"4.679";"3.743";"5.615";"86.4";"35";"Cloudy";"None";"None";"Weekday | Cloudy";"23.4";"misecast-menu-v2.0";"true"
"FC-000348";"2026-08-01";"2026-08-03";"2";"Dinner";"MI-062";"MI-062-STANDARD";"Extra Karaage Chicken";"Standard";"Add-ons / Modifiers";"3.786";"3.786";"3.029";"4.543";"86.4";"35";"Cloudy";"None";"None";"Weekday | Cloudy";"18.93";"misecast-menu-v2.0";"true"
"FC-000349";"2026-08-01";"2026-08-03";"2";"Dinner";"MI-063";"MI-063-STANDARD";"Extra Tiger Prawns";"Standard";"Add-ons / Modifiers";"2.357";"2.357";"1.886";"2.828";"86.4";"35";"Cloudy";"None";"None";"Weekday | Cloudy";"11.79";"misecast-menu-v2.0";"true"
"FC-000350";"2026-08-01";"2026-08-03";"2";"Dinner";"MI-064";"MI-064-STANDARD";"Extra Aburi / Sashimi Salmon";"Standard";"Add-ons / Modifiers";"2.464";"2.464";"1.971";"2.957";"86.4";"35";"Cloudy";"None";"None";"Weekday | Cloudy";"14.78";"misecast-menu-v2.0";"true"
"FC-000351";"2026-08-01";"2026-08-03";"2";"Dinner";"MI-065";"MI-065-STANDARD";"Extra Sashimi Tuna";"Standard";"Add-ons / Modifiers";"2.357";"2.357";"1.886";"2.828";"86.4";"35";"Cloudy";"None";"None";"Weekday | Cloudy";"14.14";"misecast-menu-v2.0";"true"
"FC-000352";"2026-08-01";"2026-08-03";"2";"Dinner";"MI-066";"MI-066-STANDARD";"Extra Wagyu";"Standard";"Add-ons / Modifiers";"2.143";"2.143";"1.714";"2.572";"86.4";"35";"Cloudy";"None";"None";"Weekday | Cloudy";"12.86";"misecast-menu-v2.0";"true"
"FC-000353";"2026-08-01";"2026-08-04";"3";"Lunch";"MI-001";"MI-001-SMALL";"Chicken Teriyaki Bowl - Small";"Small";"Signature Nosh Bowls";"6.786";"6.786";"5.429";"8.143";"85.6";"27";"Rain";"None";"None";"Weekday | Rain";"101.11";"misecast-menu-v2.0";"true"
"FC-000354";"2026-08-01";"2026-08-04";"3";"Lunch";"MI-001";"MI-001-LARGE";"Chicken Teriyaki Bowl - Large";"Large";"Signature Nosh Bowls";"6.679";"6.679";"5.343";"8.015";"85.6";"27";"Rain";"None";"None";"Weekday | Rain";"119.55";"misecast-menu-v2.0";"true"
"FC-000355";"2026-08-01";"2026-08-04";"3";"Lunch";"MI-002";"MI-002-SMALL";"Tofu Teriyaki Bowl - Small";"Small";"Signature Nosh Bowls";"6.179";"6.179";"4.943";"7.415";"85.6";"27";"Rain";"None";"None";"Weekday | Rain";"92.07";"misecast-menu-v2.0";"true"
"FC-000356";"2026-08-01";"2026-08-04";"3";"Lunch";"MI-002";"MI-002-LARGE";"Tofu Teriyaki Bowl - Large";"Large";"Signature Nosh Bowls";"6";"6";"4.8";"7.2";"85.6";"27";"Rain";"None";"None";"Weekday | Rain";"107.4";"misecast-menu-v2.0";"true"
"FC-000357";"2026-08-01";"2026-08-04";"3";"Lunch";"MI-003";"MI-003-SMALL";"Miso Eggplant Bowl - Small";"Small";"Signature Nosh Bowls";"6.679";"6.679";"5.343";"8.015";"85.6";"27";"Rain";"None";"None";"Weekday | Rain";"106.2";"misecast-menu-v2.0";"true"
"FC-000358";"2026-08-01";"2026-08-04";"3";"Lunch";"MI-003";"MI-003-LARGE";"Miso Eggplant Bowl - Large";"Large";"Signature Nosh Bowls";"6.607";"6.607";"5.286";"7.928";"85.6";"27";"Rain";"None";"None";"Weekday | Rain";"124.87";"misecast-menu-v2.0";"true"
"FC-000359";"2026-08-01";"2026-08-04";"3";"Lunch";"MI-004";"MI-004-SMALL";"Miso Falalalafel - Small";"Small";"Signature Nosh Bowls";"7.714";"7.714";"6.171";"9.257";"85.6";"27";"Rain";"None";"None";"Weekday | Rain";"122.65";"misecast-menu-v2.0";"true"
"FC-000360";"2026-08-01";"2026-08-04";"3";"Lunch";"MI-004";"MI-004-LARGE";"Miso Falalalafel - Large";"Large";"Signature Nosh Bowls";"7.714";"7.714";"6.171";"9.257";"85.6";"27";"Rain";"None";"None";"Weekday | Rain";"145.79";"misecast-menu-v2.0";"true"
"FC-000361";"2026-08-01";"2026-08-04";"3";"Lunch";"MI-005";"MI-005-SMALL";"Sashimi Bowl - Small";"Small";"Signature Nosh Bowls";"6.821";"6.821";"5.457";"8.185";"85.6";"27";"Rain";"None";"None";"Weekday | Rain";"122.1";"misecast-menu-v2.0";"true"
"FC-000362";"2026-08-01";"2026-08-04";"3";"Lunch";"MI-005";"MI-005-LARGE";"Sashimi Bowl - Large";"Large";"Signature Nosh Bowls";"7.036";"7.036";"5.629";"8.443";"85.6";"27";"Rain";"None";"None";"Weekday | Rain";"147.05";"misecast-menu-v2.0";"true"
"FC-000363";"2026-08-01";"2026-08-04";"3";"Lunch";"MI-006";"MI-006-SMALL";"Poke Bowl - Small";"Small";"Signature Nosh Bowls";"6.357";"6.357";"5.086";"7.628";"85.6";"27";"Rain";"None";"None";"Weekday | Rain";"107.43";"misecast-menu-v2.0";"true"
"FC-000364";"2026-08-01";"2026-08-04";"3";"Lunch";"MI-006";"MI-006-LARGE";"Poke Bowl - Large";"Large";"Signature Nosh Bowls";"6.25";"6.25";"5";"7.5";"85.6";"27";"Rain";"None";"None";"Weekday | Rain";"124.37";"misecast-menu-v2.0";"true"
"FC-000365";"2026-08-01";"2026-08-04";"3";"Lunch";"MI-007";"MI-007-SMALL";"Wagyu Beef Bowl - Small";"Small";"Signature Nosh Bowls";"6.643";"6.643";"5.314";"7.972";"85.6";"27";"Rain";"None";"None";"Weekday | Rain";"118.91";"misecast-menu-v2.0";"true"
"FC-000366";"2026-08-01";"2026-08-04";"3";"Lunch";"MI-007";"MI-007-LARGE";"Wagyu Beef Bowl - Large";"Large";"Signature Nosh Bowls";"6.571";"6.571";"5.257";"7.885";"85.6";"27";"Rain";"None";"None";"Weekday | Rain";"137.33";"misecast-menu-v2.0";"true"
"FC-000367";"2026-08-01";"2026-08-04";"3";"Lunch";"MI-008";"MI-008-SMALL";"Karaage Chicken Bowl - Small";"Small";"Signature Nosh Bowls";"6.643";"6.643";"5.314";"7.972";"85.6";"27";"Rain";"None";"None";"Weekday | Rain";"112.27";"misecast-menu-v2.0";"true"
"FC-000368";"2026-08-01";"2026-08-04";"3";"Lunch";"MI-008";"MI-008-LARGE";"Karaage Chicken Bowl - Large";"Large";"Signature Nosh Bowls";"6.429";"6.429";"5.143";"7.715";"85.6";"27";"Rain";"None";"None";"Weekday | Rain";"127.94";"misecast-menu-v2.0";"true"
"FC-000369";"2026-08-01";"2026-08-04";"3";"Lunch";"MI-009";"MI-009-SMALL";"Power Meal - Small";"Small";"Signature Nosh Bowls";"8";"8";"6.4";"9.6";"85.6";"27";"Rain";"None";"None";"Weekday | Rain";"151.2";"misecast-menu-v2.0";"true"
"FC-000370";"2026-08-01";"2026-08-04";"3";"Lunch";"MI-009";"MI-009-LARGE";"Power Meal - Large";"Large";"Signature Nosh Bowls";"7.821";"7.821";"6.257";"9.385";"85.6";"27";"Rain";"None";"None";"Weekday | Rain";"171.28";"misecast-menu-v2.0";"true"
"FC-000371";"2026-08-01";"2026-08-04";"3";"Lunch";"MI-010";"MI-010-SMALL";"Salmon Yuzu Bowl - Small";"Small";"Signature Nosh Bowls";"7.071";"7.071";"5.657";"8.485";"85.6";"27";"Rain";"None";"None";"Weekday | Rain";"126.57";"misecast-menu-v2.0";"true"
"FC-000372";"2026-08-01";"2026-08-04";"3";"Lunch";"MI-010";"MI-010-LARGE";"Salmon Yuzu Bowl - Large";"Large";"Signature Nosh Bowls";"6.929";"6.929";"5.543";"8.315";"85.6";"27";"Rain";"None";"None";"Weekday | Rain";"144.82";"misecast-menu-v2.0";"true"
"FC-000373";"2026-08-01";"2026-08-04";"3";"Lunch";"MI-011";"MI-011-STANDARD";"Karaage Bento";"Standard";"Protein Bento";"15.786";"15.786";"12.629";"18.943";"85.6";"27";"Rain";"None";"None";"Weekday | Rain";"219.43";"misecast-menu-v2.0";"true"
"FC-000374";"2026-08-01";"2026-08-04";"3";"Lunch";"MI-012";"MI-012-STANDARD";"Salmon Aburi Bento";"Standard";"Protein Bento";"15.929";"15.929";"12.743";"19.115";"85.6";"27";"Rain";"None";"None";"Weekday | Rain";"237.34";"misecast-menu-v2.0";"true"
"FC-000375";"2026-08-01";"2026-08-04";"3";"Lunch";"MI-013";"MI-013-STANDARD";"Tofu Bento";"Standard";"Protein Bento";"15.964";"15.964";"12.771";"19.157";"85.6";"27";"Rain";"None";"None";"Weekday | Rain";"205.94";"misecast-menu-v2.0";"true"
"FC-000376";"2026-08-01";"2026-08-04";"3";"Lunch";"MI-014";"MI-014-SMALL";"Create Your Own - Sous-vide Chicken - Small";"Small";"Create Your Own Bowl";"6.036";"6.036";"4.829";"7.243";"85.6";"27";"Rain";"None";"None";"Weekday | Rain";"95.97";"misecast-menu-v2.0";"true"
"FC-000377";"2026-08-01";"2026-08-04";"3";"Lunch";"MI-014";"MI-014-LARGE";"Create Your Own - Sous-vide Chicken - Large";"Large";"Create Your Own Bowl";"6.214";"6.214";"4.971";"7.457";"85.6";"27";"Rain";"None";"None";"Weekday | Rain";"117.44";"misecast-menu-v2.0";"true"
"FC-000378";"2026-08-01";"2026-08-04";"3";"Lunch";"MI-015";"MI-015-SMALL";"Create Your Own - Seared Chicken - Small";"Small";"Create Your Own Bowl";"6.393";"6.393";"5.114";"7.672";"85.6";"27";"Rain";"None";"None";"Weekday | Rain";"101.65";"misecast-menu-v2.0";"true"
"FC-000379";"2026-08-01";"2026-08-04";"3";"Lunch";"MI-015";"MI-015-LARGE";"Create Your Own - Seared Chicken - Large";"Large";"Create Your Own Bowl";"6.357";"6.357";"5.086";"7.628";"85.6";"27";"Rain";"None";"None";"Weekday | Rain";"120.15";"misecast-menu-v2.0";"true"
"FC-000380";"2026-08-01";"2026-08-04";"3";"Lunch";"MI-016";"MI-016-SMALL";"Create Your Own - Pan-seared Tofu - Small";"Small";"Create Your Own Bowl";"5.893";"5.893";"4.714";"7.072";"85.6";"27";"Rain";"None";"None";"Weekday | Rain";"93.7";"misecast-menu-v2.0";"true"
"FC-000381";"2026-08-01";"2026-08-04";"3";"Lunch";"MI-016";"MI-016-LARGE";"Create Your Own - Pan-seared Tofu - Large";"Large";"Create Your Own Bowl";"5.964";"5.964";"4.771";"7.157";"85.6";"27";"Rain";"None";"None";"Weekday | Rain";"112.72";"misecast-menu-v2.0";"true"
"FC-000382";"2026-08-01";"2026-08-04";"3";"Lunch";"MI-017";"MI-017-SMALL";"Create Your Own - Crispy Eggplant - Small";"Small";"Create Your Own Bowl";"6.571";"6.571";"5.257";"7.885";"85.6";"27";"Rain";"None";"None";"Weekday | Rain";"111.05";"misecast-menu-v2.0";"true"
"FC-000383";"2026-08-01";"2026-08-04";"3";"Lunch";"MI-017";"MI-017-LARGE";"Create Your Own - Crispy Eggplant - Large";"Large";"Create Your Own Bowl";"6.571";"6.571";"5.257";"7.885";"85.6";"27";"Rain";"None";"None";"Weekday | Rain";"130.76";"misecast-menu-v2.0";"true"
"FC-000384";"2026-08-01";"2026-08-04";"3";"Lunch";"MI-018";"MI-018-SMALL";"Create Your Own - Miso Beet Falafel - Small";"Small";"Create Your Own Bowl";"7.107";"7.107";"5.686";"8.528";"85.6";"27";"Rain";"None";"None";"Weekday | Rain";"120.11";"misecast-menu-v2.0";"true"
"FC-000385";"2026-08-01";"2026-08-04";"3";"Lunch";"MI-018";"MI-018-LARGE";"Create Your Own - Miso Beet Falafel - Large";"Large";"Create Your Own Bowl";"7.107";"7.107";"5.686";"8.528";"85.6";"27";"Rain";"None";"None";"Weekday | Rain";"141.43";"misecast-menu-v2.0";"true"
"FC-000386";"2026-08-01";"2026-08-04";"3";"Lunch";"MI-019";"MI-019-SMALL";"Create Your Own - Tiger Prawns - Small";"Small";"Create Your Own Bowl";"5.893";"5.893";"4.714";"7.072";"85.6";"27";"Rain";"None";"None";"Weekday | Rain";"99.59";"misecast-menu-v2.0";"true"
"FC-000387";"2026-08-01";"2026-08-04";"3";"Lunch";"MI-019";"MI-019-LARGE";"Create Your Own - Tiger Prawns - Large";"Large";"Create Your Own Bowl";"5.821";"5.821";"4.657";"6.985";"85.6";"27";"Rain";"None";"None";"Weekday | Rain";"115.84";"misecast-menu-v2.0";"true"
"FC-000388";"2026-08-01";"2026-08-04";"3";"Lunch";"MI-020";"MI-020-SMALL";"Create Your Own - Karaage Chicken - Small";"Small";"Create Your Own Bowl";"6.75";"6.75";"5.4";"8.1";"85.6";"27";"Rain";"None";"None";"Weekday | Rain";"120.82";"misecast-menu-v2.0";"true"
"FC-000389";"2026-08-01";"2026-08-04";"3";"Lunch";"MI-020";"MI-020-LARGE";"Create Your Own - Karaage Chicken - Large";"Large";"Create Your Own Bowl";"6.464";"6.464";"5.171";"7.757";"85.6";"27";"Rain";"None";"None";"Weekday | Rain";"135.1";"misecast-menu-v2.0";"true"
"FC-000390";"2026-08-01";"2026-08-04";"3";"Lunch";"MI-021";"MI-021-SMALL";"Create Your Own - Sashimi Salmon - Small";"Small";"Create Your Own Bowl";"5.964";"5.964";"4.771";"7.157";"85.6";"27";"Rain";"None";"None";"Weekday | Rain";"106.76";"misecast-menu-v2.0";"true"
"FC-000391";"2026-08-01";"2026-08-04";"3";"Lunch";"MI-021";"MI-021-LARGE";"Create Your Own - Sashimi Salmon - Large";"Large";"Create Your Own Bowl";"5.75";"5.75";"4.6";"6.9";"85.6";"27";"Rain";"None";"None";"Weekday | Rain";"120.18";"misecast-menu-v2.0";"true"
"FC-000392";"2026-08-01";"2026-08-04";"3";"Lunch";"MI-022";"MI-022-SMALL";"Create Your Own - Sashimi Tuna - Small";"Small";"Create Your Own Bowl";"6.179";"6.179";"4.943";"7.415";"85.6";"27";"Rain";"None";"None";"Weekday | Rain";"110.6";"misecast-menu-v2.0";"true"
"FC-000393";"2026-08-01";"2026-08-04";"3";"Lunch";"MI-022";"MI-022-LARGE";"Create Your Own - Sashimi Tuna - Large";"Large";"Create Your Own Bowl";"6.036";"6.036";"4.829";"7.243";"85.6";"27";"Rain";"None";"None";"Weekday | Rain";"126.15";"misecast-menu-v2.0";"true"
"FC-000394";"2026-08-01";"2026-08-04";"3";"Lunch";"MI-023";"MI-023-SMALL";"Create Your Own - Flame-seared Salmon - Small";"Small";"Create Your Own Bowl";"5.929";"5.929";"4.743";"7.115";"85.6";"27";"Rain";"None";"None";"Weekday | Rain";"112.06";"misecast-menu-v2.0";"true"
"FC-000395";"2026-08-01";"2026-08-04";"3";"Lunch";"MI-023";"MI-023-LARGE";"Create Your Own - Flame-seared Salmon - Large";"Large";"Create Your Own Bowl";"5.857";"5.857";"4.686";"7.028";"85.6";"27";"Rain";"None";"None";"Weekday | Rain";"128.27";"misecast-menu-v2.0";"true"
"FC-000396";"2026-08-01";"2026-08-04";"3";"Lunch";"MI-024";"MI-024-SMALL";"Create Your Own - Flame-seared Wagyu - Small";"Small";"Create Your Own Bowl";"5.929";"5.929";"4.743";"7.115";"85.6";"27";"Rain";"None";"None";"Weekday | Rain";"112.06";"misecast-menu-v2.0";"true"
"FC-000397";"2026-08-01";"2026-08-04";"3";"Lunch";"MI-024";"MI-024-LARGE";"Create Your Own - Flame-seared Wagyu - Large";"Large";"Create Your Own Bowl";"5.679";"5.679";"4.543";"6.815";"85.6";"27";"Rain";"None";"None";"Weekday | Rain";"124.37";"misecast-menu-v2.0";"true"
"FC-000398";"2026-08-01";"2026-08-04";"3";"Lunch";"MI-025";"MI-025-SMALL";"Create Your Own - No Protein - Small";"Small";"Create Your Own Bowl";"4.821";"4.821";"3.857";"5.785";"85.6";"27";"Rain";"None";"None";"Weekday | Rain";"62.19";"misecast-menu-v2.0";"true"
"FC-000399";"2026-08-01";"2026-08-04";"3";"Lunch";"MI-025";"MI-025-LARGE";"Create Your Own - No Protein - Large";"Large";"Create Your Own Bowl";"4.643";"4.643";"3.714";"5.572";"85.6";"27";"Rain";"None";"None";"Weekday | Rain";"73.82";"misecast-menu-v2.0";"true"
"FC-000400";"2026-08-01";"2026-08-04";"3";"Lunch";"MI-026";"MI-026-STANDARD";"Miso Soup";"Standard";"Light Bites";"9.714";"9.714";"7.771";"11.657";"85.6";"27";"Rain";"None";"None";"Weekday | Rain";"24.29";"misecast-menu-v2.0";"true"
"FC-000401";"2026-08-01";"2026-08-04";"3";"Lunch";"MI-027";"MI-027-STANDARD";"Raw Balls - Peanut Butter";"Standard";"Light Bites";"1.964";"1.964";"1.571";"2.357";"85.6";"27";"Rain";"None";"None";"Weekday | Rain";"8.25";"misecast-menu-v2.0";"true"
"FC-000402";"2026-08-01";"2026-08-04";"3";"Lunch";"MI-028";"MI-028-STANDARD";"Raw Balls - Choc Brownie";"Standard";"Light Bites";"1.893";"1.893";"1.514";"2.272";"85.6";"27";"Rain";"None";"None";"Weekday | Rain";"7.95";"misecast-menu-v2.0";"true"
"FC-000403";"2026-08-01";"2026-08-04";"3";"Lunch";"MI-029";"MI-029-STANDARD";"Raw Balls - Coconut Cacao";"Standard";"Light Bites";"1.893";"1.893";"1.514";"2.272";"85.6";"27";"Rain";"None";"None";"Weekday | Rain";"7.95";"misecast-menu-v2.0";"true"
"FC-000404";"2026-08-01";"2026-08-04";"3";"Lunch";"MI-030";"MI-030-STANDARD";"Raw Balls - Hazelnut";"Standard";"Light Bites";"1.786";"1.786";"1.429";"2.143";"85.6";"27";"Rain";"None";"None";"Weekday | Rain";"7.5";"misecast-menu-v2.0";"true"
"FC-000405";"2026-08-01";"2026-08-04";"3";"Lunch";"MI-031";"MI-031-STANDARD";"Raw Balls - Apricot Delight";"Standard";"Light Bites";"1.893";"1.893";"1.514";"2.272";"85.6";"27";"Rain";"None";"None";"Weekday | Rain";"7.95";"misecast-menu-v2.0";"true"
"FC-000406";"2026-08-01";"2026-08-04";"3";"Lunch";"MI-032";"MI-032-STANDARD";"myDeal - $5 Crispy Chicken Bites";"Standard";"Promotions";"3.286";"3.286";"2.629";"3.943";"85.6";"27";"Rain";"None";"None";"Weekday | Rain";"16.43";"misecast-menu-v2.0";"true"
"FC-000407";"2026-08-01";"2026-08-04";"3";"Lunch";"MI-033";"MI-033-STANDARD";"Coconut Water";"Standard";"Drinks";"12.179";"12.179";"9.743";"14.615";"85.6";"27";"Rain";"None";"None";"Weekday | Rain";"51.15";"misecast-menu-v2.0";"true"
"FC-000408";"2026-08-01";"2026-08-04";"3";"Lunch";"MI-034";"MI-034-STANDARD";"Cold Pressed Juice - Watermelon Lime";"Standard";"Drinks";"11.214";"11.214";"8.971";"13.457";"85.6";"27";"Rain";"None";"None";"Weekday | Rain";"61.68";"misecast-menu-v2.0";"true"
"FC-000409";"2026-08-01";"2026-08-04";"3";"Lunch";"MI-035";"MI-035-STANDARD";"Cold Pressed Juice - Classic OJ";"Standard";"Drinks";"11.429";"11.429";"9.143";"13.715";"85.6";"27";"Rain";"None";"None";"Weekday | Rain";"62.86";"misecast-menu-v2.0";"true"
"FC-000410";"2026-08-01";"2026-08-04";"3";"Lunch";"MI-036";"MI-036-STANDARD";"Cold Pressed Juice - Pineapple Mint";"Standard";"Drinks";"11.393";"11.393";"9.114";"13.672";"85.6";"27";"Rain";"None";"None";"Weekday | Rain";"62.66";"misecast-menu-v2.0";"true"
"FC-000411";"2026-08-01";"2026-08-04";"3";"Lunch";"MI-037";"MI-037-STANDARD";"Dash Sparkling Water - Lime";"Standard";"Drinks";"12.071";"12.071";"9.657";"14.485";"85.6";"27";"Rain";"None";"None";"Weekday | Rain";"48.28";"misecast-menu-v2.0";"true"
"FC-000412";"2026-08-01";"2026-08-04";"3";"Lunch";"MI-038";"MI-038-STANDARD";"Dash Sparkling Water - Raspberry";"Standard";"Drinks";"12.357";"12.357";"9.886";"14.828";"85.6";"27";"Rain";"None";"None";"Weekday | Rain";"49.43";"misecast-menu-v2.0";"true"
"FC-000413";"2026-08-01";"2026-08-04";"3";"Lunch";"MI-039";"MI-039-STANDARD";"Dash Sparkling Water - Peach";"Standard";"Drinks";"12.179";"12.179";"9.743";"14.615";"85.6";"27";"Rain";"None";"None";"Weekday | Rain";"48.72";"misecast-menu-v2.0";"true"
"FC-000414";"2026-08-01";"2026-08-04";"3";"Lunch";"MI-040";"MI-040-STANDARD";"Kombucha - Ginger Lemon";"Standard";"Drinks";"12.25";"12.25";"9.8";"14.7";"85.6";"27";"Rain";"None";"None";"Weekday | Rain";"67.38";"misecast-menu-v2.0";"true"
"FC-000415";"2026-08-01";"2026-08-04";"3";"Lunch";"MI-041";"MI-041-STANDARD";"Kombucha - Lemon Lime Mint";"Standard";"Drinks";"11.964";"11.964";"9.571";"14.357";"85.6";"27";"Rain";"None";"None";"Weekday | Rain";"65.8";"misecast-menu-v2.0";"true"
"FC-000416";"2026-08-01";"2026-08-04";"3";"Lunch";"MI-042";"MI-042-STANDARD";"Kombucha - Peach";"Standard";"Drinks";"12.5";"12.5";"10";"15";"85.6";"27";"Rain";"None";"None";"Weekday | Rain";"68.75";"misecast-menu-v2.0";"true"
"FC-000417";"2026-08-01";"2026-08-04";"3";"Lunch";"MI-043";"MI-043-STANDARD";"Kombucha - Raspberry Lemonade";"Standard";"Drinks";"12.071";"12.071";"9.657";"14.485";"85.6";"27";"Rain";"None";"None";"Weekday | Rain";"66.39";"misecast-menu-v2.0";"true"
"FC-000418";"2026-08-01";"2026-08-04";"3";"Lunch";"MI-044";"MI-044-STANDARD";"Sodaly - Passionfruit";"Standard";"Drinks";"12.429";"12.429";"9.943";"14.915";"85.6";"27";"Rain";"None";"None";"Weekday | Rain";"60.9";"misecast-menu-v2.0";"true"
"FC-000419";"2026-08-01";"2026-08-04";"3";"Lunch";"MI-045";"MI-045-STANDARD";"Sodaly - Guava";"Standard";"Drinks";"12.536";"12.536";"10.029";"15.043";"85.6";"27";"Rain";"None";"None";"Weekday | Rain";"61.43";"misecast-menu-v2.0";"true"
"FC-000420";"2026-08-01";"2026-08-04";"3";"Lunch";"MI-046";"MI-046-STANDARD";"Sodaly - Raspberry";"Standard";"Drinks";"12.429";"12.429";"9.943";"14.915";"85.6";"27";"Rain";"None";"None";"Weekday | Rain";"60.9";"misecast-menu-v2.0";"true"
"FC-000421";"2026-08-01";"2026-08-04";"3";"Lunch";"MI-047";"MI-047-STANDARD";"Sparkling Water";"Standard";"Drinks";"18.75";"18.75";"15";"22.5";"85.6";"27";"Rain";"None";"None";"Weekday | Rain";"65.63";"misecast-menu-v2.0";"true"
"FC-000422";"2026-08-01";"2026-08-04";"3";"Lunch";"MI-048";"MI-048-STANDARD";"Specialty Soda - Gingerella";"Standard";"Drinks";"12.179";"12.179";"9.743";"14.615";"85.6";"27";"Rain";"None";"None";"Weekday | Rain";"59.68";"misecast-menu-v2.0";"true"
"FC-000423";"2026-08-01";"2026-08-04";"3";"Lunch";"MI-049";"MI-049-STANDARD";"Specialty Soda - Karma Cola";"Standard";"Drinks";"12.393";"12.393";"9.914";"14.872";"85.6";"27";"Rain";"None";"None";"Weekday | Rain";"60.73";"misecast-menu-v2.0";"true"
"FC-000424";"2026-08-01";"2026-08-04";"3";"Lunch";"MI-050";"MI-050-STANDARD";"Specialty Soda - Lemmy";"Standard";"Drinks";"12.107";"12.107";"9.686";"14.528";"85.6";"27";"Rain";"None";"None";"Weekday | Rain";"59.32";"misecast-menu-v2.0";"true"
"FC-000425";"2026-08-01";"2026-08-04";"3";"Lunch";"MI-051";"MI-051-STANDARD";"Still Water";"Standard";"Drinks";"22.286";"22.286";"17.829";"26.743";"85.6";"27";"Rain";"None";"None";"Weekday | Rain";"66.86";"misecast-menu-v2.0";"true"
"FC-000426";"2026-08-01";"2026-08-04";"3";"Lunch";"MI-052";"MI-052-STANDARD";"Yuzu Ginger Cha";"Standard";"Drinks";"11.464";"11.464";"9.171";"13.757";"85.6";"27";"Rain";"None";"None";"Weekday | Rain";"51.59";"misecast-menu-v2.0";"true"
"FC-000427";"2026-08-01";"2026-08-04";"3";"Lunch";"MI-053";"MI-053-STANDARD";"Avocado";"Standard";"Add-ons / Modifiers";"1.464";"1.464";"1.171";"1.757";"85.6";"27";"Rain";"None";"None";"Weekday | Rain";"2.93";"misecast-menu-v2.0";"true"
"FC-000428";"2026-08-01";"2026-08-04";"3";"Lunch";"MI-054";"MI-054-STANDARD";"63 deg egg";"Standard";"Add-ons / Modifiers";"2";"2";"1.6";"2.4";"85.6";"27";"Rain";"None";"None";"Weekday | Rain";"5";"misecast-menu-v2.0";"true"
"FC-000429";"2026-08-01";"2026-08-04";"3";"Lunch";"MI-055";"MI-055-STANDARD";"Extra Salad";"Standard";"Add-ons / Modifiers";"2.107";"2.107";"1.686";"2.528";"85.6";"27";"Rain";"None";"None";"Weekday | Rain";"4.21";"misecast-menu-v2.0";"true"
"FC-000430";"2026-08-01";"2026-08-04";"3";"Lunch";"MI-056";"MI-056-STANDARD";"Standard topping (kimchi, corn, edamame, nori, etc.)";"Standard";"Add-ons / Modifiers";"1.107";"1.107";"0.886";"1.328";"85.6";"27";"Rain";"None";"None";"Weekday | Rain";"0.55";"misecast-menu-v2.0";"true"
"FC-000431";"2026-08-01";"2026-08-04";"3";"Lunch";"MI-057";"MI-057-STANDARD";"Extra Sauce (any)";"Standard";"Add-ons / Modifiers";"1";"1";"0.8";"1.2";"85.6";"27";"Rain";"None";"None";"Weekday | Rain";"1.5";"misecast-menu-v2.0";"true"
"FC-000432";"2026-08-01";"2026-08-04";"3";"Lunch";"MI-058";"MI-058-STANDARD";"Extra Sous-vide / Seared Chicken";"Standard";"Add-ons / Modifiers";"2.964";"2.964";"2.371";"3.557";"85.6";"27";"Rain";"None";"None";"Weekday | Rain";"11.86";"misecast-menu-v2.0";"true"
"FC-000433";"2026-08-01";"2026-08-04";"3";"Lunch";"MI-059";"MI-059-STANDARD";"Extra Pan Seared Tofu";"Standard";"Add-ons / Modifiers";"2.357";"2.357";"1.886";"2.828";"85.6";"27";"Rain";"None";"None";"Weekday | Rain";"9.43";"misecast-menu-v2.0";"true"
"FC-000434";"2026-08-01";"2026-08-04";"3";"Lunch";"MI-060";"MI-060-STANDARD";"Extra Eggplant";"Standard";"Add-ons / Modifiers";"3.607";"3.607";"2.886";"4.328";"85.6";"27";"Rain";"None";"None";"Weekday | Rain";"14.43";"misecast-menu-v2.0";"true"
"FC-000435";"2026-08-01";"2026-08-04";"3";"Lunch";"MI-061";"MI-061-STANDARD";"Extra Falafels";"Standard";"Add-ons / Modifiers";"4.571";"4.571";"3.657";"5.485";"85.6";"27";"Rain";"None";"None";"Weekday | Rain";"22.85";"misecast-menu-v2.0";"true"
"FC-000436";"2026-08-01";"2026-08-04";"3";"Lunch";"MI-062";"MI-062-STANDARD";"Extra Karaage Chicken";"Standard";"Add-ons / Modifiers";"3.607";"3.607";"2.886";"4.328";"85.6";"27";"Rain";"None";"None";"Weekday | Rain";"18.04";"misecast-menu-v2.0";"true"
"FC-000437";"2026-08-01";"2026-08-04";"3";"Lunch";"MI-063";"MI-063-STANDARD";"Extra Tiger Prawns";"Standard";"Add-ons / Modifiers";"2.5";"2.5";"2";"3";"85.6";"27";"Rain";"None";"None";"Weekday | Rain";"12.5";"misecast-menu-v2.0";"true"
"FC-000438";"2026-08-01";"2026-08-04";"3";"Lunch";"MI-064";"MI-064-STANDARD";"Extra Aburi / Sashimi Salmon";"Standard";"Add-ons / Modifiers";"2.5";"2.5";"2";"3";"85.6";"27";"Rain";"None";"None";"Weekday | Rain";"15";"misecast-menu-v2.0";"true"
"FC-000439";"2026-08-01";"2026-08-04";"3";"Lunch";"MI-065";"MI-065-STANDARD";"Extra Sashimi Tuna";"Standard";"Add-ons / Modifiers";"2.286";"2.286";"1.829";"2.743";"85.6";"27";"Rain";"None";"None";"Weekday | Rain";"13.72";"misecast-menu-v2.0";"true"
"FC-000440";"2026-08-01";"2026-08-04";"3";"Lunch";"MI-066";"MI-066-STANDARD";"Extra Wagyu";"Standard";"Add-ons / Modifiers";"2.071";"2.071";"1.657";"2.485";"85.6";"27";"Rain";"None";"None";"Weekday | Rain";"12.43";"misecast-menu-v2.0";"true"
"FC-000441";"2026-08-01";"2026-08-04";"3";"Dinner";"MI-001";"MI-001-SMALL";"Chicken Teriyaki Bowl - Small";"Small";"Signature Nosh Bowls";"9.393";"9.393";"7.514";"11.272";"85.6";"38";"Rain";"None";"None";"Weekday | Rain";"139.96";"misecast-menu-v2.0";"true"
"FC-000442";"2026-08-01";"2026-08-04";"3";"Dinner";"MI-001";"MI-001-LARGE";"Chicken Teriyaki Bowl - Large";"Large";"Signature Nosh Bowls";"9.5";"9.5";"7.6";"11.4";"85.6";"38";"Rain";"None";"None";"Weekday | Rain";"170.05";"misecast-menu-v2.0";"true"
"FC-000443";"2026-08-01";"2026-08-04";"3";"Dinner";"MI-002";"MI-002-SMALL";"Tofu Teriyaki Bowl - Small";"Small";"Signature Nosh Bowls";"9.071";"9.071";"7.257";"10.885";"85.6";"38";"Rain";"None";"None";"Weekday | Rain";"135.16";"misecast-menu-v2.0";"true"
"FC-000444";"2026-08-01";"2026-08-04";"3";"Dinner";"MI-002";"MI-002-LARGE";"Tofu Teriyaki Bowl - Large";"Large";"Signature Nosh Bowls";"9.25";"9.25";"7.4";"11.1";"85.6";"38";"Rain";"None";"None";"Weekday | Rain";"165.58";"misecast-menu-v2.0";"true"
"FC-000445";"2026-08-01";"2026-08-04";"3";"Dinner";"MI-003";"MI-003-SMALL";"Miso Eggplant Bowl - Small";"Small";"Signature Nosh Bowls";"9.429";"9.429";"7.543";"11.315";"85.6";"38";"Rain";"None";"None";"Weekday | Rain";"149.92";"misecast-menu-v2.0";"true"
"FC-000446";"2026-08-01";"2026-08-04";"3";"Dinner";"MI-003";"MI-003-LARGE";"Miso Eggplant Bowl - Large";"Large";"Signature Nosh Bowls";"9.5";"9.5";"7.6";"11.4";"85.6";"38";"Rain";"None";"None";"Weekday | Rain";"179.55";"misecast-menu-v2.0";"true"
"FC-000447";"2026-08-01";"2026-08-04";"3";"Dinner";"MI-004";"MI-004-SMALL";"Miso Falalalafel - Small";"Small";"Signature Nosh Bowls";"10.964";"10.964";"8.771";"13.157";"85.6";"38";"Rain";"None";"None";"Weekday | Rain";"174.33";"misecast-menu-v2.0";"true"
"FC-000448";"2026-08-01";"2026-08-04";"3";"Dinner";"MI-004";"MI-004-LARGE";"Miso Falalalafel - Large";"Large";"Signature Nosh Bowls";"10.964";"10.964";"8.771";"13.157";"85.6";"38";"Rain";"None";"None";"Weekday | Rain";"207.22";"misecast-menu-v2.0";"true"
"FC-000449";"2026-08-01";"2026-08-04";"3";"Dinner";"MI-005";"MI-005-SMALL";"Sashimi Bowl - Small";"Small";"Signature Nosh Bowls";"10.357";"10.357";"8.286";"12.428";"85.6";"38";"Rain";"None";"None";"Weekday | Rain";"185.39";"misecast-menu-v2.0";"true"
"FC-000450";"2026-08-01";"2026-08-04";"3";"Dinner";"MI-005";"MI-005-LARGE";"Sashimi Bowl - Large";"Large";"Signature Nosh Bowls";"10.143";"10.143";"8.114";"12.172";"85.6";"38";"Rain";"None";"None";"Weekday | Rain";"211.99";"misecast-menu-v2.0";"true"
"FC-000451";"2026-08-01";"2026-08-04";"3";"Dinner";"MI-006";"MI-006-SMALL";"Poke Bowl - Small";"Small";"Signature Nosh Bowls";"9.143";"9.143";"7.314";"10.972";"85.6";"38";"Rain";"None";"None";"Weekday | Rain";"154.52";"misecast-menu-v2.0";"true"
"FC-000452";"2026-08-01";"2026-08-04";"3";"Dinner";"MI-006";"MI-006-LARGE";"Poke Bowl - Large";"Large";"Signature Nosh Bowls";"9.286";"9.286";"7.429";"11.143";"85.6";"38";"Rain";"None";"None";"Weekday | Rain";"184.79";"misecast-menu-v2.0";"true"
"FC-000453";"2026-08-01";"2026-08-04";"3";"Dinner";"MI-007";"MI-007-SMALL";"Wagyu Beef Bowl - Small";"Small";"Signature Nosh Bowls";"9.643";"9.643";"7.714";"11.572";"85.6";"38";"Rain";"None";"None";"Weekday | Rain";"172.61";"misecast-menu-v2.0";"true"
"FC-000454";"2026-08-01";"2026-08-04";"3";"Dinner";"MI-007";"MI-007-LARGE";"Wagyu Beef Bowl - Large";"Large";"Signature Nosh Bowls";"9.75";"9.75";"7.8";"11.7";"85.6";"38";"Rain";"None";"None";"Weekday | Rain";"203.77";"misecast-menu-v2.0";"true"
"FC-000455";"2026-08-01";"2026-08-04";"3";"Dinner";"MI-008";"MI-008-SMALL";"Karaage Chicken Bowl - Small";"Small";"Signature Nosh Bowls";"9.25";"9.25";"7.4";"11.1";"85.6";"38";"Rain";"None";"None";"Weekday | Rain";"156.32";"misecast-menu-v2.0";"true"
"FC-000456";"2026-08-01";"2026-08-04";"3";"Dinner";"MI-008";"MI-008-LARGE";"Karaage Chicken Bowl - Large";"Large";"Signature Nosh Bowls";"9.5";"9.5";"7.6";"11.4";"85.6";"38";"Rain";"None";"None";"Weekday | Rain";"189.05";"misecast-menu-v2.0";"true"
"FC-000457";"2026-08-01";"2026-08-04";"3";"Dinner";"MI-009";"MI-009-SMALL";"Power Meal - Small";"Small";"Signature Nosh Bowls";"10.321";"10.321";"8.257";"12.385";"85.6";"38";"Rain";"None";"None";"Weekday | Rain";"195.07";"misecast-menu-v2.0";"true"
"FC-000458";"2026-08-01";"2026-08-04";"3";"Dinner";"MI-009";"MI-009-LARGE";"Power Meal - Large";"Large";"Signature Nosh Bowls";"10.536";"10.536";"8.429";"12.643";"85.6";"38";"Rain";"None";"None";"Weekday | Rain";"230.74";"misecast-menu-v2.0";"true"
"FC-000459";"2026-08-01";"2026-08-04";"3";"Dinner";"MI-010";"MI-010-SMALL";"Salmon Yuzu Bowl - Small";"Small";"Signature Nosh Bowls";"9.929";"9.929";"7.943";"11.915";"85.6";"38";"Rain";"None";"None";"Weekday | Rain";"177.73";"misecast-menu-v2.0";"true"
"FC-000460";"2026-08-01";"2026-08-04";"3";"Dinner";"MI-010";"MI-010-LARGE";"Salmon Yuzu Bowl - Large";"Large";"Signature Nosh Bowls";"10.071";"10.071";"8.057";"12.085";"85.6";"38";"Rain";"None";"None";"Weekday | Rain";"210.48";"misecast-menu-v2.0";"true"
"FC-000461";"2026-08-01";"2026-08-04";"3";"Dinner";"MI-011";"MI-011-STANDARD";"Karaage Bento";"Standard";"Protein Bento";"16.75";"16.75";"13.4";"20.1";"85.6";"38";"Rain";"None";"None";"Weekday | Rain";"232.83";"misecast-menu-v2.0";"true"
"FC-000462";"2026-08-01";"2026-08-04";"3";"Dinner";"MI-012";"MI-012-STANDARD";"Salmon Aburi Bento";"Standard";"Protein Bento";"15.857";"15.857";"12.686";"19.028";"85.6";"38";"Rain";"None";"None";"Weekday | Rain";"236.27";"misecast-menu-v2.0";"true"
"FC-000463";"2026-08-01";"2026-08-04";"3";"Dinner";"MI-013";"MI-013-STANDARD";"Tofu Bento";"Standard";"Protein Bento";"15.821";"15.821";"12.657";"18.985";"85.6";"38";"Rain";"None";"None";"Weekday | Rain";"204.09";"misecast-menu-v2.0";"true"
"FC-000464";"2026-08-01";"2026-08-04";"3";"Dinner";"MI-014";"MI-014-SMALL";"Create Your Own - Sous-vide Chicken - Small";"Small";"Create Your Own Bowl";"8.821";"8.821";"7.057";"10.585";"85.6";"38";"Rain";"None";"None";"Weekday | Rain";"140.25";"misecast-menu-v2.0";"true"
"FC-000465";"2026-08-01";"2026-08-04";"3";"Dinner";"MI-014";"MI-014-LARGE";"Create Your Own - Sous-vide Chicken - Large";"Large";"Create Your Own Bowl";"8.643";"8.643";"6.914";"10.372";"85.6";"38";"Rain";"None";"None";"Weekday | Rain";"163.35";"misecast-menu-v2.0";"true"
"FC-000466";"2026-08-01";"2026-08-04";"3";"Dinner";"MI-015";"MI-015-SMALL";"Create Your Own - Seared Chicken - Small";"Small";"Create Your Own Bowl";"8.821";"8.821";"7.057";"10.585";"85.6";"38";"Rain";"None";"None";"Weekday | Rain";"140.25";"misecast-menu-v2.0";"true"
"FC-000467";"2026-08-01";"2026-08-04";"3";"Dinner";"MI-015";"MI-015-LARGE";"Create Your Own - Seared Chicken - Large";"Large";"Create Your Own Bowl";"8.893";"8.893";"7.114";"10.672";"85.6";"38";"Rain";"None";"None";"Weekday | Rain";"168.08";"misecast-menu-v2.0";"true"
"FC-000468";"2026-08-01";"2026-08-04";"3";"Dinner";"MI-016";"MI-016-SMALL";"Create Your Own - Pan-seared Tofu - Small";"Small";"Create Your Own Bowl";"8.464";"8.464";"6.771";"10.157";"85.6";"38";"Rain";"None";"None";"Weekday | Rain";"134.58";"misecast-menu-v2.0";"true"
"FC-000469";"2026-08-01";"2026-08-04";"3";"Dinner";"MI-016";"MI-016-LARGE";"Create Your Own - Pan-seared Tofu - Large";"Large";"Create Your Own Bowl";"8.393";"8.393";"6.714";"10.072";"85.6";"38";"Rain";"None";"None";"Weekday | Rain";"158.63";"misecast-menu-v2.0";"true"
"FC-000470";"2026-08-01";"2026-08-04";"3";"Dinner";"MI-017";"MI-017-SMALL";"Create Your Own - Crispy Eggplant - Small";"Small";"Create Your Own Bowl";"9.643";"9.643";"7.714";"11.572";"85.6";"38";"Rain";"None";"None";"Weekday | Rain";"162.97";"misecast-menu-v2.0";"true"
"FC-000471";"2026-08-01";"2026-08-04";"3";"Dinner";"MI-017";"MI-017-LARGE";"Create Your Own - Crispy Eggplant - Large";"Large";"Create Your Own Bowl";"9.643";"9.643";"7.714";"11.572";"85.6";"38";"Rain";"None";"None";"Weekday | Rain";"191.9";"misecast-menu-v2.0";"true"
"FC-000472";"2026-08-01";"2026-08-04";"3";"Dinner";"MI-018";"MI-018-SMALL";"Create Your Own - Miso Beet Falafel - Small";"Small";"Create Your Own Bowl";"9.607";"9.607";"7.686";"11.528";"85.6";"38";"Rain";"None";"None";"Weekday | Rain";"162.36";"misecast-menu-v2.0";"true"
"FC-000473";"2026-08-01";"2026-08-04";"3";"Dinner";"MI-018";"MI-018-LARGE";"Create Your Own - Miso Beet Falafel - Large";"Large";"Create Your Own Bowl";"9.571";"9.571";"7.657";"11.485";"85.6";"38";"Rain";"None";"None";"Weekday | Rain";"190.46";"misecast-menu-v2.0";"true"
"FC-000474";"2026-08-01";"2026-08-04";"3";"Dinner";"MI-019";"MI-019-SMALL";"Create Your Own - Tiger Prawns - Small";"Small";"Create Your Own Bowl";"8.643";"8.643";"6.914";"10.372";"85.6";"38";"Rain";"None";"None";"Weekday | Rain";"146.07";"misecast-menu-v2.0";"true"
"FC-000475";"2026-08-01";"2026-08-04";"3";"Dinner";"MI-019";"MI-019-LARGE";"Create Your Own - Tiger Prawns - Large";"Large";"Create Your Own Bowl";"8.714";"8.714";"6.971";"10.457";"85.6";"38";"Rain";"None";"None";"Weekday | Rain";"173.41";"misecast-menu-v2.0";"true"
"FC-000476";"2026-08-01";"2026-08-04";"3";"Dinner";"MI-020";"MI-020-SMALL";"Create Your Own - Karaage Chicken - Small";"Small";"Create Your Own Bowl";"9.143";"9.143";"7.314";"10.972";"85.6";"38";"Rain";"None";"None";"Weekday | Rain";"163.66";"misecast-menu-v2.0";"true"
"FC-000477";"2026-08-01";"2026-08-04";"3";"Dinner";"MI-020";"MI-020-LARGE";"Create Your Own - Karaage Chicken - Large";"Large";"Create Your Own Bowl";"9.429";"9.429";"7.543";"11.315";"85.6";"38";"Rain";"None";"None";"Weekday | Rain";"197.07";"misecast-menu-v2.0";"true"
"FC-000478";"2026-08-01";"2026-08-04";"3";"Dinner";"MI-021";"MI-021-SMALL";"Create Your Own - Sashimi Salmon - Small";"Small";"Create Your Own Bowl";"8.143";"8.143";"6.514";"9.772";"85.6";"38";"Rain";"None";"None";"Weekday | Rain";"145.76";"misecast-menu-v2.0";"true"
"FC-000479";"2026-08-01";"2026-08-04";"3";"Dinner";"MI-021";"MI-021-LARGE";"Create Your Own - Sashimi Salmon - Large";"Large";"Create Your Own Bowl";"8.357";"8.357";"6.686";"10.028";"85.6";"38";"Rain";"None";"None";"Weekday | Rain";"174.66";"misecast-menu-v2.0";"true"
"FC-000480";"2026-08-01";"2026-08-04";"3";"Dinner";"MI-022";"MI-022-SMALL";"Create Your Own - Sashimi Tuna - Small";"Small";"Create Your Own Bowl";"8.571";"8.571";"6.857";"10.285";"85.6";"38";"Rain";"None";"None";"Weekday | Rain";"153.42";"misecast-menu-v2.0";"true"
"FC-000481";"2026-08-01";"2026-08-04";"3";"Dinner";"MI-022";"MI-022-LARGE";"Create Your Own - Sashimi Tuna - Large";"Large";"Create Your Own Bowl";"8.714";"8.714";"6.971";"10.457";"85.6";"38";"Rain";"None";"None";"Weekday | Rain";"182.12";"misecast-menu-v2.0";"true"
"FC-000482";"2026-08-01";"2026-08-04";"3";"Dinner";"MI-023";"MI-023-SMALL";"Create Your Own - Flame-seared Salmon - Small";"Small";"Create Your Own Bowl";"8.571";"8.571";"6.857";"10.285";"85.6";"38";"Rain";"None";"None";"Weekday | Rain";"161.99";"misecast-menu-v2.0";"true"
"FC-000483";"2026-08-01";"2026-08-04";"3";"Dinner";"MI-023";"MI-023-LARGE";"Create Your Own - Flame-seared Salmon - Large";"Large";"Create Your Own Bowl";"8.643";"8.643";"6.914";"10.372";"85.6";"38";"Rain";"None";"None";"Weekday | Rain";"189.28";"misecast-menu-v2.0";"true"
"FC-000484";"2026-08-01";"2026-08-04";"3";"Dinner";"MI-024";"MI-024-SMALL";"Create Your Own - Flame-seared Wagyu - Small";"Small";"Create Your Own Bowl";"8.25";"8.25";"6.6";"9.9";"85.6";"38";"Rain";"None";"None";"Weekday | Rain";"155.92";"misecast-menu-v2.0";"true"
"FC-000485";"2026-08-01";"2026-08-04";"3";"Dinner";"MI-024";"MI-024-LARGE";"Create Your Own - Flame-seared Wagyu - Large";"Large";"Create Your Own Bowl";"8.464";"8.464";"6.771";"10.157";"85.6";"38";"Rain";"None";"None";"Weekday | Rain";"185.36";"misecast-menu-v2.0";"true"
"FC-000486";"2026-08-01";"2026-08-04";"3";"Dinner";"MI-025";"MI-025-SMALL";"Create Your Own - No Protein - Small";"Small";"Create Your Own Bowl";"7.464";"7.464";"5.971";"8.957";"85.6";"38";"Rain";"None";"None";"Weekday | Rain";"96.29";"misecast-menu-v2.0";"true"
"FC-000487";"2026-08-01";"2026-08-04";"3";"Dinner";"MI-025";"MI-025-LARGE";"Create Your Own - No Protein - Large";"Large";"Create Your Own Bowl";"7.679";"7.679";"6.143";"9.215";"85.6";"38";"Rain";"None";"None";"Weekday | Rain";"122.1";"misecast-menu-v2.0";"true"
"FC-000488";"2026-08-01";"2026-08-04";"3";"Dinner";"MI-026";"MI-026-STANDARD";"Miso Soup";"Standard";"Light Bites";"10.393";"10.393";"8.314";"12.472";"85.6";"38";"Rain";"None";"None";"Weekday | Rain";"25.98";"misecast-menu-v2.0";"true"
"FC-000489";"2026-08-01";"2026-08-04";"3";"Dinner";"MI-027";"MI-027-STANDARD";"Raw Balls - Peanut Butter";"Standard";"Light Bites";"1.821";"1.821";"1.457";"2.185";"85.6";"38";"Rain";"None";"None";"Weekday | Rain";"7.65";"misecast-menu-v2.0";"true"
"FC-000490";"2026-08-01";"2026-08-04";"3";"Dinner";"MI-028";"MI-028-STANDARD";"Raw Balls - Choc Brownie";"Standard";"Light Bites";"1.786";"1.786";"1.429";"2.143";"85.6";"38";"Rain";"None";"None";"Weekday | Rain";"7.5";"misecast-menu-v2.0";"true"
"FC-000491";"2026-08-01";"2026-08-04";"3";"Dinner";"MI-029";"MI-029-STANDARD";"Raw Balls - Coconut Cacao";"Standard";"Light Bites";"1.821";"1.821";"1.457";"2.185";"85.6";"38";"Rain";"None";"None";"Weekday | Rain";"7.65";"misecast-menu-v2.0";"true"
"FC-000492";"2026-08-01";"2026-08-04";"3";"Dinner";"MI-030";"MI-030-STANDARD";"Raw Balls - Hazelnut";"Standard";"Light Bites";"1.893";"1.893";"1.514";"2.272";"85.6";"38";"Rain";"None";"None";"Weekday | Rain";"7.95";"misecast-menu-v2.0";"true"
"FC-000493";"2026-08-01";"2026-08-04";"3";"Dinner";"MI-031";"MI-031-STANDARD";"Raw Balls - Apricot Delight";"Standard";"Light Bites";"1.893";"1.893";"1.514";"2.272";"85.6";"38";"Rain";"None";"None";"Weekday | Rain";"7.95";"misecast-menu-v2.0";"true"
"FC-000494";"2026-08-01";"2026-08-04";"3";"Dinner";"MI-032";"MI-032-STANDARD";"myDeal - $5 Crispy Chicken Bites";"Standard";"Promotions";"3.464";"3.464";"2.771";"4.157";"85.6";"38";"Rain";"None";"None";"Weekday | Rain";"17.32";"misecast-menu-v2.0";"true"
"FC-000495";"2026-08-01";"2026-08-04";"3";"Dinner";"MI-033";"MI-033-STANDARD";"Coconut Water";"Standard";"Drinks";"12.214";"12.214";"9.771";"14.657";"85.6";"38";"Rain";"None";"None";"Weekday | Rain";"51.3";"misecast-menu-v2.0";"true"
"FC-000496";"2026-08-01";"2026-08-04";"3";"Dinner";"MI-034";"MI-034-STANDARD";"Cold Pressed Juice - Watermelon Lime";"Standard";"Drinks";"11.429";"11.429";"9.143";"13.715";"85.6";"38";"Rain";"None";"None";"Weekday | Rain";"62.86";"misecast-menu-v2.0";"true"
"FC-000497";"2026-08-01";"2026-08-04";"3";"Dinner";"MI-035";"MI-035-STANDARD";"Cold Pressed Juice - Classic OJ";"Standard";"Drinks";"11.393";"11.393";"9.114";"13.672";"85.6";"38";"Rain";"None";"None";"Weekday | Rain";"62.66";"misecast-menu-v2.0";"true"
"FC-000498";"2026-08-01";"2026-08-04";"3";"Dinner";"MI-036";"MI-036-STANDARD";"Cold Pressed Juice - Pineapple Mint";"Standard";"Drinks";"11.107";"11.107";"8.886";"13.328";"85.6";"38";"Rain";"None";"None";"Weekday | Rain";"61.09";"misecast-menu-v2.0";"true"
"FC-000499";"2026-08-01";"2026-08-04";"3";"Dinner";"MI-037";"MI-037-STANDARD";"Dash Sparkling Water - Lime";"Standard";"Drinks";"12.929";"12.929";"10.343";"15.515";"85.6";"38";"Rain";"None";"None";"Weekday | Rain";"51.72";"misecast-menu-v2.0";"true"
"FC-000500";"2026-08-01";"2026-08-04";"3";"Dinner";"MI-038";"MI-038-STANDARD";"Dash Sparkling Water - Raspberry";"Standard";"Drinks";"12.5";"12.5";"10";"15";"85.6";"38";"Rain";"None";"None";"Weekday | Rain";"50";"misecast-menu-v2.0";"true"
"FC-000501";"2026-08-01";"2026-08-04";"3";"Dinner";"MI-039";"MI-039-STANDARD";"Dash Sparkling Water - Peach";"Standard";"Drinks";"12.714";"12.714";"10.171";"15.257";"85.6";"38";"Rain";"None";"None";"Weekday | Rain";"50.86";"misecast-menu-v2.0";"true"
"FC-000502";"2026-08-01";"2026-08-04";"3";"Dinner";"MI-040";"MI-040-STANDARD";"Kombucha - Ginger Lemon";"Standard";"Drinks";"12.536";"12.536";"10.029";"15.043";"85.6";"38";"Rain";"None";"None";"Weekday | Rain";"68.95";"misecast-menu-v2.0";"true"
"FC-000503";"2026-08-01";"2026-08-04";"3";"Dinner";"MI-041";"MI-041-STANDARD";"Kombucha - Lemon Lime Mint";"Standard";"Drinks";"12.643";"12.643";"10.114";"15.172";"85.6";"38";"Rain";"None";"None";"Weekday | Rain";"69.54";"misecast-menu-v2.0";"true"
"FC-000504";"2026-08-01";"2026-08-04";"3";"Dinner";"MI-042";"MI-042-STANDARD";"Kombucha - Peach";"Standard";"Drinks";"12.536";"12.536";"10.029";"15.043";"85.6";"38";"Rain";"None";"None";"Weekday | Rain";"68.95";"misecast-menu-v2.0";"true"
"FC-000505";"2026-08-01";"2026-08-04";"3";"Dinner";"MI-043";"MI-043-STANDARD";"Kombucha - Raspberry Lemonade";"Standard";"Drinks";"12.821";"12.821";"10.257";"15.385";"85.6";"38";"Rain";"None";"None";"Weekday | Rain";"70.52";"misecast-menu-v2.0";"true"
"FC-000506";"2026-08-01";"2026-08-04";"3";"Dinner";"MI-044";"MI-044-STANDARD";"Sodaly - Passionfruit";"Standard";"Drinks";"12.679";"12.679";"10.143";"15.215";"85.6";"38";"Rain";"None";"None";"Weekday | Rain";"62.13";"misecast-menu-v2.0";"true"
"FC-000507";"2026-08-01";"2026-08-04";"3";"Dinner";"MI-045";"MI-045-STANDARD";"Sodaly - Guava";"Standard";"Drinks";"12.393";"12.393";"9.914";"14.872";"85.6";"38";"Rain";"None";"None";"Weekday | Rain";"60.73";"misecast-menu-v2.0";"true"
"FC-000508";"2026-08-01";"2026-08-04";"3";"Dinner";"MI-046";"MI-046-STANDARD";"Sodaly - Raspberry";"Standard";"Drinks";"12.893";"12.893";"10.314";"15.472";"85.6";"38";"Rain";"None";"None";"Weekday | Rain";"63.18";"misecast-menu-v2.0";"true"
"FC-000509";"2026-08-01";"2026-08-04";"3";"Dinner";"MI-047";"MI-047-STANDARD";"Sparkling Water";"Standard";"Drinks";"19.179";"19.179";"15.343";"23.015";"85.6";"38";"Rain";"None";"None";"Weekday | Rain";"67.13";"misecast-menu-v2.0";"true"
"FC-000510";"2026-08-01";"2026-08-04";"3";"Dinner";"MI-048";"MI-048-STANDARD";"Specialty Soda - Gingerella";"Standard";"Drinks";"12.464";"12.464";"9.971";"14.957";"85.6";"38";"Rain";"None";"None";"Weekday | Rain";"61.07";"misecast-menu-v2.0";"true"
"FC-000511";"2026-08-01";"2026-08-04";"3";"Dinner";"MI-049";"MI-049-STANDARD";"Specialty Soda - Karma Cola";"Standard";"Drinks";"12.536";"12.536";"10.029";"15.043";"85.6";"38";"Rain";"None";"None";"Weekday | Rain";"61.43";"misecast-menu-v2.0";"true"
"FC-000512";"2026-08-01";"2026-08-04";"3";"Dinner";"MI-050";"MI-050-STANDARD";"Specialty Soda - Lemmy";"Standard";"Drinks";"12.571";"12.571";"10.057";"15.085";"85.6";"38";"Rain";"None";"None";"Weekday | Rain";"61.6";"misecast-menu-v2.0";"true"
"FC-000513";"2026-08-01";"2026-08-04";"3";"Dinner";"MI-051";"MI-051-STANDARD";"Still Water";"Standard";"Drinks";"22.821";"22.821";"18.257";"27.385";"85.6";"38";"Rain";"None";"None";"Weekday | Rain";"68.46";"misecast-menu-v2.0";"true"
"FC-000514";"2026-08-01";"2026-08-04";"3";"Dinner";"MI-052";"MI-052-STANDARD";"Yuzu Ginger Cha";"Standard";"Drinks";"11.679";"11.679";"9.343";"14.015";"85.6";"38";"Rain";"None";"None";"Weekday | Rain";"52.56";"misecast-menu-v2.0";"true"
"FC-000515";"2026-08-01";"2026-08-04";"3";"Dinner";"MI-053";"MI-053-STANDARD";"Avocado";"Standard";"Add-ons / Modifiers";"1.464";"1.464";"1.171";"1.757";"85.6";"38";"Rain";"None";"None";"Weekday | Rain";"2.93";"misecast-menu-v2.0";"true"
"FC-000516";"2026-08-01";"2026-08-04";"3";"Dinner";"MI-054";"MI-054-STANDARD";"63 deg egg";"Standard";"Add-ons / Modifiers";"2";"2";"1.6";"2.4";"85.6";"38";"Rain";"None";"None";"Weekday | Rain";"5";"misecast-menu-v2.0";"true"
"FC-000517";"2026-08-01";"2026-08-04";"3";"Dinner";"MI-055";"MI-055-STANDARD";"Extra Salad";"Standard";"Add-ons / Modifiers";"2.214";"2.214";"1.771";"2.657";"85.6";"38";"Rain";"None";"None";"Weekday | Rain";"4.43";"misecast-menu-v2.0";"true"
"FC-000518";"2026-08-01";"2026-08-04";"3";"Dinner";"MI-056";"MI-056-STANDARD";"Standard topping (kimchi, corn, edamame, nori, etc.)";"Standard";"Add-ons / Modifiers";"1.143";"1.143";"0.914";"1.372";"85.6";"38";"Rain";"None";"None";"Weekday | Rain";"0.57";"misecast-menu-v2.0";"true"
"FC-000519";"2026-08-01";"2026-08-04";"3";"Dinner";"MI-057";"MI-057-STANDARD";"Extra Sauce (any)";"Standard";"Add-ons / Modifiers";"1.036";"1.036";"0.829";"1.243";"85.6";"38";"Rain";"None";"None";"Weekday | Rain";"1.55";"misecast-menu-v2.0";"true"
"FC-000520";"2026-08-01";"2026-08-04";"3";"Dinner";"MI-058";"MI-058-STANDARD";"Extra Sous-vide / Seared Chicken";"Standard";"Add-ons / Modifiers";"3.107";"3.107";"2.486";"3.728";"85.6";"38";"Rain";"None";"None";"Weekday | Rain";"12.43";"misecast-menu-v2.0";"true"
"FC-000521";"2026-08-01";"2026-08-04";"3";"Dinner";"MI-059";"MI-059-STANDARD";"Extra Pan Seared Tofu";"Standard";"Add-ons / Modifiers";"2.393";"2.393";"1.914";"2.872";"85.6";"38";"Rain";"None";"None";"Weekday | Rain";"9.57";"misecast-menu-v2.0";"true"
"FC-000522";"2026-08-01";"2026-08-04";"3";"Dinner";"MI-060";"MI-060-STANDARD";"Extra Eggplant";"Standard";"Add-ons / Modifiers";"3.893";"3.893";"3.114";"4.672";"85.6";"38";"Rain";"None";"None";"Weekday | Rain";"15.57";"misecast-menu-v2.0";"true"
"FC-000523";"2026-08-01";"2026-08-04";"3";"Dinner";"MI-061";"MI-061-STANDARD";"Extra Falafels";"Standard";"Add-ons / Modifiers";"4.679";"4.679";"3.743";"5.615";"85.6";"38";"Rain";"None";"None";"Weekday | Rain";"23.4";"misecast-menu-v2.0";"true"
"FC-000524";"2026-08-01";"2026-08-04";"3";"Dinner";"MI-062";"MI-062-STANDARD";"Extra Karaage Chicken";"Standard";"Add-ons / Modifiers";"3.786";"3.786";"3.029";"4.543";"85.6";"38";"Rain";"None";"None";"Weekday | Rain";"18.93";"misecast-menu-v2.0";"true"
"FC-000525";"2026-08-01";"2026-08-04";"3";"Dinner";"MI-063";"MI-063-STANDARD";"Extra Tiger Prawns";"Standard";"Add-ons / Modifiers";"2.357";"2.357";"1.886";"2.828";"85.6";"38";"Rain";"None";"None";"Weekday | Rain";"11.79";"misecast-menu-v2.0";"true"
"FC-000526";"2026-08-01";"2026-08-04";"3";"Dinner";"MI-064";"MI-064-STANDARD";"Extra Aburi / Sashimi Salmon";"Standard";"Add-ons / Modifiers";"2.464";"2.464";"1.971";"2.957";"85.6";"38";"Rain";"None";"None";"Weekday | Rain";"14.78";"misecast-menu-v2.0";"true"
"FC-000527";"2026-08-01";"2026-08-04";"3";"Dinner";"MI-065";"MI-065-STANDARD";"Extra Sashimi Tuna";"Standard";"Add-ons / Modifiers";"2.357";"2.357";"1.886";"2.828";"85.6";"38";"Rain";"None";"None";"Weekday | Rain";"14.14";"misecast-menu-v2.0";"true"
"FC-000528";"2026-08-01";"2026-08-04";"3";"Dinner";"MI-066";"MI-066-STANDARD";"Extra Wagyu";"Standard";"Add-ons / Modifiers";"2.143";"2.143";"1.714";"2.572";"85.6";"38";"Rain";"None";"None";"Weekday | Rain";"12.86";"misecast-menu-v2.0";"true"
"FC-000529";"2026-08-01";"2026-08-05";"4";"Lunch";"MI-001";"MI-001-SMALL";"Chicken Teriyaki Bowl - Small";"Small";"Signature Nosh Bowls";"6.786";"6.786";"5.429";"8.143";"84.8";"20";"Heavy rain";"None";"None";"Weekday | Heavy rain";"101.11";"misecast-menu-v2.0";"true"
"FC-000530";"2026-08-01";"2026-08-05";"4";"Lunch";"MI-001";"MI-001-LARGE";"Chicken Teriyaki Bowl - Large";"Large";"Signature Nosh Bowls";"6.679";"6.679";"5.343";"8.015";"84.8";"20";"Heavy rain";"None";"None";"Weekday | Heavy rain";"119.55";"misecast-menu-v2.0";"true"
"FC-000531";"2026-08-01";"2026-08-05";"4";"Lunch";"MI-002";"MI-002-SMALL";"Tofu Teriyaki Bowl - Small";"Small";"Signature Nosh Bowls";"6.179";"6.179";"4.943";"7.415";"84.8";"20";"Heavy rain";"None";"None";"Weekday | Heavy rain";"92.07";"misecast-menu-v2.0";"true"
"FC-000532";"2026-08-01";"2026-08-05";"4";"Lunch";"MI-002";"MI-002-LARGE";"Tofu Teriyaki Bowl - Large";"Large";"Signature Nosh Bowls";"6";"6";"4.8";"7.2";"84.8";"20";"Heavy rain";"None";"None";"Weekday | Heavy rain";"107.4";"misecast-menu-v2.0";"true"
"FC-000533";"2026-08-01";"2026-08-05";"4";"Lunch";"MI-003";"MI-003-SMALL";"Miso Eggplant Bowl - Small";"Small";"Signature Nosh Bowls";"6.679";"6.679";"5.343";"8.015";"84.8";"20";"Heavy rain";"None";"None";"Weekday | Heavy rain";"106.2";"misecast-menu-v2.0";"true"
"FC-000534";"2026-08-01";"2026-08-05";"4";"Lunch";"MI-003";"MI-003-LARGE";"Miso Eggplant Bowl - Large";"Large";"Signature Nosh Bowls";"6.607";"6.607";"5.286";"7.928";"84.8";"20";"Heavy rain";"None";"None";"Weekday | Heavy rain";"124.87";"misecast-menu-v2.0";"true"
"FC-000535";"2026-08-01";"2026-08-05";"4";"Lunch";"MI-004";"MI-004-SMALL";"Miso Falalalafel - Small";"Small";"Signature Nosh Bowls";"7.714";"7.714";"6.171";"9.257";"84.8";"20";"Heavy rain";"None";"None";"Weekday | Heavy rain";"122.65";"misecast-menu-v2.0";"true"
"FC-000536";"2026-08-01";"2026-08-05";"4";"Lunch";"MI-004";"MI-004-LARGE";"Miso Falalalafel - Large";"Large";"Signature Nosh Bowls";"7.714";"7.714";"6.171";"9.257";"84.8";"20";"Heavy rain";"None";"None";"Weekday | Heavy rain";"145.79";"misecast-menu-v2.0";"true"
"FC-000537";"2026-08-01";"2026-08-05";"4";"Lunch";"MI-005";"MI-005-SMALL";"Sashimi Bowl - Small";"Small";"Signature Nosh Bowls";"6.821";"6.821";"5.457";"8.185";"84.8";"20";"Heavy rain";"None";"None";"Weekday | Heavy rain";"122.1";"misecast-menu-v2.0";"true"
"FC-000538";"2026-08-01";"2026-08-05";"4";"Lunch";"MI-005";"MI-005-LARGE";"Sashimi Bowl - Large";"Large";"Signature Nosh Bowls";"7.036";"7.036";"5.629";"8.443";"84.8";"20";"Heavy rain";"None";"None";"Weekday | Heavy rain";"147.05";"misecast-menu-v2.0";"true"
"FC-000539";"2026-08-01";"2026-08-05";"4";"Lunch";"MI-006";"MI-006-SMALL";"Poke Bowl - Small";"Small";"Signature Nosh Bowls";"6.357";"6.357";"5.086";"7.628";"84.8";"20";"Heavy rain";"None";"None";"Weekday | Heavy rain";"107.43";"misecast-menu-v2.0";"true"
"FC-000540";"2026-08-01";"2026-08-05";"4";"Lunch";"MI-006";"MI-006-LARGE";"Poke Bowl - Large";"Large";"Signature Nosh Bowls";"6.25";"6.25";"5";"7.5";"84.8";"20";"Heavy rain";"None";"None";"Weekday | Heavy rain";"124.37";"misecast-menu-v2.0";"true"
"FC-000541";"2026-08-01";"2026-08-05";"4";"Lunch";"MI-007";"MI-007-SMALL";"Wagyu Beef Bowl - Small";"Small";"Signature Nosh Bowls";"6.643";"6.643";"5.314";"7.972";"84.8";"20";"Heavy rain";"None";"None";"Weekday | Heavy rain";"118.91";"misecast-menu-v2.0";"true"
"FC-000542";"2026-08-01";"2026-08-05";"4";"Lunch";"MI-007";"MI-007-LARGE";"Wagyu Beef Bowl - Large";"Large";"Signature Nosh Bowls";"6.571";"6.571";"5.257";"7.885";"84.8";"20";"Heavy rain";"None";"None";"Weekday | Heavy rain";"137.33";"misecast-menu-v2.0";"true"
"FC-000543";"2026-08-01";"2026-08-05";"4";"Lunch";"MI-008";"MI-008-SMALL";"Karaage Chicken Bowl - Small";"Small";"Signature Nosh Bowls";"6.643";"6.643";"5.314";"7.972";"84.8";"20";"Heavy rain";"None";"None";"Weekday | Heavy rain";"112.27";"misecast-menu-v2.0";"true"
"FC-000544";"2026-08-01";"2026-08-05";"4";"Lunch";"MI-008";"MI-008-LARGE";"Karaage Chicken Bowl - Large";"Large";"Signature Nosh Bowls";"6.429";"6.429";"5.143";"7.715";"84.8";"20";"Heavy rain";"None";"None";"Weekday | Heavy rain";"127.94";"misecast-menu-v2.0";"true"
"FC-000545";"2026-08-01";"2026-08-05";"4";"Lunch";"MI-009";"MI-009-SMALL";"Power Meal - Small";"Small";"Signature Nosh Bowls";"8";"8";"6.4";"9.6";"84.8";"20";"Heavy rain";"None";"None";"Weekday | Heavy rain";"151.2";"misecast-menu-v2.0";"true"
"FC-000546";"2026-08-01";"2026-08-05";"4";"Lunch";"MI-009";"MI-009-LARGE";"Power Meal - Large";"Large";"Signature Nosh Bowls";"7.821";"7.821";"6.257";"9.385";"84.8";"20";"Heavy rain";"None";"None";"Weekday | Heavy rain";"171.28";"misecast-menu-v2.0";"true"
"FC-000547";"2026-08-01";"2026-08-05";"4";"Lunch";"MI-010";"MI-010-SMALL";"Salmon Yuzu Bowl - Small";"Small";"Signature Nosh Bowls";"7.071";"7.071";"5.657";"8.485";"84.8";"20";"Heavy rain";"None";"None";"Weekday | Heavy rain";"126.57";"misecast-menu-v2.0";"true"
"FC-000548";"2026-08-01";"2026-08-05";"4";"Lunch";"MI-010";"MI-010-LARGE";"Salmon Yuzu Bowl - Large";"Large";"Signature Nosh Bowls";"6.929";"6.929";"5.543";"8.315";"84.8";"20";"Heavy rain";"None";"None";"Weekday | Heavy rain";"144.82";"misecast-menu-v2.0";"true"
"FC-000549";"2026-08-01";"2026-08-05";"4";"Lunch";"MI-011";"MI-011-STANDARD";"Karaage Bento";"Standard";"Protein Bento";"15.786";"15.786";"12.629";"18.943";"84.8";"20";"Heavy rain";"None";"None";"Weekday | Heavy rain";"219.43";"misecast-menu-v2.0";"true"
"FC-000550";"2026-08-01";"2026-08-05";"4";"Lunch";"MI-012";"MI-012-STANDARD";"Salmon Aburi Bento";"Standard";"Protein Bento";"15.929";"15.929";"12.743";"19.115";"84.8";"20";"Heavy rain";"None";"None";"Weekday | Heavy rain";"237.34";"misecast-menu-v2.0";"true"
"FC-000551";"2026-08-01";"2026-08-05";"4";"Lunch";"MI-013";"MI-013-STANDARD";"Tofu Bento";"Standard";"Protein Bento";"15.964";"15.964";"12.771";"19.157";"84.8";"20";"Heavy rain";"None";"None";"Weekday | Heavy rain";"205.94";"misecast-menu-v2.0";"true"
"FC-000552";"2026-08-01";"2026-08-05";"4";"Lunch";"MI-014";"MI-014-SMALL";"Create Your Own - Sous-vide Chicken - Small";"Small";"Create Your Own Bowl";"6.036";"6.036";"4.829";"7.243";"84.8";"20";"Heavy rain";"None";"None";"Weekday | Heavy rain";"95.97";"misecast-menu-v2.0";"true"
"FC-000553";"2026-08-01";"2026-08-05";"4";"Lunch";"MI-014";"MI-014-LARGE";"Create Your Own - Sous-vide Chicken - Large";"Large";"Create Your Own Bowl";"6.214";"6.214";"4.971";"7.457";"84.8";"20";"Heavy rain";"None";"None";"Weekday | Heavy rain";"117.44";"misecast-menu-v2.0";"true"
"FC-000554";"2026-08-01";"2026-08-05";"4";"Lunch";"MI-015";"MI-015-SMALL";"Create Your Own - Seared Chicken - Small";"Small";"Create Your Own Bowl";"6.393";"6.393";"5.114";"7.672";"84.8";"20";"Heavy rain";"None";"None";"Weekday | Heavy rain";"101.65";"misecast-menu-v2.0";"true"
"FC-000555";"2026-08-01";"2026-08-05";"4";"Lunch";"MI-015";"MI-015-LARGE";"Create Your Own - Seared Chicken - Large";"Large";"Create Your Own Bowl";"6.357";"6.357";"5.086";"7.628";"84.8";"20";"Heavy rain";"None";"None";"Weekday | Heavy rain";"120.15";"misecast-menu-v2.0";"true"
"FC-000556";"2026-08-01";"2026-08-05";"4";"Lunch";"MI-016";"MI-016-SMALL";"Create Your Own - Pan-seared Tofu - Small";"Small";"Create Your Own Bowl";"5.893";"5.893";"4.714";"7.072";"84.8";"20";"Heavy rain";"None";"None";"Weekday | Heavy rain";"93.7";"misecast-menu-v2.0";"true"
"FC-000557";"2026-08-01";"2026-08-05";"4";"Lunch";"MI-016";"MI-016-LARGE";"Create Your Own - Pan-seared Tofu - Large";"Large";"Create Your Own Bowl";"5.964";"5.964";"4.771";"7.157";"84.8";"20";"Heavy rain";"None";"None";"Weekday | Heavy rain";"112.72";"misecast-menu-v2.0";"true"
"FC-000558";"2026-08-01";"2026-08-05";"4";"Lunch";"MI-017";"MI-017-SMALL";"Create Your Own - Crispy Eggplant - Small";"Small";"Create Your Own Bowl";"6.571";"6.571";"5.257";"7.885";"84.8";"20";"Heavy rain";"None";"None";"Weekday | Heavy rain";"111.05";"misecast-menu-v2.0";"true"
"FC-000559";"2026-08-01";"2026-08-05";"4";"Lunch";"MI-017";"MI-017-LARGE";"Create Your Own - Crispy Eggplant - Large";"Large";"Create Your Own Bowl";"6.571";"6.571";"5.257";"7.885";"84.8";"20";"Heavy rain";"None";"None";"Weekday | Heavy rain";"130.76";"misecast-menu-v2.0";"true"
"FC-000560";"2026-08-01";"2026-08-05";"4";"Lunch";"MI-018";"MI-018-SMALL";"Create Your Own - Miso Beet Falafel - Small";"Small";"Create Your Own Bowl";"7.107";"7.107";"5.686";"8.528";"84.8";"20";"Heavy rain";"None";"None";"Weekday | Heavy rain";"120.11";"misecast-menu-v2.0";"true"
"FC-000561";"2026-08-01";"2026-08-05";"4";"Lunch";"MI-018";"MI-018-LARGE";"Create Your Own - Miso Beet Falafel - Large";"Large";"Create Your Own Bowl";"7.107";"7.107";"5.686";"8.528";"84.8";"20";"Heavy rain";"None";"None";"Weekday | Heavy rain";"141.43";"misecast-menu-v2.0";"true"
"FC-000562";"2026-08-01";"2026-08-05";"4";"Lunch";"MI-019";"MI-019-SMALL";"Create Your Own - Tiger Prawns - Small";"Small";"Create Your Own Bowl";"5.893";"5.893";"4.714";"7.072";"84.8";"20";"Heavy rain";"None";"None";"Weekday | Heavy rain";"99.59";"misecast-menu-v2.0";"true"
"FC-000563";"2026-08-01";"2026-08-05";"4";"Lunch";"MI-019";"MI-019-LARGE";"Create Your Own - Tiger Prawns - Large";"Large";"Create Your Own Bowl";"5.821";"5.821";"4.657";"6.985";"84.8";"20";"Heavy rain";"None";"None";"Weekday | Heavy rain";"115.84";"misecast-menu-v2.0";"true"
"FC-000564";"2026-08-01";"2026-08-05";"4";"Lunch";"MI-020";"MI-020-SMALL";"Create Your Own - Karaage Chicken - Small";"Small";"Create Your Own Bowl";"6.75";"6.75";"5.4";"8.1";"84.8";"20";"Heavy rain";"None";"None";"Weekday | Heavy rain";"120.82";"misecast-menu-v2.0";"true"
"FC-000565";"2026-08-01";"2026-08-05";"4";"Lunch";"MI-020";"MI-020-LARGE";"Create Your Own - Karaage Chicken - Large";"Large";"Create Your Own Bowl";"6.464";"6.464";"5.171";"7.757";"84.8";"20";"Heavy rain";"None";"None";"Weekday | Heavy rain";"135.1";"misecast-menu-v2.0";"true"
"FC-000566";"2026-08-01";"2026-08-05";"4";"Lunch";"MI-021";"MI-021-SMALL";"Create Your Own - Sashimi Salmon - Small";"Small";"Create Your Own Bowl";"5.964";"5.964";"4.771";"7.157";"84.8";"20";"Heavy rain";"None";"None";"Weekday | Heavy rain";"106.76";"misecast-menu-v2.0";"true"
"FC-000567";"2026-08-01";"2026-08-05";"4";"Lunch";"MI-021";"MI-021-LARGE";"Create Your Own - Sashimi Salmon - Large";"Large";"Create Your Own Bowl";"5.75";"5.75";"4.6";"6.9";"84.8";"20";"Heavy rain";"None";"None";"Weekday | Heavy rain";"120.18";"misecast-menu-v2.0";"true"
"FC-000568";"2026-08-01";"2026-08-05";"4";"Lunch";"MI-022";"MI-022-SMALL";"Create Your Own - Sashimi Tuna - Small";"Small";"Create Your Own Bowl";"6.179";"6.179";"4.943";"7.415";"84.8";"20";"Heavy rain";"None";"None";"Weekday | Heavy rain";"110.6";"misecast-menu-v2.0";"true"
"FC-000569";"2026-08-01";"2026-08-05";"4";"Lunch";"MI-022";"MI-022-LARGE";"Create Your Own - Sashimi Tuna - Large";"Large";"Create Your Own Bowl";"6.036";"6.036";"4.829";"7.243";"84.8";"20";"Heavy rain";"None";"None";"Weekday | Heavy rain";"126.15";"misecast-menu-v2.0";"true"
"FC-000570";"2026-08-01";"2026-08-05";"4";"Lunch";"MI-023";"MI-023-SMALL";"Create Your Own - Flame-seared Salmon - Small";"Small";"Create Your Own Bowl";"5.929";"5.929";"4.743";"7.115";"84.8";"20";"Heavy rain";"None";"None";"Weekday | Heavy rain";"112.06";"misecast-menu-v2.0";"true"
"FC-000571";"2026-08-01";"2026-08-05";"4";"Lunch";"MI-023";"MI-023-LARGE";"Create Your Own - Flame-seared Salmon - Large";"Large";"Create Your Own Bowl";"5.857";"5.857";"4.686";"7.028";"84.8";"20";"Heavy rain";"None";"None";"Weekday | Heavy rain";"128.27";"misecast-menu-v2.0";"true"
"FC-000572";"2026-08-01";"2026-08-05";"4";"Lunch";"MI-024";"MI-024-SMALL";"Create Your Own - Flame-seared Wagyu - Small";"Small";"Create Your Own Bowl";"5.929";"5.929";"4.743";"7.115";"84.8";"20";"Heavy rain";"None";"None";"Weekday | Heavy rain";"112.06";"misecast-menu-v2.0";"true"
"FC-000573";"2026-08-01";"2026-08-05";"4";"Lunch";"MI-024";"MI-024-LARGE";"Create Your Own - Flame-seared Wagyu - Large";"Large";"Create Your Own Bowl";"5.679";"5.679";"4.543";"6.815";"84.8";"20";"Heavy rain";"None";"None";"Weekday | Heavy rain";"124.37";"misecast-menu-v2.0";"true"
"FC-000574";"2026-08-01";"2026-08-05";"4";"Lunch";"MI-025";"MI-025-SMALL";"Create Your Own - No Protein - Small";"Small";"Create Your Own Bowl";"4.821";"4.821";"3.857";"5.785";"84.8";"20";"Heavy rain";"None";"None";"Weekday | Heavy rain";"62.19";"misecast-menu-v2.0";"true"
"FC-000575";"2026-08-01";"2026-08-05";"4";"Lunch";"MI-025";"MI-025-LARGE";"Create Your Own - No Protein - Large";"Large";"Create Your Own Bowl";"4.643";"4.643";"3.714";"5.572";"84.8";"20";"Heavy rain";"None";"None";"Weekday | Heavy rain";"73.82";"misecast-menu-v2.0";"true"
"FC-000576";"2026-08-01";"2026-08-05";"4";"Lunch";"MI-026";"MI-026-STANDARD";"Miso Soup";"Standard";"Light Bites";"9.714";"9.714";"7.771";"11.657";"84.8";"20";"Heavy rain";"None";"None";"Weekday | Heavy rain";"24.29";"misecast-menu-v2.0";"true"
"FC-000577";"2026-08-01";"2026-08-05";"4";"Lunch";"MI-027";"MI-027-STANDARD";"Raw Balls - Peanut Butter";"Standard";"Light Bites";"1.964";"1.964";"1.571";"2.357";"84.8";"20";"Heavy rain";"None";"None";"Weekday | Heavy rain";"8.25";"misecast-menu-v2.0";"true"
"FC-000578";"2026-08-01";"2026-08-05";"4";"Lunch";"MI-028";"MI-028-STANDARD";"Raw Balls - Choc Brownie";"Standard";"Light Bites";"1.893";"1.893";"1.514";"2.272";"84.8";"20";"Heavy rain";"None";"None";"Weekday | Heavy rain";"7.95";"misecast-menu-v2.0";"true"
"FC-000579";"2026-08-01";"2026-08-05";"4";"Lunch";"MI-029";"MI-029-STANDARD";"Raw Balls - Coconut Cacao";"Standard";"Light Bites";"1.893";"1.893";"1.514";"2.272";"84.8";"20";"Heavy rain";"None";"None";"Weekday | Heavy rain";"7.95";"misecast-menu-v2.0";"true"
"FC-000580";"2026-08-01";"2026-08-05";"4";"Lunch";"MI-030";"MI-030-STANDARD";"Raw Balls - Hazelnut";"Standard";"Light Bites";"1.786";"1.786";"1.429";"2.143";"84.8";"20";"Heavy rain";"None";"None";"Weekday | Heavy rain";"7.5";"misecast-menu-v2.0";"true"
"FC-000581";"2026-08-01";"2026-08-05";"4";"Lunch";"MI-031";"MI-031-STANDARD";"Raw Balls - Apricot Delight";"Standard";"Light Bites";"1.893";"1.893";"1.514";"2.272";"84.8";"20";"Heavy rain";"None";"None";"Weekday | Heavy rain";"7.95";"misecast-menu-v2.0";"true"
"FC-000582";"2026-08-01";"2026-08-05";"4";"Lunch";"MI-032";"MI-032-STANDARD";"myDeal - $5 Crispy Chicken Bites";"Standard";"Promotions";"3.286";"3.286";"2.629";"3.943";"84.8";"20";"Heavy rain";"None";"None";"Weekday | Heavy rain";"16.43";"misecast-menu-v2.0";"true"
"FC-000583";"2026-08-01";"2026-08-05";"4";"Lunch";"MI-033";"MI-033-STANDARD";"Coconut Water";"Standard";"Drinks";"12.179";"12.179";"9.743";"14.615";"84.8";"20";"Heavy rain";"None";"None";"Weekday | Heavy rain";"51.15";"misecast-menu-v2.0";"true"
"FC-000584";"2026-08-01";"2026-08-05";"4";"Lunch";"MI-034";"MI-034-STANDARD";"Cold Pressed Juice - Watermelon Lime";"Standard";"Drinks";"11.214";"11.214";"8.971";"13.457";"84.8";"20";"Heavy rain";"None";"None";"Weekday | Heavy rain";"61.68";"misecast-menu-v2.0";"true"
"FC-000585";"2026-08-01";"2026-08-05";"4";"Lunch";"MI-035";"MI-035-STANDARD";"Cold Pressed Juice - Classic OJ";"Standard";"Drinks";"11.429";"11.429";"9.143";"13.715";"84.8";"20";"Heavy rain";"None";"None";"Weekday | Heavy rain";"62.86";"misecast-menu-v2.0";"true"
"FC-000586";"2026-08-01";"2026-08-05";"4";"Lunch";"MI-036";"MI-036-STANDARD";"Cold Pressed Juice - Pineapple Mint";"Standard";"Drinks";"11.393";"11.393";"9.114";"13.672";"84.8";"20";"Heavy rain";"None";"None";"Weekday | Heavy rain";"62.66";"misecast-menu-v2.0";"true"
"FC-000587";"2026-08-01";"2026-08-05";"4";"Lunch";"MI-037";"MI-037-STANDARD";"Dash Sparkling Water - Lime";"Standard";"Drinks";"12.071";"12.071";"9.657";"14.485";"84.8";"20";"Heavy rain";"None";"None";"Weekday | Heavy rain";"48.28";"misecast-menu-v2.0";"true"
"FC-000588";"2026-08-01";"2026-08-05";"4";"Lunch";"MI-038";"MI-038-STANDARD";"Dash Sparkling Water - Raspberry";"Standard";"Drinks";"12.357";"12.357";"9.886";"14.828";"84.8";"20";"Heavy rain";"None";"None";"Weekday | Heavy rain";"49.43";"misecast-menu-v2.0";"true"
"FC-000589";"2026-08-01";"2026-08-05";"4";"Lunch";"MI-039";"MI-039-STANDARD";"Dash Sparkling Water - Peach";"Standard";"Drinks";"12.179";"12.179";"9.743";"14.615";"84.8";"20";"Heavy rain";"None";"None";"Weekday | Heavy rain";"48.72";"misecast-menu-v2.0";"true"
"FC-000590";"2026-08-01";"2026-08-05";"4";"Lunch";"MI-040";"MI-040-STANDARD";"Kombucha - Ginger Lemon";"Standard";"Drinks";"12.25";"12.25";"9.8";"14.7";"84.8";"20";"Heavy rain";"None";"None";"Weekday | Heavy rain";"67.38";"misecast-menu-v2.0";"true"
"FC-000591";"2026-08-01";"2026-08-05";"4";"Lunch";"MI-041";"MI-041-STANDARD";"Kombucha - Lemon Lime Mint";"Standard";"Drinks";"11.964";"11.964";"9.571";"14.357";"84.8";"20";"Heavy rain";"None";"None";"Weekday | Heavy rain";"65.8";"misecast-menu-v2.0";"true"
"FC-000592";"2026-08-01";"2026-08-05";"4";"Lunch";"MI-042";"MI-042-STANDARD";"Kombucha - Peach";"Standard";"Drinks";"12.5";"12.5";"10";"15";"84.8";"20";"Heavy rain";"None";"None";"Weekday | Heavy rain";"68.75";"misecast-menu-v2.0";"true"
"FC-000593";"2026-08-01";"2026-08-05";"4";"Lunch";"MI-043";"MI-043-STANDARD";"Kombucha - Raspberry Lemonade";"Standard";"Drinks";"12.071";"12.071";"9.657";"14.485";"84.8";"20";"Heavy rain";"None";"None";"Weekday | Heavy rain";"66.39";"misecast-menu-v2.0";"true"
"FC-000594";"2026-08-01";"2026-08-05";"4";"Lunch";"MI-044";"MI-044-STANDARD";"Sodaly - Passionfruit";"Standard";"Drinks";"12.429";"12.429";"9.943";"14.915";"84.8";"20";"Heavy rain";"None";"None";"Weekday | Heavy rain";"60.9";"misecast-menu-v2.0";"true"
"FC-000595";"2026-08-01";"2026-08-05";"4";"Lunch";"MI-045";"MI-045-STANDARD";"Sodaly - Guava";"Standard";"Drinks";"12.536";"12.536";"10.029";"15.043";"84.8";"20";"Heavy rain";"None";"None";"Weekday | Heavy rain";"61.43";"misecast-menu-v2.0";"true"
"FC-000596";"2026-08-01";"2026-08-05";"4";"Lunch";"MI-046";"MI-046-STANDARD";"Sodaly - Raspberry";"Standard";"Drinks";"12.429";"12.429";"9.943";"14.915";"84.8";"20";"Heavy rain";"None";"None";"Weekday | Heavy rain";"60.9";"misecast-menu-v2.0";"true"
"FC-000597";"2026-08-01";"2026-08-05";"4";"Lunch";"MI-047";"MI-047-STANDARD";"Sparkling Water";"Standard";"Drinks";"18.75";"18.75";"15";"22.5";"84.8";"20";"Heavy rain";"None";"None";"Weekday | Heavy rain";"65.63";"misecast-menu-v2.0";"true"
"FC-000598";"2026-08-01";"2026-08-05";"4";"Lunch";"MI-048";"MI-048-STANDARD";"Specialty Soda - Gingerella";"Standard";"Drinks";"12.179";"12.179";"9.743";"14.615";"84.8";"20";"Heavy rain";"None";"None";"Weekday | Heavy rain";"59.68";"misecast-menu-v2.0";"true"
"FC-000599";"2026-08-01";"2026-08-05";"4";"Lunch";"MI-049";"MI-049-STANDARD";"Specialty Soda - Karma Cola";"Standard";"Drinks";"12.393";"12.393";"9.914";"14.872";"84.8";"20";"Heavy rain";"None";"None";"Weekday | Heavy rain";"60.73";"misecast-menu-v2.0";"true"
"FC-000600";"2026-08-01";"2026-08-05";"4";"Lunch";"MI-050";"MI-050-STANDARD";"Specialty Soda - Lemmy";"Standard";"Drinks";"12.107";"12.107";"9.686";"14.528";"84.8";"20";"Heavy rain";"None";"None";"Weekday | Heavy rain";"59.32";"misecast-menu-v2.0";"true"
"FC-000601";"2026-08-01";"2026-08-05";"4";"Lunch";"MI-051";"MI-051-STANDARD";"Still Water";"Standard";"Drinks";"22.286";"22.286";"17.829";"26.743";"84.8";"20";"Heavy rain";"None";"None";"Weekday | Heavy rain";"66.86";"misecast-menu-v2.0";"true"
"FC-000602";"2026-08-01";"2026-08-05";"4";"Lunch";"MI-052";"MI-052-STANDARD";"Yuzu Ginger Cha";"Standard";"Drinks";"11.464";"11.464";"9.171";"13.757";"84.8";"20";"Heavy rain";"None";"None";"Weekday | Heavy rain";"51.59";"misecast-menu-v2.0";"true"
"FC-000603";"2026-08-01";"2026-08-05";"4";"Lunch";"MI-053";"MI-053-STANDARD";"Avocado";"Standard";"Add-ons / Modifiers";"1.464";"1.464";"1.171";"1.757";"84.8";"20";"Heavy rain";"None";"None";"Weekday | Heavy rain";"2.93";"misecast-menu-v2.0";"true"
"FC-000604";"2026-08-01";"2026-08-05";"4";"Lunch";"MI-054";"MI-054-STANDARD";"63 deg egg";"Standard";"Add-ons / Modifiers";"2";"2";"1.6";"2.4";"84.8";"20";"Heavy rain";"None";"None";"Weekday | Heavy rain";"5";"misecast-menu-v2.0";"true"
"FC-000605";"2026-08-01";"2026-08-05";"4";"Lunch";"MI-055";"MI-055-STANDARD";"Extra Salad";"Standard";"Add-ons / Modifiers";"2.107";"2.107";"1.686";"2.528";"84.8";"20";"Heavy rain";"None";"None";"Weekday | Heavy rain";"4.21";"misecast-menu-v2.0";"true"
"FC-000606";"2026-08-01";"2026-08-05";"4";"Lunch";"MI-056";"MI-056-STANDARD";"Standard topping (kimchi, corn, edamame, nori, etc.)";"Standard";"Add-ons / Modifiers";"1.107";"1.107";"0.886";"1.328";"84.8";"20";"Heavy rain";"None";"None";"Weekday | Heavy rain";"0.55";"misecast-menu-v2.0";"true"
"FC-000607";"2026-08-01";"2026-08-05";"4";"Lunch";"MI-057";"MI-057-STANDARD";"Extra Sauce (any)";"Standard";"Add-ons / Modifiers";"1";"1";"0.8";"1.2";"84.8";"20";"Heavy rain";"None";"None";"Weekday | Heavy rain";"1.5";"misecast-menu-v2.0";"true"
"FC-000608";"2026-08-01";"2026-08-05";"4";"Lunch";"MI-058";"MI-058-STANDARD";"Extra Sous-vide / Seared Chicken";"Standard";"Add-ons / Modifiers";"2.964";"2.964";"2.371";"3.557";"84.8";"20";"Heavy rain";"None";"None";"Weekday | Heavy rain";"11.86";"misecast-menu-v2.0";"true"
"FC-000609";"2026-08-01";"2026-08-05";"4";"Lunch";"MI-059";"MI-059-STANDARD";"Extra Pan Seared Tofu";"Standard";"Add-ons / Modifiers";"2.357";"2.357";"1.886";"2.828";"84.8";"20";"Heavy rain";"None";"None";"Weekday | Heavy rain";"9.43";"misecast-menu-v2.0";"true"
"FC-000610";"2026-08-01";"2026-08-05";"4";"Lunch";"MI-060";"MI-060-STANDARD";"Extra Eggplant";"Standard";"Add-ons / Modifiers";"3.607";"3.607";"2.886";"4.328";"84.8";"20";"Heavy rain";"None";"None";"Weekday | Heavy rain";"14.43";"misecast-menu-v2.0";"true"
"FC-000611";"2026-08-01";"2026-08-05";"4";"Lunch";"MI-061";"MI-061-STANDARD";"Extra Falafels";"Standard";"Add-ons / Modifiers";"4.571";"4.571";"3.657";"5.485";"84.8";"20";"Heavy rain";"None";"None";"Weekday | Heavy rain";"22.85";"misecast-menu-v2.0";"true"
"FC-000612";"2026-08-01";"2026-08-05";"4";"Lunch";"MI-062";"MI-062-STANDARD";"Extra Karaage Chicken";"Standard";"Add-ons / Modifiers";"3.607";"3.607";"2.886";"4.328";"84.8";"20";"Heavy rain";"None";"None";"Weekday | Heavy rain";"18.04";"misecast-menu-v2.0";"true"
"FC-000613";"2026-08-01";"2026-08-05";"4";"Lunch";"MI-063";"MI-063-STANDARD";"Extra Tiger Prawns";"Standard";"Add-ons / Modifiers";"2.5";"2.5";"2";"3";"84.8";"20";"Heavy rain";"None";"None";"Weekday | Heavy rain";"12.5";"misecast-menu-v2.0";"true"
"FC-000614";"2026-08-01";"2026-08-05";"4";"Lunch";"MI-064";"MI-064-STANDARD";"Extra Aburi / Sashimi Salmon";"Standard";"Add-ons / Modifiers";"2.5";"2.5";"2";"3";"84.8";"20";"Heavy rain";"None";"None";"Weekday | Heavy rain";"15";"misecast-menu-v2.0";"true"
"FC-000615";"2026-08-01";"2026-08-05";"4";"Lunch";"MI-065";"MI-065-STANDARD";"Extra Sashimi Tuna";"Standard";"Add-ons / Modifiers";"2.286";"2.286";"1.829";"2.743";"84.8";"20";"Heavy rain";"None";"None";"Weekday | Heavy rain";"13.72";"misecast-menu-v2.0";"true"
"FC-000616";"2026-08-01";"2026-08-05";"4";"Lunch";"MI-066";"MI-066-STANDARD";"Extra Wagyu";"Standard";"Add-ons / Modifiers";"2.071";"2.071";"1.657";"2.485";"84.8";"20";"Heavy rain";"None";"None";"Weekday | Heavy rain";"12.43";"misecast-menu-v2.0";"true"
"FC-000617";"2026-08-01";"2026-08-05";"4";"Dinner";"MI-001";"MI-001-SMALL";"Chicken Teriyaki Bowl - Small";"Small";"Signature Nosh Bowls";"9.393";"9.393";"7.514";"11.272";"84.8";"33";"Heavy rain";"None";"None";"Weekday | Heavy rain";"139.96";"misecast-menu-v2.0";"true"
"FC-000618";"2026-08-01";"2026-08-05";"4";"Dinner";"MI-001";"MI-001-LARGE";"Chicken Teriyaki Bowl - Large";"Large";"Signature Nosh Bowls";"9.5";"9.5";"7.6";"11.4";"84.8";"33";"Heavy rain";"None";"None";"Weekday | Heavy rain";"170.05";"misecast-menu-v2.0";"true"
"FC-000619";"2026-08-01";"2026-08-05";"4";"Dinner";"MI-002";"MI-002-SMALL";"Tofu Teriyaki Bowl - Small";"Small";"Signature Nosh Bowls";"9.071";"9.071";"7.257";"10.885";"84.8";"33";"Heavy rain";"None";"None";"Weekday | Heavy rain";"135.16";"misecast-menu-v2.0";"true"
"FC-000620";"2026-08-01";"2026-08-05";"4";"Dinner";"MI-002";"MI-002-LARGE";"Tofu Teriyaki Bowl - Large";"Large";"Signature Nosh Bowls";"9.25";"9.25";"7.4";"11.1";"84.8";"33";"Heavy rain";"None";"None";"Weekday | Heavy rain";"165.58";"misecast-menu-v2.0";"true"
"FC-000621";"2026-08-01";"2026-08-05";"4";"Dinner";"MI-003";"MI-003-SMALL";"Miso Eggplant Bowl - Small";"Small";"Signature Nosh Bowls";"9.429";"9.429";"7.543";"11.315";"84.8";"33";"Heavy rain";"None";"None";"Weekday | Heavy rain";"149.92";"misecast-menu-v2.0";"true"
"FC-000622";"2026-08-01";"2026-08-05";"4";"Dinner";"MI-003";"MI-003-LARGE";"Miso Eggplant Bowl - Large";"Large";"Signature Nosh Bowls";"9.5";"9.5";"7.6";"11.4";"84.8";"33";"Heavy rain";"None";"None";"Weekday | Heavy rain";"179.55";"misecast-menu-v2.0";"true"
"FC-000623";"2026-08-01";"2026-08-05";"4";"Dinner";"MI-004";"MI-004-SMALL";"Miso Falalalafel - Small";"Small";"Signature Nosh Bowls";"10.964";"10.964";"8.771";"13.157";"84.8";"33";"Heavy rain";"None";"None";"Weekday | Heavy rain";"174.33";"misecast-menu-v2.0";"true"
"FC-000624";"2026-08-01";"2026-08-05";"4";"Dinner";"MI-004";"MI-004-LARGE";"Miso Falalalafel - Large";"Large";"Signature Nosh Bowls";"10.964";"10.964";"8.771";"13.157";"84.8";"33";"Heavy rain";"None";"None";"Weekday | Heavy rain";"207.22";"misecast-menu-v2.0";"true"
"FC-000625";"2026-08-01";"2026-08-05";"4";"Dinner";"MI-005";"MI-005-SMALL";"Sashimi Bowl - Small";"Small";"Signature Nosh Bowls";"10.357";"10.357";"8.286";"12.428";"84.8";"33";"Heavy rain";"None";"None";"Weekday | Heavy rain";"185.39";"misecast-menu-v2.0";"true"
"FC-000626";"2026-08-01";"2026-08-05";"4";"Dinner";"MI-005";"MI-005-LARGE";"Sashimi Bowl - Large";"Large";"Signature Nosh Bowls";"10.143";"10.143";"8.114";"12.172";"84.8";"33";"Heavy rain";"None";"None";"Weekday | Heavy rain";"211.99";"misecast-menu-v2.0";"true"
"FC-000627";"2026-08-01";"2026-08-05";"4";"Dinner";"MI-006";"MI-006-SMALL";"Poke Bowl - Small";"Small";"Signature Nosh Bowls";"9.143";"9.143";"7.314";"10.972";"84.8";"33";"Heavy rain";"None";"None";"Weekday | Heavy rain";"154.52";"misecast-menu-v2.0";"true"
"FC-000628";"2026-08-01";"2026-08-05";"4";"Dinner";"MI-006";"MI-006-LARGE";"Poke Bowl - Large";"Large";"Signature Nosh Bowls";"9.286";"9.286";"7.429";"11.143";"84.8";"33";"Heavy rain";"None";"None";"Weekday | Heavy rain";"184.79";"misecast-menu-v2.0";"true"
"FC-000629";"2026-08-01";"2026-08-05";"4";"Dinner";"MI-007";"MI-007-SMALL";"Wagyu Beef Bowl - Small";"Small";"Signature Nosh Bowls";"9.643";"9.643";"7.714";"11.572";"84.8";"33";"Heavy rain";"None";"None";"Weekday | Heavy rain";"172.61";"misecast-menu-v2.0";"true"
"FC-000630";"2026-08-01";"2026-08-05";"4";"Dinner";"MI-007";"MI-007-LARGE";"Wagyu Beef Bowl - Large";"Large";"Signature Nosh Bowls";"9.75";"9.75";"7.8";"11.7";"84.8";"33";"Heavy rain";"None";"None";"Weekday | Heavy rain";"203.77";"misecast-menu-v2.0";"true"
"FC-000631";"2026-08-01";"2026-08-05";"4";"Dinner";"MI-008";"MI-008-SMALL";"Karaage Chicken Bowl - Small";"Small";"Signature Nosh Bowls";"9.25";"9.25";"7.4";"11.1";"84.8";"33";"Heavy rain";"None";"None";"Weekday | Heavy rain";"156.32";"misecast-menu-v2.0";"true"
"FC-000632";"2026-08-01";"2026-08-05";"4";"Dinner";"MI-008";"MI-008-LARGE";"Karaage Chicken Bowl - Large";"Large";"Signature Nosh Bowls";"9.5";"9.5";"7.6";"11.4";"84.8";"33";"Heavy rain";"None";"None";"Weekday | Heavy rain";"189.05";"misecast-menu-v2.0";"true"
"FC-000633";"2026-08-01";"2026-08-05";"4";"Dinner";"MI-009";"MI-009-SMALL";"Power Meal - Small";"Small";"Signature Nosh Bowls";"10.321";"10.321";"8.257";"12.385";"84.8";"33";"Heavy rain";"None";"None";"Weekday | Heavy rain";"195.07";"misecast-menu-v2.0";"true"
"FC-000634";"2026-08-01";"2026-08-05";"4";"Dinner";"MI-009";"MI-009-LARGE";"Power Meal - Large";"Large";"Signature Nosh Bowls";"10.536";"10.536";"8.429";"12.643";"84.8";"33";"Heavy rain";"None";"None";"Weekday | Heavy rain";"230.74";"misecast-menu-v2.0";"true"
"FC-000635";"2026-08-01";"2026-08-05";"4";"Dinner";"MI-010";"MI-010-SMALL";"Salmon Yuzu Bowl - Small";"Small";"Signature Nosh Bowls";"9.929";"9.929";"7.943";"11.915";"84.8";"33";"Heavy rain";"None";"None";"Weekday | Heavy rain";"177.73";"misecast-menu-v2.0";"true"
"FC-000636";"2026-08-01";"2026-08-05";"4";"Dinner";"MI-010";"MI-010-LARGE";"Salmon Yuzu Bowl - Large";"Large";"Signature Nosh Bowls";"10.071";"10.071";"8.057";"12.085";"84.8";"33";"Heavy rain";"None";"None";"Weekday | Heavy rain";"210.48";"misecast-menu-v2.0";"true"
"FC-000637";"2026-08-01";"2026-08-05";"4";"Dinner";"MI-011";"MI-011-STANDARD";"Karaage Bento";"Standard";"Protein Bento";"16.75";"16.75";"13.4";"20.1";"84.8";"33";"Heavy rain";"None";"None";"Weekday | Heavy rain";"232.83";"misecast-menu-v2.0";"true"
"FC-000638";"2026-08-01";"2026-08-05";"4";"Dinner";"MI-012";"MI-012-STANDARD";"Salmon Aburi Bento";"Standard";"Protein Bento";"15.857";"15.857";"12.686";"19.028";"84.8";"33";"Heavy rain";"None";"None";"Weekday | Heavy rain";"236.27";"misecast-menu-v2.0";"true"
"FC-000639";"2026-08-01";"2026-08-05";"4";"Dinner";"MI-013";"MI-013-STANDARD";"Tofu Bento";"Standard";"Protein Bento";"15.821";"15.821";"12.657";"18.985";"84.8";"33";"Heavy rain";"None";"None";"Weekday | Heavy rain";"204.09";"misecast-menu-v2.0";"true"
"FC-000640";"2026-08-01";"2026-08-05";"4";"Dinner";"MI-014";"MI-014-SMALL";"Create Your Own - Sous-vide Chicken - Small";"Small";"Create Your Own Bowl";"8.821";"8.821";"7.057";"10.585";"84.8";"33";"Heavy rain";"None";"None";"Weekday | Heavy rain";"140.25";"misecast-menu-v2.0";"true"
"FC-000641";"2026-08-01";"2026-08-05";"4";"Dinner";"MI-014";"MI-014-LARGE";"Create Your Own - Sous-vide Chicken - Large";"Large";"Create Your Own Bowl";"8.643";"8.643";"6.914";"10.372";"84.8";"33";"Heavy rain";"None";"None";"Weekday | Heavy rain";"163.35";"misecast-menu-v2.0";"true"
"FC-000642";"2026-08-01";"2026-08-05";"4";"Dinner";"MI-015";"MI-015-SMALL";"Create Your Own - Seared Chicken - Small";"Small";"Create Your Own Bowl";"8.821";"8.821";"7.057";"10.585";"84.8";"33";"Heavy rain";"None";"None";"Weekday | Heavy rain";"140.25";"misecast-menu-v2.0";"true"
"FC-000643";"2026-08-01";"2026-08-05";"4";"Dinner";"MI-015";"MI-015-LARGE";"Create Your Own - Seared Chicken - Large";"Large";"Create Your Own Bowl";"8.893";"8.893";"7.114";"10.672";"84.8";"33";"Heavy rain";"None";"None";"Weekday | Heavy rain";"168.08";"misecast-menu-v2.0";"true"
"FC-000644";"2026-08-01";"2026-08-05";"4";"Dinner";"MI-016";"MI-016-SMALL";"Create Your Own - Pan-seared Tofu - Small";"Small";"Create Your Own Bowl";"8.464";"8.464";"6.771";"10.157";"84.8";"33";"Heavy rain";"None";"None";"Weekday | Heavy rain";"134.58";"misecast-menu-v2.0";"true"
"FC-000645";"2026-08-01";"2026-08-05";"4";"Dinner";"MI-016";"MI-016-LARGE";"Create Your Own - Pan-seared Tofu - Large";"Large";"Create Your Own Bowl";"8.393";"8.393";"6.714";"10.072";"84.8";"33";"Heavy rain";"None";"None";"Weekday | Heavy rain";"158.63";"misecast-menu-v2.0";"true"
"FC-000646";"2026-08-01";"2026-08-05";"4";"Dinner";"MI-017";"MI-017-SMALL";"Create Your Own - Crispy Eggplant - Small";"Small";"Create Your Own Bowl";"9.643";"9.643";"7.714";"11.572";"84.8";"33";"Heavy rain";"None";"None";"Weekday | Heavy rain";"162.97";"misecast-menu-v2.0";"true"
"FC-000647";"2026-08-01";"2026-08-05";"4";"Dinner";"MI-017";"MI-017-LARGE";"Create Your Own - Crispy Eggplant - Large";"Large";"Create Your Own Bowl";"9.643";"9.643";"7.714";"11.572";"84.8";"33";"Heavy rain";"None";"None";"Weekday | Heavy rain";"191.9";"misecast-menu-v2.0";"true"
"FC-000648";"2026-08-01";"2026-08-05";"4";"Dinner";"MI-018";"MI-018-SMALL";"Create Your Own - Miso Beet Falafel - Small";"Small";"Create Your Own Bowl";"9.607";"9.607";"7.686";"11.528";"84.8";"33";"Heavy rain";"None";"None";"Weekday | Heavy rain";"162.36";"misecast-menu-v2.0";"true"
"FC-000649";"2026-08-01";"2026-08-05";"4";"Dinner";"MI-018";"MI-018-LARGE";"Create Your Own - Miso Beet Falafel - Large";"Large";"Create Your Own Bowl";"9.571";"9.571";"7.657";"11.485";"84.8";"33";"Heavy rain";"None";"None";"Weekday | Heavy rain";"190.46";"misecast-menu-v2.0";"true"
"FC-000650";"2026-08-01";"2026-08-05";"4";"Dinner";"MI-019";"MI-019-SMALL";"Create Your Own - Tiger Prawns - Small";"Small";"Create Your Own Bowl";"8.643";"8.643";"6.914";"10.372";"84.8";"33";"Heavy rain";"None";"None";"Weekday | Heavy rain";"146.07";"misecast-menu-v2.0";"true"
"FC-000651";"2026-08-01";"2026-08-05";"4";"Dinner";"MI-019";"MI-019-LARGE";"Create Your Own - Tiger Prawns - Large";"Large";"Create Your Own Bowl";"8.714";"8.714";"6.971";"10.457";"84.8";"33";"Heavy rain";"None";"None";"Weekday | Heavy rain";"173.41";"misecast-menu-v2.0";"true"
"FC-000652";"2026-08-01";"2026-08-05";"4";"Dinner";"MI-020";"MI-020-SMALL";"Create Your Own - Karaage Chicken - Small";"Small";"Create Your Own Bowl";"9.143";"9.143";"7.314";"10.972";"84.8";"33";"Heavy rain";"None";"None";"Weekday | Heavy rain";"163.66";"misecast-menu-v2.0";"true"
"FC-000653";"2026-08-01";"2026-08-05";"4";"Dinner";"MI-020";"MI-020-LARGE";"Create Your Own - Karaage Chicken - Large";"Large";"Create Your Own Bowl";"9.429";"9.429";"7.543";"11.315";"84.8";"33";"Heavy rain";"None";"None";"Weekday | Heavy rain";"197.07";"misecast-menu-v2.0";"true"
"FC-000654";"2026-08-01";"2026-08-05";"4";"Dinner";"MI-021";"MI-021-SMALL";"Create Your Own - Sashimi Salmon - Small";"Small";"Create Your Own Bowl";"8.143";"8.143";"6.514";"9.772";"84.8";"33";"Heavy rain";"None";"None";"Weekday | Heavy rain";"145.76";"misecast-menu-v2.0";"true"
"FC-000655";"2026-08-01";"2026-08-05";"4";"Dinner";"MI-021";"MI-021-LARGE";"Create Your Own - Sashimi Salmon - Large";"Large";"Create Your Own Bowl";"8.357";"8.357";"6.686";"10.028";"84.8";"33";"Heavy rain";"None";"None";"Weekday | Heavy rain";"174.66";"misecast-menu-v2.0";"true"
"FC-000656";"2026-08-01";"2026-08-05";"4";"Dinner";"MI-022";"MI-022-SMALL";"Create Your Own - Sashimi Tuna - Small";"Small";"Create Your Own Bowl";"8.571";"8.571";"6.857";"10.285";"84.8";"33";"Heavy rain";"None";"None";"Weekday | Heavy rain";"153.42";"misecast-menu-v2.0";"true"
"FC-000657";"2026-08-01";"2026-08-05";"4";"Dinner";"MI-022";"MI-022-LARGE";"Create Your Own - Sashimi Tuna - Large";"Large";"Create Your Own Bowl";"8.714";"8.714";"6.971";"10.457";"84.8";"33";"Heavy rain";"None";"None";"Weekday | Heavy rain";"182.12";"misecast-menu-v2.0";"true"
"FC-000658";"2026-08-01";"2026-08-05";"4";"Dinner";"MI-023";"MI-023-SMALL";"Create Your Own - Flame-seared Salmon - Small";"Small";"Create Your Own Bowl";"8.571";"8.571";"6.857";"10.285";"84.8";"33";"Heavy rain";"None";"None";"Weekday | Heavy rain";"161.99";"misecast-menu-v2.0";"true"
"FC-000659";"2026-08-01";"2026-08-05";"4";"Dinner";"MI-023";"MI-023-LARGE";"Create Your Own - Flame-seared Salmon - Large";"Large";"Create Your Own Bowl";"8.643";"8.643";"6.914";"10.372";"84.8";"33";"Heavy rain";"None";"None";"Weekday | Heavy rain";"189.28";"misecast-menu-v2.0";"true"
"FC-000660";"2026-08-01";"2026-08-05";"4";"Dinner";"MI-024";"MI-024-SMALL";"Create Your Own - Flame-seared Wagyu - Small";"Small";"Create Your Own Bowl";"8.25";"8.25";"6.6";"9.9";"84.8";"33";"Heavy rain";"None";"None";"Weekday | Heavy rain";"155.92";"misecast-menu-v2.0";"true"
"FC-000661";"2026-08-01";"2026-08-05";"4";"Dinner";"MI-024";"MI-024-LARGE";"Create Your Own - Flame-seared Wagyu - Large";"Large";"Create Your Own Bowl";"8.464";"8.464";"6.771";"10.157";"84.8";"33";"Heavy rain";"None";"None";"Weekday | Heavy rain";"185.36";"misecast-menu-v2.0";"true"
"FC-000662";"2026-08-01";"2026-08-05";"4";"Dinner";"MI-025";"MI-025-SMALL";"Create Your Own - No Protein - Small";"Small";"Create Your Own Bowl";"7.464";"7.464";"5.971";"8.957";"84.8";"33";"Heavy rain";"None";"None";"Weekday | Heavy rain";"96.29";"misecast-menu-v2.0";"true"
"FC-000663";"2026-08-01";"2026-08-05";"4";"Dinner";"MI-025";"MI-025-LARGE";"Create Your Own - No Protein - Large";"Large";"Create Your Own Bowl";"7.679";"7.679";"6.143";"9.215";"84.8";"33";"Heavy rain";"None";"None";"Weekday | Heavy rain";"122.1";"misecast-menu-v2.0";"true"
"FC-000664";"2026-08-01";"2026-08-05";"4";"Dinner";"MI-026";"MI-026-STANDARD";"Miso Soup";"Standard";"Light Bites";"10.393";"10.393";"8.314";"12.472";"84.8";"33";"Heavy rain";"None";"None";"Weekday | Heavy rain";"25.98";"misecast-menu-v2.0";"true"
"FC-000665";"2026-08-01";"2026-08-05";"4";"Dinner";"MI-027";"MI-027-STANDARD";"Raw Balls - Peanut Butter";"Standard";"Light Bites";"1.821";"1.821";"1.457";"2.185";"84.8";"33";"Heavy rain";"None";"None";"Weekday | Heavy rain";"7.65";"misecast-menu-v2.0";"true"
"FC-000666";"2026-08-01";"2026-08-05";"4";"Dinner";"MI-028";"MI-028-STANDARD";"Raw Balls - Choc Brownie";"Standard";"Light Bites";"1.786";"1.786";"1.429";"2.143";"84.8";"33";"Heavy rain";"None";"None";"Weekday | Heavy rain";"7.5";"misecast-menu-v2.0";"true"
"FC-000667";"2026-08-01";"2026-08-05";"4";"Dinner";"MI-029";"MI-029-STANDARD";"Raw Balls - Coconut Cacao";"Standard";"Light Bites";"1.821";"1.821";"1.457";"2.185";"84.8";"33";"Heavy rain";"None";"None";"Weekday | Heavy rain";"7.65";"misecast-menu-v2.0";"true"
"FC-000668";"2026-08-01";"2026-08-05";"4";"Dinner";"MI-030";"MI-030-STANDARD";"Raw Balls - Hazelnut";"Standard";"Light Bites";"1.893";"1.893";"1.514";"2.272";"84.8";"33";"Heavy rain";"None";"None";"Weekday | Heavy rain";"7.95";"misecast-menu-v2.0";"true"
"FC-000669";"2026-08-01";"2026-08-05";"4";"Dinner";"MI-031";"MI-031-STANDARD";"Raw Balls - Apricot Delight";"Standard";"Light Bites";"1.893";"1.893";"1.514";"2.272";"84.8";"33";"Heavy rain";"None";"None";"Weekday | Heavy rain";"7.95";"misecast-menu-v2.0";"true"
"FC-000670";"2026-08-01";"2026-08-05";"4";"Dinner";"MI-032";"MI-032-STANDARD";"myDeal - $5 Crispy Chicken Bites";"Standard";"Promotions";"3.464";"3.464";"2.771";"4.157";"84.8";"33";"Heavy rain";"None";"None";"Weekday | Heavy rain";"17.32";"misecast-menu-v2.0";"true"
"FC-000671";"2026-08-01";"2026-08-05";"4";"Dinner";"MI-033";"MI-033-STANDARD";"Coconut Water";"Standard";"Drinks";"12.214";"12.214";"9.771";"14.657";"84.8";"33";"Heavy rain";"None";"None";"Weekday | Heavy rain";"51.3";"misecast-menu-v2.0";"true"
"FC-000672";"2026-08-01";"2026-08-05";"4";"Dinner";"MI-034";"MI-034-STANDARD";"Cold Pressed Juice - Watermelon Lime";"Standard";"Drinks";"11.429";"11.429";"9.143";"13.715";"84.8";"33";"Heavy rain";"None";"None";"Weekday | Heavy rain";"62.86";"misecast-menu-v2.0";"true"
"FC-000673";"2026-08-01";"2026-08-05";"4";"Dinner";"MI-035";"MI-035-STANDARD";"Cold Pressed Juice - Classic OJ";"Standard";"Drinks";"11.393";"11.393";"9.114";"13.672";"84.8";"33";"Heavy rain";"None";"None";"Weekday | Heavy rain";"62.66";"misecast-menu-v2.0";"true"
"FC-000674";"2026-08-01";"2026-08-05";"4";"Dinner";"MI-036";"MI-036-STANDARD";"Cold Pressed Juice - Pineapple Mint";"Standard";"Drinks";"11.107";"11.107";"8.886";"13.328";"84.8";"33";"Heavy rain";"None";"None";"Weekday | Heavy rain";"61.09";"misecast-menu-v2.0";"true"
"FC-000675";"2026-08-01";"2026-08-05";"4";"Dinner";"MI-037";"MI-037-STANDARD";"Dash Sparkling Water - Lime";"Standard";"Drinks";"12.929";"12.929";"10.343";"15.515";"84.8";"33";"Heavy rain";"None";"None";"Weekday | Heavy rain";"51.72";"misecast-menu-v2.0";"true"
"FC-000676";"2026-08-01";"2026-08-05";"4";"Dinner";"MI-038";"MI-038-STANDARD";"Dash Sparkling Water - Raspberry";"Standard";"Drinks";"12.5";"12.5";"10";"15";"84.8";"33";"Heavy rain";"None";"None";"Weekday | Heavy rain";"50";"misecast-menu-v2.0";"true"
"FC-000677";"2026-08-01";"2026-08-05";"4";"Dinner";"MI-039";"MI-039-STANDARD";"Dash Sparkling Water - Peach";"Standard";"Drinks";"12.714";"12.714";"10.171";"15.257";"84.8";"33";"Heavy rain";"None";"None";"Weekday | Heavy rain";"50.86";"misecast-menu-v2.0";"true"
"FC-000678";"2026-08-01";"2026-08-05";"4";"Dinner";"MI-040";"MI-040-STANDARD";"Kombucha - Ginger Lemon";"Standard";"Drinks";"12.536";"12.536";"10.029";"15.043";"84.8";"33";"Heavy rain";"None";"None";"Weekday | Heavy rain";"68.95";"misecast-menu-v2.0";"true"
"FC-000679";"2026-08-01";"2026-08-05";"4";"Dinner";"MI-041";"MI-041-STANDARD";"Kombucha - Lemon Lime Mint";"Standard";"Drinks";"12.643";"12.643";"10.114";"15.172";"84.8";"33";"Heavy rain";"None";"None";"Weekday | Heavy rain";"69.54";"misecast-menu-v2.0";"true"
"FC-000680";"2026-08-01";"2026-08-05";"4";"Dinner";"MI-042";"MI-042-STANDARD";"Kombucha - Peach";"Standard";"Drinks";"12.536";"12.536";"10.029";"15.043";"84.8";"33";"Heavy rain";"None";"None";"Weekday | Heavy rain";"68.95";"misecast-menu-v2.0";"true"
"FC-000681";"2026-08-01";"2026-08-05";"4";"Dinner";"MI-043";"MI-043-STANDARD";"Kombucha - Raspberry Lemonade";"Standard";"Drinks";"12.821";"12.821";"10.257";"15.385";"84.8";"33";"Heavy rain";"None";"None";"Weekday | Heavy rain";"70.52";"misecast-menu-v2.0";"true"
"FC-000682";"2026-08-01";"2026-08-05";"4";"Dinner";"MI-044";"MI-044-STANDARD";"Sodaly - Passionfruit";"Standard";"Drinks";"12.679";"12.679";"10.143";"15.215";"84.8";"33";"Heavy rain";"None";"None";"Weekday | Heavy rain";"62.13";"misecast-menu-v2.0";"true"
"FC-000683";"2026-08-01";"2026-08-05";"4";"Dinner";"MI-045";"MI-045-STANDARD";"Sodaly - Guava";"Standard";"Drinks";"12.393";"12.393";"9.914";"14.872";"84.8";"33";"Heavy rain";"None";"None";"Weekday | Heavy rain";"60.73";"misecast-menu-v2.0";"true"
"FC-000684";"2026-08-01";"2026-08-05";"4";"Dinner";"MI-046";"MI-046-STANDARD";"Sodaly - Raspberry";"Standard";"Drinks";"12.893";"12.893";"10.314";"15.472";"84.8";"33";"Heavy rain";"None";"None";"Weekday | Heavy rain";"63.18";"misecast-menu-v2.0";"true"
"FC-000685";"2026-08-01";"2026-08-05";"4";"Dinner";"MI-047";"MI-047-STANDARD";"Sparkling Water";"Standard";"Drinks";"19.179";"19.179";"15.343";"23.015";"84.8";"33";"Heavy rain";"None";"None";"Weekday | Heavy rain";"67.13";"misecast-menu-v2.0";"true"
"FC-000686";"2026-08-01";"2026-08-05";"4";"Dinner";"MI-048";"MI-048-STANDARD";"Specialty Soda - Gingerella";"Standard";"Drinks";"12.464";"12.464";"9.971";"14.957";"84.8";"33";"Heavy rain";"None";"None";"Weekday | Heavy rain";"61.07";"misecast-menu-v2.0";"true"
"FC-000687";"2026-08-01";"2026-08-05";"4";"Dinner";"MI-049";"MI-049-STANDARD";"Specialty Soda - Karma Cola";"Standard";"Drinks";"12.536";"12.536";"10.029";"15.043";"84.8";"33";"Heavy rain";"None";"None";"Weekday | Heavy rain";"61.43";"misecast-menu-v2.0";"true"
"FC-000688";"2026-08-01";"2026-08-05";"4";"Dinner";"MI-050";"MI-050-STANDARD";"Specialty Soda - Lemmy";"Standard";"Drinks";"12.571";"12.571";"10.057";"15.085";"84.8";"33";"Heavy rain";"None";"None";"Weekday | Heavy rain";"61.6";"misecast-menu-v2.0";"true"
"FC-000689";"2026-08-01";"2026-08-05";"4";"Dinner";"MI-051";"MI-051-STANDARD";"Still Water";"Standard";"Drinks";"22.821";"22.821";"18.257";"27.385";"84.8";"33";"Heavy rain";"None";"None";"Weekday | Heavy rain";"68.46";"misecast-menu-v2.0";"true"
"FC-000690";"2026-08-01";"2026-08-05";"4";"Dinner";"MI-052";"MI-052-STANDARD";"Yuzu Ginger Cha";"Standard";"Drinks";"11.679";"11.679";"9.343";"14.015";"84.8";"33";"Heavy rain";"None";"None";"Weekday | Heavy rain";"52.56";"misecast-menu-v2.0";"true"
"FC-000691";"2026-08-01";"2026-08-05";"4";"Dinner";"MI-053";"MI-053-STANDARD";"Avocado";"Standard";"Add-ons / Modifiers";"1.464";"1.464";"1.171";"1.757";"84.8";"33";"Heavy rain";"None";"None";"Weekday | Heavy rain";"2.93";"misecast-menu-v2.0";"true"
"FC-000692";"2026-08-01";"2026-08-05";"4";"Dinner";"MI-054";"MI-054-STANDARD";"63 deg egg";"Standard";"Add-ons / Modifiers";"2";"2";"1.6";"2.4";"84.8";"33";"Heavy rain";"None";"None";"Weekday | Heavy rain";"5";"misecast-menu-v2.0";"true"
"FC-000693";"2026-08-01";"2026-08-05";"4";"Dinner";"MI-055";"MI-055-STANDARD";"Extra Salad";"Standard";"Add-ons / Modifiers";"2.214";"2.214";"1.771";"2.657";"84.8";"33";"Heavy rain";"None";"None";"Weekday | Heavy rain";"4.43";"misecast-menu-v2.0";"true"
"FC-000694";"2026-08-01";"2026-08-05";"4";"Dinner";"MI-056";"MI-056-STANDARD";"Standard topping (kimchi, corn, edamame, nori, etc.)";"Standard";"Add-ons / Modifiers";"1.143";"1.143";"0.914";"1.372";"84.8";"33";"Heavy rain";"None";"None";"Weekday | Heavy rain";"0.57";"misecast-menu-v2.0";"true"
"FC-000695";"2026-08-01";"2026-08-05";"4";"Dinner";"MI-057";"MI-057-STANDARD";"Extra Sauce (any)";"Standard";"Add-ons / Modifiers";"1.036";"1.036";"0.829";"1.243";"84.8";"33";"Heavy rain";"None";"None";"Weekday | Heavy rain";"1.55";"misecast-menu-v2.0";"true"
"FC-000696";"2026-08-01";"2026-08-05";"4";"Dinner";"MI-058";"MI-058-STANDARD";"Extra Sous-vide / Seared Chicken";"Standard";"Add-ons / Modifiers";"3.107";"3.107";"2.486";"3.728";"84.8";"33";"Heavy rain";"None";"None";"Weekday | Heavy rain";"12.43";"misecast-menu-v2.0";"true"
"FC-000697";"2026-08-01";"2026-08-05";"4";"Dinner";"MI-059";"MI-059-STANDARD";"Extra Pan Seared Tofu";"Standard";"Add-ons / Modifiers";"2.393";"2.393";"1.914";"2.872";"84.8";"33";"Heavy rain";"None";"None";"Weekday | Heavy rain";"9.57";"misecast-menu-v2.0";"true"
"FC-000698";"2026-08-01";"2026-08-05";"4";"Dinner";"MI-060";"MI-060-STANDARD";"Extra Eggplant";"Standard";"Add-ons / Modifiers";"3.893";"3.893";"3.114";"4.672";"84.8";"33";"Heavy rain";"None";"None";"Weekday | Heavy rain";"15.57";"misecast-menu-v2.0";"true"
"FC-000699";"2026-08-01";"2026-08-05";"4";"Dinner";"MI-061";"MI-061-STANDARD";"Extra Falafels";"Standard";"Add-ons / Modifiers";"4.679";"4.679";"3.743";"5.615";"84.8";"33";"Heavy rain";"None";"None";"Weekday | Heavy rain";"23.4";"misecast-menu-v2.0";"true"
"FC-000700";"2026-08-01";"2026-08-05";"4";"Dinner";"MI-062";"MI-062-STANDARD";"Extra Karaage Chicken";"Standard";"Add-ons / Modifiers";"3.786";"3.786";"3.029";"4.543";"84.8";"33";"Heavy rain";"None";"None";"Weekday | Heavy rain";"18.93";"misecast-menu-v2.0";"true"
"FC-000701";"2026-08-01";"2026-08-05";"4";"Dinner";"MI-063";"MI-063-STANDARD";"Extra Tiger Prawns";"Standard";"Add-ons / Modifiers";"2.357";"2.357";"1.886";"2.828";"84.8";"33";"Heavy rain";"None";"None";"Weekday | Heavy rain";"11.79";"misecast-menu-v2.0";"true"
"FC-000702";"2026-08-01";"2026-08-05";"4";"Dinner";"MI-064";"MI-064-STANDARD";"Extra Aburi / Sashimi Salmon";"Standard";"Add-ons / Modifiers";"2.464";"2.464";"1.971";"2.957";"84.8";"33";"Heavy rain";"None";"None";"Weekday | Heavy rain";"14.78";"misecast-menu-v2.0";"true"
"FC-000703";"2026-08-01";"2026-08-05";"4";"Dinner";"MI-065";"MI-065-STANDARD";"Extra Sashimi Tuna";"Standard";"Add-ons / Modifiers";"2.357";"2.357";"1.886";"2.828";"84.8";"33";"Heavy rain";"None";"None";"Weekday | Heavy rain";"14.14";"misecast-menu-v2.0";"true"
"FC-000704";"2026-08-01";"2026-08-05";"4";"Dinner";"MI-066";"MI-066-STANDARD";"Extra Wagyu";"Standard";"Add-ons / Modifiers";"2.143";"2.143";"1.714";"2.572";"84.8";"33";"Heavy rain";"None";"None";"Weekday | Heavy rain";"12.86";"misecast-menu-v2.0";"true"
"FC-000705";"2026-08-01";"2026-08-06";"5";"Lunch";"MI-001";"MI-001-SMALL";"Chicken Teriyaki Bowl - Small";"Small";"Signature Nosh Bowls";"6.786";"6.786";"5.429";"8.143";"84";"33";"Cloudy";"None";"None";"Weekday | Cloudy";"101.11";"misecast-menu-v2.0";"true"
"FC-000706";"2026-08-01";"2026-08-06";"5";"Lunch";"MI-001";"MI-001-LARGE";"Chicken Teriyaki Bowl - Large";"Large";"Signature Nosh Bowls";"6.679";"6.679";"5.343";"8.015";"84";"33";"Cloudy";"None";"None";"Weekday | Cloudy";"119.55";"misecast-menu-v2.0";"true"
"FC-000707";"2026-08-01";"2026-08-06";"5";"Lunch";"MI-002";"MI-002-SMALL";"Tofu Teriyaki Bowl - Small";"Small";"Signature Nosh Bowls";"6.179";"6.179";"4.943";"7.415";"84";"33";"Cloudy";"None";"None";"Weekday | Cloudy";"92.07";"misecast-menu-v2.0";"true"
"FC-000708";"2026-08-01";"2026-08-06";"5";"Lunch";"MI-002";"MI-002-LARGE";"Tofu Teriyaki Bowl - Large";"Large";"Signature Nosh Bowls";"6";"6";"4.8";"7.2";"84";"33";"Cloudy";"None";"None";"Weekday | Cloudy";"107.4";"misecast-menu-v2.0";"true"
"FC-000709";"2026-08-01";"2026-08-06";"5";"Lunch";"MI-003";"MI-003-SMALL";"Miso Eggplant Bowl - Small";"Small";"Signature Nosh Bowls";"6.679";"6.679";"5.343";"8.015";"84";"33";"Cloudy";"None";"None";"Weekday | Cloudy";"106.2";"misecast-menu-v2.0";"true"
"FC-000710";"2026-08-01";"2026-08-06";"5";"Lunch";"MI-003";"MI-003-LARGE";"Miso Eggplant Bowl - Large";"Large";"Signature Nosh Bowls";"6.607";"6.607";"5.286";"7.928";"84";"33";"Cloudy";"None";"None";"Weekday | Cloudy";"124.87";"misecast-menu-v2.0";"true"
"FC-000711";"2026-08-01";"2026-08-06";"5";"Lunch";"MI-004";"MI-004-SMALL";"Miso Falalalafel - Small";"Small";"Signature Nosh Bowls";"7.714";"7.714";"6.171";"9.257";"84";"33";"Cloudy";"None";"None";"Weekday | Cloudy";"122.65";"misecast-menu-v2.0";"true"
"FC-000712";"2026-08-01";"2026-08-06";"5";"Lunch";"MI-004";"MI-004-LARGE";"Miso Falalalafel - Large";"Large";"Signature Nosh Bowls";"7.714";"7.714";"6.171";"9.257";"84";"33";"Cloudy";"None";"None";"Weekday | Cloudy";"145.79";"misecast-menu-v2.0";"true"
"FC-000713";"2026-08-01";"2026-08-06";"5";"Lunch";"MI-005";"MI-005-SMALL";"Sashimi Bowl - Small";"Small";"Signature Nosh Bowls";"6.821";"6.821";"5.457";"8.185";"84";"33";"Cloudy";"None";"None";"Weekday | Cloudy";"122.1";"misecast-menu-v2.0";"true"
"FC-000714";"2026-08-01";"2026-08-06";"5";"Lunch";"MI-005";"MI-005-LARGE";"Sashimi Bowl - Large";"Large";"Signature Nosh Bowls";"7.036";"7.036";"5.629";"8.443";"84";"33";"Cloudy";"None";"None";"Weekday | Cloudy";"147.05";"misecast-menu-v2.0";"true"
"FC-000715";"2026-08-01";"2026-08-06";"5";"Lunch";"MI-006";"MI-006-SMALL";"Poke Bowl - Small";"Small";"Signature Nosh Bowls";"6.357";"6.357";"5.086";"7.628";"84";"33";"Cloudy";"None";"None";"Weekday | Cloudy";"107.43";"misecast-menu-v2.0";"true"
"FC-000716";"2026-08-01";"2026-08-06";"5";"Lunch";"MI-006";"MI-006-LARGE";"Poke Bowl - Large";"Large";"Signature Nosh Bowls";"6.25";"6.25";"5";"7.5";"84";"33";"Cloudy";"None";"None";"Weekday | Cloudy";"124.37";"misecast-menu-v2.0";"true"
"FC-000717";"2026-08-01";"2026-08-06";"5";"Lunch";"MI-007";"MI-007-SMALL";"Wagyu Beef Bowl - Small";"Small";"Signature Nosh Bowls";"6.643";"6.643";"5.314";"7.972";"84";"33";"Cloudy";"None";"None";"Weekday | Cloudy";"118.91";"misecast-menu-v2.0";"true"
"FC-000718";"2026-08-01";"2026-08-06";"5";"Lunch";"MI-007";"MI-007-LARGE";"Wagyu Beef Bowl - Large";"Large";"Signature Nosh Bowls";"6.571";"6.571";"5.257";"7.885";"84";"33";"Cloudy";"None";"None";"Weekday | Cloudy";"137.33";"misecast-menu-v2.0";"true"
"FC-000719";"2026-08-01";"2026-08-06";"5";"Lunch";"MI-008";"MI-008-SMALL";"Karaage Chicken Bowl - Small";"Small";"Signature Nosh Bowls";"6.643";"6.643";"5.314";"7.972";"84";"33";"Cloudy";"None";"None";"Weekday | Cloudy";"112.27";"misecast-menu-v2.0";"true"
"FC-000720";"2026-08-01";"2026-08-06";"5";"Lunch";"MI-008";"MI-008-LARGE";"Karaage Chicken Bowl - Large";"Large";"Signature Nosh Bowls";"6.429";"6.429";"5.143";"7.715";"84";"33";"Cloudy";"None";"None";"Weekday | Cloudy";"127.94";"misecast-menu-v2.0";"true"
"FC-000721";"2026-08-01";"2026-08-06";"5";"Lunch";"MI-009";"MI-009-SMALL";"Power Meal - Small";"Small";"Signature Nosh Bowls";"8";"8";"6.4";"9.6";"84";"33";"Cloudy";"None";"None";"Weekday | Cloudy";"151.2";"misecast-menu-v2.0";"true"
"FC-000722";"2026-08-01";"2026-08-06";"5";"Lunch";"MI-009";"MI-009-LARGE";"Power Meal - Large";"Large";"Signature Nosh Bowls";"7.821";"7.821";"6.257";"9.385";"84";"33";"Cloudy";"None";"None";"Weekday | Cloudy";"171.28";"misecast-menu-v2.0";"true"
"FC-000723";"2026-08-01";"2026-08-06";"5";"Lunch";"MI-010";"MI-010-SMALL";"Salmon Yuzu Bowl - Small";"Small";"Signature Nosh Bowls";"7.071";"7.071";"5.657";"8.485";"84";"33";"Cloudy";"None";"None";"Weekday | Cloudy";"126.57";"misecast-menu-v2.0";"true"
"FC-000724";"2026-08-01";"2026-08-06";"5";"Lunch";"MI-010";"MI-010-LARGE";"Salmon Yuzu Bowl - Large";"Large";"Signature Nosh Bowls";"6.929";"6.929";"5.543";"8.315";"84";"33";"Cloudy";"None";"None";"Weekday | Cloudy";"144.82";"misecast-menu-v2.0";"true"
"FC-000725";"2026-08-01";"2026-08-06";"5";"Lunch";"MI-011";"MI-011-STANDARD";"Karaage Bento";"Standard";"Protein Bento";"15.786";"15.786";"12.629";"18.943";"84";"33";"Cloudy";"None";"None";"Weekday | Cloudy";"219.43";"misecast-menu-v2.0";"true"
"FC-000726";"2026-08-01";"2026-08-06";"5";"Lunch";"MI-012";"MI-012-STANDARD";"Salmon Aburi Bento";"Standard";"Protein Bento";"15.929";"15.929";"12.743";"19.115";"84";"33";"Cloudy";"None";"None";"Weekday | Cloudy";"237.34";"misecast-menu-v2.0";"true"
"FC-000727";"2026-08-01";"2026-08-06";"5";"Lunch";"MI-013";"MI-013-STANDARD";"Tofu Bento";"Standard";"Protein Bento";"15.964";"15.964";"12.771";"19.157";"84";"33";"Cloudy";"None";"None";"Weekday | Cloudy";"205.94";"misecast-menu-v2.0";"true"
"FC-000728";"2026-08-01";"2026-08-06";"5";"Lunch";"MI-014";"MI-014-SMALL";"Create Your Own - Sous-vide Chicken - Small";"Small";"Create Your Own Bowl";"6.036";"6.036";"4.829";"7.243";"84";"33";"Cloudy";"None";"None";"Weekday | Cloudy";"95.97";"misecast-menu-v2.0";"true"
"FC-000729";"2026-08-01";"2026-08-06";"5";"Lunch";"MI-014";"MI-014-LARGE";"Create Your Own - Sous-vide Chicken - Large";"Large";"Create Your Own Bowl";"6.214";"6.214";"4.971";"7.457";"84";"33";"Cloudy";"None";"None";"Weekday | Cloudy";"117.44";"misecast-menu-v2.0";"true"
"FC-000730";"2026-08-01";"2026-08-06";"5";"Lunch";"MI-015";"MI-015-SMALL";"Create Your Own - Seared Chicken - Small";"Small";"Create Your Own Bowl";"6.393";"6.393";"5.114";"7.672";"84";"33";"Cloudy";"None";"None";"Weekday | Cloudy";"101.65";"misecast-menu-v2.0";"true"
"FC-000731";"2026-08-01";"2026-08-06";"5";"Lunch";"MI-015";"MI-015-LARGE";"Create Your Own - Seared Chicken - Large";"Large";"Create Your Own Bowl";"6.357";"6.357";"5.086";"7.628";"84";"33";"Cloudy";"None";"None";"Weekday | Cloudy";"120.15";"misecast-menu-v2.0";"true"
"FC-000732";"2026-08-01";"2026-08-06";"5";"Lunch";"MI-016";"MI-016-SMALL";"Create Your Own - Pan-seared Tofu - Small";"Small";"Create Your Own Bowl";"5.893";"5.893";"4.714";"7.072";"84";"33";"Cloudy";"None";"None";"Weekday | Cloudy";"93.7";"misecast-menu-v2.0";"true"
"FC-000733";"2026-08-01";"2026-08-06";"5";"Lunch";"MI-016";"MI-016-LARGE";"Create Your Own - Pan-seared Tofu - Large";"Large";"Create Your Own Bowl";"5.964";"5.964";"4.771";"7.157";"84";"33";"Cloudy";"None";"None";"Weekday | Cloudy";"112.72";"misecast-menu-v2.0";"true"
"FC-000734";"2026-08-01";"2026-08-06";"5";"Lunch";"MI-017";"MI-017-SMALL";"Create Your Own - Crispy Eggplant - Small";"Small";"Create Your Own Bowl";"6.571";"6.571";"5.257";"7.885";"84";"33";"Cloudy";"None";"None";"Weekday | Cloudy";"111.05";"misecast-menu-v2.0";"true"
"FC-000735";"2026-08-01";"2026-08-06";"5";"Lunch";"MI-017";"MI-017-LARGE";"Create Your Own - Crispy Eggplant - Large";"Large";"Create Your Own Bowl";"6.571";"6.571";"5.257";"7.885";"84";"33";"Cloudy";"None";"None";"Weekday | Cloudy";"130.76";"misecast-menu-v2.0";"true"
"FC-000736";"2026-08-01";"2026-08-06";"5";"Lunch";"MI-018";"MI-018-SMALL";"Create Your Own - Miso Beet Falafel - Small";"Small";"Create Your Own Bowl";"7.107";"7.107";"5.686";"8.528";"84";"33";"Cloudy";"None";"None";"Weekday | Cloudy";"120.11";"misecast-menu-v2.0";"true"
"FC-000737";"2026-08-01";"2026-08-06";"5";"Lunch";"MI-018";"MI-018-LARGE";"Create Your Own - Miso Beet Falafel - Large";"Large";"Create Your Own Bowl";"7.107";"7.107";"5.686";"8.528";"84";"33";"Cloudy";"None";"None";"Weekday | Cloudy";"141.43";"misecast-menu-v2.0";"true"
"FC-000738";"2026-08-01";"2026-08-06";"5";"Lunch";"MI-019";"MI-019-SMALL";"Create Your Own - Tiger Prawns - Small";"Small";"Create Your Own Bowl";"5.893";"5.893";"4.714";"7.072";"84";"33";"Cloudy";"None";"None";"Weekday | Cloudy";"99.59";"misecast-menu-v2.0";"true"
"FC-000739";"2026-08-01";"2026-08-06";"5";"Lunch";"MI-019";"MI-019-LARGE";"Create Your Own - Tiger Prawns - Large";"Large";"Create Your Own Bowl";"5.821";"5.821";"4.657";"6.985";"84";"33";"Cloudy";"None";"None";"Weekday | Cloudy";"115.84";"misecast-menu-v2.0";"true"
"FC-000740";"2026-08-01";"2026-08-06";"5";"Lunch";"MI-020";"MI-020-SMALL";"Create Your Own - Karaage Chicken - Small";"Small";"Create Your Own Bowl";"6.75";"6.75";"5.4";"8.1";"84";"33";"Cloudy";"None";"None";"Weekday | Cloudy";"120.82";"misecast-menu-v2.0";"true"
"FC-000741";"2026-08-01";"2026-08-06";"5";"Lunch";"MI-020";"MI-020-LARGE";"Create Your Own - Karaage Chicken - Large";"Large";"Create Your Own Bowl";"6.464";"6.464";"5.171";"7.757";"84";"33";"Cloudy";"None";"None";"Weekday | Cloudy";"135.1";"misecast-menu-v2.0";"true"
"FC-000742";"2026-08-01";"2026-08-06";"5";"Lunch";"MI-021";"MI-021-SMALL";"Create Your Own - Sashimi Salmon - Small";"Small";"Create Your Own Bowl";"5.964";"5.964";"4.771";"7.157";"84";"33";"Cloudy";"None";"None";"Weekday | Cloudy";"106.76";"misecast-menu-v2.0";"true"
"FC-000743";"2026-08-01";"2026-08-06";"5";"Lunch";"MI-021";"MI-021-LARGE";"Create Your Own - Sashimi Salmon - Large";"Large";"Create Your Own Bowl";"5.75";"5.75";"4.6";"6.9";"84";"33";"Cloudy";"None";"None";"Weekday | Cloudy";"120.18";"misecast-menu-v2.0";"true"
"FC-000744";"2026-08-01";"2026-08-06";"5";"Lunch";"MI-022";"MI-022-SMALL";"Create Your Own - Sashimi Tuna - Small";"Small";"Create Your Own Bowl";"6.179";"6.179";"4.943";"7.415";"84";"33";"Cloudy";"None";"None";"Weekday | Cloudy";"110.6";"misecast-menu-v2.0";"true"
"FC-000745";"2026-08-01";"2026-08-06";"5";"Lunch";"MI-022";"MI-022-LARGE";"Create Your Own - Sashimi Tuna - Large";"Large";"Create Your Own Bowl";"6.036";"6.036";"4.829";"7.243";"84";"33";"Cloudy";"None";"None";"Weekday | Cloudy";"126.15";"misecast-menu-v2.0";"true"
"FC-000746";"2026-08-01";"2026-08-06";"5";"Lunch";"MI-023";"MI-023-SMALL";"Create Your Own - Flame-seared Salmon - Small";"Small";"Create Your Own Bowl";"5.929";"5.929";"4.743";"7.115";"84";"33";"Cloudy";"None";"None";"Weekday | Cloudy";"112.06";"misecast-menu-v2.0";"true"
"FC-000747";"2026-08-01";"2026-08-06";"5";"Lunch";"MI-023";"MI-023-LARGE";"Create Your Own - Flame-seared Salmon - Large";"Large";"Create Your Own Bowl";"5.857";"5.857";"4.686";"7.028";"84";"33";"Cloudy";"None";"None";"Weekday | Cloudy";"128.27";"misecast-menu-v2.0";"true"
"FC-000748";"2026-08-01";"2026-08-06";"5";"Lunch";"MI-024";"MI-024-SMALL";"Create Your Own - Flame-seared Wagyu - Small";"Small";"Create Your Own Bowl";"5.929";"5.929";"4.743";"7.115";"84";"33";"Cloudy";"None";"None";"Weekday | Cloudy";"112.06";"misecast-menu-v2.0";"true"
"FC-000749";"2026-08-01";"2026-08-06";"5";"Lunch";"MI-024";"MI-024-LARGE";"Create Your Own - Flame-seared Wagyu - Large";"Large";"Create Your Own Bowl";"5.679";"5.679";"4.543";"6.815";"84";"33";"Cloudy";"None";"None";"Weekday | Cloudy";"124.37";"misecast-menu-v2.0";"true"
"FC-000750";"2026-08-01";"2026-08-06";"5";"Lunch";"MI-025";"MI-025-SMALL";"Create Your Own - No Protein - Small";"Small";"Create Your Own Bowl";"4.821";"4.821";"3.857";"5.785";"84";"33";"Cloudy";"None";"None";"Weekday | Cloudy";"62.19";"misecast-menu-v2.0";"true"
"FC-000751";"2026-08-01";"2026-08-06";"5";"Lunch";"MI-025";"MI-025-LARGE";"Create Your Own - No Protein - Large";"Large";"Create Your Own Bowl";"4.643";"4.643";"3.714";"5.572";"84";"33";"Cloudy";"None";"None";"Weekday | Cloudy";"73.82";"misecast-menu-v2.0";"true"
"FC-000752";"2026-08-01";"2026-08-06";"5";"Lunch";"MI-026";"MI-026-STANDARD";"Miso Soup";"Standard";"Light Bites";"9.714";"9.714";"7.771";"11.657";"84";"33";"Cloudy";"None";"None";"Weekday | Cloudy";"24.29";"misecast-menu-v2.0";"true"
"FC-000753";"2026-08-01";"2026-08-06";"5";"Lunch";"MI-027";"MI-027-STANDARD";"Raw Balls - Peanut Butter";"Standard";"Light Bites";"1.964";"1.964";"1.571";"2.357";"84";"33";"Cloudy";"None";"None";"Weekday | Cloudy";"8.25";"misecast-menu-v2.0";"true"
"FC-000754";"2026-08-01";"2026-08-06";"5";"Lunch";"MI-028";"MI-028-STANDARD";"Raw Balls - Choc Brownie";"Standard";"Light Bites";"1.893";"1.893";"1.514";"2.272";"84";"33";"Cloudy";"None";"None";"Weekday | Cloudy";"7.95";"misecast-menu-v2.0";"true"
"FC-000755";"2026-08-01";"2026-08-06";"5";"Lunch";"MI-029";"MI-029-STANDARD";"Raw Balls - Coconut Cacao";"Standard";"Light Bites";"1.893";"1.893";"1.514";"2.272";"84";"33";"Cloudy";"None";"None";"Weekday | Cloudy";"7.95";"misecast-menu-v2.0";"true"
"FC-000756";"2026-08-01";"2026-08-06";"5";"Lunch";"MI-030";"MI-030-STANDARD";"Raw Balls - Hazelnut";"Standard";"Light Bites";"1.786";"1.786";"1.429";"2.143";"84";"33";"Cloudy";"None";"None";"Weekday | Cloudy";"7.5";"misecast-menu-v2.0";"true"
"FC-000757";"2026-08-01";"2026-08-06";"5";"Lunch";"MI-031";"MI-031-STANDARD";"Raw Balls - Apricot Delight";"Standard";"Light Bites";"1.893";"1.893";"1.514";"2.272";"84";"33";"Cloudy";"None";"None";"Weekday | Cloudy";"7.95";"misecast-menu-v2.0";"true"
"FC-000758";"2026-08-01";"2026-08-06";"5";"Lunch";"MI-032";"MI-032-STANDARD";"myDeal - $5 Crispy Chicken Bites";"Standard";"Promotions";"3.286";"3.286";"2.629";"3.943";"84";"33";"Cloudy";"None";"None";"Weekday | Cloudy";"16.43";"misecast-menu-v2.0";"true"
"FC-000759";"2026-08-01";"2026-08-06";"5";"Lunch";"MI-033";"MI-033-STANDARD";"Coconut Water";"Standard";"Drinks";"12.179";"12.179";"9.743";"14.615";"84";"33";"Cloudy";"None";"None";"Weekday | Cloudy";"51.15";"misecast-menu-v2.0";"true"
"FC-000760";"2026-08-01";"2026-08-06";"5";"Lunch";"MI-034";"MI-034-STANDARD";"Cold Pressed Juice - Watermelon Lime";"Standard";"Drinks";"11.214";"11.214";"8.971";"13.457";"84";"33";"Cloudy";"None";"None";"Weekday | Cloudy";"61.68";"misecast-menu-v2.0";"true"
"FC-000761";"2026-08-01";"2026-08-06";"5";"Lunch";"MI-035";"MI-035-STANDARD";"Cold Pressed Juice - Classic OJ";"Standard";"Drinks";"11.429";"11.429";"9.143";"13.715";"84";"33";"Cloudy";"None";"None";"Weekday | Cloudy";"62.86";"misecast-menu-v2.0";"true"
"FC-000762";"2026-08-01";"2026-08-06";"5";"Lunch";"MI-036";"MI-036-STANDARD";"Cold Pressed Juice - Pineapple Mint";"Standard";"Drinks";"11.393";"11.393";"9.114";"13.672";"84";"33";"Cloudy";"None";"None";"Weekday | Cloudy";"62.66";"misecast-menu-v2.0";"true"
"FC-000763";"2026-08-01";"2026-08-06";"5";"Lunch";"MI-037";"MI-037-STANDARD";"Dash Sparkling Water - Lime";"Standard";"Drinks";"12.071";"12.071";"9.657";"14.485";"84";"33";"Cloudy";"None";"None";"Weekday | Cloudy";"48.28";"misecast-menu-v2.0";"true"
"FC-000764";"2026-08-01";"2026-08-06";"5";"Lunch";"MI-038";"MI-038-STANDARD";"Dash Sparkling Water - Raspberry";"Standard";"Drinks";"12.357";"12.357";"9.886";"14.828";"84";"33";"Cloudy";"None";"None";"Weekday | Cloudy";"49.43";"misecast-menu-v2.0";"true"
"FC-000765";"2026-08-01";"2026-08-06";"5";"Lunch";"MI-039";"MI-039-STANDARD";"Dash Sparkling Water - Peach";"Standard";"Drinks";"12.179";"12.179";"9.743";"14.615";"84";"33";"Cloudy";"None";"None";"Weekday | Cloudy";"48.72";"misecast-menu-v2.0";"true"
"FC-000766";"2026-08-01";"2026-08-06";"5";"Lunch";"MI-040";"MI-040-STANDARD";"Kombucha - Ginger Lemon";"Standard";"Drinks";"12.25";"12.25";"9.8";"14.7";"84";"33";"Cloudy";"None";"None";"Weekday | Cloudy";"67.38";"misecast-menu-v2.0";"true"
"FC-000767";"2026-08-01";"2026-08-06";"5";"Lunch";"MI-041";"MI-041-STANDARD";"Kombucha - Lemon Lime Mint";"Standard";"Drinks";"11.964";"11.964";"9.571";"14.357";"84";"33";"Cloudy";"None";"None";"Weekday | Cloudy";"65.8";"misecast-menu-v2.0";"true"
"FC-000768";"2026-08-01";"2026-08-06";"5";"Lunch";"MI-042";"MI-042-STANDARD";"Kombucha - Peach";"Standard";"Drinks";"12.5";"12.5";"10";"15";"84";"33";"Cloudy";"None";"None";"Weekday | Cloudy";"68.75";"misecast-menu-v2.0";"true"
"FC-000769";"2026-08-01";"2026-08-06";"5";"Lunch";"MI-043";"MI-043-STANDARD";"Kombucha - Raspberry Lemonade";"Standard";"Drinks";"12.071";"12.071";"9.657";"14.485";"84";"33";"Cloudy";"None";"None";"Weekday | Cloudy";"66.39";"misecast-menu-v2.0";"true"
"FC-000770";"2026-08-01";"2026-08-06";"5";"Lunch";"MI-044";"MI-044-STANDARD";"Sodaly - Passionfruit";"Standard";"Drinks";"12.429";"12.429";"9.943";"14.915";"84";"33";"Cloudy";"None";"None";"Weekday | Cloudy";"60.9";"misecast-menu-v2.0";"true"
"FC-000771";"2026-08-01";"2026-08-06";"5";"Lunch";"MI-045";"MI-045-STANDARD";"Sodaly - Guava";"Standard";"Drinks";"12.536";"12.536";"10.029";"15.043";"84";"33";"Cloudy";"None";"None";"Weekday | Cloudy";"61.43";"misecast-menu-v2.0";"true"
"FC-000772";"2026-08-01";"2026-08-06";"5";"Lunch";"MI-046";"MI-046-STANDARD";"Sodaly - Raspberry";"Standard";"Drinks";"12.429";"12.429";"9.943";"14.915";"84";"33";"Cloudy";"None";"None";"Weekday | Cloudy";"60.9";"misecast-menu-v2.0";"true"
"FC-000773";"2026-08-01";"2026-08-06";"5";"Lunch";"MI-047";"MI-047-STANDARD";"Sparkling Water";"Standard";"Drinks";"18.75";"18.75";"15";"22.5";"84";"33";"Cloudy";"None";"None";"Weekday | Cloudy";"65.63";"misecast-menu-v2.0";"true"
"FC-000774";"2026-08-01";"2026-08-06";"5";"Lunch";"MI-048";"MI-048-STANDARD";"Specialty Soda - Gingerella";"Standard";"Drinks";"12.179";"12.179";"9.743";"14.615";"84";"33";"Cloudy";"None";"None";"Weekday | Cloudy";"59.68";"misecast-menu-v2.0";"true"
"FC-000775";"2026-08-01";"2026-08-06";"5";"Lunch";"MI-049";"MI-049-STANDARD";"Specialty Soda - Karma Cola";"Standard";"Drinks";"12.393";"12.393";"9.914";"14.872";"84";"33";"Cloudy";"None";"None";"Weekday | Cloudy";"60.73";"misecast-menu-v2.0";"true"
"FC-000776";"2026-08-01";"2026-08-06";"5";"Lunch";"MI-050";"MI-050-STANDARD";"Specialty Soda - Lemmy";"Standard";"Drinks";"12.107";"12.107";"9.686";"14.528";"84";"33";"Cloudy";"None";"None";"Weekday | Cloudy";"59.32";"misecast-menu-v2.0";"true"
"FC-000777";"2026-08-01";"2026-08-06";"5";"Lunch";"MI-051";"MI-051-STANDARD";"Still Water";"Standard";"Drinks";"22.286";"22.286";"17.829";"26.743";"84";"33";"Cloudy";"None";"None";"Weekday | Cloudy";"66.86";"misecast-menu-v2.0";"true"
"FC-000778";"2026-08-01";"2026-08-06";"5";"Lunch";"MI-052";"MI-052-STANDARD";"Yuzu Ginger Cha";"Standard";"Drinks";"11.464";"11.464";"9.171";"13.757";"84";"33";"Cloudy";"None";"None";"Weekday | Cloudy";"51.59";"misecast-menu-v2.0";"true"
"FC-000779";"2026-08-01";"2026-08-06";"5";"Lunch";"MI-053";"MI-053-STANDARD";"Avocado";"Standard";"Add-ons / Modifiers";"1.464";"1.464";"1.171";"1.757";"84";"33";"Cloudy";"None";"None";"Weekday | Cloudy";"2.93";"misecast-menu-v2.0";"true"
"FC-000780";"2026-08-01";"2026-08-06";"5";"Lunch";"MI-054";"MI-054-STANDARD";"63 deg egg";"Standard";"Add-ons / Modifiers";"2";"2";"1.6";"2.4";"84";"33";"Cloudy";"None";"None";"Weekday | Cloudy";"5";"misecast-menu-v2.0";"true"
"FC-000781";"2026-08-01";"2026-08-06";"5";"Lunch";"MI-055";"MI-055-STANDARD";"Extra Salad";"Standard";"Add-ons / Modifiers";"2.107";"2.107";"1.686";"2.528";"84";"33";"Cloudy";"None";"None";"Weekday | Cloudy";"4.21";"misecast-menu-v2.0";"true"
"FC-000782";"2026-08-01";"2026-08-06";"5";"Lunch";"MI-056";"MI-056-STANDARD";"Standard topping (kimchi, corn, edamame, nori, etc.)";"Standard";"Add-ons / Modifiers";"1.107";"1.107";"0.886";"1.328";"84";"33";"Cloudy";"None";"None";"Weekday | Cloudy";"0.55";"misecast-menu-v2.0";"true"
"FC-000783";"2026-08-01";"2026-08-06";"5";"Lunch";"MI-057";"MI-057-STANDARD";"Extra Sauce (any)";"Standard";"Add-ons / Modifiers";"1";"1";"0.8";"1.2";"84";"33";"Cloudy";"None";"None";"Weekday | Cloudy";"1.5";"misecast-menu-v2.0";"true"
"FC-000784";"2026-08-01";"2026-08-06";"5";"Lunch";"MI-058";"MI-058-STANDARD";"Extra Sous-vide / Seared Chicken";"Standard";"Add-ons / Modifiers";"2.964";"2.964";"2.371";"3.557";"84";"33";"Cloudy";"None";"None";"Weekday | Cloudy";"11.86";"misecast-menu-v2.0";"true"
"FC-000785";"2026-08-01";"2026-08-06";"5";"Lunch";"MI-059";"MI-059-STANDARD";"Extra Pan Seared Tofu";"Standard";"Add-ons / Modifiers";"2.357";"2.357";"1.886";"2.828";"84";"33";"Cloudy";"None";"None";"Weekday | Cloudy";"9.43";"misecast-menu-v2.0";"true"
"FC-000786";"2026-08-01";"2026-08-06";"5";"Lunch";"MI-060";"MI-060-STANDARD";"Extra Eggplant";"Standard";"Add-ons / Modifiers";"3.607";"3.607";"2.886";"4.328";"84";"33";"Cloudy";"None";"None";"Weekday | Cloudy";"14.43";"misecast-menu-v2.0";"true"
"FC-000787";"2026-08-01";"2026-08-06";"5";"Lunch";"MI-061";"MI-061-STANDARD";"Extra Falafels";"Standard";"Add-ons / Modifiers";"4.571";"4.571";"3.657";"5.485";"84";"33";"Cloudy";"None";"None";"Weekday | Cloudy";"22.85";"misecast-menu-v2.0";"true"
"FC-000788";"2026-08-01";"2026-08-06";"5";"Lunch";"MI-062";"MI-062-STANDARD";"Extra Karaage Chicken";"Standard";"Add-ons / Modifiers";"3.607";"3.607";"2.886";"4.328";"84";"33";"Cloudy";"None";"None";"Weekday | Cloudy";"18.04";"misecast-menu-v2.0";"true"
"FC-000789";"2026-08-01";"2026-08-06";"5";"Lunch";"MI-063";"MI-063-STANDARD";"Extra Tiger Prawns";"Standard";"Add-ons / Modifiers";"2.5";"2.5";"2";"3";"84";"33";"Cloudy";"None";"None";"Weekday | Cloudy";"12.5";"misecast-menu-v2.0";"true"
"FC-000790";"2026-08-01";"2026-08-06";"5";"Lunch";"MI-064";"MI-064-STANDARD";"Extra Aburi / Sashimi Salmon";"Standard";"Add-ons / Modifiers";"2.5";"2.5";"2";"3";"84";"33";"Cloudy";"None";"None";"Weekday | Cloudy";"15";"misecast-menu-v2.0";"true"
"FC-000791";"2026-08-01";"2026-08-06";"5";"Lunch";"MI-065";"MI-065-STANDARD";"Extra Sashimi Tuna";"Standard";"Add-ons / Modifiers";"2.286";"2.286";"1.829";"2.743";"84";"33";"Cloudy";"None";"None";"Weekday | Cloudy";"13.72";"misecast-menu-v2.0";"true"
"FC-000792";"2026-08-01";"2026-08-06";"5";"Lunch";"MI-066";"MI-066-STANDARD";"Extra Wagyu";"Standard";"Add-ons / Modifiers";"2.071";"2.071";"1.657";"2.485";"84";"33";"Cloudy";"None";"None";"Weekday | Cloudy";"12.43";"misecast-menu-v2.0";"true"
"FC-000793";"2026-08-01";"2026-08-06";"5";"Dinner";"MI-001";"MI-001-SMALL";"Chicken Teriyaki Bowl - Small";"Small";"Signature Nosh Bowls";"9.393";"9.393";"7.514";"11.272";"84";"46";"Cloudy";"None";"None";"Weekday | Cloudy";"139.96";"misecast-menu-v2.0";"true"
"FC-000794";"2026-08-01";"2026-08-06";"5";"Dinner";"MI-001";"MI-001-LARGE";"Chicken Teriyaki Bowl - Large";"Large";"Signature Nosh Bowls";"9.5";"9.5";"7.6";"11.4";"84";"46";"Cloudy";"None";"None";"Weekday | Cloudy";"170.05";"misecast-menu-v2.0";"true"
"FC-000795";"2026-08-01";"2026-08-06";"5";"Dinner";"MI-002";"MI-002-SMALL";"Tofu Teriyaki Bowl - Small";"Small";"Signature Nosh Bowls";"9.071";"9.071";"7.257";"10.885";"84";"46";"Cloudy";"None";"None";"Weekday | Cloudy";"135.16";"misecast-menu-v2.0";"true"
"FC-000796";"2026-08-01";"2026-08-06";"5";"Dinner";"MI-002";"MI-002-LARGE";"Tofu Teriyaki Bowl - Large";"Large";"Signature Nosh Bowls";"9.25";"9.25";"7.4";"11.1";"84";"46";"Cloudy";"None";"None";"Weekday | Cloudy";"165.58";"misecast-menu-v2.0";"true"
"FC-000797";"2026-08-01";"2026-08-06";"5";"Dinner";"MI-003";"MI-003-SMALL";"Miso Eggplant Bowl - Small";"Small";"Signature Nosh Bowls";"9.429";"9.429";"7.543";"11.315";"84";"46";"Cloudy";"None";"None";"Weekday | Cloudy";"149.92";"misecast-menu-v2.0";"true"
"FC-000798";"2026-08-01";"2026-08-06";"5";"Dinner";"MI-003";"MI-003-LARGE";"Miso Eggplant Bowl - Large";"Large";"Signature Nosh Bowls";"9.5";"9.5";"7.6";"11.4";"84";"46";"Cloudy";"None";"None";"Weekday | Cloudy";"179.55";"misecast-menu-v2.0";"true"
"FC-000799";"2026-08-01";"2026-08-06";"5";"Dinner";"MI-004";"MI-004-SMALL";"Miso Falalalafel - Small";"Small";"Signature Nosh Bowls";"10.964";"10.964";"8.771";"13.157";"84";"46";"Cloudy";"None";"None";"Weekday | Cloudy";"174.33";"misecast-menu-v2.0";"true"
"FC-000800";"2026-08-01";"2026-08-06";"5";"Dinner";"MI-004";"MI-004-LARGE";"Miso Falalalafel - Large";"Large";"Signature Nosh Bowls";"10.964";"10.964";"8.771";"13.157";"84";"46";"Cloudy";"None";"None";"Weekday | Cloudy";"207.22";"misecast-menu-v2.0";"true"
"FC-000801";"2026-08-01";"2026-08-06";"5";"Dinner";"MI-005";"MI-005-SMALL";"Sashimi Bowl - Small";"Small";"Signature Nosh Bowls";"10.357";"10.357";"8.286";"12.428";"84";"46";"Cloudy";"None";"None";"Weekday | Cloudy";"185.39";"misecast-menu-v2.0";"true"
"FC-000802";"2026-08-01";"2026-08-06";"5";"Dinner";"MI-005";"MI-005-LARGE";"Sashimi Bowl - Large";"Large";"Signature Nosh Bowls";"10.143";"10.143";"8.114";"12.172";"84";"46";"Cloudy";"None";"None";"Weekday | Cloudy";"211.99";"misecast-menu-v2.0";"true"
"FC-000803";"2026-08-01";"2026-08-06";"5";"Dinner";"MI-006";"MI-006-SMALL";"Poke Bowl - Small";"Small";"Signature Nosh Bowls";"9.143";"9.143";"7.314";"10.972";"84";"46";"Cloudy";"None";"None";"Weekday | Cloudy";"154.52";"misecast-menu-v2.0";"true"
"FC-000804";"2026-08-01";"2026-08-06";"5";"Dinner";"MI-006";"MI-006-LARGE";"Poke Bowl - Large";"Large";"Signature Nosh Bowls";"9.286";"9.286";"7.429";"11.143";"84";"46";"Cloudy";"None";"None";"Weekday | Cloudy";"184.79";"misecast-menu-v2.0";"true"
"FC-000805";"2026-08-01";"2026-08-06";"5";"Dinner";"MI-007";"MI-007-SMALL";"Wagyu Beef Bowl - Small";"Small";"Signature Nosh Bowls";"9.643";"9.643";"7.714";"11.572";"84";"46";"Cloudy";"None";"None";"Weekday | Cloudy";"172.61";"misecast-menu-v2.0";"true"
"FC-000806";"2026-08-01";"2026-08-06";"5";"Dinner";"MI-007";"MI-007-LARGE";"Wagyu Beef Bowl - Large";"Large";"Signature Nosh Bowls";"9.75";"9.75";"7.8";"11.7";"84";"46";"Cloudy";"None";"None";"Weekday | Cloudy";"203.77";"misecast-menu-v2.0";"true"
"FC-000807";"2026-08-01";"2026-08-06";"5";"Dinner";"MI-008";"MI-008-SMALL";"Karaage Chicken Bowl - Small";"Small";"Signature Nosh Bowls";"9.25";"9.25";"7.4";"11.1";"84";"46";"Cloudy";"None";"None";"Weekday | Cloudy";"156.32";"misecast-menu-v2.0";"true"
"FC-000808";"2026-08-01";"2026-08-06";"5";"Dinner";"MI-008";"MI-008-LARGE";"Karaage Chicken Bowl - Large";"Large";"Signature Nosh Bowls";"9.5";"9.5";"7.6";"11.4";"84";"46";"Cloudy";"None";"None";"Weekday | Cloudy";"189.05";"misecast-menu-v2.0";"true"
"FC-000809";"2026-08-01";"2026-08-06";"5";"Dinner";"MI-009";"MI-009-SMALL";"Power Meal - Small";"Small";"Signature Nosh Bowls";"10.321";"10.321";"8.257";"12.385";"84";"46";"Cloudy";"None";"None";"Weekday | Cloudy";"195.07";"misecast-menu-v2.0";"true"
"FC-000810";"2026-08-01";"2026-08-06";"5";"Dinner";"MI-009";"MI-009-LARGE";"Power Meal - Large";"Large";"Signature Nosh Bowls";"10.536";"10.536";"8.429";"12.643";"84";"46";"Cloudy";"None";"None";"Weekday | Cloudy";"230.74";"misecast-menu-v2.0";"true"
"FC-000811";"2026-08-01";"2026-08-06";"5";"Dinner";"MI-010";"MI-010-SMALL";"Salmon Yuzu Bowl - Small";"Small";"Signature Nosh Bowls";"9.929";"9.929";"7.943";"11.915";"84";"46";"Cloudy";"None";"None";"Weekday | Cloudy";"177.73";"misecast-menu-v2.0";"true"
"FC-000812";"2026-08-01";"2026-08-06";"5";"Dinner";"MI-010";"MI-010-LARGE";"Salmon Yuzu Bowl - Large";"Large";"Signature Nosh Bowls";"10.071";"10.071";"8.057";"12.085";"84";"46";"Cloudy";"None";"None";"Weekday | Cloudy";"210.48";"misecast-menu-v2.0";"true"
"FC-000813";"2026-08-01";"2026-08-06";"5";"Dinner";"MI-011";"MI-011-STANDARD";"Karaage Bento";"Standard";"Protein Bento";"16.75";"16.75";"13.4";"20.1";"84";"46";"Cloudy";"None";"None";"Weekday | Cloudy";"232.83";"misecast-menu-v2.0";"true"
"FC-000814";"2026-08-01";"2026-08-06";"5";"Dinner";"MI-012";"MI-012-STANDARD";"Salmon Aburi Bento";"Standard";"Protein Bento";"15.857";"15.857";"12.686";"19.028";"84";"46";"Cloudy";"None";"None";"Weekday | Cloudy";"236.27";"misecast-menu-v2.0";"true"
"FC-000815";"2026-08-01";"2026-08-06";"5";"Dinner";"MI-013";"MI-013-STANDARD";"Tofu Bento";"Standard";"Protein Bento";"15.821";"15.821";"12.657";"18.985";"84";"46";"Cloudy";"None";"None";"Weekday | Cloudy";"204.09";"misecast-menu-v2.0";"true"
"FC-000816";"2026-08-01";"2026-08-06";"5";"Dinner";"MI-014";"MI-014-SMALL";"Create Your Own - Sous-vide Chicken - Small";"Small";"Create Your Own Bowl";"8.821";"8.821";"7.057";"10.585";"84";"46";"Cloudy";"None";"None";"Weekday | Cloudy";"140.25";"misecast-menu-v2.0";"true"
"FC-000817";"2026-08-01";"2026-08-06";"5";"Dinner";"MI-014";"MI-014-LARGE";"Create Your Own - Sous-vide Chicken - Large";"Large";"Create Your Own Bowl";"8.643";"8.643";"6.914";"10.372";"84";"46";"Cloudy";"None";"None";"Weekday | Cloudy";"163.35";"misecast-menu-v2.0";"true"
"FC-000818";"2026-08-01";"2026-08-06";"5";"Dinner";"MI-015";"MI-015-SMALL";"Create Your Own - Seared Chicken - Small";"Small";"Create Your Own Bowl";"8.821";"8.821";"7.057";"10.585";"84";"46";"Cloudy";"None";"None";"Weekday | Cloudy";"140.25";"misecast-menu-v2.0";"true"
"FC-000819";"2026-08-01";"2026-08-06";"5";"Dinner";"MI-015";"MI-015-LARGE";"Create Your Own - Seared Chicken - Large";"Large";"Create Your Own Bowl";"8.893";"8.893";"7.114";"10.672";"84";"46";"Cloudy";"None";"None";"Weekday | Cloudy";"168.08";"misecast-menu-v2.0";"true"
"FC-000820";"2026-08-01";"2026-08-06";"5";"Dinner";"MI-016";"MI-016-SMALL";"Create Your Own - Pan-seared Tofu - Small";"Small";"Create Your Own Bowl";"8.464";"8.464";"6.771";"10.157";"84";"46";"Cloudy";"None";"None";"Weekday | Cloudy";"134.58";"misecast-menu-v2.0";"true"
"FC-000821";"2026-08-01";"2026-08-06";"5";"Dinner";"MI-016";"MI-016-LARGE";"Create Your Own - Pan-seared Tofu - Large";"Large";"Create Your Own Bowl";"8.393";"8.393";"6.714";"10.072";"84";"46";"Cloudy";"None";"None";"Weekday | Cloudy";"158.63";"misecast-menu-v2.0";"true"
"FC-000822";"2026-08-01";"2026-08-06";"5";"Dinner";"MI-017";"MI-017-SMALL";"Create Your Own - Crispy Eggplant - Small";"Small";"Create Your Own Bowl";"9.643";"9.643";"7.714";"11.572";"84";"46";"Cloudy";"None";"None";"Weekday | Cloudy";"162.97";"misecast-menu-v2.0";"true"
"FC-000823";"2026-08-01";"2026-08-06";"5";"Dinner";"MI-017";"MI-017-LARGE";"Create Your Own - Crispy Eggplant - Large";"Large";"Create Your Own Bowl";"9.643";"9.643";"7.714";"11.572";"84";"46";"Cloudy";"None";"None";"Weekday | Cloudy";"191.9";"misecast-menu-v2.0";"true"
"FC-000824";"2026-08-01";"2026-08-06";"5";"Dinner";"MI-018";"MI-018-SMALL";"Create Your Own - Miso Beet Falafel - Small";"Small";"Create Your Own Bowl";"9.607";"9.607";"7.686";"11.528";"84";"46";"Cloudy";"None";"None";"Weekday | Cloudy";"162.36";"misecast-menu-v2.0";"true"
"FC-000825";"2026-08-01";"2026-08-06";"5";"Dinner";"MI-018";"MI-018-LARGE";"Create Your Own - Miso Beet Falafel - Large";"Large";"Create Your Own Bowl";"9.571";"9.571";"7.657";"11.485";"84";"46";"Cloudy";"None";"None";"Weekday | Cloudy";"190.46";"misecast-menu-v2.0";"true"
"FC-000826";"2026-08-01";"2026-08-06";"5";"Dinner";"MI-019";"MI-019-SMALL";"Create Your Own - Tiger Prawns - Small";"Small";"Create Your Own Bowl";"8.643";"8.643";"6.914";"10.372";"84";"46";"Cloudy";"None";"None";"Weekday | Cloudy";"146.07";"misecast-menu-v2.0";"true"
"FC-000827";"2026-08-01";"2026-08-06";"5";"Dinner";"MI-019";"MI-019-LARGE";"Create Your Own - Tiger Prawns - Large";"Large";"Create Your Own Bowl";"8.714";"8.714";"6.971";"10.457";"84";"46";"Cloudy";"None";"None";"Weekday | Cloudy";"173.41";"misecast-menu-v2.0";"true"
"FC-000828";"2026-08-01";"2026-08-06";"5";"Dinner";"MI-020";"MI-020-SMALL";"Create Your Own - Karaage Chicken - Small";"Small";"Create Your Own Bowl";"9.143";"9.143";"7.314";"10.972";"84";"46";"Cloudy";"None";"None";"Weekday | Cloudy";"163.66";"misecast-menu-v2.0";"true"
"FC-000829";"2026-08-01";"2026-08-06";"5";"Dinner";"MI-020";"MI-020-LARGE";"Create Your Own - Karaage Chicken - Large";"Large";"Create Your Own Bowl";"9.429";"9.429";"7.543";"11.315";"84";"46";"Cloudy";"None";"None";"Weekday | Cloudy";"197.07";"misecast-menu-v2.0";"true"
"FC-000830";"2026-08-01";"2026-08-06";"5";"Dinner";"MI-021";"MI-021-SMALL";"Create Your Own - Sashimi Salmon - Small";"Small";"Create Your Own Bowl";"8.143";"8.143";"6.514";"9.772";"84";"46";"Cloudy";"None";"None";"Weekday | Cloudy";"145.76";"misecast-menu-v2.0";"true"
"FC-000831";"2026-08-01";"2026-08-06";"5";"Dinner";"MI-021";"MI-021-LARGE";"Create Your Own - Sashimi Salmon - Large";"Large";"Create Your Own Bowl";"8.357";"8.357";"6.686";"10.028";"84";"46";"Cloudy";"None";"None";"Weekday | Cloudy";"174.66";"misecast-menu-v2.0";"true"
"FC-000832";"2026-08-01";"2026-08-06";"5";"Dinner";"MI-022";"MI-022-SMALL";"Create Your Own - Sashimi Tuna - Small";"Small";"Create Your Own Bowl";"8.571";"8.571";"6.857";"10.285";"84";"46";"Cloudy";"None";"None";"Weekday | Cloudy";"153.42";"misecast-menu-v2.0";"true"
"FC-000833";"2026-08-01";"2026-08-06";"5";"Dinner";"MI-022";"MI-022-LARGE";"Create Your Own - Sashimi Tuna - Large";"Large";"Create Your Own Bowl";"8.714";"8.714";"6.971";"10.457";"84";"46";"Cloudy";"None";"None";"Weekday | Cloudy";"182.12";"misecast-menu-v2.0";"true"
"FC-000834";"2026-08-01";"2026-08-06";"5";"Dinner";"MI-023";"MI-023-SMALL";"Create Your Own - Flame-seared Salmon - Small";"Small";"Create Your Own Bowl";"8.571";"8.571";"6.857";"10.285";"84";"46";"Cloudy";"None";"None";"Weekday | Cloudy";"161.99";"misecast-menu-v2.0";"true"
"FC-000835";"2026-08-01";"2026-08-06";"5";"Dinner";"MI-023";"MI-023-LARGE";"Create Your Own - Flame-seared Salmon - Large";"Large";"Create Your Own Bowl";"8.643";"8.643";"6.914";"10.372";"84";"46";"Cloudy";"None";"None";"Weekday | Cloudy";"189.28";"misecast-menu-v2.0";"true"
"FC-000836";"2026-08-01";"2026-08-06";"5";"Dinner";"MI-024";"MI-024-SMALL";"Create Your Own - Flame-seared Wagyu - Small";"Small";"Create Your Own Bowl";"8.25";"8.25";"6.6";"9.9";"84";"46";"Cloudy";"None";"None";"Weekday | Cloudy";"155.92";"misecast-menu-v2.0";"true"
"FC-000837";"2026-08-01";"2026-08-06";"5";"Dinner";"MI-024";"MI-024-LARGE";"Create Your Own - Flame-seared Wagyu - Large";"Large";"Create Your Own Bowl";"8.464";"8.464";"6.771";"10.157";"84";"46";"Cloudy";"None";"None";"Weekday | Cloudy";"185.36";"misecast-menu-v2.0";"true"
"FC-000838";"2026-08-01";"2026-08-06";"5";"Dinner";"MI-025";"MI-025-SMALL";"Create Your Own - No Protein - Small";"Small";"Create Your Own Bowl";"7.464";"7.464";"5.971";"8.957";"84";"46";"Cloudy";"None";"None";"Weekday | Cloudy";"96.29";"misecast-menu-v2.0";"true"
"FC-000839";"2026-08-01";"2026-08-06";"5";"Dinner";"MI-025";"MI-025-LARGE";"Create Your Own - No Protein - Large";"Large";"Create Your Own Bowl";"7.679";"7.679";"6.143";"9.215";"84";"46";"Cloudy";"None";"None";"Weekday | Cloudy";"122.1";"misecast-menu-v2.0";"true"
"FC-000840";"2026-08-01";"2026-08-06";"5";"Dinner";"MI-026";"MI-026-STANDARD";"Miso Soup";"Standard";"Light Bites";"10.393";"10.393";"8.314";"12.472";"84";"46";"Cloudy";"None";"None";"Weekday | Cloudy";"25.98";"misecast-menu-v2.0";"true"
"FC-000841";"2026-08-01";"2026-08-06";"5";"Dinner";"MI-027";"MI-027-STANDARD";"Raw Balls - Peanut Butter";"Standard";"Light Bites";"1.821";"1.821";"1.457";"2.185";"84";"46";"Cloudy";"None";"None";"Weekday | Cloudy";"7.65";"misecast-menu-v2.0";"true"
"FC-000842";"2026-08-01";"2026-08-06";"5";"Dinner";"MI-028";"MI-028-STANDARD";"Raw Balls - Choc Brownie";"Standard";"Light Bites";"1.786";"1.786";"1.429";"2.143";"84";"46";"Cloudy";"None";"None";"Weekday | Cloudy";"7.5";"misecast-menu-v2.0";"true"
"FC-000843";"2026-08-01";"2026-08-06";"5";"Dinner";"MI-029";"MI-029-STANDARD";"Raw Balls - Coconut Cacao";"Standard";"Light Bites";"1.821";"1.821";"1.457";"2.185";"84";"46";"Cloudy";"None";"None";"Weekday | Cloudy";"7.65";"misecast-menu-v2.0";"true"
"FC-000844";"2026-08-01";"2026-08-06";"5";"Dinner";"MI-030";"MI-030-STANDARD";"Raw Balls - Hazelnut";"Standard";"Light Bites";"1.893";"1.893";"1.514";"2.272";"84";"46";"Cloudy";"None";"None";"Weekday | Cloudy";"7.95";"misecast-menu-v2.0";"true"
"FC-000845";"2026-08-01";"2026-08-06";"5";"Dinner";"MI-031";"MI-031-STANDARD";"Raw Balls - Apricot Delight";"Standard";"Light Bites";"1.893";"1.893";"1.514";"2.272";"84";"46";"Cloudy";"None";"None";"Weekday | Cloudy";"7.95";"misecast-menu-v2.0";"true"
"FC-000846";"2026-08-01";"2026-08-06";"5";"Dinner";"MI-032";"MI-032-STANDARD";"myDeal - $5 Crispy Chicken Bites";"Standard";"Promotions";"3.464";"3.464";"2.771";"4.157";"84";"46";"Cloudy";"None";"None";"Weekday | Cloudy";"17.32";"misecast-menu-v2.0";"true"
"FC-000847";"2026-08-01";"2026-08-06";"5";"Dinner";"MI-033";"MI-033-STANDARD";"Coconut Water";"Standard";"Drinks";"12.214";"12.214";"9.771";"14.657";"84";"46";"Cloudy";"None";"None";"Weekday | Cloudy";"51.3";"misecast-menu-v2.0";"true"
"FC-000848";"2026-08-01";"2026-08-06";"5";"Dinner";"MI-034";"MI-034-STANDARD";"Cold Pressed Juice - Watermelon Lime";"Standard";"Drinks";"11.429";"11.429";"9.143";"13.715";"84";"46";"Cloudy";"None";"None";"Weekday | Cloudy";"62.86";"misecast-menu-v2.0";"true"
"FC-000849";"2026-08-01";"2026-08-06";"5";"Dinner";"MI-035";"MI-035-STANDARD";"Cold Pressed Juice - Classic OJ";"Standard";"Drinks";"11.393";"11.393";"9.114";"13.672";"84";"46";"Cloudy";"None";"None";"Weekday | Cloudy";"62.66";"misecast-menu-v2.0";"true"
"FC-000850";"2026-08-01";"2026-08-06";"5";"Dinner";"MI-036";"MI-036-STANDARD";"Cold Pressed Juice - Pineapple Mint";"Standard";"Drinks";"11.107";"11.107";"8.886";"13.328";"84";"46";"Cloudy";"None";"None";"Weekday | Cloudy";"61.09";"misecast-menu-v2.0";"true"
"FC-000851";"2026-08-01";"2026-08-06";"5";"Dinner";"MI-037";"MI-037-STANDARD";"Dash Sparkling Water - Lime";"Standard";"Drinks";"12.929";"12.929";"10.343";"15.515";"84";"46";"Cloudy";"None";"None";"Weekday | Cloudy";"51.72";"misecast-menu-v2.0";"true"
"FC-000852";"2026-08-01";"2026-08-06";"5";"Dinner";"MI-038";"MI-038-STANDARD";"Dash Sparkling Water - Raspberry";"Standard";"Drinks";"12.5";"12.5";"10";"15";"84";"46";"Cloudy";"None";"None";"Weekday | Cloudy";"50";"misecast-menu-v2.0";"true"
"FC-000853";"2026-08-01";"2026-08-06";"5";"Dinner";"MI-039";"MI-039-STANDARD";"Dash Sparkling Water - Peach";"Standard";"Drinks";"12.714";"12.714";"10.171";"15.257";"84";"46";"Cloudy";"None";"None";"Weekday | Cloudy";"50.86";"misecast-menu-v2.0";"true"
"FC-000854";"2026-08-01";"2026-08-06";"5";"Dinner";"MI-040";"MI-040-STANDARD";"Kombucha - Ginger Lemon";"Standard";"Drinks";"12.536";"12.536";"10.029";"15.043";"84";"46";"Cloudy";"None";"None";"Weekday | Cloudy";"68.95";"misecast-menu-v2.0";"true"
"FC-000855";"2026-08-01";"2026-08-06";"5";"Dinner";"MI-041";"MI-041-STANDARD";"Kombucha - Lemon Lime Mint";"Standard";"Drinks";"12.643";"12.643";"10.114";"15.172";"84";"46";"Cloudy";"None";"None";"Weekday | Cloudy";"69.54";"misecast-menu-v2.0";"true"
"FC-000856";"2026-08-01";"2026-08-06";"5";"Dinner";"MI-042";"MI-042-STANDARD";"Kombucha - Peach";"Standard";"Drinks";"12.536";"12.536";"10.029";"15.043";"84";"46";"Cloudy";"None";"None";"Weekday | Cloudy";"68.95";"misecast-menu-v2.0";"true"
"FC-000857";"2026-08-01";"2026-08-06";"5";"Dinner";"MI-043";"MI-043-STANDARD";"Kombucha - Raspberry Lemonade";"Standard";"Drinks";"12.821";"12.821";"10.257";"15.385";"84";"46";"Cloudy";"None";"None";"Weekday | Cloudy";"70.52";"misecast-menu-v2.0";"true"
"FC-000858";"2026-08-01";"2026-08-06";"5";"Dinner";"MI-044";"MI-044-STANDARD";"Sodaly - Passionfruit";"Standard";"Drinks";"12.679";"12.679";"10.143";"15.215";"84";"46";"Cloudy";"None";"None";"Weekday | Cloudy";"62.13";"misecast-menu-v2.0";"true"
"FC-000859";"2026-08-01";"2026-08-06";"5";"Dinner";"MI-045";"MI-045-STANDARD";"Sodaly - Guava";"Standard";"Drinks";"12.393";"12.393";"9.914";"14.872";"84";"46";"Cloudy";"None";"None";"Weekday | Cloudy";"60.73";"misecast-menu-v2.0";"true"
"FC-000860";"2026-08-01";"2026-08-06";"5";"Dinner";"MI-046";"MI-046-STANDARD";"Sodaly - Raspberry";"Standard";"Drinks";"12.893";"12.893";"10.314";"15.472";"84";"46";"Cloudy";"None";"None";"Weekday | Cloudy";"63.18";"misecast-menu-v2.0";"true"
"FC-000861";"2026-08-01";"2026-08-06";"5";"Dinner";"MI-047";"MI-047-STANDARD";"Sparkling Water";"Standard";"Drinks";"19.179";"19.179";"15.343";"23.015";"84";"46";"Cloudy";"None";"None";"Weekday | Cloudy";"67.13";"misecast-menu-v2.0";"true"
"FC-000862";"2026-08-01";"2026-08-06";"5";"Dinner";"MI-048";"MI-048-STANDARD";"Specialty Soda - Gingerella";"Standard";"Drinks";"12.464";"12.464";"9.971";"14.957";"84";"46";"Cloudy";"None";"None";"Weekday | Cloudy";"61.07";"misecast-menu-v2.0";"true"
"FC-000863";"2026-08-01";"2026-08-06";"5";"Dinner";"MI-049";"MI-049-STANDARD";"Specialty Soda - Karma Cola";"Standard";"Drinks";"12.536";"12.536";"10.029";"15.043";"84";"46";"Cloudy";"None";"None";"Weekday | Cloudy";"61.43";"misecast-menu-v2.0";"true"
"FC-000864";"2026-08-01";"2026-08-06";"5";"Dinner";"MI-050";"MI-050-STANDARD";"Specialty Soda - Lemmy";"Standard";"Drinks";"12.571";"12.571";"10.057";"15.085";"84";"46";"Cloudy";"None";"None";"Weekday | Cloudy";"61.6";"misecast-menu-v2.0";"true"
"FC-000865";"2026-08-01";"2026-08-06";"5";"Dinner";"MI-051";"MI-051-STANDARD";"Still Water";"Standard";"Drinks";"22.821";"22.821";"18.257";"27.385";"84";"46";"Cloudy";"None";"None";"Weekday | Cloudy";"68.46";"misecast-menu-v2.0";"true"
"FC-000866";"2026-08-01";"2026-08-06";"5";"Dinner";"MI-052";"MI-052-STANDARD";"Yuzu Ginger Cha";"Standard";"Drinks";"11.679";"11.679";"9.343";"14.015";"84";"46";"Cloudy";"None";"None";"Weekday | Cloudy";"52.56";"misecast-menu-v2.0";"true"
"FC-000867";"2026-08-01";"2026-08-06";"5";"Dinner";"MI-053";"MI-053-STANDARD";"Avocado";"Standard";"Add-ons / Modifiers";"1.464";"1.464";"1.171";"1.757";"84";"46";"Cloudy";"None";"None";"Weekday | Cloudy";"2.93";"misecast-menu-v2.0";"true"
"FC-000868";"2026-08-01";"2026-08-06";"5";"Dinner";"MI-054";"MI-054-STANDARD";"63 deg egg";"Standard";"Add-ons / Modifiers";"2";"2";"1.6";"2.4";"84";"46";"Cloudy";"None";"None";"Weekday | Cloudy";"5";"misecast-menu-v2.0";"true"
"FC-000869";"2026-08-01";"2026-08-06";"5";"Dinner";"MI-055";"MI-055-STANDARD";"Extra Salad";"Standard";"Add-ons / Modifiers";"2.214";"2.214";"1.771";"2.657";"84";"46";"Cloudy";"None";"None";"Weekday | Cloudy";"4.43";"misecast-menu-v2.0";"true"
"FC-000870";"2026-08-01";"2026-08-06";"5";"Dinner";"MI-056";"MI-056-STANDARD";"Standard topping (kimchi, corn, edamame, nori, etc.)";"Standard";"Add-ons / Modifiers";"1.143";"1.143";"0.914";"1.372";"84";"46";"Cloudy";"None";"None";"Weekday | Cloudy";"0.57";"misecast-menu-v2.0";"true"
"FC-000871";"2026-08-01";"2026-08-06";"5";"Dinner";"MI-057";"MI-057-STANDARD";"Extra Sauce (any)";"Standard";"Add-ons / Modifiers";"1.036";"1.036";"0.829";"1.243";"84";"46";"Cloudy";"None";"None";"Weekday | Cloudy";"1.55";"misecast-menu-v2.0";"true"
"FC-000872";"2026-08-01";"2026-08-06";"5";"Dinner";"MI-058";"MI-058-STANDARD";"Extra Sous-vide / Seared Chicken";"Standard";"Add-ons / Modifiers";"3.107";"3.107";"2.486";"3.728";"84";"46";"Cloudy";"None";"None";"Weekday | Cloudy";"12.43";"misecast-menu-v2.0";"true"
"FC-000873";"2026-08-01";"2026-08-06";"5";"Dinner";"MI-059";"MI-059-STANDARD";"Extra Pan Seared Tofu";"Standard";"Add-ons / Modifiers";"2.393";"2.393";"1.914";"2.872";"84";"46";"Cloudy";"None";"None";"Weekday | Cloudy";"9.57";"misecast-menu-v2.0";"true"
"FC-000874";"2026-08-01";"2026-08-06";"5";"Dinner";"MI-060";"MI-060-STANDARD";"Extra Eggplant";"Standard";"Add-ons / Modifiers";"3.893";"3.893";"3.114";"4.672";"84";"46";"Cloudy";"None";"None";"Weekday | Cloudy";"15.57";"misecast-menu-v2.0";"true"
"FC-000875";"2026-08-01";"2026-08-06";"5";"Dinner";"MI-061";"MI-061-STANDARD";"Extra Falafels";"Standard";"Add-ons / Modifiers";"4.679";"4.679";"3.743";"5.615";"84";"46";"Cloudy";"None";"None";"Weekday | Cloudy";"23.4";"misecast-menu-v2.0";"true"
"FC-000876";"2026-08-01";"2026-08-06";"5";"Dinner";"MI-062";"MI-062-STANDARD";"Extra Karaage Chicken";"Standard";"Add-ons / Modifiers";"3.786";"3.786";"3.029";"4.543";"84";"46";"Cloudy";"None";"None";"Weekday | Cloudy";"18.93";"misecast-menu-v2.0";"true"
"FC-000877";"2026-08-01";"2026-08-06";"5";"Dinner";"MI-063";"MI-063-STANDARD";"Extra Tiger Prawns";"Standard";"Add-ons / Modifiers";"2.357";"2.357";"1.886";"2.828";"84";"46";"Cloudy";"None";"None";"Weekday | Cloudy";"11.79";"misecast-menu-v2.0";"true"
"FC-000878";"2026-08-01";"2026-08-06";"5";"Dinner";"MI-064";"MI-064-STANDARD";"Extra Aburi / Sashimi Salmon";"Standard";"Add-ons / Modifiers";"2.464";"2.464";"1.971";"2.957";"84";"46";"Cloudy";"None";"None";"Weekday | Cloudy";"14.78";"misecast-menu-v2.0";"true"
"FC-000879";"2026-08-01";"2026-08-06";"5";"Dinner";"MI-065";"MI-065-STANDARD";"Extra Sashimi Tuna";"Standard";"Add-ons / Modifiers";"2.357";"2.357";"1.886";"2.828";"84";"46";"Cloudy";"None";"None";"Weekday | Cloudy";"14.14";"misecast-menu-v2.0";"true"
"FC-000880";"2026-08-01";"2026-08-06";"5";"Dinner";"MI-066";"MI-066-STANDARD";"Extra Wagyu";"Standard";"Add-ons / Modifiers";"2.143";"2.143";"1.714";"2.572";"84";"46";"Cloudy";"None";"None";"Weekday | Cloudy";"12.86";"misecast-menu-v2.0";"true"
"FC-000881";"2026-08-01";"2026-08-07";"6";"Lunch";"MI-001";"MI-001-SMALL";"Chicken Teriyaki Bowl - Small";"Small";"Signature Nosh Bowls";"6.786";"6.786";"5.429";"8.143";"83.2";"34";"Mild";"None";"None";"Weekday | Mild";"101.11";"misecast-menu-v2.0";"true"
"FC-000882";"2026-08-01";"2026-08-07";"6";"Lunch";"MI-001";"MI-001-LARGE";"Chicken Teriyaki Bowl - Large";"Large";"Signature Nosh Bowls";"6.679";"6.679";"5.343";"8.015";"83.2";"34";"Mild";"None";"None";"Weekday | Mild";"119.55";"misecast-menu-v2.0";"true"
"FC-000883";"2026-08-01";"2026-08-07";"6";"Lunch";"MI-002";"MI-002-SMALL";"Tofu Teriyaki Bowl - Small";"Small";"Signature Nosh Bowls";"6.179";"6.179";"4.943";"7.415";"83.2";"34";"Mild";"None";"None";"Weekday | Mild";"92.07";"misecast-menu-v2.0";"true"
"FC-000884";"2026-08-01";"2026-08-07";"6";"Lunch";"MI-002";"MI-002-LARGE";"Tofu Teriyaki Bowl - Large";"Large";"Signature Nosh Bowls";"6";"6";"4.8";"7.2";"83.2";"34";"Mild";"None";"None";"Weekday | Mild";"107.4";"misecast-menu-v2.0";"true"
"FC-000885";"2026-08-01";"2026-08-07";"6";"Lunch";"MI-003";"MI-003-SMALL";"Miso Eggplant Bowl - Small";"Small";"Signature Nosh Bowls";"6.679";"6.679";"5.343";"8.015";"83.2";"34";"Mild";"None";"None";"Weekday | Mild";"106.2";"misecast-menu-v2.0";"true"
"FC-000886";"2026-08-01";"2026-08-07";"6";"Lunch";"MI-003";"MI-003-LARGE";"Miso Eggplant Bowl - Large";"Large";"Signature Nosh Bowls";"6.607";"6.607";"5.286";"7.928";"83.2";"34";"Mild";"None";"None";"Weekday | Mild";"124.87";"misecast-menu-v2.0";"true"
"FC-000887";"2026-08-01";"2026-08-07";"6";"Lunch";"MI-004";"MI-004-SMALL";"Miso Falalalafel - Small";"Small";"Signature Nosh Bowls";"7.714";"7.714";"6.171";"9.257";"83.2";"34";"Mild";"None";"None";"Weekday | Mild";"122.65";"misecast-menu-v2.0";"true"
"FC-000888";"2026-08-01";"2026-08-07";"6";"Lunch";"MI-004";"MI-004-LARGE";"Miso Falalalafel - Large";"Large";"Signature Nosh Bowls";"7.714";"7.714";"6.171";"9.257";"83.2";"34";"Mild";"None";"None";"Weekday | Mild";"145.79";"misecast-menu-v2.0";"true"
"FC-000889";"2026-08-01";"2026-08-07";"6";"Lunch";"MI-005";"MI-005-SMALL";"Sashimi Bowl - Small";"Small";"Signature Nosh Bowls";"6.821";"6.821";"5.457";"8.185";"83.2";"34";"Mild";"None";"None";"Weekday | Mild";"122.1";"misecast-menu-v2.0";"true"
"FC-000890";"2026-08-01";"2026-08-07";"6";"Lunch";"MI-005";"MI-005-LARGE";"Sashimi Bowl - Large";"Large";"Signature Nosh Bowls";"7.036";"7.036";"5.629";"8.443";"83.2";"34";"Mild";"None";"None";"Weekday | Mild";"147.05";"misecast-menu-v2.0";"true"
"FC-000891";"2026-08-01";"2026-08-07";"6";"Lunch";"MI-006";"MI-006-SMALL";"Poke Bowl - Small";"Small";"Signature Nosh Bowls";"6.357";"6.357";"5.086";"7.628";"83.2";"34";"Mild";"None";"None";"Weekday | Mild";"107.43";"misecast-menu-v2.0";"true"
"FC-000892";"2026-08-01";"2026-08-07";"6";"Lunch";"MI-006";"MI-006-LARGE";"Poke Bowl - Large";"Large";"Signature Nosh Bowls";"6.25";"6.25";"5";"7.5";"83.2";"34";"Mild";"None";"None";"Weekday | Mild";"124.37";"misecast-menu-v2.0";"true"
"FC-000893";"2026-08-01";"2026-08-07";"6";"Lunch";"MI-007";"MI-007-SMALL";"Wagyu Beef Bowl - Small";"Small";"Signature Nosh Bowls";"6.643";"6.643";"5.314";"7.972";"83.2";"34";"Mild";"None";"None";"Weekday | Mild";"118.91";"misecast-menu-v2.0";"true"
"FC-000894";"2026-08-01";"2026-08-07";"6";"Lunch";"MI-007";"MI-007-LARGE";"Wagyu Beef Bowl - Large";"Large";"Signature Nosh Bowls";"6.571";"6.571";"5.257";"7.885";"83.2";"34";"Mild";"None";"None";"Weekday | Mild";"137.33";"misecast-menu-v2.0";"true"
"FC-000895";"2026-08-01";"2026-08-07";"6";"Lunch";"MI-008";"MI-008-SMALL";"Karaage Chicken Bowl - Small";"Small";"Signature Nosh Bowls";"6.643";"6.643";"5.314";"7.972";"83.2";"34";"Mild";"None";"None";"Weekday | Mild";"112.27";"misecast-menu-v2.0";"true"
"FC-000896";"2026-08-01";"2026-08-07";"6";"Lunch";"MI-008";"MI-008-LARGE";"Karaage Chicken Bowl - Large";"Large";"Signature Nosh Bowls";"6.429";"6.429";"5.143";"7.715";"83.2";"34";"Mild";"None";"None";"Weekday | Mild";"127.94";"misecast-menu-v2.0";"true"
"FC-000897";"2026-08-01";"2026-08-07";"6";"Lunch";"MI-009";"MI-009-SMALL";"Power Meal - Small";"Small";"Signature Nosh Bowls";"8";"8";"6.4";"9.6";"83.2";"34";"Mild";"None";"None";"Weekday | Mild";"151.2";"misecast-menu-v2.0";"true"
"FC-000898";"2026-08-01";"2026-08-07";"6";"Lunch";"MI-009";"MI-009-LARGE";"Power Meal - Large";"Large";"Signature Nosh Bowls";"7.821";"7.821";"6.257";"9.385";"83.2";"34";"Mild";"None";"None";"Weekday | Mild";"171.28";"misecast-menu-v2.0";"true"
"FC-000899";"2026-08-01";"2026-08-07";"6";"Lunch";"MI-010";"MI-010-SMALL";"Salmon Yuzu Bowl - Small";"Small";"Signature Nosh Bowls";"7.071";"7.071";"5.657";"8.485";"83.2";"34";"Mild";"None";"None";"Weekday | Mild";"126.57";"misecast-menu-v2.0";"true"
"FC-000900";"2026-08-01";"2026-08-07";"6";"Lunch";"MI-010";"MI-010-LARGE";"Salmon Yuzu Bowl - Large";"Large";"Signature Nosh Bowls";"6.929";"6.929";"5.543";"8.315";"83.2";"34";"Mild";"None";"None";"Weekday | Mild";"144.82";"misecast-menu-v2.0";"true"
"FC-000901";"2026-08-01";"2026-08-07";"6";"Lunch";"MI-011";"MI-011-STANDARD";"Karaage Bento";"Standard";"Protein Bento";"15.786";"15.786";"12.629";"18.943";"83.2";"34";"Mild";"None";"None";"Weekday | Mild";"219.43";"misecast-menu-v2.0";"true"
"FC-000902";"2026-08-01";"2026-08-07";"6";"Lunch";"MI-012";"MI-012-STANDARD";"Salmon Aburi Bento";"Standard";"Protein Bento";"15.929";"15.929";"12.743";"19.115";"83.2";"34";"Mild";"None";"None";"Weekday | Mild";"237.34";"misecast-menu-v2.0";"true"
"FC-000903";"2026-08-01";"2026-08-07";"6";"Lunch";"MI-013";"MI-013-STANDARD";"Tofu Bento";"Standard";"Protein Bento";"15.964";"15.964";"12.771";"19.157";"83.2";"34";"Mild";"None";"None";"Weekday | Mild";"205.94";"misecast-menu-v2.0";"true"
"FC-000904";"2026-08-01";"2026-08-07";"6";"Lunch";"MI-014";"MI-014-SMALL";"Create Your Own - Sous-vide Chicken - Small";"Small";"Create Your Own Bowl";"6.036";"6.036";"4.829";"7.243";"83.2";"34";"Mild";"None";"None";"Weekday | Mild";"95.97";"misecast-menu-v2.0";"true"
"FC-000905";"2026-08-01";"2026-08-07";"6";"Lunch";"MI-014";"MI-014-LARGE";"Create Your Own - Sous-vide Chicken - Large";"Large";"Create Your Own Bowl";"6.214";"6.214";"4.971";"7.457";"83.2";"34";"Mild";"None";"None";"Weekday | Mild";"117.44";"misecast-menu-v2.0";"true"
"FC-000906";"2026-08-01";"2026-08-07";"6";"Lunch";"MI-015";"MI-015-SMALL";"Create Your Own - Seared Chicken - Small";"Small";"Create Your Own Bowl";"6.393";"6.393";"5.114";"7.672";"83.2";"34";"Mild";"None";"None";"Weekday | Mild";"101.65";"misecast-menu-v2.0";"true"
"FC-000907";"2026-08-01";"2026-08-07";"6";"Lunch";"MI-015";"MI-015-LARGE";"Create Your Own - Seared Chicken - Large";"Large";"Create Your Own Bowl";"6.357";"6.357";"5.086";"7.628";"83.2";"34";"Mild";"None";"None";"Weekday | Mild";"120.15";"misecast-menu-v2.0";"true"
"FC-000908";"2026-08-01";"2026-08-07";"6";"Lunch";"MI-016";"MI-016-SMALL";"Create Your Own - Pan-seared Tofu - Small";"Small";"Create Your Own Bowl";"5.893";"5.893";"4.714";"7.072";"83.2";"34";"Mild";"None";"None";"Weekday | Mild";"93.7";"misecast-menu-v2.0";"true"
"FC-000909";"2026-08-01";"2026-08-07";"6";"Lunch";"MI-016";"MI-016-LARGE";"Create Your Own - Pan-seared Tofu - Large";"Large";"Create Your Own Bowl";"5.964";"5.964";"4.771";"7.157";"83.2";"34";"Mild";"None";"None";"Weekday | Mild";"112.72";"misecast-menu-v2.0";"true"
"FC-000910";"2026-08-01";"2026-08-07";"6";"Lunch";"MI-017";"MI-017-SMALL";"Create Your Own - Crispy Eggplant - Small";"Small";"Create Your Own Bowl";"6.571";"6.571";"5.257";"7.885";"83.2";"34";"Mild";"None";"None";"Weekday | Mild";"111.05";"misecast-menu-v2.0";"true"
"FC-000911";"2026-08-01";"2026-08-07";"6";"Lunch";"MI-017";"MI-017-LARGE";"Create Your Own - Crispy Eggplant - Large";"Large";"Create Your Own Bowl";"6.571";"6.571";"5.257";"7.885";"83.2";"34";"Mild";"None";"None";"Weekday | Mild";"130.76";"misecast-menu-v2.0";"true"
"FC-000912";"2026-08-01";"2026-08-07";"6";"Lunch";"MI-018";"MI-018-SMALL";"Create Your Own - Miso Beet Falafel - Small";"Small";"Create Your Own Bowl";"7.107";"7.107";"5.686";"8.528";"83.2";"34";"Mild";"None";"None";"Weekday | Mild";"120.11";"misecast-menu-v2.0";"true"
"FC-000913";"2026-08-01";"2026-08-07";"6";"Lunch";"MI-018";"MI-018-LARGE";"Create Your Own - Miso Beet Falafel - Large";"Large";"Create Your Own Bowl";"7.107";"7.107";"5.686";"8.528";"83.2";"34";"Mild";"None";"None";"Weekday | Mild";"141.43";"misecast-menu-v2.0";"true"
"FC-000914";"2026-08-01";"2026-08-07";"6";"Lunch";"MI-019";"MI-019-SMALL";"Create Your Own - Tiger Prawns - Small";"Small";"Create Your Own Bowl";"5.893";"5.893";"4.714";"7.072";"83.2";"34";"Mild";"None";"None";"Weekday | Mild";"99.59";"misecast-menu-v2.0";"true"
"FC-000915";"2026-08-01";"2026-08-07";"6";"Lunch";"MI-019";"MI-019-LARGE";"Create Your Own - Tiger Prawns - Large";"Large";"Create Your Own Bowl";"5.821";"5.821";"4.657";"6.985";"83.2";"34";"Mild";"None";"None";"Weekday | Mild";"115.84";"misecast-menu-v2.0";"true"
"FC-000916";"2026-08-01";"2026-08-07";"6";"Lunch";"MI-020";"MI-020-SMALL";"Create Your Own - Karaage Chicken - Small";"Small";"Create Your Own Bowl";"6.75";"6.75";"5.4";"8.1";"83.2";"34";"Mild";"None";"None";"Weekday | Mild";"120.82";"misecast-menu-v2.0";"true"
"FC-000917";"2026-08-01";"2026-08-07";"6";"Lunch";"MI-020";"MI-020-LARGE";"Create Your Own - Karaage Chicken - Large";"Large";"Create Your Own Bowl";"6.464";"6.464";"5.171";"7.757";"83.2";"34";"Mild";"None";"None";"Weekday | Mild";"135.1";"misecast-menu-v2.0";"true"
"FC-000918";"2026-08-01";"2026-08-07";"6";"Lunch";"MI-021";"MI-021-SMALL";"Create Your Own - Sashimi Salmon - Small";"Small";"Create Your Own Bowl";"5.964";"5.964";"4.771";"7.157";"83.2";"34";"Mild";"None";"None";"Weekday | Mild";"106.76";"misecast-menu-v2.0";"true"
"FC-000919";"2026-08-01";"2026-08-07";"6";"Lunch";"MI-021";"MI-021-LARGE";"Create Your Own - Sashimi Salmon - Large";"Large";"Create Your Own Bowl";"5.75";"5.75";"4.6";"6.9";"83.2";"34";"Mild";"None";"None";"Weekday | Mild";"120.18";"misecast-menu-v2.0";"true"
"FC-000920";"2026-08-01";"2026-08-07";"6";"Lunch";"MI-022";"MI-022-SMALL";"Create Your Own - Sashimi Tuna - Small";"Small";"Create Your Own Bowl";"6.179";"6.179";"4.943";"7.415";"83.2";"34";"Mild";"None";"None";"Weekday | Mild";"110.6";"misecast-menu-v2.0";"true"
"FC-000921";"2026-08-01";"2026-08-07";"6";"Lunch";"MI-022";"MI-022-LARGE";"Create Your Own - Sashimi Tuna - Large";"Large";"Create Your Own Bowl";"6.036";"6.036";"4.829";"7.243";"83.2";"34";"Mild";"None";"None";"Weekday | Mild";"126.15";"misecast-menu-v2.0";"true"
"FC-000922";"2026-08-01";"2026-08-07";"6";"Lunch";"MI-023";"MI-023-SMALL";"Create Your Own - Flame-seared Salmon - Small";"Small";"Create Your Own Bowl";"5.929";"5.929";"4.743";"7.115";"83.2";"34";"Mild";"None";"None";"Weekday | Mild";"112.06";"misecast-menu-v2.0";"true"
"FC-000923";"2026-08-01";"2026-08-07";"6";"Lunch";"MI-023";"MI-023-LARGE";"Create Your Own - Flame-seared Salmon - Large";"Large";"Create Your Own Bowl";"5.857";"5.857";"4.686";"7.028";"83.2";"34";"Mild";"None";"None";"Weekday | Mild";"128.27";"misecast-menu-v2.0";"true"
"FC-000924";"2026-08-01";"2026-08-07";"6";"Lunch";"MI-024";"MI-024-SMALL";"Create Your Own - Flame-seared Wagyu - Small";"Small";"Create Your Own Bowl";"5.929";"5.929";"4.743";"7.115";"83.2";"34";"Mild";"None";"None";"Weekday | Mild";"112.06";"misecast-menu-v2.0";"true"
"FC-000925";"2026-08-01";"2026-08-07";"6";"Lunch";"MI-024";"MI-024-LARGE";"Create Your Own - Flame-seared Wagyu - Large";"Large";"Create Your Own Bowl";"5.679";"5.679";"4.543";"6.815";"83.2";"34";"Mild";"None";"None";"Weekday | Mild";"124.37";"misecast-menu-v2.0";"true"
"FC-000926";"2026-08-01";"2026-08-07";"6";"Lunch";"MI-025";"MI-025-SMALL";"Create Your Own - No Protein - Small";"Small";"Create Your Own Bowl";"4.821";"4.821";"3.857";"5.785";"83.2";"34";"Mild";"None";"None";"Weekday | Mild";"62.19";"misecast-menu-v2.0";"true"
"FC-000927";"2026-08-01";"2026-08-07";"6";"Lunch";"MI-025";"MI-025-LARGE";"Create Your Own - No Protein - Large";"Large";"Create Your Own Bowl";"4.643";"4.643";"3.714";"5.572";"83.2";"34";"Mild";"None";"None";"Weekday | Mild";"73.82";"misecast-menu-v2.0";"true"
"FC-000928";"2026-08-01";"2026-08-07";"6";"Lunch";"MI-026";"MI-026-STANDARD";"Miso Soup";"Standard";"Light Bites";"9.714";"9.714";"7.771";"11.657";"83.2";"34";"Mild";"None";"None";"Weekday | Mild";"24.29";"misecast-menu-v2.0";"true"
"FC-000929";"2026-08-01";"2026-08-07";"6";"Lunch";"MI-027";"MI-027-STANDARD";"Raw Balls - Peanut Butter";"Standard";"Light Bites";"1.964";"1.964";"1.571";"2.357";"83.2";"34";"Mild";"None";"None";"Weekday | Mild";"8.25";"misecast-menu-v2.0";"true"
"FC-000930";"2026-08-01";"2026-08-07";"6";"Lunch";"MI-028";"MI-028-STANDARD";"Raw Balls - Choc Brownie";"Standard";"Light Bites";"1.893";"1.893";"1.514";"2.272";"83.2";"34";"Mild";"None";"None";"Weekday | Mild";"7.95";"misecast-menu-v2.0";"true"
"FC-000931";"2026-08-01";"2026-08-07";"6";"Lunch";"MI-029";"MI-029-STANDARD";"Raw Balls - Coconut Cacao";"Standard";"Light Bites";"1.893";"1.893";"1.514";"2.272";"83.2";"34";"Mild";"None";"None";"Weekday | Mild";"7.95";"misecast-menu-v2.0";"true"
"FC-000932";"2026-08-01";"2026-08-07";"6";"Lunch";"MI-030";"MI-030-STANDARD";"Raw Balls - Hazelnut";"Standard";"Light Bites";"1.786";"1.786";"1.429";"2.143";"83.2";"34";"Mild";"None";"None";"Weekday | Mild";"7.5";"misecast-menu-v2.0";"true"
"FC-000933";"2026-08-01";"2026-08-07";"6";"Lunch";"MI-031";"MI-031-STANDARD";"Raw Balls - Apricot Delight";"Standard";"Light Bites";"1.893";"1.893";"1.514";"2.272";"83.2";"34";"Mild";"None";"None";"Weekday | Mild";"7.95";"misecast-menu-v2.0";"true"
"FC-000934";"2026-08-01";"2026-08-07";"6";"Lunch";"MI-032";"MI-032-STANDARD";"myDeal - $5 Crispy Chicken Bites";"Standard";"Promotions";"3.286";"3.286";"2.629";"3.943";"83.2";"34";"Mild";"None";"None";"Weekday | Mild";"16.43";"misecast-menu-v2.0";"true"
"FC-000935";"2026-08-01";"2026-08-07";"6";"Lunch";"MI-033";"MI-033-STANDARD";"Coconut Water";"Standard";"Drinks";"12.179";"12.179";"9.743";"14.615";"83.2";"34";"Mild";"None";"None";"Weekday | Mild";"51.15";"misecast-menu-v2.0";"true"
"FC-000936";"2026-08-01";"2026-08-07";"6";"Lunch";"MI-034";"MI-034-STANDARD";"Cold Pressed Juice - Watermelon Lime";"Standard";"Drinks";"11.214";"11.214";"8.971";"13.457";"83.2";"34";"Mild";"None";"None";"Weekday | Mild";"61.68";"misecast-menu-v2.0";"true"
"FC-000937";"2026-08-01";"2026-08-07";"6";"Lunch";"MI-035";"MI-035-STANDARD";"Cold Pressed Juice - Classic OJ";"Standard";"Drinks";"11.429";"11.429";"9.143";"13.715";"83.2";"34";"Mild";"None";"None";"Weekday | Mild";"62.86";"misecast-menu-v2.0";"true"
"FC-000938";"2026-08-01";"2026-08-07";"6";"Lunch";"MI-036";"MI-036-STANDARD";"Cold Pressed Juice - Pineapple Mint";"Standard";"Drinks";"11.393";"11.393";"9.114";"13.672";"83.2";"34";"Mild";"None";"None";"Weekday | Mild";"62.66";"misecast-menu-v2.0";"true"
"FC-000939";"2026-08-01";"2026-08-07";"6";"Lunch";"MI-037";"MI-037-STANDARD";"Dash Sparkling Water - Lime";"Standard";"Drinks";"12.071";"12.071";"9.657";"14.485";"83.2";"34";"Mild";"None";"None";"Weekday | Mild";"48.28";"misecast-menu-v2.0";"true"
"FC-000940";"2026-08-01";"2026-08-07";"6";"Lunch";"MI-038";"MI-038-STANDARD";"Dash Sparkling Water - Raspberry";"Standard";"Drinks";"12.357";"12.357";"9.886";"14.828";"83.2";"34";"Mild";"None";"None";"Weekday | Mild";"49.43";"misecast-menu-v2.0";"true"
"FC-000941";"2026-08-01";"2026-08-07";"6";"Lunch";"MI-039";"MI-039-STANDARD";"Dash Sparkling Water - Peach";"Standard";"Drinks";"12.179";"12.179";"9.743";"14.615";"83.2";"34";"Mild";"None";"None";"Weekday | Mild";"48.72";"misecast-menu-v2.0";"true"
"FC-000942";"2026-08-01";"2026-08-07";"6";"Lunch";"MI-040";"MI-040-STANDARD";"Kombucha - Ginger Lemon";"Standard";"Drinks";"12.25";"12.25";"9.8";"14.7";"83.2";"34";"Mild";"None";"None";"Weekday | Mild";"67.38";"misecast-menu-v2.0";"true"
"FC-000943";"2026-08-01";"2026-08-07";"6";"Lunch";"MI-041";"MI-041-STANDARD";"Kombucha - Lemon Lime Mint";"Standard";"Drinks";"11.964";"11.964";"9.571";"14.357";"83.2";"34";"Mild";"None";"None";"Weekday | Mild";"65.8";"misecast-menu-v2.0";"true"
"FC-000944";"2026-08-01";"2026-08-07";"6";"Lunch";"MI-042";"MI-042-STANDARD";"Kombucha - Peach";"Standard";"Drinks";"12.5";"12.5";"10";"15";"83.2";"34";"Mild";"None";"None";"Weekday | Mild";"68.75";"misecast-menu-v2.0";"true"
"FC-000945";"2026-08-01";"2026-08-07";"6";"Lunch";"MI-043";"MI-043-STANDARD";"Kombucha - Raspberry Lemonade";"Standard";"Drinks";"12.071";"12.071";"9.657";"14.485";"83.2";"34";"Mild";"None";"None";"Weekday | Mild";"66.39";"misecast-menu-v2.0";"true"
"FC-000946";"2026-08-01";"2026-08-07";"6";"Lunch";"MI-044";"MI-044-STANDARD";"Sodaly - Passionfruit";"Standard";"Drinks";"12.429";"12.429";"9.943";"14.915";"83.2";"34";"Mild";"None";"None";"Weekday | Mild";"60.9";"misecast-menu-v2.0";"true"
"FC-000947";"2026-08-01";"2026-08-07";"6";"Lunch";"MI-045";"MI-045-STANDARD";"Sodaly - Guava";"Standard";"Drinks";"12.536";"12.536";"10.029";"15.043";"83.2";"34";"Mild";"None";"None";"Weekday | Mild";"61.43";"misecast-menu-v2.0";"true"
"FC-000948";"2026-08-01";"2026-08-07";"6";"Lunch";"MI-046";"MI-046-STANDARD";"Sodaly - Raspberry";"Standard";"Drinks";"12.429";"12.429";"9.943";"14.915";"83.2";"34";"Mild";"None";"None";"Weekday | Mild";"60.9";"misecast-menu-v2.0";"true"
"FC-000949";"2026-08-01";"2026-08-07";"6";"Lunch";"MI-047";"MI-047-STANDARD";"Sparkling Water";"Standard";"Drinks";"18.75";"18.75";"15";"22.5";"83.2";"34";"Mild";"None";"None";"Weekday | Mild";"65.63";"misecast-menu-v2.0";"true"
"FC-000950";"2026-08-01";"2026-08-07";"6";"Lunch";"MI-048";"MI-048-STANDARD";"Specialty Soda - Gingerella";"Standard";"Drinks";"12.179";"12.179";"9.743";"14.615";"83.2";"34";"Mild";"None";"None";"Weekday | Mild";"59.68";"misecast-menu-v2.0";"true"
"FC-000951";"2026-08-01";"2026-08-07";"6";"Lunch";"MI-049";"MI-049-STANDARD";"Specialty Soda - Karma Cola";"Standard";"Drinks";"12.393";"12.393";"9.914";"14.872";"83.2";"34";"Mild";"None";"None";"Weekday | Mild";"60.73";"misecast-menu-v2.0";"true"
"FC-000952";"2026-08-01";"2026-08-07";"6";"Lunch";"MI-050";"MI-050-STANDARD";"Specialty Soda - Lemmy";"Standard";"Drinks";"12.107";"12.107";"9.686";"14.528";"83.2";"34";"Mild";"None";"None";"Weekday | Mild";"59.32";"misecast-menu-v2.0";"true"
"FC-000953";"2026-08-01";"2026-08-07";"6";"Lunch";"MI-051";"MI-051-STANDARD";"Still Water";"Standard";"Drinks";"22.286";"22.286";"17.829";"26.743";"83.2";"34";"Mild";"None";"None";"Weekday | Mild";"66.86";"misecast-menu-v2.0";"true"
"FC-000954";"2026-08-01";"2026-08-07";"6";"Lunch";"MI-052";"MI-052-STANDARD";"Yuzu Ginger Cha";"Standard";"Drinks";"11.464";"11.464";"9.171";"13.757";"83.2";"34";"Mild";"None";"None";"Weekday | Mild";"51.59";"misecast-menu-v2.0";"true"
"FC-000955";"2026-08-01";"2026-08-07";"6";"Lunch";"MI-053";"MI-053-STANDARD";"Avocado";"Standard";"Add-ons / Modifiers";"1.464";"1.464";"1.171";"1.757";"83.2";"34";"Mild";"None";"None";"Weekday | Mild";"2.93";"misecast-menu-v2.0";"true"
"FC-000956";"2026-08-01";"2026-08-07";"6";"Lunch";"MI-054";"MI-054-STANDARD";"63 deg egg";"Standard";"Add-ons / Modifiers";"2";"2";"1.6";"2.4";"83.2";"34";"Mild";"None";"None";"Weekday | Mild";"5";"misecast-menu-v2.0";"true"
"FC-000957";"2026-08-01";"2026-08-07";"6";"Lunch";"MI-055";"MI-055-STANDARD";"Extra Salad";"Standard";"Add-ons / Modifiers";"2.107";"2.107";"1.686";"2.528";"83.2";"34";"Mild";"None";"None";"Weekday | Mild";"4.21";"misecast-menu-v2.0";"true"
"FC-000958";"2026-08-01";"2026-08-07";"6";"Lunch";"MI-056";"MI-056-STANDARD";"Standard topping (kimchi, corn, edamame, nori, etc.)";"Standard";"Add-ons / Modifiers";"1.107";"1.107";"0.886";"1.328";"83.2";"34";"Mild";"None";"None";"Weekday | Mild";"0.55";"misecast-menu-v2.0";"true"
"FC-000959";"2026-08-01";"2026-08-07";"6";"Lunch";"MI-057";"MI-057-STANDARD";"Extra Sauce (any)";"Standard";"Add-ons / Modifiers";"1";"1";"0.8";"1.2";"83.2";"34";"Mild";"None";"None";"Weekday | Mild";"1.5";"misecast-menu-v2.0";"true"
"FC-000960";"2026-08-01";"2026-08-07";"6";"Lunch";"MI-058";"MI-058-STANDARD";"Extra Sous-vide / Seared Chicken";"Standard";"Add-ons / Modifiers";"2.964";"2.964";"2.371";"3.557";"83.2";"34";"Mild";"None";"None";"Weekday | Mild";"11.86";"misecast-menu-v2.0";"true"
"FC-000961";"2026-08-01";"2026-08-07";"6";"Lunch";"MI-059";"MI-059-STANDARD";"Extra Pan Seared Tofu";"Standard";"Add-ons / Modifiers";"2.357";"2.357";"1.886";"2.828";"83.2";"34";"Mild";"None";"None";"Weekday | Mild";"9.43";"misecast-menu-v2.0";"true"
"FC-000962";"2026-08-01";"2026-08-07";"6";"Lunch";"MI-060";"MI-060-STANDARD";"Extra Eggplant";"Standard";"Add-ons / Modifiers";"3.607";"3.607";"2.886";"4.328";"83.2";"34";"Mild";"None";"None";"Weekday | Mild";"14.43";"misecast-menu-v2.0";"true"
"FC-000963";"2026-08-01";"2026-08-07";"6";"Lunch";"MI-061";"MI-061-STANDARD";"Extra Falafels";"Standard";"Add-ons / Modifiers";"4.571";"4.571";"3.657";"5.485";"83.2";"34";"Mild";"None";"None";"Weekday | Mild";"22.85";"misecast-menu-v2.0";"true"
"FC-000964";"2026-08-01";"2026-08-07";"6";"Lunch";"MI-062";"MI-062-STANDARD";"Extra Karaage Chicken";"Standard";"Add-ons / Modifiers";"3.607";"3.607";"2.886";"4.328";"83.2";"34";"Mild";"None";"None";"Weekday | Mild";"18.04";"misecast-menu-v2.0";"true"
"FC-000965";"2026-08-01";"2026-08-07";"6";"Lunch";"MI-063";"MI-063-STANDARD";"Extra Tiger Prawns";"Standard";"Add-ons / Modifiers";"2.5";"2.5";"2";"3";"83.2";"34";"Mild";"None";"None";"Weekday | Mild";"12.5";"misecast-menu-v2.0";"true"
"FC-000966";"2026-08-01";"2026-08-07";"6";"Lunch";"MI-064";"MI-064-STANDARD";"Extra Aburi / Sashimi Salmon";"Standard";"Add-ons / Modifiers";"2.5";"2.5";"2";"3";"83.2";"34";"Mild";"None";"None";"Weekday | Mild";"15";"misecast-menu-v2.0";"true"
"FC-000967";"2026-08-01";"2026-08-07";"6";"Lunch";"MI-065";"MI-065-STANDARD";"Extra Sashimi Tuna";"Standard";"Add-ons / Modifiers";"2.286";"2.286";"1.829";"2.743";"83.2";"34";"Mild";"None";"None";"Weekday | Mild";"13.72";"misecast-menu-v2.0";"true"
"FC-000968";"2026-08-01";"2026-08-07";"6";"Lunch";"MI-066";"MI-066-STANDARD";"Extra Wagyu";"Standard";"Add-ons / Modifiers";"2.071";"2.071";"1.657";"2.485";"83.2";"34";"Mild";"None";"None";"Weekday | Mild";"12.43";"misecast-menu-v2.0";"true"
"FC-000969";"2026-08-01";"2026-08-07";"6";"Dinner";"MI-001";"MI-001-SMALL";"Chicken Teriyaki Bowl - Small";"Small";"Signature Nosh Bowls";"9.393";"9.393";"7.514";"11.272";"83.2";"57";"Mild";"None";"None";"Weekday | Mild";"139.96";"misecast-menu-v2.0";"true"
"FC-000970";"2026-08-01";"2026-08-07";"6";"Dinner";"MI-001";"MI-001-LARGE";"Chicken Teriyaki Bowl - Large";"Large";"Signature Nosh Bowls";"9.5";"9.5";"7.6";"11.4";"83.2";"57";"Mild";"None";"None";"Weekday | Mild";"170.05";"misecast-menu-v2.0";"true"
"FC-000971";"2026-08-01";"2026-08-07";"6";"Dinner";"MI-002";"MI-002-SMALL";"Tofu Teriyaki Bowl - Small";"Small";"Signature Nosh Bowls";"9.071";"9.071";"7.257";"10.885";"83.2";"57";"Mild";"None";"None";"Weekday | Mild";"135.16";"misecast-menu-v2.0";"true"
"FC-000972";"2026-08-01";"2026-08-07";"6";"Dinner";"MI-002";"MI-002-LARGE";"Tofu Teriyaki Bowl - Large";"Large";"Signature Nosh Bowls";"9.25";"9.25";"7.4";"11.1";"83.2";"57";"Mild";"None";"None";"Weekday | Mild";"165.58";"misecast-menu-v2.0";"true"
"FC-000973";"2026-08-01";"2026-08-07";"6";"Dinner";"MI-003";"MI-003-SMALL";"Miso Eggplant Bowl - Small";"Small";"Signature Nosh Bowls";"9.429";"9.429";"7.543";"11.315";"83.2";"57";"Mild";"None";"None";"Weekday | Mild";"149.92";"misecast-menu-v2.0";"true"
"FC-000974";"2026-08-01";"2026-08-07";"6";"Dinner";"MI-003";"MI-003-LARGE";"Miso Eggplant Bowl - Large";"Large";"Signature Nosh Bowls";"9.5";"9.5";"7.6";"11.4";"83.2";"57";"Mild";"None";"None";"Weekday | Mild";"179.55";"misecast-menu-v2.0";"true"
"FC-000975";"2026-08-01";"2026-08-07";"6";"Dinner";"MI-004";"MI-004-SMALL";"Miso Falalalafel - Small";"Small";"Signature Nosh Bowls";"10.964";"10.964";"8.771";"13.157";"83.2";"57";"Mild";"None";"None";"Weekday | Mild";"174.33";"misecast-menu-v2.0";"true"
"FC-000976";"2026-08-01";"2026-08-07";"6";"Dinner";"MI-004";"MI-004-LARGE";"Miso Falalalafel - Large";"Large";"Signature Nosh Bowls";"10.964";"10.964";"8.771";"13.157";"83.2";"57";"Mild";"None";"None";"Weekday | Mild";"207.22";"misecast-menu-v2.0";"true"
"FC-000977";"2026-08-01";"2026-08-07";"6";"Dinner";"MI-005";"MI-005-SMALL";"Sashimi Bowl - Small";"Small";"Signature Nosh Bowls";"10.357";"10.357";"8.286";"12.428";"83.2";"57";"Mild";"None";"None";"Weekday | Mild";"185.39";"misecast-menu-v2.0";"true"
"FC-000978";"2026-08-01";"2026-08-07";"6";"Dinner";"MI-005";"MI-005-LARGE";"Sashimi Bowl - Large";"Large";"Signature Nosh Bowls";"10.143";"10.143";"8.114";"12.172";"83.2";"57";"Mild";"None";"None";"Weekday | Mild";"211.99";"misecast-menu-v2.0";"true"
"FC-000979";"2026-08-01";"2026-08-07";"6";"Dinner";"MI-006";"MI-006-SMALL";"Poke Bowl - Small";"Small";"Signature Nosh Bowls";"9.143";"9.143";"7.314";"10.972";"83.2";"57";"Mild";"None";"None";"Weekday | Mild";"154.52";"misecast-menu-v2.0";"true"
"FC-000980";"2026-08-01";"2026-08-07";"6";"Dinner";"MI-006";"MI-006-LARGE";"Poke Bowl - Large";"Large";"Signature Nosh Bowls";"9.286";"9.286";"7.429";"11.143";"83.2";"57";"Mild";"None";"None";"Weekday | Mild";"184.79";"misecast-menu-v2.0";"true"
"FC-000981";"2026-08-01";"2026-08-07";"6";"Dinner";"MI-007";"MI-007-SMALL";"Wagyu Beef Bowl - Small";"Small";"Signature Nosh Bowls";"9.643";"9.643";"7.714";"11.572";"83.2";"57";"Mild";"None";"None";"Weekday | Mild";"172.61";"misecast-menu-v2.0";"true"
"FC-000982";"2026-08-01";"2026-08-07";"6";"Dinner";"MI-007";"MI-007-LARGE";"Wagyu Beef Bowl - Large";"Large";"Signature Nosh Bowls";"9.75";"9.75";"7.8";"11.7";"83.2";"57";"Mild";"None";"None";"Weekday | Mild";"203.77";"misecast-menu-v2.0";"true"
"FC-000983";"2026-08-01";"2026-08-07";"6";"Dinner";"MI-008";"MI-008-SMALL";"Karaage Chicken Bowl - Small";"Small";"Signature Nosh Bowls";"9.25";"9.25";"7.4";"11.1";"83.2";"57";"Mild";"None";"None";"Weekday | Mild";"156.32";"misecast-menu-v2.0";"true"
"FC-000984";"2026-08-01";"2026-08-07";"6";"Dinner";"MI-008";"MI-008-LARGE";"Karaage Chicken Bowl - Large";"Large";"Signature Nosh Bowls";"9.5";"9.5";"7.6";"11.4";"83.2";"57";"Mild";"None";"None";"Weekday | Mild";"189.05";"misecast-menu-v2.0";"true"
"FC-000985";"2026-08-01";"2026-08-07";"6";"Dinner";"MI-009";"MI-009-SMALL";"Power Meal - Small";"Small";"Signature Nosh Bowls";"10.321";"10.321";"8.257";"12.385";"83.2";"57";"Mild";"None";"None";"Weekday | Mild";"195.07";"misecast-menu-v2.0";"true"
"FC-000986";"2026-08-01";"2026-08-07";"6";"Dinner";"MI-009";"MI-009-LARGE";"Power Meal - Large";"Large";"Signature Nosh Bowls";"10.536";"10.536";"8.429";"12.643";"83.2";"57";"Mild";"None";"None";"Weekday | Mild";"230.74";"misecast-menu-v2.0";"true"
"FC-000987";"2026-08-01";"2026-08-07";"6";"Dinner";"MI-010";"MI-010-SMALL";"Salmon Yuzu Bowl - Small";"Small";"Signature Nosh Bowls";"9.929";"9.929";"7.943";"11.915";"83.2";"57";"Mild";"None";"None";"Weekday | Mild";"177.73";"misecast-menu-v2.0";"true"
"FC-000988";"2026-08-01";"2026-08-07";"6";"Dinner";"MI-010";"MI-010-LARGE";"Salmon Yuzu Bowl - Large";"Large";"Signature Nosh Bowls";"10.071";"10.071";"8.057";"12.085";"83.2";"57";"Mild";"None";"None";"Weekday | Mild";"210.48";"misecast-menu-v2.0";"true"
"FC-000989";"2026-08-01";"2026-08-07";"6";"Dinner";"MI-011";"MI-011-STANDARD";"Karaage Bento";"Standard";"Protein Bento";"16.75";"16.75";"13.4";"20.1";"83.2";"57";"Mild";"None";"None";"Weekday | Mild";"232.83";"misecast-menu-v2.0";"true"
"FC-000990";"2026-08-01";"2026-08-07";"6";"Dinner";"MI-012";"MI-012-STANDARD";"Salmon Aburi Bento";"Standard";"Protein Bento";"15.857";"15.857";"12.686";"19.028";"83.2";"57";"Mild";"None";"None";"Weekday | Mild";"236.27";"misecast-menu-v2.0";"true"
"FC-000991";"2026-08-01";"2026-08-07";"6";"Dinner";"MI-013";"MI-013-STANDARD";"Tofu Bento";"Standard";"Protein Bento";"15.821";"15.821";"12.657";"18.985";"83.2";"57";"Mild";"None";"None";"Weekday | Mild";"204.09";"misecast-menu-v2.0";"true"
"FC-000992";"2026-08-01";"2026-08-07";"6";"Dinner";"MI-014";"MI-014-SMALL";"Create Your Own - Sous-vide Chicken - Small";"Small";"Create Your Own Bowl";"8.821";"8.821";"7.057";"10.585";"83.2";"57";"Mild";"None";"None";"Weekday | Mild";"140.25";"misecast-menu-v2.0";"true"
"FC-000993";"2026-08-01";"2026-08-07";"6";"Dinner";"MI-014";"MI-014-LARGE";"Create Your Own - Sous-vide Chicken - Large";"Large";"Create Your Own Bowl";"8.643";"8.643";"6.914";"10.372";"83.2";"57";"Mild";"None";"None";"Weekday | Mild";"163.35";"misecast-menu-v2.0";"true"
"FC-000994";"2026-08-01";"2026-08-07";"6";"Dinner";"MI-015";"MI-015-SMALL";"Create Your Own - Seared Chicken - Small";"Small";"Create Your Own Bowl";"8.821";"8.821";"7.057";"10.585";"83.2";"57";"Mild";"None";"None";"Weekday | Mild";"140.25";"misecast-menu-v2.0";"true"
"FC-000995";"2026-08-01";"2026-08-07";"6";"Dinner";"MI-015";"MI-015-LARGE";"Create Your Own - Seared Chicken - Large";"Large";"Create Your Own Bowl";"8.893";"8.893";"7.114";"10.672";"83.2";"57";"Mild";"None";"None";"Weekday | Mild";"168.08";"misecast-menu-v2.0";"true"
"FC-000996";"2026-08-01";"2026-08-07";"6";"Dinner";"MI-016";"MI-016-SMALL";"Create Your Own - Pan-seared Tofu - Small";"Small";"Create Your Own Bowl";"8.464";"8.464";"6.771";"10.157";"83.2";"57";"Mild";"None";"None";"Weekday | Mild";"134.58";"misecast-menu-v2.0";"true"
"FC-000997";"2026-08-01";"2026-08-07";"6";"Dinner";"MI-016";"MI-016-LARGE";"Create Your Own - Pan-seared Tofu - Large";"Large";"Create Your Own Bowl";"8.393";"8.393";"6.714";"10.072";"83.2";"57";"Mild";"None";"None";"Weekday | Mild";"158.63";"misecast-menu-v2.0";"true"
"FC-000998";"2026-08-01";"2026-08-07";"6";"Dinner";"MI-017";"MI-017-SMALL";"Create Your Own - Crispy Eggplant - Small";"Small";"Create Your Own Bowl";"9.643";"9.643";"7.714";"11.572";"83.2";"57";"Mild";"None";"None";"Weekday | Mild";"162.97";"misecast-menu-v2.0";"true"
"FC-000999";"2026-08-01";"2026-08-07";"6";"Dinner";"MI-017";"MI-017-LARGE";"Create Your Own - Crispy Eggplant - Large";"Large";"Create Your Own Bowl";"9.643";"9.643";"7.714";"11.572";"83.2";"57";"Mild";"None";"None";"Weekday | Mild";"191.9";"misecast-menu-v2.0";"true"
"FC-001000";"2026-08-01";"2026-08-07";"6";"Dinner";"MI-018";"MI-018-SMALL";"Create Your Own - Miso Beet Falafel - Small";"Small";"Create Your Own Bowl";"9.607";"9.607";"7.686";"11.528";"83.2";"57";"Mild";"None";"None";"Weekday | Mild";"162.36";"misecast-menu-v2.0";"true"
"FC-001001";"2026-08-01";"2026-08-07";"6";"Dinner";"MI-018";"MI-018-LARGE";"Create Your Own - Miso Beet Falafel - Large";"Large";"Create Your Own Bowl";"9.571";"9.571";"7.657";"11.485";"83.2";"57";"Mild";"None";"None";"Weekday | Mild";"190.46";"misecast-menu-v2.0";"true"
"FC-001002";"2026-08-01";"2026-08-07";"6";"Dinner";"MI-019";"MI-019-SMALL";"Create Your Own - Tiger Prawns - Small";"Small";"Create Your Own Bowl";"8.643";"8.643";"6.914";"10.372";"83.2";"57";"Mild";"None";"None";"Weekday | Mild";"146.07";"misecast-menu-v2.0";"true"
"FC-001003";"2026-08-01";"2026-08-07";"6";"Dinner";"MI-019";"MI-019-LARGE";"Create Your Own - Tiger Prawns - Large";"Large";"Create Your Own Bowl";"8.714";"8.714";"6.971";"10.457";"83.2";"57";"Mild";"None";"None";"Weekday | Mild";"173.41";"misecast-menu-v2.0";"true"
"FC-001004";"2026-08-01";"2026-08-07";"6";"Dinner";"MI-020";"MI-020-SMALL";"Create Your Own - Karaage Chicken - Small";"Small";"Create Your Own Bowl";"9.143";"9.143";"7.314";"10.972";"83.2";"57";"Mild";"None";"None";"Weekday | Mild";"163.66";"misecast-menu-v2.0";"true"
"FC-001005";"2026-08-01";"2026-08-07";"6";"Dinner";"MI-020";"MI-020-LARGE";"Create Your Own - Karaage Chicken - Large";"Large";"Create Your Own Bowl";"9.429";"9.429";"7.543";"11.315";"83.2";"57";"Mild";"None";"None";"Weekday | Mild";"197.07";"misecast-menu-v2.0";"true"
"FC-001006";"2026-08-01";"2026-08-07";"6";"Dinner";"MI-021";"MI-021-SMALL";"Create Your Own - Sashimi Salmon - Small";"Small";"Create Your Own Bowl";"8.143";"8.143";"6.514";"9.772";"83.2";"57";"Mild";"None";"None";"Weekday | Mild";"145.76";"misecast-menu-v2.0";"true"
"FC-001007";"2026-08-01";"2026-08-07";"6";"Dinner";"MI-021";"MI-021-LARGE";"Create Your Own - Sashimi Salmon - Large";"Large";"Create Your Own Bowl";"8.357";"8.357";"6.686";"10.028";"83.2";"57";"Mild";"None";"None";"Weekday | Mild";"174.66";"misecast-menu-v2.0";"true"
"FC-001008";"2026-08-01";"2026-08-07";"6";"Dinner";"MI-022";"MI-022-SMALL";"Create Your Own - Sashimi Tuna - Small";"Small";"Create Your Own Bowl";"8.571";"8.571";"6.857";"10.285";"83.2";"57";"Mild";"None";"None";"Weekday | Mild";"153.42";"misecast-menu-v2.0";"true"
"FC-001009";"2026-08-01";"2026-08-07";"6";"Dinner";"MI-022";"MI-022-LARGE";"Create Your Own - Sashimi Tuna - Large";"Large";"Create Your Own Bowl";"8.714";"8.714";"6.971";"10.457";"83.2";"57";"Mild";"None";"None";"Weekday | Mild";"182.12";"misecast-menu-v2.0";"true"
"FC-001010";"2026-08-01";"2026-08-07";"6";"Dinner";"MI-023";"MI-023-SMALL";"Create Your Own - Flame-seared Salmon - Small";"Small";"Create Your Own Bowl";"8.571";"8.571";"6.857";"10.285";"83.2";"57";"Mild";"None";"None";"Weekday | Mild";"161.99";"misecast-menu-v2.0";"true"
"FC-001011";"2026-08-01";"2026-08-07";"6";"Dinner";"MI-023";"MI-023-LARGE";"Create Your Own - Flame-seared Salmon - Large";"Large";"Create Your Own Bowl";"8.643";"8.643";"6.914";"10.372";"83.2";"57";"Mild";"None";"None";"Weekday | Mild";"189.28";"misecast-menu-v2.0";"true"
"FC-001012";"2026-08-01";"2026-08-07";"6";"Dinner";"MI-024";"MI-024-SMALL";"Create Your Own - Flame-seared Wagyu - Small";"Small";"Create Your Own Bowl";"8.25";"8.25";"6.6";"9.9";"83.2";"57";"Mild";"None";"None";"Weekday | Mild";"155.92";"misecast-menu-v2.0";"true"
"FC-001013";"2026-08-01";"2026-08-07";"6";"Dinner";"MI-024";"MI-024-LARGE";"Create Your Own - Flame-seared Wagyu - Large";"Large";"Create Your Own Bowl";"8.464";"8.464";"6.771";"10.157";"83.2";"57";"Mild";"None";"None";"Weekday | Mild";"185.36";"misecast-menu-v2.0";"true"
"FC-001014";"2026-08-01";"2026-08-07";"6";"Dinner";"MI-025";"MI-025-SMALL";"Create Your Own - No Protein - Small";"Small";"Create Your Own Bowl";"7.464";"7.464";"5.971";"8.957";"83.2";"57";"Mild";"None";"None";"Weekday | Mild";"96.29";"misecast-menu-v2.0";"true"
"FC-001015";"2026-08-01";"2026-08-07";"6";"Dinner";"MI-025";"MI-025-LARGE";"Create Your Own - No Protein - Large";"Large";"Create Your Own Bowl";"7.679";"7.679";"6.143";"9.215";"83.2";"57";"Mild";"None";"None";"Weekday | Mild";"122.1";"misecast-menu-v2.0";"true"
"FC-001016";"2026-08-01";"2026-08-07";"6";"Dinner";"MI-026";"MI-026-STANDARD";"Miso Soup";"Standard";"Light Bites";"10.393";"10.393";"8.314";"12.472";"83.2";"57";"Mild";"None";"None";"Weekday | Mild";"25.98";"misecast-menu-v2.0";"true"
"FC-001017";"2026-08-01";"2026-08-07";"6";"Dinner";"MI-027";"MI-027-STANDARD";"Raw Balls - Peanut Butter";"Standard";"Light Bites";"1.821";"1.821";"1.457";"2.185";"83.2";"57";"Mild";"None";"None";"Weekday | Mild";"7.65";"misecast-menu-v2.0";"true"
"FC-001018";"2026-08-01";"2026-08-07";"6";"Dinner";"MI-028";"MI-028-STANDARD";"Raw Balls - Choc Brownie";"Standard";"Light Bites";"1.786";"1.786";"1.429";"2.143";"83.2";"57";"Mild";"None";"None";"Weekday | Mild";"7.5";"misecast-menu-v2.0";"true"
"FC-001019";"2026-08-01";"2026-08-07";"6";"Dinner";"MI-029";"MI-029-STANDARD";"Raw Balls - Coconut Cacao";"Standard";"Light Bites";"1.821";"1.821";"1.457";"2.185";"83.2";"57";"Mild";"None";"None";"Weekday | Mild";"7.65";"misecast-menu-v2.0";"true"
"FC-001020";"2026-08-01";"2026-08-07";"6";"Dinner";"MI-030";"MI-030-STANDARD";"Raw Balls - Hazelnut";"Standard";"Light Bites";"1.893";"1.893";"1.514";"2.272";"83.2";"57";"Mild";"None";"None";"Weekday | Mild";"7.95";"misecast-menu-v2.0";"true"
"FC-001021";"2026-08-01";"2026-08-07";"6";"Dinner";"MI-031";"MI-031-STANDARD";"Raw Balls - Apricot Delight";"Standard";"Light Bites";"1.893";"1.893";"1.514";"2.272";"83.2";"57";"Mild";"None";"None";"Weekday | Mild";"7.95";"misecast-menu-v2.0";"true"
"FC-001022";"2026-08-01";"2026-08-07";"6";"Dinner";"MI-032";"MI-032-STANDARD";"myDeal - $5 Crispy Chicken Bites";"Standard";"Promotions";"3.464";"3.464";"2.771";"4.157";"83.2";"57";"Mild";"None";"None";"Weekday | Mild";"17.32";"misecast-menu-v2.0";"true"
"FC-001023";"2026-08-01";"2026-08-07";"6";"Dinner";"MI-033";"MI-033-STANDARD";"Coconut Water";"Standard";"Drinks";"12.214";"12.214";"9.771";"14.657";"83.2";"57";"Mild";"None";"None";"Weekday | Mild";"51.3";"misecast-menu-v2.0";"true"
"FC-001024";"2026-08-01";"2026-08-07";"6";"Dinner";"MI-034";"MI-034-STANDARD";"Cold Pressed Juice - Watermelon Lime";"Standard";"Drinks";"11.429";"11.429";"9.143";"13.715";"83.2";"57";"Mild";"None";"None";"Weekday | Mild";"62.86";"misecast-menu-v2.0";"true"
"FC-001025";"2026-08-01";"2026-08-07";"6";"Dinner";"MI-035";"MI-035-STANDARD";"Cold Pressed Juice - Classic OJ";"Standard";"Drinks";"11.393";"11.393";"9.114";"13.672";"83.2";"57";"Mild";"None";"None";"Weekday | Mild";"62.66";"misecast-menu-v2.0";"true"
"FC-001026";"2026-08-01";"2026-08-07";"6";"Dinner";"MI-036";"MI-036-STANDARD";"Cold Pressed Juice - Pineapple Mint";"Standard";"Drinks";"11.107";"11.107";"8.886";"13.328";"83.2";"57";"Mild";"None";"None";"Weekday | Mild";"61.09";"misecast-menu-v2.0";"true"
"FC-001027";"2026-08-01";"2026-08-07";"6";"Dinner";"MI-037";"MI-037-STANDARD";"Dash Sparkling Water - Lime";"Standard";"Drinks";"12.929";"12.929";"10.343";"15.515";"83.2";"57";"Mild";"None";"None";"Weekday | Mild";"51.72";"misecast-menu-v2.0";"true"
"FC-001028";"2026-08-01";"2026-08-07";"6";"Dinner";"MI-038";"MI-038-STANDARD";"Dash Sparkling Water - Raspberry";"Standard";"Drinks";"12.5";"12.5";"10";"15";"83.2";"57";"Mild";"None";"None";"Weekday | Mild";"50";"misecast-menu-v2.0";"true"
"FC-001029";"2026-08-01";"2026-08-07";"6";"Dinner";"MI-039";"MI-039-STANDARD";"Dash Sparkling Water - Peach";"Standard";"Drinks";"12.714";"12.714";"10.171";"15.257";"83.2";"57";"Mild";"None";"None";"Weekday | Mild";"50.86";"misecast-menu-v2.0";"true"
"FC-001030";"2026-08-01";"2026-08-07";"6";"Dinner";"MI-040";"MI-040-STANDARD";"Kombucha - Ginger Lemon";"Standard";"Drinks";"12.536";"12.536";"10.029";"15.043";"83.2";"57";"Mild";"None";"None";"Weekday | Mild";"68.95";"misecast-menu-v2.0";"true"
"FC-001031";"2026-08-01";"2026-08-07";"6";"Dinner";"MI-041";"MI-041-STANDARD";"Kombucha - Lemon Lime Mint";"Standard";"Drinks";"12.643";"12.643";"10.114";"15.172";"83.2";"57";"Mild";"None";"None";"Weekday | Mild";"69.54";"misecast-menu-v2.0";"true"
"FC-001032";"2026-08-01";"2026-08-07";"6";"Dinner";"MI-042";"MI-042-STANDARD";"Kombucha - Peach";"Standard";"Drinks";"12.536";"12.536";"10.029";"15.043";"83.2";"57";"Mild";"None";"None";"Weekday | Mild";"68.95";"misecast-menu-v2.0";"true"
"FC-001033";"2026-08-01";"2026-08-07";"6";"Dinner";"MI-043";"MI-043-STANDARD";"Kombucha - Raspberry Lemonade";"Standard";"Drinks";"12.821";"12.821";"10.257";"15.385";"83.2";"57";"Mild";"None";"None";"Weekday | Mild";"70.52";"misecast-menu-v2.0";"true"
"FC-001034";"2026-08-01";"2026-08-07";"6";"Dinner";"MI-044";"MI-044-STANDARD";"Sodaly - Passionfruit";"Standard";"Drinks";"12.679";"12.679";"10.143";"15.215";"83.2";"57";"Mild";"None";"None";"Weekday | Mild";"62.13";"misecast-menu-v2.0";"true"
"FC-001035";"2026-08-01";"2026-08-07";"6";"Dinner";"MI-045";"MI-045-STANDARD";"Sodaly - Guava";"Standard";"Drinks";"12.393";"12.393";"9.914";"14.872";"83.2";"57";"Mild";"None";"None";"Weekday | Mild";"60.73";"misecast-menu-v2.0";"true"
"FC-001036";"2026-08-01";"2026-08-07";"6";"Dinner";"MI-046";"MI-046-STANDARD";"Sodaly - Raspberry";"Standard";"Drinks";"12.893";"12.893";"10.314";"15.472";"83.2";"57";"Mild";"None";"None";"Weekday | Mild";"63.18";"misecast-menu-v2.0";"true"
"FC-001037";"2026-08-01";"2026-08-07";"6";"Dinner";"MI-047";"MI-047-STANDARD";"Sparkling Water";"Standard";"Drinks";"19.179";"19.179";"15.343";"23.015";"83.2";"57";"Mild";"None";"None";"Weekday | Mild";"67.13";"misecast-menu-v2.0";"true"
"FC-001038";"2026-08-01";"2026-08-07";"6";"Dinner";"MI-048";"MI-048-STANDARD";"Specialty Soda - Gingerella";"Standard";"Drinks";"12.464";"12.464";"9.971";"14.957";"83.2";"57";"Mild";"None";"None";"Weekday | Mild";"61.07";"misecast-menu-v2.0";"true"
"FC-001039";"2026-08-01";"2026-08-07";"6";"Dinner";"MI-049";"MI-049-STANDARD";"Specialty Soda - Karma Cola";"Standard";"Drinks";"12.536";"12.536";"10.029";"15.043";"83.2";"57";"Mild";"None";"None";"Weekday | Mild";"61.43";"misecast-menu-v2.0";"true"
"FC-001040";"2026-08-01";"2026-08-07";"6";"Dinner";"MI-050";"MI-050-STANDARD";"Specialty Soda - Lemmy";"Standard";"Drinks";"12.571";"12.571";"10.057";"15.085";"83.2";"57";"Mild";"None";"None";"Weekday | Mild";"61.6";"misecast-menu-v2.0";"true"
"FC-001041";"2026-08-01";"2026-08-07";"6";"Dinner";"MI-051";"MI-051-STANDARD";"Still Water";"Standard";"Drinks";"22.821";"22.821";"18.257";"27.385";"83.2";"57";"Mild";"None";"None";"Weekday | Mild";"68.46";"misecast-menu-v2.0";"true"
"FC-001042";"2026-08-01";"2026-08-07";"6";"Dinner";"MI-052";"MI-052-STANDARD";"Yuzu Ginger Cha";"Standard";"Drinks";"11.679";"11.679";"9.343";"14.015";"83.2";"57";"Mild";"None";"None";"Weekday | Mild";"52.56";"misecast-menu-v2.0";"true"
"FC-001043";"2026-08-01";"2026-08-07";"6";"Dinner";"MI-053";"MI-053-STANDARD";"Avocado";"Standard";"Add-ons / Modifiers";"1.464";"1.464";"1.171";"1.757";"83.2";"57";"Mild";"None";"None";"Weekday | Mild";"2.93";"misecast-menu-v2.0";"true"
"FC-001044";"2026-08-01";"2026-08-07";"6";"Dinner";"MI-054";"MI-054-STANDARD";"63 deg egg";"Standard";"Add-ons / Modifiers";"2";"2";"1.6";"2.4";"83.2";"57";"Mild";"None";"None";"Weekday | Mild";"5";"misecast-menu-v2.0";"true"
"FC-001045";"2026-08-01";"2026-08-07";"6";"Dinner";"MI-055";"MI-055-STANDARD";"Extra Salad";"Standard";"Add-ons / Modifiers";"2.214";"2.214";"1.771";"2.657";"83.2";"57";"Mild";"None";"None";"Weekday | Mild";"4.43";"misecast-menu-v2.0";"true"
"FC-001046";"2026-08-01";"2026-08-07";"6";"Dinner";"MI-056";"MI-056-STANDARD";"Standard topping (kimchi, corn, edamame, nori, etc.)";"Standard";"Add-ons / Modifiers";"1.143";"1.143";"0.914";"1.372";"83.2";"57";"Mild";"None";"None";"Weekday | Mild";"0.57";"misecast-menu-v2.0";"true"
"FC-001047";"2026-08-01";"2026-08-07";"6";"Dinner";"MI-057";"MI-057-STANDARD";"Extra Sauce (any)";"Standard";"Add-ons / Modifiers";"1.036";"1.036";"0.829";"1.243";"83.2";"57";"Mild";"None";"None";"Weekday | Mild";"1.55";"misecast-menu-v2.0";"true"
"FC-001048";"2026-08-01";"2026-08-07";"6";"Dinner";"MI-058";"MI-058-STANDARD";"Extra Sous-vide / Seared Chicken";"Standard";"Add-ons / Modifiers";"3.107";"3.107";"2.486";"3.728";"83.2";"57";"Mild";"None";"None";"Weekday | Mild";"12.43";"misecast-menu-v2.0";"true"
"FC-001049";"2026-08-01";"2026-08-07";"6";"Dinner";"MI-059";"MI-059-STANDARD";"Extra Pan Seared Tofu";"Standard";"Add-ons / Modifiers";"2.393";"2.393";"1.914";"2.872";"83.2";"57";"Mild";"None";"None";"Weekday | Mild";"9.57";"misecast-menu-v2.0";"true"
"FC-001050";"2026-08-01";"2026-08-07";"6";"Dinner";"MI-060";"MI-060-STANDARD";"Extra Eggplant";"Standard";"Add-ons / Modifiers";"3.893";"3.893";"3.114";"4.672";"83.2";"57";"Mild";"None";"None";"Weekday | Mild";"15.57";"misecast-menu-v2.0";"true"
"FC-001051";"2026-08-01";"2026-08-07";"6";"Dinner";"MI-061";"MI-061-STANDARD";"Extra Falafels";"Standard";"Add-ons / Modifiers";"4.679";"4.679";"3.743";"5.615";"83.2";"57";"Mild";"None";"None";"Weekday | Mild";"23.4";"misecast-menu-v2.0";"true"
"FC-001052";"2026-08-01";"2026-08-07";"6";"Dinner";"MI-062";"MI-062-STANDARD";"Extra Karaage Chicken";"Standard";"Add-ons / Modifiers";"3.786";"3.786";"3.029";"4.543";"83.2";"57";"Mild";"None";"None";"Weekday | Mild";"18.93";"misecast-menu-v2.0";"true"
"FC-001053";"2026-08-01";"2026-08-07";"6";"Dinner";"MI-063";"MI-063-STANDARD";"Extra Tiger Prawns";"Standard";"Add-ons / Modifiers";"2.357";"2.357";"1.886";"2.828";"83.2";"57";"Mild";"None";"None";"Weekday | Mild";"11.79";"misecast-menu-v2.0";"true"
"FC-001054";"2026-08-01";"2026-08-07";"6";"Dinner";"MI-064";"MI-064-STANDARD";"Extra Aburi / Sashimi Salmon";"Standard";"Add-ons / Modifiers";"2.464";"2.464";"1.971";"2.957";"83.2";"57";"Mild";"None";"None";"Weekday | Mild";"14.78";"misecast-menu-v2.0";"true"
"FC-001055";"2026-08-01";"2026-08-07";"6";"Dinner";"MI-065";"MI-065-STANDARD";"Extra Sashimi Tuna";"Standard";"Add-ons / Modifiers";"2.357";"2.357";"1.886";"2.828";"83.2";"57";"Mild";"None";"None";"Weekday | Mild";"14.14";"misecast-menu-v2.0";"true"
"FC-001056";"2026-08-01";"2026-08-07";"6";"Dinner";"MI-066";"MI-066-STANDARD";"Extra Wagyu";"Standard";"Add-ons / Modifiers";"2.143";"2.143";"1.714";"2.572";"83.2";"57";"Mild";"None";"None";"Weekday | Mild";"12.86";"misecast-menu-v2.0";"true"
"FC-001057";"2026-08-01";"2026-08-08";"7";"Lunch";"MI-001";"MI-001-SMALL";"Chicken Teriyaki Bowl - Small";"Small";"Signature Nosh Bowls";"6.786";"7.193";"5.754";"8.632";"82.4";"36";"Rain";"None";"None";"Weekend | Rain";"107.18";"misecast-menu-v2.0";"true"
"FC-001058";"2026-08-01";"2026-08-08";"7";"Lunch";"MI-001";"MI-001-LARGE";"Chicken Teriyaki Bowl - Large";"Large";"Signature Nosh Bowls";"6.679";"7.079";"5.663";"8.495";"82.4";"36";"Rain";"None";"None";"Weekend | Rain";"126.71";"misecast-menu-v2.0";"true"
"FC-001059";"2026-08-01";"2026-08-08";"7";"Lunch";"MI-002";"MI-002-SMALL";"Tofu Teriyaki Bowl - Small";"Small";"Signature Nosh Bowls";"6.179";"6.549";"5.239";"7.859";"82.4";"36";"Rain";"None";"None";"Weekend | Rain";"97.58";"misecast-menu-v2.0";"true"
"FC-001060";"2026-08-01";"2026-08-08";"7";"Lunch";"MI-002";"MI-002-LARGE";"Tofu Teriyaki Bowl - Large";"Large";"Signature Nosh Bowls";"6";"6.36";"5.088";"7.632";"82.4";"36";"Rain";"None";"None";"Weekend | Rain";"113.84";"misecast-menu-v2.0";"true"
"FC-001061";"2026-08-01";"2026-08-08";"7";"Lunch";"MI-003";"MI-003-SMALL";"Miso Eggplant Bowl - Small";"Small";"Signature Nosh Bowls";"6.679";"7.079";"5.663";"8.495";"82.4";"36";"Rain";"None";"None";"Weekend | Rain";"112.56";"misecast-menu-v2.0";"true"
"FC-001062";"2026-08-01";"2026-08-08";"7";"Lunch";"MI-003";"MI-003-LARGE";"Miso Eggplant Bowl - Large";"Large";"Signature Nosh Bowls";"6.607";"7.004";"5.603";"8.405";"82.4";"36";"Rain";"None";"None";"Weekend | Rain";"132.38";"misecast-menu-v2.0";"true"
"FC-001063";"2026-08-01";"2026-08-08";"7";"Lunch";"MI-004";"MI-004-SMALL";"Miso Falalalafel - Small";"Small";"Signature Nosh Bowls";"7.714";"8.177";"6.542";"9.812";"82.4";"36";"Rain";"None";"None";"Weekend | Rain";"130.01";"misecast-menu-v2.0";"true"
"FC-001064";"2026-08-01";"2026-08-08";"7";"Lunch";"MI-004";"MI-004-LARGE";"Miso Falalalafel - Large";"Large";"Signature Nosh Bowls";"7.714";"8.177";"6.542";"9.812";"82.4";"36";"Rain";"None";"None";"Weekend | Rain";"154.55";"misecast-menu-v2.0";"true"
"FC-001065";"2026-08-01";"2026-08-08";"7";"Lunch";"MI-005";"MI-005-SMALL";"Sashimi Bowl - Small";"Small";"Signature Nosh Bowls";"6.821";"7.231";"5.785";"8.677";"82.4";"36";"Rain";"None";"None";"Weekend | Rain";"129.43";"misecast-menu-v2.0";"true"
"FC-001066";"2026-08-01";"2026-08-08";"7";"Lunch";"MI-005";"MI-005-LARGE";"Sashimi Bowl - Large";"Large";"Signature Nosh Bowls";"7.036";"7.458";"5.966";"8.95";"82.4";"36";"Rain";"None";"None";"Weekend | Rain";"155.87";"misecast-menu-v2.0";"true"
"FC-001067";"2026-08-01";"2026-08-08";"7";"Lunch";"MI-006";"MI-006-SMALL";"Poke Bowl - Small";"Small";"Signature Nosh Bowls";"6.357";"6.739";"5.391";"8.087";"82.4";"36";"Rain";"None";"None";"Weekend | Rain";"113.89";"misecast-menu-v2.0";"true"
"FC-001068";"2026-08-01";"2026-08-08";"7";"Lunch";"MI-006";"MI-006-LARGE";"Poke Bowl - Large";"Large";"Signature Nosh Bowls";"6.25";"6.625";"5.3";"7.95";"82.4";"36";"Rain";"None";"None";"Weekend | Rain";"131.84";"misecast-menu-v2.0";"true"
"FC-001069";"2026-08-01";"2026-08-08";"7";"Lunch";"MI-007";"MI-007-SMALL";"Wagyu Beef Bowl - Small";"Small";"Signature Nosh Bowls";"6.643";"7.041";"5.633";"8.449";"82.4";"36";"Rain";"None";"None";"Weekend | Rain";"126.03";"misecast-menu-v2.0";"true"
"FC-001070";"2026-08-01";"2026-08-08";"7";"Lunch";"MI-007";"MI-007-LARGE";"Wagyu Beef Bowl - Large";"Large";"Signature Nosh Bowls";"6.571";"6.966";"5.573";"8.359";"82.4";"36";"Rain";"None";"None";"Weekend | Rain";"145.59";"misecast-menu-v2.0";"true"
"FC-001071";"2026-08-01";"2026-08-08";"7";"Lunch";"MI-008";"MI-008-SMALL";"Karaage Chicken Bowl - Small";"Small";"Signature Nosh Bowls";"6.643";"7.041";"5.633";"8.449";"82.4";"36";"Rain";"None";"None";"Weekend | Rain";"118.99";"misecast-menu-v2.0";"true"
"FC-001072";"2026-08-01";"2026-08-08";"7";"Lunch";"MI-008";"MI-008-LARGE";"Karaage Chicken Bowl - Large";"Large";"Signature Nosh Bowls";"6.429";"6.814";"5.451";"8.177";"82.4";"36";"Rain";"None";"None";"Weekend | Rain";"135.6";"misecast-menu-v2.0";"true"
"FC-001073";"2026-08-01";"2026-08-08";"7";"Lunch";"MI-009";"MI-009-SMALL";"Power Meal - Small";"Small";"Signature Nosh Bowls";"8";"8.48";"6.784";"10.176";"82.4";"36";"Rain";"None";"None";"Weekend | Rain";"160.27";"misecast-menu-v2.0";"true"
"FC-001074";"2026-08-01";"2026-08-08";"7";"Lunch";"MI-009";"MI-009-LARGE";"Power Meal - Large";"Large";"Signature Nosh Bowls";"7.821";"8.291";"6.633";"9.949";"82.4";"36";"Rain";"None";"None";"Weekend | Rain";"181.57";"misecast-menu-v2.0";"true"
"FC-001075";"2026-08-01";"2026-08-08";"7";"Lunch";"MI-010";"MI-010-SMALL";"Salmon Yuzu Bowl - Small";"Small";"Signature Nosh Bowls";"7.071";"7.496";"5.997";"8.995";"82.4";"36";"Rain";"None";"None";"Weekend | Rain";"134.18";"misecast-menu-v2.0";"true"
"FC-001076";"2026-08-01";"2026-08-08";"7";"Lunch";"MI-010";"MI-010-LARGE";"Salmon Yuzu Bowl - Large";"Large";"Signature Nosh Bowls";"6.929";"7.344";"5.875";"8.813";"82.4";"36";"Rain";"None";"None";"Weekend | Rain";"153.49";"misecast-menu-v2.0";"true"
"FC-001077";"2026-08-01";"2026-08-08";"7";"Lunch";"MI-011";"MI-011-STANDARD";"Karaage Bento";"Standard";"Protein Bento";"15.786";"16.733";"13.386";"20.08";"82.4";"36";"Rain";"None";"None";"Weekend | Rain";"232.59";"misecast-menu-v2.0";"true"
"FC-001078";"2026-08-01";"2026-08-08";"7";"Lunch";"MI-012";"MI-012-STANDARD";"Salmon Aburi Bento";"Standard";"Protein Bento";"15.929";"16.884";"13.507";"20.261";"82.4";"36";"Rain";"None";"None";"Weekend | Rain";"251.57";"misecast-menu-v2.0";"true"
"FC-001079";"2026-08-01";"2026-08-08";"7";"Lunch";"MI-013";"MI-013-STANDARD";"Tofu Bento";"Standard";"Protein Bento";"15.964";"16.922";"13.538";"20.306";"82.4";"36";"Rain";"None";"None";"Weekend | Rain";"218.29";"misecast-menu-v2.0";"true"
"FC-001080";"2026-08-01";"2026-08-08";"7";"Lunch";"MI-014";"MI-014-SMALL";"Create Your Own - Sous-vide Chicken - Small";"Small";"Create Your Own Bowl";"6.036";"6.398";"5.118";"7.678";"82.4";"36";"Rain";"None";"None";"Weekend | Rain";"101.73";"misecast-menu-v2.0";"true"
"FC-001081";"2026-08-01";"2026-08-08";"7";"Lunch";"MI-014";"MI-014-LARGE";"Create Your Own - Sous-vide Chicken - Large";"Large";"Create Your Own Bowl";"6.214";"6.587";"5.27";"7.904";"82.4";"36";"Rain";"None";"None";"Weekend | Rain";"124.49";"misecast-menu-v2.0";"true"
"FC-001082";"2026-08-01";"2026-08-08";"7";"Lunch";"MI-015";"MI-015-SMALL";"Create Your Own - Seared Chicken - Small";"Small";"Create Your Own Bowl";"6.393";"6.776";"5.421";"8.131";"82.4";"36";"Rain";"None";"None";"Weekend | Rain";"107.74";"misecast-menu-v2.0";"true"
"FC-001083";"2026-08-01";"2026-08-08";"7";"Lunch";"MI-015";"MI-015-LARGE";"Create Your Own - Seared Chicken - Large";"Large";"Create Your Own Bowl";"6.357";"6.739";"5.391";"8.087";"82.4";"36";"Rain";"None";"None";"Weekend | Rain";"127.37";"misecast-menu-v2.0";"true"
"FC-001084";"2026-08-01";"2026-08-08";"7";"Lunch";"MI-016";"MI-016-SMALL";"Create Your Own - Pan-seared Tofu - Small";"Small";"Create Your Own Bowl";"5.893";"6.246";"4.997";"7.495";"82.4";"36";"Rain";"None";"None";"Weekend | Rain";"99.31";"misecast-menu-v2.0";"true"
"FC-001085";"2026-08-01";"2026-08-08";"7";"Lunch";"MI-016";"MI-016-LARGE";"Create Your Own - Pan-seared Tofu - Large";"Large";"Create Your Own Bowl";"5.964";"6.322";"5.058";"7.586";"82.4";"36";"Rain";"None";"None";"Weekend | Rain";"119.49";"misecast-menu-v2.0";"true"
"FC-001086";"2026-08-01";"2026-08-08";"7";"Lunch";"MI-017";"MI-017-SMALL";"Create Your Own - Crispy Eggplant - Small";"Small";"Create Your Own Bowl";"6.571";"6.966";"5.573";"8.359";"82.4";"36";"Rain";"None";"None";"Weekend | Rain";"117.73";"misecast-menu-v2.0";"true"
"FC-001087";"2026-08-01";"2026-08-08";"7";"Lunch";"MI-017";"MI-017-LARGE";"Create Your Own - Crispy Eggplant - Large";"Large";"Create Your Own Bowl";"6.571";"6.966";"5.573";"8.359";"82.4";"36";"Rain";"None";"None";"Weekend | Rain";"138.62";"misecast-menu-v2.0";"true"
"FC-001088";"2026-08-01";"2026-08-08";"7";"Lunch";"MI-018";"MI-018-SMALL";"Create Your Own - Miso Beet Falafel - Small";"Small";"Create Your Own Bowl";"7.107";"7.534";"6.027";"9.041";"82.4";"36";"Rain";"None";"None";"Weekend | Rain";"127.32";"misecast-menu-v2.0";"true"
"FC-001089";"2026-08-01";"2026-08-08";"7";"Lunch";"MI-018";"MI-018-LARGE";"Create Your Own - Miso Beet Falafel - Large";"Large";"Create Your Own Bowl";"7.107";"7.534";"6.027";"9.041";"82.4";"36";"Rain";"None";"None";"Weekend | Rain";"149.93";"misecast-menu-v2.0";"true"
"FC-001090";"2026-08-01";"2026-08-08";"7";"Lunch";"MI-019";"MI-019-SMALL";"Create Your Own - Tiger Prawns - Small";"Small";"Create Your Own Bowl";"5.893";"6.246";"4.997";"7.495";"82.4";"36";"Rain";"None";"None";"Weekend | Rain";"105.56";"misecast-menu-v2.0";"true"
"FC-001091";"2026-08-01";"2026-08-08";"7";"Lunch";"MI-019";"MI-019-LARGE";"Create Your Own - Tiger Prawns - Large";"Large";"Create Your Own Bowl";"5.821";"6.171";"4.937";"7.405";"82.4";"36";"Rain";"None";"None";"Weekend | Rain";"122.8";"misecast-menu-v2.0";"true"
"FC-001092";"2026-08-01";"2026-08-08";"7";"Lunch";"MI-020";"MI-020-SMALL";"Create Your Own - Karaage Chicken - Small";"Small";"Create Your Own Bowl";"6.75";"7.155";"5.724";"8.586";"82.4";"36";"Rain";"None";"None";"Weekend | Rain";"128.07";"misecast-menu-v2.0";"true"
"FC-001093";"2026-08-01";"2026-08-08";"7";"Lunch";"MI-020";"MI-020-LARGE";"Create Your Own - Karaage Chicken - Large";"Large";"Create Your Own Bowl";"6.464";"6.852";"5.482";"8.222";"82.4";"36";"Rain";"None";"None";"Weekend | Rain";"143.21";"misecast-menu-v2.0";"true"
"FC-001094";"2026-08-01";"2026-08-08";"7";"Lunch";"MI-021";"MI-021-SMALL";"Create Your Own - Sashimi Salmon - Small";"Small";"Create Your Own Bowl";"5.964";"6.322";"5.058";"7.586";"82.4";"36";"Rain";"None";"None";"Weekend | Rain";"113.16";"misecast-menu-v2.0";"true"
"FC-001095";"2026-08-01";"2026-08-08";"7";"Lunch";"MI-021";"MI-021-LARGE";"Create Your Own - Sashimi Salmon - Large";"Large";"Create Your Own Bowl";"5.75";"6.095";"4.876";"7.314";"82.4";"36";"Rain";"None";"None";"Weekend | Rain";"127.39";"misecast-menu-v2.0";"true"
"FC-001096";"2026-08-01";"2026-08-08";"7";"Lunch";"MI-022";"MI-022-SMALL";"Create Your Own - Sashimi Tuna - Small";"Small";"Create Your Own Bowl";"6.179";"6.549";"5.239";"7.859";"82.4";"36";"Rain";"None";"None";"Weekend | Rain";"117.23";"misecast-menu-v2.0";"true"
"FC-001097";"2026-08-01";"2026-08-08";"7";"Lunch";"MI-022";"MI-022-LARGE";"Create Your Own - Sashimi Tuna - Large";"Large";"Create Your Own Bowl";"6.036";"6.398";"5.118";"7.678";"82.4";"36";"Rain";"None";"None";"Weekend | Rain";"133.72";"misecast-menu-v2.0";"true"
"FC-001098";"2026-08-01";"2026-08-08";"7";"Lunch";"MI-023";"MI-023-SMALL";"Create Your Own - Flame-seared Salmon - Small";"Small";"Create Your Own Bowl";"5.929";"6.284";"5.027";"7.541";"82.4";"36";"Rain";"None";"None";"Weekend | Rain";"118.77";"misecast-menu-v2.0";"true"
"FC-001099";"2026-08-01";"2026-08-08";"7";"Lunch";"MI-023";"MI-023-LARGE";"Create Your Own - Flame-seared Salmon - Large";"Large";"Create Your Own Bowl";"5.857";"6.209";"4.967";"7.451";"82.4";"36";"Rain";"None";"None";"Weekend | Rain";"135.98";"misecast-menu-v2.0";"true"
"FC-001100";"2026-08-01";"2026-08-08";"7";"Lunch";"MI-024";"MI-024-SMALL";"Create Your Own - Flame-seared Wagyu - Small";"Small";"Create Your Own Bowl";"5.929";"6.284";"5.027";"7.541";"82.4";"36";"Rain";"None";"None";"Weekend | Rain";"118.77";"misecast-menu-v2.0";"true"
"FC-001101";"2026-08-01";"2026-08-08";"7";"Lunch";"MI-024";"MI-024-LARGE";"Create Your Own - Flame-seared Wagyu - Large";"Large";"Create Your Own Bowl";"5.679";"6.019";"4.815";"7.223";"82.4";"36";"Rain";"None";"None";"Weekend | Rain";"131.82";"misecast-menu-v2.0";"true"
"FC-001102";"2026-08-01";"2026-08-08";"7";"Lunch";"MI-025";"MI-025-SMALL";"Create Your Own - No Protein - Small";"Small";"Create Your Own Bowl";"4.821";"5.111";"4.089";"6.133";"82.4";"36";"Rain";"None";"None";"Weekend | Rain";"65.93";"misecast-menu-v2.0";"true"
"FC-001103";"2026-08-01";"2026-08-08";"7";"Lunch";"MI-025";"MI-025-LARGE";"Create Your Own - No Protein - Large";"Large";"Create Your Own Bowl";"4.643";"4.921";"3.937";"5.905";"82.4";"36";"Rain";"None";"None";"Weekend | Rain";"78.24";"misecast-menu-v2.0";"true"
"FC-001104";"2026-08-01";"2026-08-08";"7";"Lunch";"MI-026";"MI-026-STANDARD";"Miso Soup";"Standard";"Light Bites";"9.714";"10.297";"8.238";"12.356";"82.4";"36";"Rain";"None";"None";"Weekend | Rain";"25.74";"misecast-menu-v2.0";"true"
"FC-001105";"2026-08-01";"2026-08-08";"7";"Lunch";"MI-027";"MI-027-STANDARD";"Raw Balls - Peanut Butter";"Standard";"Light Bites";"1.964";"2.082";"1.666";"2.498";"82.4";"36";"Rain";"None";"None";"Weekend | Rain";"8.74";"misecast-menu-v2.0";"true"
"FC-001106";"2026-08-01";"2026-08-08";"7";"Lunch";"MI-028";"MI-028-STANDARD";"Raw Balls - Choc Brownie";"Standard";"Light Bites";"1.893";"2.006";"1.605";"2.407";"82.4";"36";"Rain";"None";"None";"Weekend | Rain";"8.43";"misecast-menu-v2.0";"true"
"FC-001107";"2026-08-01";"2026-08-08";"7";"Lunch";"MI-029";"MI-029-STANDARD";"Raw Balls - Coconut Cacao";"Standard";"Light Bites";"1.893";"2.006";"1.605";"2.407";"82.4";"36";"Rain";"None";"None";"Weekend | Rain";"8.43";"misecast-menu-v2.0";"true"
"FC-001108";"2026-08-01";"2026-08-08";"7";"Lunch";"MI-030";"MI-030-STANDARD";"Raw Balls - Hazelnut";"Standard";"Light Bites";"1.786";"1.893";"1.514";"2.272";"82.4";"36";"Rain";"None";"None";"Weekend | Rain";"7.95";"misecast-menu-v2.0";"true"
"FC-001109";"2026-08-01";"2026-08-08";"7";"Lunch";"MI-031";"MI-031-STANDARD";"Raw Balls - Apricot Delight";"Standard";"Light Bites";"1.893";"2.006";"1.605";"2.407";"82.4";"36";"Rain";"None";"None";"Weekend | Rain";"8.43";"misecast-menu-v2.0";"true"
"FC-001110";"2026-08-01";"2026-08-08";"7";"Lunch";"MI-032";"MI-032-STANDARD";"myDeal - $5 Crispy Chicken Bites";"Standard";"Promotions";"3.286";"3.483";"2.786";"4.18";"82.4";"36";"Rain";"None";"None";"Weekend | Rain";"17.42";"misecast-menu-v2.0";"true"
"FC-001111";"2026-08-01";"2026-08-08";"7";"Lunch";"MI-033";"MI-033-STANDARD";"Coconut Water";"Standard";"Drinks";"12.179";"12.909";"10.327";"15.491";"82.4";"36";"Rain";"None";"None";"Weekend | Rain";"54.22";"misecast-menu-v2.0";"true"
"FC-001112";"2026-08-01";"2026-08-08";"7";"Lunch";"MI-034";"MI-034-STANDARD";"Cold Pressed Juice - Watermelon Lime";"Standard";"Drinks";"11.214";"11.887";"9.51";"14.264";"82.4";"36";"Rain";"None";"None";"Weekend | Rain";"65.38";"misecast-menu-v2.0";"true"
"FC-001113";"2026-08-01";"2026-08-08";"7";"Lunch";"MI-035";"MI-035-STANDARD";"Cold Pressed Juice - Classic OJ";"Standard";"Drinks";"11.429";"12.114";"9.691";"14.537";"82.4";"36";"Rain";"None";"None";"Weekend | Rain";"66.63";"misecast-menu-v2.0";"true"
"FC-001114";"2026-08-01";"2026-08-08";"7";"Lunch";"MI-036";"MI-036-STANDARD";"Cold Pressed Juice - Pineapple Mint";"Standard";"Drinks";"11.393";"12.076";"9.661";"14.491";"82.4";"36";"Rain";"None";"None";"Weekend | Rain";"66.42";"misecast-menu-v2.0";"true"
"FC-001115";"2026-08-01";"2026-08-08";"7";"Lunch";"MI-037";"MI-037-STANDARD";"Dash Sparkling Water - Lime";"Standard";"Drinks";"12.071";"12.796";"10.237";"15.355";"82.4";"36";"Rain";"None";"None";"Weekend | Rain";"51.18";"misecast-menu-v2.0";"true"
"FC-001116";"2026-08-01";"2026-08-08";"7";"Lunch";"MI-038";"MI-038-STANDARD";"Dash Sparkling Water - Raspberry";"Standard";"Drinks";"12.357";"13.099";"10.479";"15.719";"82.4";"36";"Rain";"None";"None";"Weekend | Rain";"52.4";"misecast-menu-v2.0";"true"
"FC-001117";"2026-08-01";"2026-08-08";"7";"Lunch";"MI-039";"MI-039-STANDARD";"Dash Sparkling Water - Peach";"Standard";"Drinks";"12.179";"12.909";"10.327";"15.491";"82.4";"36";"Rain";"None";"None";"Weekend | Rain";"51.64";"misecast-menu-v2.0";"true"
"FC-001118";"2026-08-01";"2026-08-08";"7";"Lunch";"MI-040";"MI-040-STANDARD";"Kombucha - Ginger Lemon";"Standard";"Drinks";"12.25";"12.985";"10.388";"15.582";"82.4";"36";"Rain";"None";"None";"Weekend | Rain";"71.42";"misecast-menu-v2.0";"true"
"FC-001119";"2026-08-01";"2026-08-08";"7";"Lunch";"MI-041";"MI-041-STANDARD";"Kombucha - Lemon Lime Mint";"Standard";"Drinks";"11.964";"12.682";"10.146";"15.218";"82.4";"36";"Rain";"None";"None";"Weekend | Rain";"69.75";"misecast-menu-v2.0";"true"
"FC-001120";"2026-08-01";"2026-08-08";"7";"Lunch";"MI-042";"MI-042-STANDARD";"Kombucha - Peach";"Standard";"Drinks";"12.5";"13.25";"10.6";"15.9";"82.4";"36";"Rain";"None";"None";"Weekend | Rain";"72.88";"misecast-menu-v2.0";"true"
"FC-001121";"2026-08-01";"2026-08-08";"7";"Lunch";"MI-043";"MI-043-STANDARD";"Kombucha - Raspberry Lemonade";"Standard";"Drinks";"12.071";"12.796";"10.237";"15.355";"82.4";"36";"Rain";"None";"None";"Weekend | Rain";"70.38";"misecast-menu-v2.0";"true"
"FC-001122";"2026-08-01";"2026-08-08";"7";"Lunch";"MI-044";"MI-044-STANDARD";"Sodaly - Passionfruit";"Standard";"Drinks";"12.429";"13.174";"10.539";"15.809";"82.4";"36";"Rain";"None";"None";"Weekend | Rain";"64.55";"misecast-menu-v2.0";"true"
"FC-001123";"2026-08-01";"2026-08-08";"7";"Lunch";"MI-045";"MI-045-STANDARD";"Sodaly - Guava";"Standard";"Drinks";"12.536";"13.288";"10.63";"15.946";"82.4";"36";"Rain";"None";"None";"Weekend | Rain";"65.11";"misecast-menu-v2.0";"true"
"FC-001124";"2026-08-01";"2026-08-08";"7";"Lunch";"MI-046";"MI-046-STANDARD";"Sodaly - Raspberry";"Standard";"Drinks";"12.429";"13.174";"10.539";"15.809";"82.4";"36";"Rain";"None";"None";"Weekend | Rain";"64.55";"misecast-menu-v2.0";"true"
"FC-001125";"2026-08-01";"2026-08-08";"7";"Lunch";"MI-047";"MI-047-STANDARD";"Sparkling Water";"Standard";"Drinks";"18.75";"19.875";"15.9";"23.85";"82.4";"36";"Rain";"None";"None";"Weekend | Rain";"69.56";"misecast-menu-v2.0";"true"
"FC-001126";"2026-08-01";"2026-08-08";"7";"Lunch";"MI-048";"MI-048-STANDARD";"Specialty Soda - Gingerella";"Standard";"Drinks";"12.179";"12.909";"10.327";"15.491";"82.4";"36";"Rain";"None";"None";"Weekend | Rain";"63.25";"misecast-menu-v2.0";"true"
"FC-001127";"2026-08-01";"2026-08-08";"7";"Lunch";"MI-049";"MI-049-STANDARD";"Specialty Soda - Karma Cola";"Standard";"Drinks";"12.393";"13.136";"10.509";"15.763";"82.4";"36";"Rain";"None";"None";"Weekend | Rain";"64.37";"misecast-menu-v2.0";"true"
"FC-001128";"2026-08-01";"2026-08-08";"7";"Lunch";"MI-050";"MI-050-STANDARD";"Specialty Soda - Lemmy";"Standard";"Drinks";"12.107";"12.834";"10.267";"15.401";"82.4";"36";"Rain";"None";"None";"Weekend | Rain";"62.89";"misecast-menu-v2.0";"true"
"FC-001129";"2026-08-01";"2026-08-08";"7";"Lunch";"MI-051";"MI-051-STANDARD";"Still Water";"Standard";"Drinks";"22.286";"23.623";"18.898";"28.348";"82.4";"36";"Rain";"None";"None";"Weekend | Rain";"70.87";"misecast-menu-v2.0";"true"
"FC-001130";"2026-08-01";"2026-08-08";"7";"Lunch";"MI-052";"MI-052-STANDARD";"Yuzu Ginger Cha";"Standard";"Drinks";"11.464";"12.152";"9.722";"14.582";"82.4";"36";"Rain";"None";"None";"Weekend | Rain";"54.68";"misecast-menu-v2.0";"true"
"FC-001131";"2026-08-01";"2026-08-08";"7";"Lunch";"MI-053";"MI-053-STANDARD";"Avocado";"Standard";"Add-ons / Modifiers";"1.464";"1.552";"1.242";"1.862";"82.4";"36";"Rain";"None";"None";"Weekend | Rain";"3.1";"misecast-menu-v2.0";"true"
"FC-001132";"2026-08-01";"2026-08-08";"7";"Lunch";"MI-054";"MI-054-STANDARD";"63 deg egg";"Standard";"Add-ons / Modifiers";"2";"2.12";"1.696";"2.544";"82.4";"36";"Rain";"None";"None";"Weekend | Rain";"5.3";"misecast-menu-v2.0";"true"
"FC-001133";"2026-08-01";"2026-08-08";"7";"Lunch";"MI-055";"MI-055-STANDARD";"Extra Salad";"Standard";"Add-ons / Modifiers";"2.107";"2.234";"1.787";"2.681";"82.4";"36";"Rain";"None";"None";"Weekend | Rain";"4.47";"misecast-menu-v2.0";"true"
"FC-001134";"2026-08-01";"2026-08-08";"7";"Lunch";"MI-056";"MI-056-STANDARD";"Standard topping (kimchi, corn, edamame, nori, etc.)";"Standard";"Add-ons / Modifiers";"1.107";"1.174";"0.939";"1.409";"82.4";"36";"Rain";"None";"None";"Weekend | Rain";"0.59";"misecast-menu-v2.0";"true"
"FC-001135";"2026-08-01";"2026-08-08";"7";"Lunch";"MI-057";"MI-057-STANDARD";"Extra Sauce (any)";"Standard";"Add-ons / Modifiers";"1";"1.06";"0.848";"1.272";"82.4";"36";"Rain";"None";"None";"Weekend | Rain";"1.59";"misecast-menu-v2.0";"true"
"FC-001136";"2026-08-01";"2026-08-08";"7";"Lunch";"MI-058";"MI-058-STANDARD";"Extra Sous-vide / Seared Chicken";"Standard";"Add-ons / Modifiers";"2.964";"3.142";"2.514";"3.77";"82.4";"36";"Rain";"None";"None";"Weekend | Rain";"12.57";"misecast-menu-v2.0";"true"
"FC-001137";"2026-08-01";"2026-08-08";"7";"Lunch";"MI-059";"MI-059-STANDARD";"Extra Pan Seared Tofu";"Standard";"Add-ons / Modifiers";"2.357";"2.499";"1.999";"2.999";"82.4";"36";"Rain";"None";"None";"Weekend | Rain";"10";"misecast-menu-v2.0";"true"
"FC-001138";"2026-08-01";"2026-08-08";"7";"Lunch";"MI-060";"MI-060-STANDARD";"Extra Eggplant";"Standard";"Add-ons / Modifiers";"3.607";"3.824";"3.059";"4.589";"82.4";"36";"Rain";"None";"None";"Weekend | Rain";"15.3";"misecast-menu-v2.0";"true"
"FC-001139";"2026-08-01";"2026-08-08";"7";"Lunch";"MI-061";"MI-061-STANDARD";"Extra Falafels";"Standard";"Add-ons / Modifiers";"4.571";"4.846";"3.877";"5.815";"82.4";"36";"Rain";"None";"None";"Weekend | Rain";"24.23";"misecast-menu-v2.0";"true"
"FC-001140";"2026-08-01";"2026-08-08";"7";"Lunch";"MI-062";"MI-062-STANDARD";"Extra Karaage Chicken";"Standard";"Add-ons / Modifiers";"3.607";"3.824";"3.059";"4.589";"82.4";"36";"Rain";"None";"None";"Weekend | Rain";"19.12";"misecast-menu-v2.0";"true"
"FC-001141";"2026-08-01";"2026-08-08";"7";"Lunch";"MI-063";"MI-063-STANDARD";"Extra Tiger Prawns";"Standard";"Add-ons / Modifiers";"2.5";"2.65";"2.12";"3.18";"82.4";"36";"Rain";"None";"None";"Weekend | Rain";"13.25";"misecast-menu-v2.0";"true"
"FC-001142";"2026-08-01";"2026-08-08";"7";"Lunch";"MI-064";"MI-064-STANDARD";"Extra Aburi / Sashimi Salmon";"Standard";"Add-ons / Modifiers";"2.5";"2.65";"2.12";"3.18";"82.4";"36";"Rain";"None";"None";"Weekend | Rain";"15.9";"misecast-menu-v2.0";"true"
"FC-001143";"2026-08-01";"2026-08-08";"7";"Lunch";"MI-065";"MI-065-STANDARD";"Extra Sashimi Tuna";"Standard";"Add-ons / Modifiers";"2.286";"2.423";"1.938";"2.908";"82.4";"36";"Rain";"None";"None";"Weekend | Rain";"14.54";"misecast-menu-v2.0";"true"
"FC-001144";"2026-08-01";"2026-08-08";"7";"Lunch";"MI-066";"MI-066-STANDARD";"Extra Wagyu";"Standard";"Add-ons / Modifiers";"2.071";"2.196";"1.757";"2.635";"82.4";"36";"Rain";"None";"None";"Weekend | Rain";"13.18";"misecast-menu-v2.0";"true"
"FC-001145";"2026-08-01";"2026-08-08";"7";"Dinner";"MI-001";"MI-001-SMALL";"Chicken Teriyaki Bowl - Small";"Small";"Signature Nosh Bowls";"9.393";"10.941";"8.753";"13.129";"82.4";"76";"Rain";"None";"Sport";"Weekend | Local event | Rain";"163.02";"misecast-menu-v2.0";"true"
"FC-001146";"2026-08-01";"2026-08-08";"7";"Dinner";"MI-001";"MI-001-LARGE";"Chicken Teriyaki Bowl - Large";"Large";"Signature Nosh Bowls";"9.5";"11.066";"8.853";"13.279";"82.4";"76";"Rain";"None";"Sport";"Weekend | Local event | Rain";"198.08";"misecast-menu-v2.0";"true"
"FC-001147";"2026-08-01";"2026-08-08";"7";"Dinner";"MI-002";"MI-002-SMALL";"Tofu Teriyaki Bowl - Small";"Small";"Signature Nosh Bowls";"9.071";"10.566";"8.453";"12.679";"82.4";"76";"Rain";"None";"Sport";"Weekend | Local event | Rain";"157.43";"misecast-menu-v2.0";"true"
"FC-001148";"2026-08-01";"2026-08-08";"7";"Dinner";"MI-002";"MI-002-LARGE";"Tofu Teriyaki Bowl - Large";"Large";"Signature Nosh Bowls";"9.25";"10.774";"8.619";"12.929";"82.4";"76";"Rain";"None";"Sport";"Weekend | Local event | Rain";"192.85";"misecast-menu-v2.0";"true"
"FC-001149";"2026-08-01";"2026-08-08";"7";"Dinner";"MI-003";"MI-003-SMALL";"Miso Eggplant Bowl - Small";"Small";"Signature Nosh Bowls";"9.429";"10.982";"8.786";"13.178";"82.4";"76";"Rain";"None";"Sport";"Weekend | Local event | Rain";"174.61";"misecast-menu-v2.0";"true"
"FC-001150";"2026-08-01";"2026-08-08";"7";"Dinner";"MI-003";"MI-003-LARGE";"Miso Eggplant Bowl - Large";"Large";"Signature Nosh Bowls";"9.5";"11.066";"8.853";"13.279";"82.4";"76";"Rain";"None";"Sport";"Weekend | Local event | Rain";"209.15";"misecast-menu-v2.0";"true"
"FC-001151";"2026-08-01";"2026-08-08";"7";"Dinner";"MI-004";"MI-004-SMALL";"Miso Falalalafel - Small";"Small";"Signature Nosh Bowls";"10.964";"12.771";"10.217";"15.325";"82.4";"76";"Rain";"None";"Sport";"Weekend | Local event | Rain";"203.06";"misecast-menu-v2.0";"true"
"FC-001152";"2026-08-01";"2026-08-08";"7";"Dinner";"MI-004";"MI-004-LARGE";"Miso Falalalafel - Large";"Large";"Signature Nosh Bowls";"10.964";"12.771";"10.217";"15.325";"82.4";"76";"Rain";"None";"Sport";"Weekend | Local event | Rain";"241.37";"misecast-menu-v2.0";"true"
"FC-001153";"2026-08-01";"2026-08-08";"7";"Dinner";"MI-005";"MI-005-SMALL";"Sashimi Bowl - Small";"Small";"Signature Nosh Bowls";"10.357";"12.064";"9.651";"14.477";"82.4";"76";"Rain";"None";"Sport";"Weekend | Local event | Rain";"215.95";"misecast-menu-v2.0";"true"
"FC-001154";"2026-08-01";"2026-08-08";"7";"Dinner";"MI-005";"MI-005-LARGE";"Sashimi Bowl - Large";"Large";"Signature Nosh Bowls";"10.143";"11.814";"9.451";"14.177";"82.4";"76";"Rain";"None";"Sport";"Weekend | Local event | Rain";"246.91";"misecast-menu-v2.0";"true"
"FC-001155";"2026-08-01";"2026-08-08";"7";"Dinner";"MI-006";"MI-006-SMALL";"Poke Bowl - Small";"Small";"Signature Nosh Bowls";"9.143";"10.65";"8.52";"12.78";"82.4";"76";"Rain";"None";"Sport";"Weekend | Local event | Rain";"179.99";"misecast-menu-v2.0";"true"
"FC-001156";"2026-08-01";"2026-08-08";"7";"Dinner";"MI-006";"MI-006-LARGE";"Poke Bowl - Large";"Large";"Signature Nosh Bowls";"9.286";"10.816";"8.653";"12.979";"82.4";"76";"Rain";"None";"Sport";"Weekend | Local event | Rain";"215.24";"misecast-menu-v2.0";"true"
"FC-001157";"2026-08-01";"2026-08-08";"7";"Dinner";"MI-007";"MI-007-SMALL";"Wagyu Beef Bowl - Small";"Small";"Signature Nosh Bowls";"9.643";"11.232";"8.986";"13.478";"82.4";"76";"Rain";"None";"Sport";"Weekend | Local event | Rain";"201.05";"misecast-menu-v2.0";"true"
"FC-001158";"2026-08-01";"2026-08-08";"7";"Dinner";"MI-007";"MI-007-LARGE";"Wagyu Beef Bowl - Large";"Large";"Signature Nosh Bowls";"9.75";"11.357";"9.086";"13.628";"82.4";"76";"Rain";"None";"Sport";"Weekend | Local event | Rain";"237.36";"misecast-menu-v2.0";"true"
"FC-001159";"2026-08-01";"2026-08-08";"7";"Dinner";"MI-008";"MI-008-SMALL";"Karaage Chicken Bowl - Small";"Small";"Signature Nosh Bowls";"9.25";"10.774";"8.619";"12.929";"82.4";"76";"Rain";"None";"Sport";"Weekend | Local event | Rain";"182.08";"misecast-menu-v2.0";"true"
"FC-001160";"2026-08-01";"2026-08-08";"7";"Dinner";"MI-008";"MI-008-LARGE";"Karaage Chicken Bowl - Large";"Large";"Signature Nosh Bowls";"9.5";"11.066";"8.853";"13.279";"82.4";"76";"Rain";"None";"Sport";"Weekend | Local event | Rain";"220.21";"misecast-menu-v2.0";"true"
"FC-001161";"2026-08-01";"2026-08-08";"7";"Dinner";"MI-009";"MI-009-SMALL";"Power Meal - Small";"Small";"Signature Nosh Bowls";"10.321";"12.022";"9.618";"14.426";"82.4";"76";"Rain";"None";"Sport";"Weekend | Local event | Rain";"227.22";"misecast-menu-v2.0";"true"
"FC-001162";"2026-08-01";"2026-08-08";"7";"Dinner";"MI-009";"MI-009-LARGE";"Power Meal - Large";"Large";"Signature Nosh Bowls";"10.536";"12.272";"9.818";"14.726";"82.4";"76";"Rain";"None";"Sport";"Weekend | Local event | Rain";"268.76";"misecast-menu-v2.0";"true"
"FC-001163";"2026-08-01";"2026-08-08";"7";"Dinner";"MI-010";"MI-010-SMALL";"Salmon Yuzu Bowl - Small";"Small";"Signature Nosh Bowls";"9.929";"11.565";"9.252";"13.878";"82.4";"76";"Rain";"None";"Sport";"Weekend | Local event | Rain";"207.01";"misecast-menu-v2.0";"true"
"FC-001164";"2026-08-01";"2026-08-08";"7";"Dinner";"MI-010";"MI-010-LARGE";"Salmon Yuzu Bowl - Large";"Large";"Signature Nosh Bowls";"10.071";"11.731";"9.385";"14.077";"82.4";"76";"Rain";"None";"Sport";"Weekend | Local event | Rain";"245.18";"misecast-menu-v2.0";"true"
"FC-001165";"2026-08-01";"2026-08-08";"7";"Dinner";"MI-011";"MI-011-STANDARD";"Karaage Bento";"Standard";"Protein Bento";"16.75";"19.51";"15.608";"23.412";"82.4";"76";"Rain";"None";"Sport";"Weekend | Local event | Rain";"271.19";"misecast-menu-v2.0";"true"
"FC-001166";"2026-08-01";"2026-08-08";"7";"Dinner";"MI-012";"MI-012-STANDARD";"Salmon Aburi Bento";"Standard";"Protein Bento";"15.857";"18.47";"14.776";"22.164";"82.4";"76";"Rain";"None";"Sport";"Weekend | Local event | Rain";"275.2";"misecast-menu-v2.0";"true"
"FC-001167";"2026-08-01";"2026-08-08";"7";"Dinner";"MI-013";"MI-013-STANDARD";"Tofu Bento";"Standard";"Protein Bento";"15.821";"18.429";"14.743";"22.115";"82.4";"76";"Rain";"None";"Sport";"Weekend | Local event | Rain";"237.73";"misecast-menu-v2.0";"true"
"FC-001168";"2026-08-01";"2026-08-08";"7";"Dinner";"MI-014";"MI-014-SMALL";"Create Your Own - Sous-vide Chicken - Small";"Small";"Create Your Own Bowl";"8.821";"10.275";"8.22";"12.33";"82.4";"76";"Rain";"None";"Sport";"Weekend | Local event | Rain";"163.37";"misecast-menu-v2.0";"true"
"FC-001169";"2026-08-01";"2026-08-08";"7";"Dinner";"MI-014";"MI-014-LARGE";"Create Your Own - Sous-vide Chicken - Large";"Large";"Create Your Own Bowl";"8.643";"10.067";"8.054";"12.08";"82.4";"76";"Rain";"None";"Sport";"Weekend | Local event | Rain";"190.27";"misecast-menu-v2.0";"true"
"FC-001170";"2026-08-01";"2026-08-08";"7";"Dinner";"MI-015";"MI-015-SMALL";"Create Your Own - Seared Chicken - Small";"Small";"Create Your Own Bowl";"8.821";"10.275";"8.22";"12.33";"82.4";"76";"Rain";"None";"Sport";"Weekend | Local event | Rain";"163.37";"misecast-menu-v2.0";"true"
"FC-001171";"2026-08-01";"2026-08-08";"7";"Dinner";"MI-015";"MI-015-LARGE";"Create Your Own - Seared Chicken - Large";"Large";"Create Your Own Bowl";"8.893";"10.358";"8.286";"12.43";"82.4";"76";"Rain";"None";"Sport";"Weekend | Local event | Rain";"195.77";"misecast-menu-v2.0";"true"
"FC-001172";"2026-08-01";"2026-08-08";"7";"Dinner";"MI-016";"MI-016-SMALL";"Create Your Own - Pan-seared Tofu - Small";"Small";"Create Your Own Bowl";"8.464";"9.859";"7.887";"11.831";"82.4";"76";"Rain";"None";"Sport";"Weekend | Local event | Rain";"156.76";"misecast-menu-v2.0";"true"
"FC-001173";"2026-08-01";"2026-08-08";"7";"Dinner";"MI-016";"MI-016-LARGE";"Create Your Own - Pan-seared Tofu - Large";"Large";"Create Your Own Bowl";"8.393";"9.776";"7.821";"11.731";"82.4";"76";"Rain";"None";"Sport";"Weekend | Local event | Rain";"184.77";"misecast-menu-v2.0";"true"
"FC-001174";"2026-08-01";"2026-08-08";"7";"Dinner";"MI-017";"MI-017-SMALL";"Create Your Own - Crispy Eggplant - Small";"Small";"Create Your Own Bowl";"9.643";"11.232";"8.986";"13.478";"82.4";"76";"Rain";"None";"Sport";"Weekend | Local event | Rain";"189.82";"misecast-menu-v2.0";"true"
"FC-001175";"2026-08-01";"2026-08-08";"7";"Dinner";"MI-017";"MI-017-LARGE";"Create Your Own - Crispy Eggplant - Large";"Large";"Create Your Own Bowl";"9.643";"11.232";"8.986";"13.478";"82.4";"76";"Rain";"None";"Sport";"Weekend | Local event | Rain";"223.52";"misecast-menu-v2.0";"true"
"FC-001176";"2026-08-01";"2026-08-08";"7";"Dinner";"MI-018";"MI-018-SMALL";"Create Your Own - Miso Beet Falafel - Small";"Small";"Create Your Own Bowl";"9.607";"11.19";"8.952";"13.428";"82.4";"76";"Rain";"None";"Sport";"Weekend | Local event | Rain";"189.11";"misecast-menu-v2.0";"true"
"FC-001177";"2026-08-01";"2026-08-08";"7";"Dinner";"MI-018";"MI-018-LARGE";"Create Your Own - Miso Beet Falafel - Large";"Large";"Create Your Own Bowl";"9.571";"11.149";"8.919";"13.379";"82.4";"76";"Rain";"None";"Sport";"Weekend | Local event | Rain";"221.87";"misecast-menu-v2.0";"true"
"FC-001178";"2026-08-01";"2026-08-08";"7";"Dinner";"MI-019";"MI-019-SMALL";"Create Your Own - Tiger Prawns - Small";"Small";"Create Your Own Bowl";"8.643";"10.067";"8.054";"12.08";"82.4";"76";"Rain";"None";"Sport";"Weekend | Local event | Rain";"170.13";"misecast-menu-v2.0";"true"
"FC-001179";"2026-08-01";"2026-08-08";"7";"Dinner";"MI-019";"MI-019-LARGE";"Create Your Own - Tiger Prawns - Large";"Large";"Create Your Own Bowl";"8.714";"10.15";"8.12";"12.18";"82.4";"76";"Rain";"None";"Sport";"Weekend | Local event | Rain";"201.99";"misecast-menu-v2.0";"true"
"FC-001180";"2026-08-01";"2026-08-08";"7";"Dinner";"MI-020";"MI-020-SMALL";"Create Your Own - Karaage Chicken - Small";"Small";"Create Your Own Bowl";"9.143";"10.65";"8.52";"12.78";"82.4";"76";"Rain";"None";"Sport";"Weekend | Local event | Rain";"190.64";"misecast-menu-v2.0";"true"
"FC-001181";"2026-08-01";"2026-08-08";"7";"Dinner";"MI-020";"MI-020-LARGE";"Create Your Own - Karaage Chicken - Large";"Large";"Create Your Own Bowl";"9.429";"10.982";"8.786";"13.178";"82.4";"76";"Rain";"None";"Sport";"Weekend | Local event | Rain";"229.52";"misecast-menu-v2.0";"true"
"FC-001182";"2026-08-01";"2026-08-08";"7";"Dinner";"MI-021";"MI-021-SMALL";"Create Your Own - Sashimi Salmon - Small";"Small";"Create Your Own Bowl";"8.143";"9.485";"7.588";"11.382";"82.4";"76";"Rain";"None";"Sport";"Weekend | Local event | Rain";"169.78";"misecast-menu-v2.0";"true"
"FC-001183";"2026-08-01";"2026-08-08";"7";"Dinner";"MI-021";"MI-021-LARGE";"Create Your Own - Sashimi Salmon - Large";"Large";"Create Your Own Bowl";"8.357";"9.734";"7.787";"11.681";"82.4";"76";"Rain";"None";"Sport";"Weekend | Local event | Rain";"203.44";"misecast-menu-v2.0";"true"
"FC-001184";"2026-08-01";"2026-08-08";"7";"Dinner";"MI-022";"MI-022-SMALL";"Create Your Own - Sashimi Tuna - Small";"Small";"Create Your Own Bowl";"8.571";"9.984";"7.987";"11.981";"82.4";"76";"Rain";"None";"Sport";"Weekend | Local event | Rain";"178.71";"misecast-menu-v2.0";"true"
"FC-001185";"2026-08-01";"2026-08-08";"7";"Dinner";"MI-022";"MI-022-LARGE";"Create Your Own - Sashimi Tuna - Large";"Large";"Create Your Own Bowl";"8.714";"10.15";"8.12";"12.18";"82.4";"76";"Rain";"None";"Sport";"Weekend | Local event | Rain";"212.14";"misecast-menu-v2.0";"true"
"FC-001186";"2026-08-01";"2026-08-08";"7";"Dinner";"MI-023";"MI-023-SMALL";"Create Your Own - Flame-seared Salmon - Small";"Small";"Create Your Own Bowl";"8.571";"9.984";"7.987";"11.981";"82.4";"76";"Rain";"None";"Sport";"Weekend | Local event | Rain";"188.7";"misecast-menu-v2.0";"true"
"FC-001187";"2026-08-01";"2026-08-08";"7";"Dinner";"MI-023";"MI-023-LARGE";"Create Your Own - Flame-seared Salmon - Large";"Large";"Create Your Own Bowl";"8.643";"10.067";"8.054";"12.08";"82.4";"76";"Rain";"None";"Sport";"Weekend | Local event | Rain";"220.47";"misecast-menu-v2.0";"true"
"FC-001188";"2026-08-01";"2026-08-08";"7";"Dinner";"MI-024";"MI-024-SMALL";"Create Your Own - Flame-seared Wagyu - Small";"Small";"Create Your Own Bowl";"8.25";"9.61";"7.688";"11.532";"82.4";"76";"Rain";"None";"Sport";"Weekend | Local event | Rain";"181.63";"misecast-menu-v2.0";"true"
"FC-001189";"2026-08-01";"2026-08-08";"7";"Dinner";"MI-024";"MI-024-LARGE";"Create Your Own - Flame-seared Wagyu - Large";"Large";"Create Your Own Bowl";"8.464";"9.859";"7.887";"11.831";"82.4";"76";"Rain";"None";"Sport";"Weekend | Local event | Rain";"215.91";"misecast-menu-v2.0";"true"
"FC-001190";"2026-08-01";"2026-08-08";"7";"Dinner";"MI-025";"MI-025-SMALL";"Create Your Own - No Protein - Small";"Small";"Create Your Own Bowl";"7.464";"8.694";"6.955";"10.433";"82.4";"76";"Rain";"None";"Sport";"Weekend | Local event | Rain";"112.15";"misecast-menu-v2.0";"true"
"FC-001191";"2026-08-01";"2026-08-08";"7";"Dinner";"MI-025";"MI-025-LARGE";"Create Your Own - No Protein - Large";"Large";"Create Your Own Bowl";"7.679";"8.944";"7.155";"10.733";"82.4";"76";"Rain";"None";"Sport";"Weekend | Local event | Rain";"142.21";"misecast-menu-v2.0";"true"
"FC-001192";"2026-08-01";"2026-08-08";"7";"Dinner";"MI-026";"MI-026-STANDARD";"Miso Soup";"Standard";"Light Bites";"10.393";"12.106";"9.685";"14.527";"82.4";"76";"Rain";"None";"Sport";"Weekend | Local event | Rain";"30.27";"misecast-menu-v2.0";"true"
"FC-001193";"2026-08-01";"2026-08-08";"7";"Dinner";"MI-027";"MI-027-STANDARD";"Raw Balls - Peanut Butter";"Standard";"Light Bites";"1.821";"2.122";"1.698";"2.546";"82.4";"76";"Rain";"None";"Sport";"Weekend | Local event | Rain";"8.91";"misecast-menu-v2.0";"true"
"FC-001194";"2026-08-01";"2026-08-08";"7";"Dinner";"MI-028";"MI-028-STANDARD";"Raw Balls - Choc Brownie";"Standard";"Light Bites";"1.786";"2.08";"1.664";"2.496";"82.4";"76";"Rain";"None";"Sport";"Weekend | Local event | Rain";"8.74";"misecast-menu-v2.0";"true"
"FC-001195";"2026-08-01";"2026-08-08";"7";"Dinner";"MI-029";"MI-029-STANDARD";"Raw Balls - Coconut Cacao";"Standard";"Light Bites";"1.821";"2.122";"1.698";"2.546";"82.4";"76";"Rain";"None";"Sport";"Weekend | Local event | Rain";"8.91";"misecast-menu-v2.0";"true"
"FC-001196";"2026-08-01";"2026-08-08";"7";"Dinner";"MI-030";"MI-030-STANDARD";"Raw Balls - Hazelnut";"Standard";"Light Bites";"1.893";"2.205";"1.764";"2.646";"82.4";"76";"Rain";"None";"Sport";"Weekend | Local event | Rain";"9.26";"misecast-menu-v2.0";"true"
"FC-001197";"2026-08-01";"2026-08-08";"7";"Dinner";"MI-031";"MI-031-STANDARD";"Raw Balls - Apricot Delight";"Standard";"Light Bites";"1.893";"2.205";"1.764";"2.646";"82.4";"76";"Rain";"None";"Sport";"Weekend | Local event | Rain";"9.26";"misecast-menu-v2.0";"true"
"FC-001198";"2026-08-01";"2026-08-08";"7";"Dinner";"MI-032";"MI-032-STANDARD";"myDeal - $5 Crispy Chicken Bites";"Standard";"Promotions";"3.464";"4.035";"3.228";"4.842";"82.4";"76";"Rain";"None";"Sport";"Weekend | Local event | Rain";"20.18";"misecast-menu-v2.0";"true"
"FC-001199";"2026-08-01";"2026-08-08";"7";"Dinner";"MI-033";"MI-033-STANDARD";"Coconut Water";"Standard";"Drinks";"12.214";"14.227";"11.382";"17.072";"82.4";"76";"Rain";"None";"Sport";"Weekend | Local event | Rain";"59.75";"misecast-menu-v2.0";"true"
"FC-001200";"2026-08-01";"2026-08-08";"7";"Dinner";"MI-034";"MI-034-STANDARD";"Cold Pressed Juice - Watermelon Lime";"Standard";"Drinks";"11.429";"13.312";"10.65";"15.974";"82.4";"76";"Rain";"None";"Sport";"Weekend | Local event | Rain";"73.22";"misecast-menu-v2.0";"true"
"FC-001201";"2026-08-01";"2026-08-08";"7";"Dinner";"MI-035";"MI-035-STANDARD";"Cold Pressed Juice - Classic OJ";"Standard";"Drinks";"11.393";"13.27";"10.616";"15.924";"82.4";"76";"Rain";"None";"Sport";"Weekend | Local event | Rain";"72.99";"misecast-menu-v2.0";"true"
"FC-001202";"2026-08-01";"2026-08-08";"7";"Dinner";"MI-036";"MI-036-STANDARD";"Cold Pressed Juice - Pineapple Mint";"Standard";"Drinks";"11.107";"12.938";"10.35";"15.526";"82.4";"76";"Rain";"None";"Sport";"Weekend | Local event | Rain";"71.16";"misecast-menu-v2.0";"true"
"FC-001203";"2026-08-01";"2026-08-08";"7";"Dinner";"MI-037";"MI-037-STANDARD";"Dash Sparkling Water - Lime";"Standard";"Drinks";"12.929";"15.059";"12.047";"18.071";"82.4";"76";"Rain";"None";"Sport";"Weekend | Local event | Rain";"60.24";"misecast-menu-v2.0";"true"
"FC-001204";"2026-08-01";"2026-08-08";"7";"Dinner";"MI-038";"MI-038-STANDARD";"Dash Sparkling Water - Raspberry";"Standard";"Drinks";"12.5";"14.56";"11.648";"17.472";"82.4";"76";"Rain";"None";"Sport";"Weekend | Local event | Rain";"58.24";"misecast-menu-v2.0";"true"
"FC-001205";"2026-08-01";"2026-08-08";"7";"Dinner";"MI-039";"MI-039-STANDARD";"Dash Sparkling Water - Peach";"Standard";"Drinks";"12.714";"14.81";"11.848";"17.772";"82.4";"76";"Rain";"None";"Sport";"Weekend | Local event | Rain";"59.24";"misecast-menu-v2.0";"true"
"FC-001206";"2026-08-01";"2026-08-08";"7";"Dinner";"MI-040";"MI-040-STANDARD";"Kombucha - Ginger Lemon";"Standard";"Drinks";"12.536";"14.602";"11.682";"17.522";"82.4";"76";"Rain";"None";"Sport";"Weekend | Local event | Rain";"80.31";"misecast-menu-v2.0";"true"
"FC-001207";"2026-08-01";"2026-08-08";"7";"Dinner";"MI-041";"MI-041-STANDARD";"Kombucha - Lemon Lime Mint";"Standard";"Drinks";"12.643";"14.726";"11.781";"17.671";"82.4";"76";"Rain";"None";"Sport";"Weekend | Local event | Rain";"80.99";"misecast-menu-v2.0";"true"
"FC-001208";"2026-08-01";"2026-08-08";"7";"Dinner";"MI-042";"MI-042-STANDARD";"Kombucha - Peach";"Standard";"Drinks";"12.536";"14.602";"11.682";"17.522";"82.4";"76";"Rain";"None";"Sport";"Weekend | Local event | Rain";"80.31";"misecast-menu-v2.0";"true"
"FC-001209";"2026-08-01";"2026-08-08";"7";"Dinner";"MI-043";"MI-043-STANDARD";"Kombucha - Raspberry Lemonade";"Standard";"Drinks";"12.821";"14.934";"11.947";"17.921";"82.4";"76";"Rain";"None";"Sport";"Weekend | Local event | Rain";"82.14";"misecast-menu-v2.0";"true"
"FC-001210";"2026-08-01";"2026-08-08";"7";"Dinner";"MI-044";"MI-044-STANDARD";"Sodaly - Passionfruit";"Standard";"Drinks";"12.679";"14.768";"11.814";"17.722";"82.4";"76";"Rain";"None";"Sport";"Weekend | Local event | Rain";"72.36";"misecast-menu-v2.0";"true"
"FC-001211";"2026-08-01";"2026-08-08";"7";"Dinner";"MI-045";"MI-045-STANDARD";"Sodaly - Guava";"Standard";"Drinks";"12.393";"14.435";"11.548";"17.322";"82.4";"76";"Rain";"None";"Sport";"Weekend | Local event | Rain";"70.73";"misecast-menu-v2.0";"true"
"FC-001212";"2026-08-01";"2026-08-08";"7";"Dinner";"MI-046";"MI-046-STANDARD";"Sodaly - Raspberry";"Standard";"Drinks";"12.893";"15.018";"12.014";"18.022";"82.4";"76";"Rain";"None";"Sport";"Weekend | Local event | Rain";"73.59";"misecast-menu-v2.0";"true"
"FC-001213";"2026-08-01";"2026-08-08";"7";"Dinner";"MI-047";"MI-047-STANDARD";"Sparkling Water";"Standard";"Drinks";"19.179";"22.339";"17.871";"26.807";"82.4";"76";"Rain";"None";"Sport";"Weekend | Local event | Rain";"78.19";"misecast-menu-v2.0";"true"
"FC-001214";"2026-08-01";"2026-08-08";"7";"Dinner";"MI-048";"MI-048-STANDARD";"Specialty Soda - Gingerella";"Standard";"Drinks";"12.464";"14.518";"11.614";"17.422";"82.4";"76";"Rain";"None";"Sport";"Weekend | Local event | Rain";"71.14";"misecast-menu-v2.0";"true"
"FC-001215";"2026-08-01";"2026-08-08";"7";"Dinner";"MI-049";"MI-049-STANDARD";"Specialty Soda - Karma Cola";"Standard";"Drinks";"12.536";"14.602";"11.682";"17.522";"82.4";"76";"Rain";"None";"Sport";"Weekend | Local event | Rain";"71.55";"misecast-menu-v2.0";"true"
"FC-001216";"2026-08-01";"2026-08-08";"7";"Dinner";"MI-050";"MI-050-STANDARD";"Specialty Soda - Lemmy";"Standard";"Drinks";"12.571";"14.643";"11.714";"17.572";"82.4";"76";"Rain";"None";"Sport";"Weekend | Local event | Rain";"71.75";"misecast-menu-v2.0";"true"
"FC-001217";"2026-08-01";"2026-08-08";"7";"Dinner";"MI-051";"MI-051-STANDARD";"Still Water";"Standard";"Drinks";"22.821";"26.582";"21.266";"31.898";"82.4";"76";"Rain";"None";"Sport";"Weekend | Local event | Rain";"79.75";"misecast-menu-v2.0";"true"
"FC-001218";"2026-08-01";"2026-08-08";"7";"Dinner";"MI-052";"MI-052-STANDARD";"Yuzu Ginger Cha";"Standard";"Drinks";"11.679";"13.603";"10.882";"16.324";"82.4";"76";"Rain";"None";"Sport";"Weekend | Local event | Rain";"61.21";"misecast-menu-v2.0";"true"
"FC-001219";"2026-08-01";"2026-08-08";"7";"Dinner";"MI-053";"MI-053-STANDARD";"Avocado";"Standard";"Add-ons / Modifiers";"1.464";"1.706";"1.365";"2.047";"82.4";"76";"Rain";"None";"Sport";"Weekend | Local event | Rain";"3.41";"misecast-menu-v2.0";"true"
"FC-001220";"2026-08-01";"2026-08-08";"7";"Dinner";"MI-054";"MI-054-STANDARD";"63 deg egg";"Standard";"Add-ons / Modifiers";"2";"2.33";"1.864";"2.796";"82.4";"76";"Rain";"None";"Sport";"Weekend | Local event | Rain";"5.83";"misecast-menu-v2.0";"true"
"FC-001221";"2026-08-01";"2026-08-08";"7";"Dinner";"MI-055";"MI-055-STANDARD";"Extra Salad";"Standard";"Add-ons / Modifiers";"2.214";"2.579";"2.063";"3.095";"82.4";"76";"Rain";"None";"Sport";"Weekend | Local event | Rain";"5.16";"misecast-menu-v2.0";"true"
"FC-001222";"2026-08-01";"2026-08-08";"7";"Dinner";"MI-056";"MI-056-STANDARD";"Standard topping (kimchi, corn, edamame, nori, etc.)";"Standard";"Add-ons / Modifiers";"1.143";"1.331";"1.065";"1.597";"82.4";"76";"Rain";"None";"Sport";"Weekend | Local event | Rain";"0.67";"misecast-menu-v2.0";"true"
"FC-001223";"2026-08-01";"2026-08-08";"7";"Dinner";"MI-057";"MI-057-STANDARD";"Extra Sauce (any)";"Standard";"Add-ons / Modifiers";"1.036";"1.206";"0.965";"1.447";"82.4";"76";"Rain";"None";"Sport";"Weekend | Local event | Rain";"1.81";"misecast-menu-v2.0";"true"
"FC-001224";"2026-08-01";"2026-08-08";"7";"Dinner";"MI-058";"MI-058-STANDARD";"Extra Sous-vide / Seared Chicken";"Standard";"Add-ons / Modifiers";"3.107";"3.619";"2.895";"4.343";"82.4";"76";"Rain";"None";"Sport";"Weekend | Local event | Rain";"14.48";"misecast-menu-v2.0";"true"
"FC-001225";"2026-08-01";"2026-08-08";"7";"Dinner";"MI-059";"MI-059-STANDARD";"Extra Pan Seared Tofu";"Standard";"Add-ons / Modifiers";"2.393";"2.787";"2.23";"3.344";"82.4";"76";"Rain";"None";"Sport";"Weekend | Local event | Rain";"11.15";"misecast-menu-v2.0";"true"
"FC-001226";"2026-08-01";"2026-08-08";"7";"Dinner";"MI-060";"MI-060-STANDARD";"Extra Eggplant";"Standard";"Add-ons / Modifiers";"3.893";"4.534";"3.627";"5.441";"82.4";"76";"Rain";"None";"Sport";"Weekend | Local event | Rain";"18.14";"misecast-menu-v2.0";"true"
"FC-001227";"2026-08-01";"2026-08-08";"7";"Dinner";"MI-061";"MI-061-STANDARD";"Extra Falafels";"Standard";"Add-ons / Modifiers";"4.679";"5.45";"4.36";"6.54";"82.4";"76";"Rain";"None";"Sport";"Weekend | Local event | Rain";"27.25";"misecast-menu-v2.0";"true"
"FC-001228";"2026-08-01";"2026-08-08";"7";"Dinner";"MI-062";"MI-062-STANDARD";"Extra Karaage Chicken";"Standard";"Add-ons / Modifiers";"3.786";"4.41";"3.528";"5.292";"82.4";"76";"Rain";"None";"Sport";"Weekend | Local event | Rain";"22.05";"misecast-menu-v2.0";"true"
"FC-001229";"2026-08-01";"2026-08-08";"7";"Dinner";"MI-063";"MI-063-STANDARD";"Extra Tiger Prawns";"Standard";"Add-ons / Modifiers";"2.357";"2.746";"2.197";"3.295";"82.4";"76";"Rain";"None";"Sport";"Weekend | Local event | Rain";"13.73";"misecast-menu-v2.0";"true"
"FC-001230";"2026-08-01";"2026-08-08";"7";"Dinner";"MI-064";"MI-064-STANDARD";"Extra Aburi / Sashimi Salmon";"Standard";"Add-ons / Modifiers";"2.464";"2.87";"2.296";"3.444";"82.4";"76";"Rain";"None";"Sport";"Weekend | Local event | Rain";"17.22";"misecast-menu-v2.0";"true"
"FC-001231";"2026-08-01";"2026-08-08";"7";"Dinner";"MI-065";"MI-065-STANDARD";"Extra Sashimi Tuna";"Standard";"Add-ons / Modifiers";"2.357";"2.746";"2.197";"3.295";"82.4";"76";"Rain";"None";"Sport";"Weekend | Local event | Rain";"16.48";"misecast-menu-v2.0";"true"
"FC-001232";"2026-08-01";"2026-08-08";"7";"Dinner";"MI-066";"MI-066-STANDARD";"Extra Wagyu";"Standard";"Add-ons / Modifiers";"2.143";"2.496";"1.997";"2.995";"82.4";"76";"Rain";"None";"Sport";"Weekend | Local event | Rain";"14.98";"misecast-menu-v2.0";"true"
"FC-001233";"2026-08-01";"2026-08-09";"8";"Lunch";"MI-001";"MI-001-SMALL";"Chicken Teriyaki Bowl - Small";"Small";"Signature Nosh Bowls";"6.786";"7.193";"5.754";"8.632";"81.6";"28";"Heavy rain";"None";"None";"Weekend | Heavy rain";"107.18";"misecast-menu-v2.0";"true"
"FC-001234";"2026-08-01";"2026-08-09";"8";"Lunch";"MI-001";"MI-001-LARGE";"Chicken Teriyaki Bowl - Large";"Large";"Signature Nosh Bowls";"6.679";"7.079";"5.663";"8.495";"81.6";"28";"Heavy rain";"None";"None";"Weekend | Heavy rain";"126.71";"misecast-menu-v2.0";"true"
"FC-001235";"2026-08-01";"2026-08-09";"8";"Lunch";"MI-002";"MI-002-SMALL";"Tofu Teriyaki Bowl - Small";"Small";"Signature Nosh Bowls";"6.179";"6.549";"5.239";"7.859";"81.6";"28";"Heavy rain";"None";"None";"Weekend | Heavy rain";"97.58";"misecast-menu-v2.0";"true"
"FC-001236";"2026-08-01";"2026-08-09";"8";"Lunch";"MI-002";"MI-002-LARGE";"Tofu Teriyaki Bowl - Large";"Large";"Signature Nosh Bowls";"6";"6.36";"5.088";"7.632";"81.6";"28";"Heavy rain";"None";"None";"Weekend | Heavy rain";"113.84";"misecast-menu-v2.0";"true"
"FC-001237";"2026-08-01";"2026-08-09";"8";"Lunch";"MI-003";"MI-003-SMALL";"Miso Eggplant Bowl - Small";"Small";"Signature Nosh Bowls";"6.679";"7.079";"5.663";"8.495";"81.6";"28";"Heavy rain";"None";"None";"Weekend | Heavy rain";"112.56";"misecast-menu-v2.0";"true"
"FC-001238";"2026-08-01";"2026-08-09";"8";"Lunch";"MI-003";"MI-003-LARGE";"Miso Eggplant Bowl - Large";"Large";"Signature Nosh Bowls";"6.607";"7.004";"5.603";"8.405";"81.6";"28";"Heavy rain";"None";"None";"Weekend | Heavy rain";"132.38";"misecast-menu-v2.0";"true"
"FC-001239";"2026-08-01";"2026-08-09";"8";"Lunch";"MI-004";"MI-004-SMALL";"Miso Falalalafel - Small";"Small";"Signature Nosh Bowls";"7.714";"8.177";"6.542";"9.812";"81.6";"28";"Heavy rain";"None";"None";"Weekend | Heavy rain";"130.01";"misecast-menu-v2.0";"true"
"FC-001240";"2026-08-01";"2026-08-09";"8";"Lunch";"MI-004";"MI-004-LARGE";"Miso Falalalafel - Large";"Large";"Signature Nosh Bowls";"7.714";"8.177";"6.542";"9.812";"81.6";"28";"Heavy rain";"None";"None";"Weekend | Heavy rain";"154.55";"misecast-menu-v2.0";"true"
"FC-001241";"2026-08-01";"2026-08-09";"8";"Lunch";"MI-005";"MI-005-SMALL";"Sashimi Bowl - Small";"Small";"Signature Nosh Bowls";"6.821";"7.231";"5.785";"8.677";"81.6";"28";"Heavy rain";"None";"None";"Weekend | Heavy rain";"129.43";"misecast-menu-v2.0";"true"
"FC-001242";"2026-08-01";"2026-08-09";"8";"Lunch";"MI-005";"MI-005-LARGE";"Sashimi Bowl - Large";"Large";"Signature Nosh Bowls";"7.036";"7.458";"5.966";"8.95";"81.6";"28";"Heavy rain";"None";"None";"Weekend | Heavy rain";"155.87";"misecast-menu-v2.0";"true"
"FC-001243";"2026-08-01";"2026-08-09";"8";"Lunch";"MI-006";"MI-006-SMALL";"Poke Bowl - Small";"Small";"Signature Nosh Bowls";"6.357";"6.739";"5.391";"8.087";"81.6";"28";"Heavy rain";"None";"None";"Weekend | Heavy rain";"113.89";"misecast-menu-v2.0";"true"
"FC-001244";"2026-08-01";"2026-08-09";"8";"Lunch";"MI-006";"MI-006-LARGE";"Poke Bowl - Large";"Large";"Signature Nosh Bowls";"6.25";"6.625";"5.3";"7.95";"81.6";"28";"Heavy rain";"None";"None";"Weekend | Heavy rain";"131.84";"misecast-menu-v2.0";"true"
"FC-001245";"2026-08-01";"2026-08-09";"8";"Lunch";"MI-007";"MI-007-SMALL";"Wagyu Beef Bowl - Small";"Small";"Signature Nosh Bowls";"6.643";"7.041";"5.633";"8.449";"81.6";"28";"Heavy rain";"None";"None";"Weekend | Heavy rain";"126.03";"misecast-menu-v2.0";"true"
"FC-001246";"2026-08-01";"2026-08-09";"8";"Lunch";"MI-007";"MI-007-LARGE";"Wagyu Beef Bowl - Large";"Large";"Signature Nosh Bowls";"6.571";"6.966";"5.573";"8.359";"81.6";"28";"Heavy rain";"None";"None";"Weekend | Heavy rain";"145.59";"misecast-menu-v2.0";"true"
"FC-001247";"2026-08-01";"2026-08-09";"8";"Lunch";"MI-008";"MI-008-SMALL";"Karaage Chicken Bowl - Small";"Small";"Signature Nosh Bowls";"6.643";"7.041";"5.633";"8.449";"81.6";"28";"Heavy rain";"None";"None";"Weekend | Heavy rain";"118.99";"misecast-menu-v2.0";"true"
"FC-001248";"2026-08-01";"2026-08-09";"8";"Lunch";"MI-008";"MI-008-LARGE";"Karaage Chicken Bowl - Large";"Large";"Signature Nosh Bowls";"6.429";"6.814";"5.451";"8.177";"81.6";"28";"Heavy rain";"None";"None";"Weekend | Heavy rain";"135.6";"misecast-menu-v2.0";"true"
"FC-001249";"2026-08-01";"2026-08-09";"8";"Lunch";"MI-009";"MI-009-SMALL";"Power Meal - Small";"Small";"Signature Nosh Bowls";"8";"8.48";"6.784";"10.176";"81.6";"28";"Heavy rain";"None";"None";"Weekend | Heavy rain";"160.27";"misecast-menu-v2.0";"true"
"FC-001250";"2026-08-01";"2026-08-09";"8";"Lunch";"MI-009";"MI-009-LARGE";"Power Meal - Large";"Large";"Signature Nosh Bowls";"7.821";"8.291";"6.633";"9.949";"81.6";"28";"Heavy rain";"None";"None";"Weekend | Heavy rain";"181.57";"misecast-menu-v2.0";"true"
"FC-001251";"2026-08-01";"2026-08-09";"8";"Lunch";"MI-010";"MI-010-SMALL";"Salmon Yuzu Bowl - Small";"Small";"Signature Nosh Bowls";"7.071";"7.496";"5.997";"8.995";"81.6";"28";"Heavy rain";"None";"None";"Weekend | Heavy rain";"134.18";"misecast-menu-v2.0";"true"
"FC-001252";"2026-08-01";"2026-08-09";"8";"Lunch";"MI-010";"MI-010-LARGE";"Salmon Yuzu Bowl - Large";"Large";"Signature Nosh Bowls";"6.929";"7.344";"5.875";"8.813";"81.6";"28";"Heavy rain";"None";"None";"Weekend | Heavy rain";"153.49";"misecast-menu-v2.0";"true"
"FC-001253";"2026-08-01";"2026-08-09";"8";"Lunch";"MI-011";"MI-011-STANDARD";"Karaage Bento";"Standard";"Protein Bento";"15.786";"16.733";"13.386";"20.08";"81.6";"28";"Heavy rain";"None";"None";"Weekend | Heavy rain";"232.59";"misecast-menu-v2.0";"true"
"FC-001254";"2026-08-01";"2026-08-09";"8";"Lunch";"MI-012";"MI-012-STANDARD";"Salmon Aburi Bento";"Standard";"Protein Bento";"15.929";"16.884";"13.507";"20.261";"81.6";"28";"Heavy rain";"None";"None";"Weekend | Heavy rain";"251.57";"misecast-menu-v2.0";"true"
"FC-001255";"2026-08-01";"2026-08-09";"8";"Lunch";"MI-013";"MI-013-STANDARD";"Tofu Bento";"Standard";"Protein Bento";"15.964";"16.922";"13.538";"20.306";"81.6";"28";"Heavy rain";"None";"None";"Weekend | Heavy rain";"218.29";"misecast-menu-v2.0";"true"
"FC-001256";"2026-08-01";"2026-08-09";"8";"Lunch";"MI-014";"MI-014-SMALL";"Create Your Own - Sous-vide Chicken - Small";"Small";"Create Your Own Bowl";"6.036";"6.398";"5.118";"7.678";"81.6";"28";"Heavy rain";"None";"None";"Weekend | Heavy rain";"101.73";"misecast-menu-v2.0";"true"
"FC-001257";"2026-08-01";"2026-08-09";"8";"Lunch";"MI-014";"MI-014-LARGE";"Create Your Own - Sous-vide Chicken - Large";"Large";"Create Your Own Bowl";"6.214";"6.587";"5.27";"7.904";"81.6";"28";"Heavy rain";"None";"None";"Weekend | Heavy rain";"124.49";"misecast-menu-v2.0";"true"
"FC-001258";"2026-08-01";"2026-08-09";"8";"Lunch";"MI-015";"MI-015-SMALL";"Create Your Own - Seared Chicken - Small";"Small";"Create Your Own Bowl";"6.393";"6.776";"5.421";"8.131";"81.6";"28";"Heavy rain";"None";"None";"Weekend | Heavy rain";"107.74";"misecast-menu-v2.0";"true"
"FC-001259";"2026-08-01";"2026-08-09";"8";"Lunch";"MI-015";"MI-015-LARGE";"Create Your Own - Seared Chicken - Large";"Large";"Create Your Own Bowl";"6.357";"6.739";"5.391";"8.087";"81.6";"28";"Heavy rain";"None";"None";"Weekend | Heavy rain";"127.37";"misecast-menu-v2.0";"true"
"FC-001260";"2026-08-01";"2026-08-09";"8";"Lunch";"MI-016";"MI-016-SMALL";"Create Your Own - Pan-seared Tofu - Small";"Small";"Create Your Own Bowl";"5.893";"6.246";"4.997";"7.495";"81.6";"28";"Heavy rain";"None";"None";"Weekend | Heavy rain";"99.31";"misecast-menu-v2.0";"true"
"FC-001261";"2026-08-01";"2026-08-09";"8";"Lunch";"MI-016";"MI-016-LARGE";"Create Your Own - Pan-seared Tofu - Large";"Large";"Create Your Own Bowl";"5.964";"6.322";"5.058";"7.586";"81.6";"28";"Heavy rain";"None";"None";"Weekend | Heavy rain";"119.49";"misecast-menu-v2.0";"true"
"FC-001262";"2026-08-01";"2026-08-09";"8";"Lunch";"MI-017";"MI-017-SMALL";"Create Your Own - Crispy Eggplant - Small";"Small";"Create Your Own Bowl";"6.571";"6.966";"5.573";"8.359";"81.6";"28";"Heavy rain";"None";"None";"Weekend | Heavy rain";"117.73";"misecast-menu-v2.0";"true"
"FC-001263";"2026-08-01";"2026-08-09";"8";"Lunch";"MI-017";"MI-017-LARGE";"Create Your Own - Crispy Eggplant - Large";"Large";"Create Your Own Bowl";"6.571";"6.966";"5.573";"8.359";"81.6";"28";"Heavy rain";"None";"None";"Weekend | Heavy rain";"138.62";"misecast-menu-v2.0";"true"
"FC-001264";"2026-08-01";"2026-08-09";"8";"Lunch";"MI-018";"MI-018-SMALL";"Create Your Own - Miso Beet Falafel - Small";"Small";"Create Your Own Bowl";"7.107";"7.534";"6.027";"9.041";"81.6";"28";"Heavy rain";"None";"None";"Weekend | Heavy rain";"127.32";"misecast-menu-v2.0";"true"
"FC-001265";"2026-08-01";"2026-08-09";"8";"Lunch";"MI-018";"MI-018-LARGE";"Create Your Own - Miso Beet Falafel - Large";"Large";"Create Your Own Bowl";"7.107";"7.534";"6.027";"9.041";"81.6";"28";"Heavy rain";"None";"None";"Weekend | Heavy rain";"149.93";"misecast-menu-v2.0";"true"
"FC-001266";"2026-08-01";"2026-08-09";"8";"Lunch";"MI-019";"MI-019-SMALL";"Create Your Own - Tiger Prawns - Small";"Small";"Create Your Own Bowl";"5.893";"6.246";"4.997";"7.495";"81.6";"28";"Heavy rain";"None";"None";"Weekend | Heavy rain";"105.56";"misecast-menu-v2.0";"true"
"FC-001267";"2026-08-01";"2026-08-09";"8";"Lunch";"MI-019";"MI-019-LARGE";"Create Your Own - Tiger Prawns - Large";"Large";"Create Your Own Bowl";"5.821";"6.171";"4.937";"7.405";"81.6";"28";"Heavy rain";"None";"None";"Weekend | Heavy rain";"122.8";"misecast-menu-v2.0";"true"
"FC-001268";"2026-08-01";"2026-08-09";"8";"Lunch";"MI-020";"MI-020-SMALL";"Create Your Own - Karaage Chicken - Small";"Small";"Create Your Own Bowl";"6.75";"7.155";"5.724";"8.586";"81.6";"28";"Heavy rain";"None";"None";"Weekend | Heavy rain";"128.07";"misecast-menu-v2.0";"true"
"FC-001269";"2026-08-01";"2026-08-09";"8";"Lunch";"MI-020";"MI-020-LARGE";"Create Your Own - Karaage Chicken - Large";"Large";"Create Your Own Bowl";"6.464";"6.852";"5.482";"8.222";"81.6";"28";"Heavy rain";"None";"None";"Weekend | Heavy rain";"143.21";"misecast-menu-v2.0";"true"
"FC-001270";"2026-08-01";"2026-08-09";"8";"Lunch";"MI-021";"MI-021-SMALL";"Create Your Own - Sashimi Salmon - Small";"Small";"Create Your Own Bowl";"5.964";"6.322";"5.058";"7.586";"81.6";"28";"Heavy rain";"None";"None";"Weekend | Heavy rain";"113.16";"misecast-menu-v2.0";"true"
"FC-001271";"2026-08-01";"2026-08-09";"8";"Lunch";"MI-021";"MI-021-LARGE";"Create Your Own - Sashimi Salmon - Large";"Large";"Create Your Own Bowl";"5.75";"6.095";"4.876";"7.314";"81.6";"28";"Heavy rain";"None";"None";"Weekend | Heavy rain";"127.39";"misecast-menu-v2.0";"true"
"FC-001272";"2026-08-01";"2026-08-09";"8";"Lunch";"MI-022";"MI-022-SMALL";"Create Your Own - Sashimi Tuna - Small";"Small";"Create Your Own Bowl";"6.179";"6.549";"5.239";"7.859";"81.6";"28";"Heavy rain";"None";"None";"Weekend | Heavy rain";"117.23";"misecast-menu-v2.0";"true"
"FC-001273";"2026-08-01";"2026-08-09";"8";"Lunch";"MI-022";"MI-022-LARGE";"Create Your Own - Sashimi Tuna - Large";"Large";"Create Your Own Bowl";"6.036";"6.398";"5.118";"7.678";"81.6";"28";"Heavy rain";"None";"None";"Weekend | Heavy rain";"133.72";"misecast-menu-v2.0";"true"
"FC-001274";"2026-08-01";"2026-08-09";"8";"Lunch";"MI-023";"MI-023-SMALL";"Create Your Own - Flame-seared Salmon - Small";"Small";"Create Your Own Bowl";"5.929";"6.284";"5.027";"7.541";"81.6";"28";"Heavy rain";"None";"None";"Weekend | Heavy rain";"118.77";"misecast-menu-v2.0";"true"
"FC-001275";"2026-08-01";"2026-08-09";"8";"Lunch";"MI-023";"MI-023-LARGE";"Create Your Own - Flame-seared Salmon - Large";"Large";"Create Your Own Bowl";"5.857";"6.209";"4.967";"7.451";"81.6";"28";"Heavy rain";"None";"None";"Weekend | Heavy rain";"135.98";"misecast-menu-v2.0";"true"
"FC-001276";"2026-08-01";"2026-08-09";"8";"Lunch";"MI-024";"MI-024-SMALL";"Create Your Own - Flame-seared Wagyu - Small";"Small";"Create Your Own Bowl";"5.929";"6.284";"5.027";"7.541";"81.6";"28";"Heavy rain";"None";"None";"Weekend | Heavy rain";"118.77";"misecast-menu-v2.0";"true"
"FC-001277";"2026-08-01";"2026-08-09";"8";"Lunch";"MI-024";"MI-024-LARGE";"Create Your Own - Flame-seared Wagyu - Large";"Large";"Create Your Own Bowl";"5.679";"6.019";"4.815";"7.223";"81.6";"28";"Heavy rain";"None";"None";"Weekend | Heavy rain";"131.82";"misecast-menu-v2.0";"true"
"FC-001278";"2026-08-01";"2026-08-09";"8";"Lunch";"MI-025";"MI-025-SMALL";"Create Your Own - No Protein - Small";"Small";"Create Your Own Bowl";"4.821";"5.111";"4.089";"6.133";"81.6";"28";"Heavy rain";"None";"None";"Weekend | Heavy rain";"65.93";"misecast-menu-v2.0";"true"
"FC-001279";"2026-08-01";"2026-08-09";"8";"Lunch";"MI-025";"MI-025-LARGE";"Create Your Own - No Protein - Large";"Large";"Create Your Own Bowl";"4.643";"4.921";"3.937";"5.905";"81.6";"28";"Heavy rain";"None";"None";"Weekend | Heavy rain";"78.24";"misecast-menu-v2.0";"true"
"FC-001280";"2026-08-01";"2026-08-09";"8";"Lunch";"MI-026";"MI-026-STANDARD";"Miso Soup";"Standard";"Light Bites";"9.714";"10.297";"8.238";"12.356";"81.6";"28";"Heavy rain";"None";"None";"Weekend | Heavy rain";"25.74";"misecast-menu-v2.0";"true"
"FC-001281";"2026-08-01";"2026-08-09";"8";"Lunch";"MI-027";"MI-027-STANDARD";"Raw Balls - Peanut Butter";"Standard";"Light Bites";"1.964";"2.082";"1.666";"2.498";"81.6";"28";"Heavy rain";"None";"None";"Weekend | Heavy rain";"8.74";"misecast-menu-v2.0";"true"
"FC-001282";"2026-08-01";"2026-08-09";"8";"Lunch";"MI-028";"MI-028-STANDARD";"Raw Balls - Choc Brownie";"Standard";"Light Bites";"1.893";"2.006";"1.605";"2.407";"81.6";"28";"Heavy rain";"None";"None";"Weekend | Heavy rain";"8.43";"misecast-menu-v2.0";"true"
"FC-001283";"2026-08-01";"2026-08-09";"8";"Lunch";"MI-029";"MI-029-STANDARD";"Raw Balls - Coconut Cacao";"Standard";"Light Bites";"1.893";"2.006";"1.605";"2.407";"81.6";"28";"Heavy rain";"None";"None";"Weekend | Heavy rain";"8.43";"misecast-menu-v2.0";"true"
"FC-001284";"2026-08-01";"2026-08-09";"8";"Lunch";"MI-030";"MI-030-STANDARD";"Raw Balls - Hazelnut";"Standard";"Light Bites";"1.786";"1.893";"1.514";"2.272";"81.6";"28";"Heavy rain";"None";"None";"Weekend | Heavy rain";"7.95";"misecast-menu-v2.0";"true"
"FC-001285";"2026-08-01";"2026-08-09";"8";"Lunch";"MI-031";"MI-031-STANDARD";"Raw Balls - Apricot Delight";"Standard";"Light Bites";"1.893";"2.006";"1.605";"2.407";"81.6";"28";"Heavy rain";"None";"None";"Weekend | Heavy rain";"8.43";"misecast-menu-v2.0";"true"
"FC-001286";"2026-08-01";"2026-08-09";"8";"Lunch";"MI-032";"MI-032-STANDARD";"myDeal - $5 Crispy Chicken Bites";"Standard";"Promotions";"3.286";"3.483";"2.786";"4.18";"81.6";"28";"Heavy rain";"None";"None";"Weekend | Heavy rain";"17.42";"misecast-menu-v2.0";"true"
"FC-001287";"2026-08-01";"2026-08-09";"8";"Lunch";"MI-033";"MI-033-STANDARD";"Coconut Water";"Standard";"Drinks";"12.179";"12.909";"10.327";"15.491";"81.6";"28";"Heavy rain";"None";"None";"Weekend | Heavy rain";"54.22";"misecast-menu-v2.0";"true"
"FC-001288";"2026-08-01";"2026-08-09";"8";"Lunch";"MI-034";"MI-034-STANDARD";"Cold Pressed Juice - Watermelon Lime";"Standard";"Drinks";"11.214";"11.887";"9.51";"14.264";"81.6";"28";"Heavy rain";"None";"None";"Weekend | Heavy rain";"65.38";"misecast-menu-v2.0";"true"
"FC-001289";"2026-08-01";"2026-08-09";"8";"Lunch";"MI-035";"MI-035-STANDARD";"Cold Pressed Juice - Classic OJ";"Standard";"Drinks";"11.429";"12.114";"9.691";"14.537";"81.6";"28";"Heavy rain";"None";"None";"Weekend | Heavy rain";"66.63";"misecast-menu-v2.0";"true"
"FC-001290";"2026-08-01";"2026-08-09";"8";"Lunch";"MI-036";"MI-036-STANDARD";"Cold Pressed Juice - Pineapple Mint";"Standard";"Drinks";"11.393";"12.076";"9.661";"14.491";"81.6";"28";"Heavy rain";"None";"None";"Weekend | Heavy rain";"66.42";"misecast-menu-v2.0";"true"
"FC-001291";"2026-08-01";"2026-08-09";"8";"Lunch";"MI-037";"MI-037-STANDARD";"Dash Sparkling Water - Lime";"Standard";"Drinks";"12.071";"12.796";"10.237";"15.355";"81.6";"28";"Heavy rain";"None";"None";"Weekend | Heavy rain";"51.18";"misecast-menu-v2.0";"true"
"FC-001292";"2026-08-01";"2026-08-09";"8";"Lunch";"MI-038";"MI-038-STANDARD";"Dash Sparkling Water - Raspberry";"Standard";"Drinks";"12.357";"13.099";"10.479";"15.719";"81.6";"28";"Heavy rain";"None";"None";"Weekend | Heavy rain";"52.4";"misecast-menu-v2.0";"true"
"FC-001293";"2026-08-01";"2026-08-09";"8";"Lunch";"MI-039";"MI-039-STANDARD";"Dash Sparkling Water - Peach";"Standard";"Drinks";"12.179";"12.909";"10.327";"15.491";"81.6";"28";"Heavy rain";"None";"None";"Weekend | Heavy rain";"51.64";"misecast-menu-v2.0";"true"
"FC-001294";"2026-08-01";"2026-08-09";"8";"Lunch";"MI-040";"MI-040-STANDARD";"Kombucha - Ginger Lemon";"Standard";"Drinks";"12.25";"12.985";"10.388";"15.582";"81.6";"28";"Heavy rain";"None";"None";"Weekend | Heavy rain";"71.42";"misecast-menu-v2.0";"true"
"FC-001295";"2026-08-01";"2026-08-09";"8";"Lunch";"MI-041";"MI-041-STANDARD";"Kombucha - Lemon Lime Mint";"Standard";"Drinks";"11.964";"12.682";"10.146";"15.218";"81.6";"28";"Heavy rain";"None";"None";"Weekend | Heavy rain";"69.75";"misecast-menu-v2.0";"true"
"FC-001296";"2026-08-01";"2026-08-09";"8";"Lunch";"MI-042";"MI-042-STANDARD";"Kombucha - Peach";"Standard";"Drinks";"12.5";"13.25";"10.6";"15.9";"81.6";"28";"Heavy rain";"None";"None";"Weekend | Heavy rain";"72.88";"misecast-menu-v2.0";"true"
"FC-001297";"2026-08-01";"2026-08-09";"8";"Lunch";"MI-043";"MI-043-STANDARD";"Kombucha - Raspberry Lemonade";"Standard";"Drinks";"12.071";"12.796";"10.237";"15.355";"81.6";"28";"Heavy rain";"None";"None";"Weekend | Heavy rain";"70.38";"misecast-menu-v2.0";"true"
"FC-001298";"2026-08-01";"2026-08-09";"8";"Lunch";"MI-044";"MI-044-STANDARD";"Sodaly - Passionfruit";"Standard";"Drinks";"12.429";"13.174";"10.539";"15.809";"81.6";"28";"Heavy rain";"None";"None";"Weekend | Heavy rain";"64.55";"misecast-menu-v2.0";"true"
"FC-001299";"2026-08-01";"2026-08-09";"8";"Lunch";"MI-045";"MI-045-STANDARD";"Sodaly - Guava";"Standard";"Drinks";"12.536";"13.288";"10.63";"15.946";"81.6";"28";"Heavy rain";"None";"None";"Weekend | Heavy rain";"65.11";"misecast-menu-v2.0";"true"
"FC-001300";"2026-08-01";"2026-08-09";"8";"Lunch";"MI-046";"MI-046-STANDARD";"Sodaly - Raspberry";"Standard";"Drinks";"12.429";"13.174";"10.539";"15.809";"81.6";"28";"Heavy rain";"None";"None";"Weekend | Heavy rain";"64.55";"misecast-menu-v2.0";"true"
"FC-001301";"2026-08-01";"2026-08-09";"8";"Lunch";"MI-047";"MI-047-STANDARD";"Sparkling Water";"Standard";"Drinks";"18.75";"19.875";"15.9";"23.85";"81.6";"28";"Heavy rain";"None";"None";"Weekend | Heavy rain";"69.56";"misecast-menu-v2.0";"true"
"FC-001302";"2026-08-01";"2026-08-09";"8";"Lunch";"MI-048";"MI-048-STANDARD";"Specialty Soda - Gingerella";"Standard";"Drinks";"12.179";"12.909";"10.327";"15.491";"81.6";"28";"Heavy rain";"None";"None";"Weekend | Heavy rain";"63.25";"misecast-menu-v2.0";"true"
"FC-001303";"2026-08-01";"2026-08-09";"8";"Lunch";"MI-049";"MI-049-STANDARD";"Specialty Soda - Karma Cola";"Standard";"Drinks";"12.393";"13.136";"10.509";"15.763";"81.6";"28";"Heavy rain";"None";"None";"Weekend | Heavy rain";"64.37";"misecast-menu-v2.0";"true"
"FC-001304";"2026-08-01";"2026-08-09";"8";"Lunch";"MI-050";"MI-050-STANDARD";"Specialty Soda - Lemmy";"Standard";"Drinks";"12.107";"12.834";"10.267";"15.401";"81.6";"28";"Heavy rain";"None";"None";"Weekend | Heavy rain";"62.89";"misecast-menu-v2.0";"true"
"FC-001305";"2026-08-01";"2026-08-09";"8";"Lunch";"MI-051";"MI-051-STANDARD";"Still Water";"Standard";"Drinks";"22.286";"23.623";"18.898";"28.348";"81.6";"28";"Heavy rain";"None";"None";"Weekend | Heavy rain";"70.87";"misecast-menu-v2.0";"true"
"FC-001306";"2026-08-01";"2026-08-09";"8";"Lunch";"MI-052";"MI-052-STANDARD";"Yuzu Ginger Cha";"Standard";"Drinks";"11.464";"12.152";"9.722";"14.582";"81.6";"28";"Heavy rain";"None";"None";"Weekend | Heavy rain";"54.68";"misecast-menu-v2.0";"true"
"FC-001307";"2026-08-01";"2026-08-09";"8";"Lunch";"MI-053";"MI-053-STANDARD";"Avocado";"Standard";"Add-ons / Modifiers";"1.464";"1.552";"1.242";"1.862";"81.6";"28";"Heavy rain";"None";"None";"Weekend | Heavy rain";"3.1";"misecast-menu-v2.0";"true"
"FC-001308";"2026-08-01";"2026-08-09";"8";"Lunch";"MI-054";"MI-054-STANDARD";"63 deg egg";"Standard";"Add-ons / Modifiers";"2";"2.12";"1.696";"2.544";"81.6";"28";"Heavy rain";"None";"None";"Weekend | Heavy rain";"5.3";"misecast-menu-v2.0";"true"
"FC-001309";"2026-08-01";"2026-08-09";"8";"Lunch";"MI-055";"MI-055-STANDARD";"Extra Salad";"Standard";"Add-ons / Modifiers";"2.107";"2.234";"1.787";"2.681";"81.6";"28";"Heavy rain";"None";"None";"Weekend | Heavy rain";"4.47";"misecast-menu-v2.0";"true"
"FC-001310";"2026-08-01";"2026-08-09";"8";"Lunch";"MI-056";"MI-056-STANDARD";"Standard topping (kimchi, corn, edamame, nori, etc.)";"Standard";"Add-ons / Modifiers";"1.107";"1.174";"0.939";"1.409";"81.6";"28";"Heavy rain";"None";"None";"Weekend | Heavy rain";"0.59";"misecast-menu-v2.0";"true"
"FC-001311";"2026-08-01";"2026-08-09";"8";"Lunch";"MI-057";"MI-057-STANDARD";"Extra Sauce (any)";"Standard";"Add-ons / Modifiers";"1";"1.06";"0.848";"1.272";"81.6";"28";"Heavy rain";"None";"None";"Weekend | Heavy rain";"1.59";"misecast-menu-v2.0";"true"
"FC-001312";"2026-08-01";"2026-08-09";"8";"Lunch";"MI-058";"MI-058-STANDARD";"Extra Sous-vide / Seared Chicken";"Standard";"Add-ons / Modifiers";"2.964";"3.142";"2.514";"3.77";"81.6";"28";"Heavy rain";"None";"None";"Weekend | Heavy rain";"12.57";"misecast-menu-v2.0";"true"
"FC-001313";"2026-08-01";"2026-08-09";"8";"Lunch";"MI-059";"MI-059-STANDARD";"Extra Pan Seared Tofu";"Standard";"Add-ons / Modifiers";"2.357";"2.499";"1.999";"2.999";"81.6";"28";"Heavy rain";"None";"None";"Weekend | Heavy rain";"10";"misecast-menu-v2.0";"true"
"FC-001314";"2026-08-01";"2026-08-09";"8";"Lunch";"MI-060";"MI-060-STANDARD";"Extra Eggplant";"Standard";"Add-ons / Modifiers";"3.607";"3.824";"3.059";"4.589";"81.6";"28";"Heavy rain";"None";"None";"Weekend | Heavy rain";"15.3";"misecast-menu-v2.0";"true"
"FC-001315";"2026-08-01";"2026-08-09";"8";"Lunch";"MI-061";"MI-061-STANDARD";"Extra Falafels";"Standard";"Add-ons / Modifiers";"4.571";"4.846";"3.877";"5.815";"81.6";"28";"Heavy rain";"None";"None";"Weekend | Heavy rain";"24.23";"misecast-menu-v2.0";"true"
"FC-001316";"2026-08-01";"2026-08-09";"8";"Lunch";"MI-062";"MI-062-STANDARD";"Extra Karaage Chicken";"Standard";"Add-ons / Modifiers";"3.607";"3.824";"3.059";"4.589";"81.6";"28";"Heavy rain";"None";"None";"Weekend | Heavy rain";"19.12";"misecast-menu-v2.0";"true"
"FC-001317";"2026-08-01";"2026-08-09";"8";"Lunch";"MI-063";"MI-063-STANDARD";"Extra Tiger Prawns";"Standard";"Add-ons / Modifiers";"2.5";"2.65";"2.12";"3.18";"81.6";"28";"Heavy rain";"None";"None";"Weekend | Heavy rain";"13.25";"misecast-menu-v2.0";"true"
"FC-001318";"2026-08-01";"2026-08-09";"8";"Lunch";"MI-064";"MI-064-STANDARD";"Extra Aburi / Sashimi Salmon";"Standard";"Add-ons / Modifiers";"2.5";"2.65";"2.12";"3.18";"81.6";"28";"Heavy rain";"None";"None";"Weekend | Heavy rain";"15.9";"misecast-menu-v2.0";"true"
"FC-001319";"2026-08-01";"2026-08-09";"8";"Lunch";"MI-065";"MI-065-STANDARD";"Extra Sashimi Tuna";"Standard";"Add-ons / Modifiers";"2.286";"2.423";"1.938";"2.908";"81.6";"28";"Heavy rain";"None";"None";"Weekend | Heavy rain";"14.54";"misecast-menu-v2.0";"true"
"FC-001320";"2026-08-01";"2026-08-09";"8";"Lunch";"MI-066";"MI-066-STANDARD";"Extra Wagyu";"Standard";"Add-ons / Modifiers";"2.071";"2.196";"1.757";"2.635";"81.6";"28";"Heavy rain";"None";"None";"Weekend | Heavy rain";"13.18";"misecast-menu-v2.0";"true"
"FC-001321";"2026-08-01";"2026-08-09";"8";"Dinner";"MI-001";"MI-001-SMALL";"Chicken Teriyaki Bowl - Small";"Small";"Signature Nosh Bowls";"9.393";"10.52";"8.416";"12.624";"81.6";"43";"Heavy rain";"None";"None";"Weekend | Heavy rain";"156.75";"misecast-menu-v2.0";"true"
"FC-001322";"2026-08-01";"2026-08-09";"8";"Dinner";"MI-001";"MI-001-LARGE";"Chicken Teriyaki Bowl - Large";"Large";"Signature Nosh Bowls";"9.5";"10.64";"8.512";"12.768";"81.6";"43";"Heavy rain";"None";"None";"Weekend | Heavy rain";"190.46";"misecast-menu-v2.0";"true"
"FC-001323";"2026-08-01";"2026-08-09";"8";"Dinner";"MI-002";"MI-002-SMALL";"Tofu Teriyaki Bowl - Small";"Small";"Signature Nosh Bowls";"9.071";"10.16";"8.128";"12.192";"81.6";"43";"Heavy rain";"None";"None";"Weekend | Heavy rain";"151.38";"misecast-menu-v2.0";"true"
"FC-001324";"2026-08-01";"2026-08-09";"8";"Dinner";"MI-002";"MI-002-LARGE";"Tofu Teriyaki Bowl - Large";"Large";"Signature Nosh Bowls";"9.25";"10.36";"8.288";"12.432";"81.6";"43";"Heavy rain";"None";"None";"Weekend | Heavy rain";"185.44";"misecast-menu-v2.0";"true"
"FC-001325";"2026-08-01";"2026-08-09";"8";"Dinner";"MI-003";"MI-003-SMALL";"Miso Eggplant Bowl - Small";"Small";"Signature Nosh Bowls";"9.429";"10.56";"8.448";"12.672";"81.6";"43";"Heavy rain";"None";"None";"Weekend | Heavy rain";"167.9";"misecast-menu-v2.0";"true"
"FC-001326";"2026-08-01";"2026-08-09";"8";"Dinner";"MI-003";"MI-003-LARGE";"Miso Eggplant Bowl - Large";"Large";"Signature Nosh Bowls";"9.5";"10.64";"8.512";"12.768";"81.6";"43";"Heavy rain";"None";"None";"Weekend | Heavy rain";"201.1";"misecast-menu-v2.0";"true"
"FC-001327";"2026-08-01";"2026-08-09";"8";"Dinner";"MI-004";"MI-004-SMALL";"Miso Falalalafel - Small";"Small";"Signature Nosh Bowls";"10.964";"12.28";"9.824";"14.736";"81.6";"43";"Heavy rain";"None";"None";"Weekend | Heavy rain";"195.25";"misecast-menu-v2.0";"true"
"FC-001328";"2026-08-01";"2026-08-09";"8";"Dinner";"MI-004";"MI-004-LARGE";"Miso Falalalafel - Large";"Large";"Signature Nosh Bowls";"10.964";"12.28";"9.824";"14.736";"81.6";"43";"Heavy rain";"None";"None";"Weekend | Heavy rain";"232.09";"misecast-menu-v2.0";"true"
"FC-001329";"2026-08-01";"2026-08-09";"8";"Dinner";"MI-005";"MI-005-SMALL";"Sashimi Bowl - Small";"Small";"Signature Nosh Bowls";"10.357";"11.6";"9.28";"13.92";"81.6";"43";"Heavy rain";"None";"None";"Weekend | Heavy rain";"207.64";"misecast-menu-v2.0";"true"
"FC-001330";"2026-08-01";"2026-08-09";"8";"Dinner";"MI-005";"MI-005-LARGE";"Sashimi Bowl - Large";"Large";"Signature Nosh Bowls";"10.143";"11.36";"9.088";"13.632";"81.6";"43";"Heavy rain";"None";"None";"Weekend | Heavy rain";"237.42";"misecast-menu-v2.0";"true"
"FC-001331";"2026-08-01";"2026-08-09";"8";"Dinner";"MI-006";"MI-006-SMALL";"Poke Bowl - Small";"Small";"Signature Nosh Bowls";"9.143";"10.24";"8.192";"12.288";"81.6";"43";"Heavy rain";"None";"None";"Weekend | Heavy rain";"173.06";"misecast-menu-v2.0";"true"
"FC-001332";"2026-08-01";"2026-08-09";"8";"Dinner";"MI-006";"MI-006-LARGE";"Poke Bowl - Large";"Large";"Signature Nosh Bowls";"9.286";"10.4";"8.32";"12.48";"81.6";"43";"Heavy rain";"None";"None";"Weekend | Heavy rain";"206.96";"misecast-menu-v2.0";"true"
"FC-001333";"2026-08-01";"2026-08-09";"8";"Dinner";"MI-007";"MI-007-SMALL";"Wagyu Beef Bowl - Small";"Small";"Signature Nosh Bowls";"9.643";"10.8";"8.64";"12.96";"81.6";"43";"Heavy rain";"None";"None";"Weekend | Heavy rain";"193.32";"misecast-menu-v2.0";"true"
"FC-001334";"2026-08-01";"2026-08-09";"8";"Dinner";"MI-007";"MI-007-LARGE";"Wagyu Beef Bowl - Large";"Large";"Signature Nosh Bowls";"9.75";"10.92";"8.736";"13.104";"81.6";"43";"Heavy rain";"None";"None";"Weekend | Heavy rain";"228.23";"misecast-menu-v2.0";"true"
"FC-001335";"2026-08-01";"2026-08-09";"8";"Dinner";"MI-008";"MI-008-SMALL";"Karaage Chicken Bowl - Small";"Small";"Signature Nosh Bowls";"9.25";"10.36";"8.288";"12.432";"81.6";"43";"Heavy rain";"None";"None";"Weekend | Heavy rain";"175.08";"misecast-menu-v2.0";"true"
"FC-001336";"2026-08-01";"2026-08-09";"8";"Dinner";"MI-008";"MI-008-LARGE";"Karaage Chicken Bowl - Large";"Large";"Signature Nosh Bowls";"9.5";"10.64";"8.512";"12.768";"81.6";"43";"Heavy rain";"None";"None";"Weekend | Heavy rain";"211.74";"misecast-menu-v2.0";"true"
"FC-001337";"2026-08-01";"2026-08-09";"8";"Dinner";"MI-009";"MI-009-SMALL";"Power Meal - Small";"Small";"Signature Nosh Bowls";"10.321";"11.56";"9.248";"13.872";"81.6";"43";"Heavy rain";"None";"None";"Weekend | Heavy rain";"218.48";"misecast-menu-v2.0";"true"
"FC-001338";"2026-08-01";"2026-08-09";"8";"Dinner";"MI-009";"MI-009-LARGE";"Power Meal - Large";"Large";"Signature Nosh Bowls";"10.536";"11.8";"9.44";"14.16";"81.6";"43";"Heavy rain";"None";"None";"Weekend | Heavy rain";"258.42";"misecast-menu-v2.0";"true"
"FC-001339";"2026-08-01";"2026-08-09";"8";"Dinner";"MI-010";"MI-010-SMALL";"Salmon Yuzu Bowl - Small";"Small";"Signature Nosh Bowls";"9.929";"11.12";"8.896";"13.344";"81.6";"43";"Heavy rain";"None";"None";"Weekend | Heavy rain";"199.05";"misecast-menu-v2.0";"true"
"FC-001340";"2026-08-01";"2026-08-09";"8";"Dinner";"MI-010";"MI-010-LARGE";"Salmon Yuzu Bowl - Large";"Large";"Signature Nosh Bowls";"10.071";"11.28";"9.024";"13.536";"81.6";"43";"Heavy rain";"None";"None";"Weekend | Heavy rain";"235.75";"misecast-menu-v2.0";"true"
"FC-001341";"2026-08-01";"2026-08-09";"8";"Dinner";"MI-011";"MI-011-STANDARD";"Karaage Bento";"Standard";"Protein Bento";"16.75";"18.76";"15.008";"22.512";"81.6";"43";"Heavy rain";"None";"None";"Weekend | Heavy rain";"260.76";"misecast-menu-v2.0";"true"
"FC-001342";"2026-08-01";"2026-08-09";"8";"Dinner";"MI-012";"MI-012-STANDARD";"Salmon Aburi Bento";"Standard";"Protein Bento";"15.857";"17.76";"14.208";"21.312";"81.6";"43";"Heavy rain";"None";"None";"Weekend | Heavy rain";"264.62";"misecast-menu-v2.0";"true"
"FC-001343";"2026-08-01";"2026-08-09";"8";"Dinner";"MI-013";"MI-013-STANDARD";"Tofu Bento";"Standard";"Protein Bento";"15.821";"17.72";"14.176";"21.264";"81.6";"43";"Heavy rain";"None";"None";"Weekend | Heavy rain";"228.59";"misecast-menu-v2.0";"true"
"FC-001344";"2026-08-01";"2026-08-09";"8";"Dinner";"MI-014";"MI-014-SMALL";"Create Your Own - Sous-vide Chicken - Small";"Small";"Create Your Own Bowl";"8.821";"9.88";"7.904";"11.856";"81.6";"43";"Heavy rain";"None";"None";"Weekend | Heavy rain";"157.09";"misecast-menu-v2.0";"true"
"FC-001345";"2026-08-01";"2026-08-09";"8";"Dinner";"MI-014";"MI-014-LARGE";"Create Your Own - Sous-vide Chicken - Large";"Large";"Create Your Own Bowl";"8.643";"9.68";"7.744";"11.616";"81.6";"43";"Heavy rain";"None";"None";"Weekend | Heavy rain";"182.95";"misecast-menu-v2.0";"true"
"FC-001346";"2026-08-01";"2026-08-09";"8";"Dinner";"MI-015";"MI-015-SMALL";"Create Your Own - Seared Chicken - Small";"Small";"Create Your Own Bowl";"8.821";"9.88";"7.904";"11.856";"81.6";"43";"Heavy rain";"None";"None";"Weekend | Heavy rain";"157.09";"misecast-menu-v2.0";"true"
"FC-001347";"2026-08-01";"2026-08-09";"8";"Dinner";"MI-015";"MI-015-LARGE";"Create Your Own - Seared Chicken - Large";"Large";"Create Your Own Bowl";"8.893";"9.96";"7.968";"11.952";"81.6";"43";"Heavy rain";"None";"None";"Weekend | Heavy rain";"188.24";"misecast-menu-v2.0";"true"
"FC-001348";"2026-08-01";"2026-08-09";"8";"Dinner";"MI-016";"MI-016-SMALL";"Create Your Own - Pan-seared Tofu - Small";"Small";"Create Your Own Bowl";"8.464";"9.48";"7.584";"11.376";"81.6";"43";"Heavy rain";"None";"None";"Weekend | Heavy rain";"150.73";"misecast-menu-v2.0";"true"
"FC-001349";"2026-08-01";"2026-08-09";"8";"Dinner";"MI-016";"MI-016-LARGE";"Create Your Own - Pan-seared Tofu - Large";"Large";"Create Your Own Bowl";"8.393";"9.4";"7.52";"11.28";"81.6";"43";"Heavy rain";"None";"None";"Weekend | Heavy rain";"177.66";"misecast-menu-v2.0";"true"
"FC-001350";"2026-08-01";"2026-08-09";"8";"Dinner";"MI-017";"MI-017-SMALL";"Create Your Own - Crispy Eggplant - Small";"Small";"Create Your Own Bowl";"9.643";"10.8";"8.64";"12.96";"81.6";"43";"Heavy rain";"None";"None";"Weekend | Heavy rain";"182.52";"misecast-menu-v2.0";"true"
"FC-001351";"2026-08-01";"2026-08-09";"8";"Dinner";"MI-017";"MI-017-LARGE";"Create Your Own - Crispy Eggplant - Large";"Large";"Create Your Own Bowl";"9.643";"10.8";"8.64";"12.96";"81.6";"43";"Heavy rain";"None";"None";"Weekend | Heavy rain";"214.92";"misecast-menu-v2.0";"true"
"FC-001352";"2026-08-01";"2026-08-09";"8";"Dinner";"MI-018";"MI-018-SMALL";"Create Your Own - Miso Beet Falafel - Small";"Small";"Create Your Own Bowl";"9.607";"10.76";"8.608";"12.912";"81.6";"43";"Heavy rain";"None";"None";"Weekend | Heavy rain";"181.84";"misecast-menu-v2.0";"true"
"FC-001353";"2026-08-01";"2026-08-09";"8";"Dinner";"MI-018";"MI-018-LARGE";"Create Your Own - Miso Beet Falafel - Large";"Large";"Create Your Own Bowl";"9.571";"10.72";"8.576";"12.864";"81.6";"43";"Heavy rain";"None";"None";"Weekend | Heavy rain";"213.33";"misecast-menu-v2.0";"true"
"FC-001354";"2026-08-01";"2026-08-09";"8";"Dinner";"MI-019";"MI-019-SMALL";"Create Your Own - Tiger Prawns - Small";"Small";"Create Your Own Bowl";"8.643";"9.68";"7.744";"11.616";"81.6";"43";"Heavy rain";"None";"None";"Weekend | Heavy rain";"163.59";"misecast-menu-v2.0";"true"
"FC-001355";"2026-08-01";"2026-08-09";"8";"Dinner";"MI-019";"MI-019-LARGE";"Create Your Own - Tiger Prawns - Large";"Large";"Create Your Own Bowl";"8.714";"9.76";"7.808";"11.712";"81.6";"43";"Heavy rain";"None";"None";"Weekend | Heavy rain";"194.22";"misecast-menu-v2.0";"true"
"FC-001356";"2026-08-01";"2026-08-09";"8";"Dinner";"MI-020";"MI-020-SMALL";"Create Your Own - Karaage Chicken - Small";"Small";"Create Your Own Bowl";"9.143";"10.24";"8.192";"12.288";"81.6";"43";"Heavy rain";"None";"None";"Weekend | Heavy rain";"183.3";"misecast-menu-v2.0";"true"
"FC-001357";"2026-08-01";"2026-08-09";"8";"Dinner";"MI-020";"MI-020-LARGE";"Create Your Own - Karaage Chicken - Large";"Large";"Create Your Own Bowl";"9.429";"10.56";"8.448";"12.672";"81.6";"43";"Heavy rain";"None";"None";"Weekend | Heavy rain";"220.7";"misecast-menu-v2.0";"true"
"FC-001358";"2026-08-01";"2026-08-09";"8";"Dinner";"MI-021";"MI-021-SMALL";"Create Your Own - Sashimi Salmon - Small";"Small";"Create Your Own Bowl";"8.143";"9.12";"7.296";"10.944";"81.6";"43";"Heavy rain";"None";"None";"Weekend | Heavy rain";"163.25";"misecast-menu-v2.0";"true"
"FC-001359";"2026-08-01";"2026-08-09";"8";"Dinner";"MI-021";"MI-021-LARGE";"Create Your Own - Sashimi Salmon - Large";"Large";"Create Your Own Bowl";"8.357";"9.36";"7.488";"11.232";"81.6";"43";"Heavy rain";"None";"None";"Weekend | Heavy rain";"195.62";"misecast-menu-v2.0";"true"
"FC-001360";"2026-08-01";"2026-08-09";"8";"Dinner";"MI-022";"MI-022-SMALL";"Create Your Own - Sashimi Tuna - Small";"Small";"Create Your Own Bowl";"8.571";"9.6";"7.68";"11.52";"81.6";"43";"Heavy rain";"None";"None";"Weekend | Heavy rain";"171.84";"misecast-menu-v2.0";"true"
"FC-001361";"2026-08-01";"2026-08-09";"8";"Dinner";"MI-022";"MI-022-LARGE";"Create Your Own - Sashimi Tuna - Large";"Large";"Create Your Own Bowl";"8.714";"9.76";"7.808";"11.712";"81.6";"43";"Heavy rain";"None";"None";"Weekend | Heavy rain";"203.98";"misecast-menu-v2.0";"true"
"FC-001362";"2026-08-01";"2026-08-09";"8";"Dinner";"MI-023";"MI-023-SMALL";"Create Your Own - Flame-seared Salmon - Small";"Small";"Create Your Own Bowl";"8.571";"9.6";"7.68";"11.52";"81.6";"43";"Heavy rain";"None";"None";"Weekend | Heavy rain";"181.44";"misecast-menu-v2.0";"true"
"FC-001363";"2026-08-01";"2026-08-09";"8";"Dinner";"MI-023";"MI-023-LARGE";"Create Your Own - Flame-seared Salmon - Large";"Large";"Create Your Own Bowl";"8.643";"9.68";"7.744";"11.616";"81.6";"43";"Heavy rain";"None";"None";"Weekend | Heavy rain";"211.99";"misecast-menu-v2.0";"true"
"FC-001364";"2026-08-01";"2026-08-09";"8";"Dinner";"MI-024";"MI-024-SMALL";"Create Your Own - Flame-seared Wagyu - Small";"Small";"Create Your Own Bowl";"8.25";"9.24";"7.392";"11.088";"81.6";"43";"Heavy rain";"None";"None";"Weekend | Heavy rain";"174.64";"misecast-menu-v2.0";"true"
"FC-001365";"2026-08-01";"2026-08-09";"8";"Dinner";"MI-024";"MI-024-LARGE";"Create Your Own - Flame-seared Wagyu - Large";"Large";"Create Your Own Bowl";"8.464";"9.48";"7.584";"11.376";"81.6";"43";"Heavy rain";"None";"None";"Weekend | Heavy rain";"207.61";"misecast-menu-v2.0";"true"
"FC-001366";"2026-08-01";"2026-08-09";"8";"Dinner";"MI-025";"MI-025-SMALL";"Create Your Own - No Protein - Small";"Small";"Create Your Own Bowl";"7.464";"8.36";"6.688";"10.032";"81.6";"43";"Heavy rain";"None";"None";"Weekend | Heavy rain";"107.84";"misecast-menu-v2.0";"true"
"FC-001367";"2026-08-01";"2026-08-09";"8";"Dinner";"MI-025";"MI-025-LARGE";"Create Your Own - No Protein - Large";"Large";"Create Your Own Bowl";"7.679";"8.6";"6.88";"10.32";"81.6";"43";"Heavy rain";"None";"None";"Weekend | Heavy rain";"136.74";"misecast-menu-v2.0";"true"
"FC-001368";"2026-08-01";"2026-08-09";"8";"Dinner";"MI-026";"MI-026-STANDARD";"Miso Soup";"Standard";"Light Bites";"10.393";"11.64";"9.312";"13.968";"81.6";"43";"Heavy rain";"None";"None";"Weekend | Heavy rain";"29.1";"misecast-menu-v2.0";"true"
"FC-001369";"2026-08-01";"2026-08-09";"8";"Dinner";"MI-027";"MI-027-STANDARD";"Raw Balls - Peanut Butter";"Standard";"Light Bites";"1.821";"2.04";"1.632";"2.448";"81.6";"43";"Heavy rain";"None";"None";"Weekend | Heavy rain";"8.57";"misecast-menu-v2.0";"true"
"FC-001370";"2026-08-01";"2026-08-09";"8";"Dinner";"MI-028";"MI-028-STANDARD";"Raw Balls - Choc Brownie";"Standard";"Light Bites";"1.786";"2";"1.6";"2.4";"81.6";"43";"Heavy rain";"None";"None";"Weekend | Heavy rain";"8.4";"misecast-menu-v2.0";"true"
"FC-001371";"2026-08-01";"2026-08-09";"8";"Dinner";"MI-029";"MI-029-STANDARD";"Raw Balls - Coconut Cacao";"Standard";"Light Bites";"1.821";"2.04";"1.632";"2.448";"81.6";"43";"Heavy rain";"None";"None";"Weekend | Heavy rain";"8.57";"misecast-menu-v2.0";"true"
"FC-001372";"2026-08-01";"2026-08-09";"8";"Dinner";"MI-030";"MI-030-STANDARD";"Raw Balls - Hazelnut";"Standard";"Light Bites";"1.893";"2.12";"1.696";"2.544";"81.6";"43";"Heavy rain";"None";"None";"Weekend | Heavy rain";"8.9";"misecast-menu-v2.0";"true"
"FC-001373";"2026-08-01";"2026-08-09";"8";"Dinner";"MI-031";"MI-031-STANDARD";"Raw Balls - Apricot Delight";"Standard";"Light Bites";"1.893";"2.12";"1.696";"2.544";"81.6";"43";"Heavy rain";"None";"None";"Weekend | Heavy rain";"8.9";"misecast-menu-v2.0";"true"
"FC-001374";"2026-08-01";"2026-08-09";"8";"Dinner";"MI-032";"MI-032-STANDARD";"myDeal - $5 Crispy Chicken Bites";"Standard";"Promotions";"3.464";"3.88";"3.104";"4.656";"81.6";"43";"Heavy rain";"None";"None";"Weekend | Heavy rain";"19.4";"misecast-menu-v2.0";"true"
"FC-001375";"2026-08-01";"2026-08-09";"8";"Dinner";"MI-033";"MI-033-STANDARD";"Coconut Water";"Standard";"Drinks";"12.214";"13.68";"10.944";"16.416";"81.6";"43";"Heavy rain";"None";"None";"Weekend | Heavy rain";"57.46";"misecast-menu-v2.0";"true"
"FC-001376";"2026-08-01";"2026-08-09";"8";"Dinner";"MI-034";"MI-034-STANDARD";"Cold Pressed Juice - Watermelon Lime";"Standard";"Drinks";"11.429";"12.8";"10.24";"15.36";"81.6";"43";"Heavy rain";"None";"None";"Weekend | Heavy rain";"70.4";"misecast-menu-v2.0";"true"
"FC-001377";"2026-08-01";"2026-08-09";"8";"Dinner";"MI-035";"MI-035-STANDARD";"Cold Pressed Juice - Classic OJ";"Standard";"Drinks";"11.393";"12.76";"10.208";"15.312";"81.6";"43";"Heavy rain";"None";"None";"Weekend | Heavy rain";"70.18";"misecast-menu-v2.0";"true"
"FC-001378";"2026-08-01";"2026-08-09";"8";"Dinner";"MI-036";"MI-036-STANDARD";"Cold Pressed Juice - Pineapple Mint";"Standard";"Drinks";"11.107";"12.44";"9.952";"14.928";"81.6";"43";"Heavy rain";"None";"None";"Weekend | Heavy rain";"68.42";"misecast-menu-v2.0";"true"
"FC-001379";"2026-08-01";"2026-08-09";"8";"Dinner";"MI-037";"MI-037-STANDARD";"Dash Sparkling Water - Lime";"Standard";"Drinks";"12.929";"14.48";"11.584";"17.376";"81.6";"43";"Heavy rain";"None";"None";"Weekend | Heavy rain";"57.92";"misecast-menu-v2.0";"true"
"FC-001380";"2026-08-01";"2026-08-09";"8";"Dinner";"MI-038";"MI-038-STANDARD";"Dash Sparkling Water - Raspberry";"Standard";"Drinks";"12.5";"14";"11.2";"16.8";"81.6";"43";"Heavy rain";"None";"None";"Weekend | Heavy rain";"56";"misecast-menu-v2.0";"true"
"FC-001381";"2026-08-01";"2026-08-09";"8";"Dinner";"MI-039";"MI-039-STANDARD";"Dash Sparkling Water - Peach";"Standard";"Drinks";"12.714";"14.24";"11.392";"17.088";"81.6";"43";"Heavy rain";"None";"None";"Weekend | Heavy rain";"56.96";"misecast-menu-v2.0";"true"
"FC-001382";"2026-08-01";"2026-08-09";"8";"Dinner";"MI-040";"MI-040-STANDARD";"Kombucha - Ginger Lemon";"Standard";"Drinks";"12.536";"14.04";"11.232";"16.848";"81.6";"43";"Heavy rain";"None";"None";"Weekend | Heavy rain";"77.22";"misecast-menu-v2.0";"true"
"FC-001383";"2026-08-01";"2026-08-09";"8";"Dinner";"MI-041";"MI-041-STANDARD";"Kombucha - Lemon Lime Mint";"Standard";"Drinks";"12.643";"14.16";"11.328";"16.992";"81.6";"43";"Heavy rain";"None";"None";"Weekend | Heavy rain";"77.88";"misecast-menu-v2.0";"true"
"FC-001384";"2026-08-01";"2026-08-09";"8";"Dinner";"MI-042";"MI-042-STANDARD";"Kombucha - Peach";"Standard";"Drinks";"12.536";"14.04";"11.232";"16.848";"81.6";"43";"Heavy rain";"None";"None";"Weekend | Heavy rain";"77.22";"misecast-menu-v2.0";"true"
"FC-001385";"2026-08-01";"2026-08-09";"8";"Dinner";"MI-043";"MI-043-STANDARD";"Kombucha - Raspberry Lemonade";"Standard";"Drinks";"12.821";"14.36";"11.488";"17.232";"81.6";"43";"Heavy rain";"None";"None";"Weekend | Heavy rain";"78.98";"misecast-menu-v2.0";"true"
"FC-001386";"2026-08-01";"2026-08-09";"8";"Dinner";"MI-044";"MI-044-STANDARD";"Sodaly - Passionfruit";"Standard";"Drinks";"12.679";"14.2";"11.36";"17.04";"81.6";"43";"Heavy rain";"None";"None";"Weekend | Heavy rain";"69.58";"misecast-menu-v2.0";"true"
"FC-001387";"2026-08-01";"2026-08-09";"8";"Dinner";"MI-045";"MI-045-STANDARD";"Sodaly - Guava";"Standard";"Drinks";"12.393";"13.88";"11.104";"16.656";"81.6";"43";"Heavy rain";"None";"None";"Weekend | Heavy rain";"68.01";"misecast-menu-v2.0";"true"
"FC-001388";"2026-08-01";"2026-08-09";"8";"Dinner";"MI-046";"MI-046-STANDARD";"Sodaly - Raspberry";"Standard";"Drinks";"12.893";"14.44";"11.552";"17.328";"81.6";"43";"Heavy rain";"None";"None";"Weekend | Heavy rain";"70.76";"misecast-menu-v2.0";"true"
"FC-001389";"2026-08-01";"2026-08-09";"8";"Dinner";"MI-047";"MI-047-STANDARD";"Sparkling Water";"Standard";"Drinks";"19.179";"21.48";"17.184";"25.776";"81.6";"43";"Heavy rain";"None";"None";"Weekend | Heavy rain";"75.18";"misecast-menu-v2.0";"true"
"FC-001390";"2026-08-01";"2026-08-09";"8";"Dinner";"MI-048";"MI-048-STANDARD";"Specialty Soda - Gingerella";"Standard";"Drinks";"12.464";"13.96";"11.168";"16.752";"81.6";"43";"Heavy rain";"None";"None";"Weekend | Heavy rain";"68.4";"misecast-menu-v2.0";"true"
"FC-001391";"2026-08-01";"2026-08-09";"8";"Dinner";"MI-049";"MI-049-STANDARD";"Specialty Soda - Karma Cola";"Standard";"Drinks";"12.536";"14.04";"11.232";"16.848";"81.6";"43";"Heavy rain";"None";"None";"Weekend | Heavy rain";"68.8";"misecast-menu-v2.0";"true"
"FC-001392";"2026-08-01";"2026-08-09";"8";"Dinner";"MI-050";"MI-050-STANDARD";"Specialty Soda - Lemmy";"Standard";"Drinks";"12.571";"14.08";"11.264";"16.896";"81.6";"43";"Heavy rain";"None";"None";"Weekend | Heavy rain";"68.99";"misecast-menu-v2.0";"true"
"FC-001393";"2026-08-01";"2026-08-09";"8";"Dinner";"MI-051";"MI-051-STANDARD";"Still Water";"Standard";"Drinks";"22.821";"25.56";"20.448";"30.672";"81.6";"43";"Heavy rain";"None";"None";"Weekend | Heavy rain";"76.68";"misecast-menu-v2.0";"true"
"FC-001394";"2026-08-01";"2026-08-09";"8";"Dinner";"MI-052";"MI-052-STANDARD";"Yuzu Ginger Cha";"Standard";"Drinks";"11.679";"13.08";"10.464";"15.696";"81.6";"43";"Heavy rain";"None";"None";"Weekend | Heavy rain";"58.86";"misecast-menu-v2.0";"true"
"FC-001395";"2026-08-01";"2026-08-09";"8";"Dinner";"MI-053";"MI-053-STANDARD";"Avocado";"Standard";"Add-ons / Modifiers";"1.464";"1.64";"1.312";"1.968";"81.6";"43";"Heavy rain";"None";"None";"Weekend | Heavy rain";"3.28";"misecast-menu-v2.0";"true"
"FC-001396";"2026-08-01";"2026-08-09";"8";"Dinner";"MI-054";"MI-054-STANDARD";"63 deg egg";"Standard";"Add-ons / Modifiers";"2";"2.24";"1.792";"2.688";"81.6";"43";"Heavy rain";"None";"None";"Weekend | Heavy rain";"5.6";"misecast-menu-v2.0";"true"
"FC-001397";"2026-08-01";"2026-08-09";"8";"Dinner";"MI-055";"MI-055-STANDARD";"Extra Salad";"Standard";"Add-ons / Modifiers";"2.214";"2.48";"1.984";"2.976";"81.6";"43";"Heavy rain";"None";"None";"Weekend | Heavy rain";"4.96";"misecast-menu-v2.0";"true"
"FC-001398";"2026-08-01";"2026-08-09";"8";"Dinner";"MI-056";"MI-056-STANDARD";"Standard topping (kimchi, corn, edamame, nori, etc.)";"Standard";"Add-ons / Modifiers";"1.143";"1.28";"1.024";"1.536";"81.6";"43";"Heavy rain";"None";"None";"Weekend | Heavy rain";"0.64";"misecast-menu-v2.0";"true"
"FC-001399";"2026-08-01";"2026-08-09";"8";"Dinner";"MI-057";"MI-057-STANDARD";"Extra Sauce (any)";"Standard";"Add-ons / Modifiers";"1.036";"1.16";"0.928";"1.392";"81.6";"43";"Heavy rain";"None";"None";"Weekend | Heavy rain";"1.74";"misecast-menu-v2.0";"true"
"FC-001400";"2026-08-01";"2026-08-09";"8";"Dinner";"MI-058";"MI-058-STANDARD";"Extra Sous-vide / Seared Chicken";"Standard";"Add-ons / Modifiers";"3.107";"3.48";"2.784";"4.176";"81.6";"43";"Heavy rain";"None";"None";"Weekend | Heavy rain";"13.92";"misecast-menu-v2.0";"true"
"FC-001401";"2026-08-01";"2026-08-09";"8";"Dinner";"MI-059";"MI-059-STANDARD";"Extra Pan Seared Tofu";"Standard";"Add-ons / Modifiers";"2.393";"2.68";"2.144";"3.216";"81.6";"43";"Heavy rain";"None";"None";"Weekend | Heavy rain";"10.72";"misecast-menu-v2.0";"true"
"FC-001402";"2026-08-01";"2026-08-09";"8";"Dinner";"MI-060";"MI-060-STANDARD";"Extra Eggplant";"Standard";"Add-ons / Modifiers";"3.893";"4.36";"3.488";"5.232";"81.6";"43";"Heavy rain";"None";"None";"Weekend | Heavy rain";"17.44";"misecast-menu-v2.0";"true"
"FC-001403";"2026-08-01";"2026-08-09";"8";"Dinner";"MI-061";"MI-061-STANDARD";"Extra Falafels";"Standard";"Add-ons / Modifiers";"4.679";"5.24";"4.192";"6.288";"81.6";"43";"Heavy rain";"None";"None";"Weekend | Heavy rain";"26.2";"misecast-menu-v2.0";"true"
"FC-001404";"2026-08-01";"2026-08-09";"8";"Dinner";"MI-062";"MI-062-STANDARD";"Extra Karaage Chicken";"Standard";"Add-ons / Modifiers";"3.786";"4.24";"3.392";"5.088";"81.6";"43";"Heavy rain";"None";"None";"Weekend | Heavy rain";"21.2";"misecast-menu-v2.0";"true"
"FC-001405";"2026-08-01";"2026-08-09";"8";"Dinner";"MI-063";"MI-063-STANDARD";"Extra Tiger Prawns";"Standard";"Add-ons / Modifiers";"2.357";"2.64";"2.112";"3.168";"81.6";"43";"Heavy rain";"None";"None";"Weekend | Heavy rain";"13.2";"misecast-menu-v2.0";"true"
"FC-001406";"2026-08-01";"2026-08-09";"8";"Dinner";"MI-064";"MI-064-STANDARD";"Extra Aburi / Sashimi Salmon";"Standard";"Add-ons / Modifiers";"2.464";"2.76";"2.208";"3.312";"81.6";"43";"Heavy rain";"None";"None";"Weekend | Heavy rain";"16.56";"misecast-menu-v2.0";"true"
"FC-001407";"2026-08-01";"2026-08-09";"8";"Dinner";"MI-065";"MI-065-STANDARD";"Extra Sashimi Tuna";"Standard";"Add-ons / Modifiers";"2.357";"2.64";"2.112";"3.168";"81.6";"43";"Heavy rain";"None";"None";"Weekend | Heavy rain";"15.84";"misecast-menu-v2.0";"true"
"FC-001408";"2026-08-01";"2026-08-09";"8";"Dinner";"MI-066";"MI-066-STANDARD";"Extra Wagyu";"Standard";"Add-ons / Modifiers";"2.143";"2.4";"1.92";"2.88";"81.6";"43";"Heavy rain";"None";"None";"Weekend | Heavy rain";"14.4";"misecast-menu-v2.0";"true"
"FC-001409";"2026-08-01";"2026-08-10";"9";"Lunch";"MI-001";"MI-001-SMALL";"Chicken Teriyaki Bowl - Small";"Small";"Signature Nosh Bowls";"6.786";"6.786";"5.429";"8.143";"80.8";"22";"Rain";"None";"None";"Weekday | Rain";"101.11";"misecast-menu-v2.0";"true"
"FC-001410";"2026-08-01";"2026-08-10";"9";"Lunch";"MI-001";"MI-001-LARGE";"Chicken Teriyaki Bowl - Large";"Large";"Signature Nosh Bowls";"6.679";"6.679";"5.343";"8.015";"80.8";"22";"Rain";"None";"None";"Weekday | Rain";"119.55";"misecast-menu-v2.0";"true"
"FC-001411";"2026-08-01";"2026-08-10";"9";"Lunch";"MI-002";"MI-002-SMALL";"Tofu Teriyaki Bowl - Small";"Small";"Signature Nosh Bowls";"6.179";"6.179";"4.943";"7.415";"80.8";"22";"Rain";"None";"None";"Weekday | Rain";"92.07";"misecast-menu-v2.0";"true"
"FC-001412";"2026-08-01";"2026-08-10";"9";"Lunch";"MI-002";"MI-002-LARGE";"Tofu Teriyaki Bowl - Large";"Large";"Signature Nosh Bowls";"6";"6";"4.8";"7.2";"80.8";"22";"Rain";"None";"None";"Weekday | Rain";"107.4";"misecast-menu-v2.0";"true"
"FC-001413";"2026-08-01";"2026-08-10";"9";"Lunch";"MI-003";"MI-003-SMALL";"Miso Eggplant Bowl - Small";"Small";"Signature Nosh Bowls";"6.679";"6.679";"5.343";"8.015";"80.8";"22";"Rain";"None";"None";"Weekday | Rain";"106.2";"misecast-menu-v2.0";"true"
"FC-001414";"2026-08-01";"2026-08-10";"9";"Lunch";"MI-003";"MI-003-LARGE";"Miso Eggplant Bowl - Large";"Large";"Signature Nosh Bowls";"6.607";"6.607";"5.286";"7.928";"80.8";"22";"Rain";"None";"None";"Weekday | Rain";"124.87";"misecast-menu-v2.0";"true"
"FC-001415";"2026-08-01";"2026-08-10";"9";"Lunch";"MI-004";"MI-004-SMALL";"Miso Falalalafel - Small";"Small";"Signature Nosh Bowls";"7.714";"7.714";"6.171";"9.257";"80.8";"22";"Rain";"None";"None";"Weekday | Rain";"122.65";"misecast-menu-v2.0";"true"
"FC-001416";"2026-08-01";"2026-08-10";"9";"Lunch";"MI-004";"MI-004-LARGE";"Miso Falalalafel - Large";"Large";"Signature Nosh Bowls";"7.714";"7.714";"6.171";"9.257";"80.8";"22";"Rain";"None";"None";"Weekday | Rain";"145.79";"misecast-menu-v2.0";"true"
"FC-001417";"2026-08-01";"2026-08-10";"9";"Lunch";"MI-005";"MI-005-SMALL";"Sashimi Bowl - Small";"Small";"Signature Nosh Bowls";"6.821";"6.821";"5.457";"8.185";"80.8";"22";"Rain";"None";"None";"Weekday | Rain";"122.1";"misecast-menu-v2.0";"true"
"FC-001418";"2026-08-01";"2026-08-10";"9";"Lunch";"MI-005";"MI-005-LARGE";"Sashimi Bowl - Large";"Large";"Signature Nosh Bowls";"7.036";"7.036";"5.629";"8.443";"80.8";"22";"Rain";"None";"None";"Weekday | Rain";"147.05";"misecast-menu-v2.0";"true"
"FC-001419";"2026-08-01";"2026-08-10";"9";"Lunch";"MI-006";"MI-006-SMALL";"Poke Bowl - Small";"Small";"Signature Nosh Bowls";"6.357";"6.357";"5.086";"7.628";"80.8";"22";"Rain";"None";"None";"Weekday | Rain";"107.43";"misecast-menu-v2.0";"true"
"FC-001420";"2026-08-01";"2026-08-10";"9";"Lunch";"MI-006";"MI-006-LARGE";"Poke Bowl - Large";"Large";"Signature Nosh Bowls";"6.25";"6.25";"5";"7.5";"80.8";"22";"Rain";"None";"None";"Weekday | Rain";"124.37";"misecast-menu-v2.0";"true"
"FC-001421";"2026-08-01";"2026-08-10";"9";"Lunch";"MI-007";"MI-007-SMALL";"Wagyu Beef Bowl - Small";"Small";"Signature Nosh Bowls";"6.643";"6.643";"5.314";"7.972";"80.8";"22";"Rain";"None";"None";"Weekday | Rain";"118.91";"misecast-menu-v2.0";"true"
"FC-001422";"2026-08-01";"2026-08-10";"9";"Lunch";"MI-007";"MI-007-LARGE";"Wagyu Beef Bowl - Large";"Large";"Signature Nosh Bowls";"6.571";"6.571";"5.257";"7.885";"80.8";"22";"Rain";"None";"None";"Weekday | Rain";"137.33";"misecast-menu-v2.0";"true"
"FC-001423";"2026-08-01";"2026-08-10";"9";"Lunch";"MI-008";"MI-008-SMALL";"Karaage Chicken Bowl - Small";"Small";"Signature Nosh Bowls";"6.643";"6.643";"5.314";"7.972";"80.8";"22";"Rain";"None";"None";"Weekday | Rain";"112.27";"misecast-menu-v2.0";"true"
"FC-001424";"2026-08-01";"2026-08-10";"9";"Lunch";"MI-008";"MI-008-LARGE";"Karaage Chicken Bowl - Large";"Large";"Signature Nosh Bowls";"6.429";"6.429";"5.143";"7.715";"80.8";"22";"Rain";"None";"None";"Weekday | Rain";"127.94";"misecast-menu-v2.0";"true"
"FC-001425";"2026-08-01";"2026-08-10";"9";"Lunch";"MI-009";"MI-009-SMALL";"Power Meal - Small";"Small";"Signature Nosh Bowls";"8";"8";"6.4";"9.6";"80.8";"22";"Rain";"None";"None";"Weekday | Rain";"151.2";"misecast-menu-v2.0";"true"
"FC-001426";"2026-08-01";"2026-08-10";"9";"Lunch";"MI-009";"MI-009-LARGE";"Power Meal - Large";"Large";"Signature Nosh Bowls";"7.821";"7.821";"6.257";"9.385";"80.8";"22";"Rain";"None";"None";"Weekday | Rain";"171.28";"misecast-menu-v2.0";"true"
"FC-001427";"2026-08-01";"2026-08-10";"9";"Lunch";"MI-010";"MI-010-SMALL";"Salmon Yuzu Bowl - Small";"Small";"Signature Nosh Bowls";"7.071";"7.071";"5.657";"8.485";"80.8";"22";"Rain";"None";"None";"Weekday | Rain";"126.57";"misecast-menu-v2.0";"true"
"FC-001428";"2026-08-01";"2026-08-10";"9";"Lunch";"MI-010";"MI-010-LARGE";"Salmon Yuzu Bowl - Large";"Large";"Signature Nosh Bowls";"6.929";"6.929";"5.543";"8.315";"80.8";"22";"Rain";"None";"None";"Weekday | Rain";"144.82";"misecast-menu-v2.0";"true"
"FC-001429";"2026-08-01";"2026-08-10";"9";"Lunch";"MI-011";"MI-011-STANDARD";"Karaage Bento";"Standard";"Protein Bento";"15.786";"15.786";"12.629";"18.943";"80.8";"22";"Rain";"None";"None";"Weekday | Rain";"219.43";"misecast-menu-v2.0";"true"
"FC-001430";"2026-08-01";"2026-08-10";"9";"Lunch";"MI-012";"MI-012-STANDARD";"Salmon Aburi Bento";"Standard";"Protein Bento";"15.929";"15.929";"12.743";"19.115";"80.8";"22";"Rain";"None";"None";"Weekday | Rain";"237.34";"misecast-menu-v2.0";"true"
"FC-001431";"2026-08-01";"2026-08-10";"9";"Lunch";"MI-013";"MI-013-STANDARD";"Tofu Bento";"Standard";"Protein Bento";"15.964";"15.964";"12.771";"19.157";"80.8";"22";"Rain";"None";"None";"Weekday | Rain";"205.94";"misecast-menu-v2.0";"true"
"FC-001432";"2026-08-01";"2026-08-10";"9";"Lunch";"MI-014";"MI-014-SMALL";"Create Your Own - Sous-vide Chicken - Small";"Small";"Create Your Own Bowl";"6.036";"6.036";"4.829";"7.243";"80.8";"22";"Rain";"None";"None";"Weekday | Rain";"95.97";"misecast-menu-v2.0";"true"
"FC-001433";"2026-08-01";"2026-08-10";"9";"Lunch";"MI-014";"MI-014-LARGE";"Create Your Own - Sous-vide Chicken - Large";"Large";"Create Your Own Bowl";"6.214";"6.214";"4.971";"7.457";"80.8";"22";"Rain";"None";"None";"Weekday | Rain";"117.44";"misecast-menu-v2.0";"true"
"FC-001434";"2026-08-01";"2026-08-10";"9";"Lunch";"MI-015";"MI-015-SMALL";"Create Your Own - Seared Chicken - Small";"Small";"Create Your Own Bowl";"6.393";"6.393";"5.114";"7.672";"80.8";"22";"Rain";"None";"None";"Weekday | Rain";"101.65";"misecast-menu-v2.0";"true"
"FC-001435";"2026-08-01";"2026-08-10";"9";"Lunch";"MI-015";"MI-015-LARGE";"Create Your Own - Seared Chicken - Large";"Large";"Create Your Own Bowl";"6.357";"6.357";"5.086";"7.628";"80.8";"22";"Rain";"None";"None";"Weekday | Rain";"120.15";"misecast-menu-v2.0";"true"
"FC-001436";"2026-08-01";"2026-08-10";"9";"Lunch";"MI-016";"MI-016-SMALL";"Create Your Own - Pan-seared Tofu - Small";"Small";"Create Your Own Bowl";"5.893";"5.893";"4.714";"7.072";"80.8";"22";"Rain";"None";"None";"Weekday | Rain";"93.7";"misecast-menu-v2.0";"true"
"FC-001437";"2026-08-01";"2026-08-10";"9";"Lunch";"MI-016";"MI-016-LARGE";"Create Your Own - Pan-seared Tofu - Large";"Large";"Create Your Own Bowl";"5.964";"5.964";"4.771";"7.157";"80.8";"22";"Rain";"None";"None";"Weekday | Rain";"112.72";"misecast-menu-v2.0";"true"
"FC-001438";"2026-08-01";"2026-08-10";"9";"Lunch";"MI-017";"MI-017-SMALL";"Create Your Own - Crispy Eggplant - Small";"Small";"Create Your Own Bowl";"6.571";"6.571";"5.257";"7.885";"80.8";"22";"Rain";"None";"None";"Weekday | Rain";"111.05";"misecast-menu-v2.0";"true"
"FC-001439";"2026-08-01";"2026-08-10";"9";"Lunch";"MI-017";"MI-017-LARGE";"Create Your Own - Crispy Eggplant - Large";"Large";"Create Your Own Bowl";"6.571";"6.571";"5.257";"7.885";"80.8";"22";"Rain";"None";"None";"Weekday | Rain";"130.76";"misecast-menu-v2.0";"true"
"FC-001440";"2026-08-01";"2026-08-10";"9";"Lunch";"MI-018";"MI-018-SMALL";"Create Your Own - Miso Beet Falafel - Small";"Small";"Create Your Own Bowl";"7.107";"7.107";"5.686";"8.528";"80.8";"22";"Rain";"None";"None";"Weekday | Rain";"120.11";"misecast-menu-v2.0";"true"
"FC-001441";"2026-08-01";"2026-08-10";"9";"Lunch";"MI-018";"MI-018-LARGE";"Create Your Own - Miso Beet Falafel - Large";"Large";"Create Your Own Bowl";"7.107";"7.107";"5.686";"8.528";"80.8";"22";"Rain";"None";"None";"Weekday | Rain";"141.43";"misecast-menu-v2.0";"true"
"FC-001442";"2026-08-01";"2026-08-10";"9";"Lunch";"MI-019";"MI-019-SMALL";"Create Your Own - Tiger Prawns - Small";"Small";"Create Your Own Bowl";"5.893";"5.893";"4.714";"7.072";"80.8";"22";"Rain";"None";"None";"Weekday | Rain";"99.59";"misecast-menu-v2.0";"true"
"FC-001443";"2026-08-01";"2026-08-10";"9";"Lunch";"MI-019";"MI-019-LARGE";"Create Your Own - Tiger Prawns - Large";"Large";"Create Your Own Bowl";"5.821";"5.821";"4.657";"6.985";"80.8";"22";"Rain";"None";"None";"Weekday | Rain";"115.84";"misecast-menu-v2.0";"true"
"FC-001444";"2026-08-01";"2026-08-10";"9";"Lunch";"MI-020";"MI-020-SMALL";"Create Your Own - Karaage Chicken - Small";"Small";"Create Your Own Bowl";"6.75";"6.75";"5.4";"8.1";"80.8";"22";"Rain";"None";"None";"Weekday | Rain";"120.82";"misecast-menu-v2.0";"true"
"FC-001445";"2026-08-01";"2026-08-10";"9";"Lunch";"MI-020";"MI-020-LARGE";"Create Your Own - Karaage Chicken - Large";"Large";"Create Your Own Bowl";"6.464";"6.464";"5.171";"7.757";"80.8";"22";"Rain";"None";"None";"Weekday | Rain";"135.1";"misecast-menu-v2.0";"true"
"FC-001446";"2026-08-01";"2026-08-10";"9";"Lunch";"MI-021";"MI-021-SMALL";"Create Your Own - Sashimi Salmon - Small";"Small";"Create Your Own Bowl";"5.964";"5.964";"4.771";"7.157";"80.8";"22";"Rain";"None";"None";"Weekday | Rain";"106.76";"misecast-menu-v2.0";"true"
"FC-001447";"2026-08-01";"2026-08-10";"9";"Lunch";"MI-021";"MI-021-LARGE";"Create Your Own - Sashimi Salmon - Large";"Large";"Create Your Own Bowl";"5.75";"5.75";"4.6";"6.9";"80.8";"22";"Rain";"None";"None";"Weekday | Rain";"120.18";"misecast-menu-v2.0";"true"
"FC-001448";"2026-08-01";"2026-08-10";"9";"Lunch";"MI-022";"MI-022-SMALL";"Create Your Own - Sashimi Tuna - Small";"Small";"Create Your Own Bowl";"6.179";"6.179";"4.943";"7.415";"80.8";"22";"Rain";"None";"None";"Weekday | Rain";"110.6";"misecast-menu-v2.0";"true"
"FC-001449";"2026-08-01";"2026-08-10";"9";"Lunch";"MI-022";"MI-022-LARGE";"Create Your Own - Sashimi Tuna - Large";"Large";"Create Your Own Bowl";"6.036";"6.036";"4.829";"7.243";"80.8";"22";"Rain";"None";"None";"Weekday | Rain";"126.15";"misecast-menu-v2.0";"true"
"FC-001450";"2026-08-01";"2026-08-10";"9";"Lunch";"MI-023";"MI-023-SMALL";"Create Your Own - Flame-seared Salmon - Small";"Small";"Create Your Own Bowl";"5.929";"5.929";"4.743";"7.115";"80.8";"22";"Rain";"None";"None";"Weekday | Rain";"112.06";"misecast-menu-v2.0";"true"
"FC-001451";"2026-08-01";"2026-08-10";"9";"Lunch";"MI-023";"MI-023-LARGE";"Create Your Own - Flame-seared Salmon - Large";"Large";"Create Your Own Bowl";"5.857";"5.857";"4.686";"7.028";"80.8";"22";"Rain";"None";"None";"Weekday | Rain";"128.27";"misecast-menu-v2.0";"true"
"FC-001452";"2026-08-01";"2026-08-10";"9";"Lunch";"MI-024";"MI-024-SMALL";"Create Your Own - Flame-seared Wagyu - Small";"Small";"Create Your Own Bowl";"5.929";"5.929";"4.743";"7.115";"80.8";"22";"Rain";"None";"None";"Weekday | Rain";"112.06";"misecast-menu-v2.0";"true"
"FC-001453";"2026-08-01";"2026-08-10";"9";"Lunch";"MI-024";"MI-024-LARGE";"Create Your Own - Flame-seared Wagyu - Large";"Large";"Create Your Own Bowl";"5.679";"5.679";"4.543";"6.815";"80.8";"22";"Rain";"None";"None";"Weekday | Rain";"124.37";"misecast-menu-v2.0";"true"
"FC-001454";"2026-08-01";"2026-08-10";"9";"Lunch";"MI-025";"MI-025-SMALL";"Create Your Own - No Protein - Small";"Small";"Create Your Own Bowl";"4.821";"4.821";"3.857";"5.785";"80.8";"22";"Rain";"None";"None";"Weekday | Rain";"62.19";"misecast-menu-v2.0";"true"
"FC-001455";"2026-08-01";"2026-08-10";"9";"Lunch";"MI-025";"MI-025-LARGE";"Create Your Own - No Protein - Large";"Large";"Create Your Own Bowl";"4.643";"4.643";"3.714";"5.572";"80.8";"22";"Rain";"None";"None";"Weekday | Rain";"73.82";"misecast-menu-v2.0";"true"
"FC-001456";"2026-08-01";"2026-08-10";"9";"Lunch";"MI-026";"MI-026-STANDARD";"Miso Soup";"Standard";"Light Bites";"9.714";"9.714";"7.771";"11.657";"80.8";"22";"Rain";"None";"None";"Weekday | Rain";"24.29";"misecast-menu-v2.0";"true"
"FC-001457";"2026-08-01";"2026-08-10";"9";"Lunch";"MI-027";"MI-027-STANDARD";"Raw Balls - Peanut Butter";"Standard";"Light Bites";"1.964";"1.964";"1.571";"2.357";"80.8";"22";"Rain";"None";"None";"Weekday | Rain";"8.25";"misecast-menu-v2.0";"true"
"FC-001458";"2026-08-01";"2026-08-10";"9";"Lunch";"MI-028";"MI-028-STANDARD";"Raw Balls - Choc Brownie";"Standard";"Light Bites";"1.893";"1.893";"1.514";"2.272";"80.8";"22";"Rain";"None";"None";"Weekday | Rain";"7.95";"misecast-menu-v2.0";"true"
"FC-001459";"2026-08-01";"2026-08-10";"9";"Lunch";"MI-029";"MI-029-STANDARD";"Raw Balls - Coconut Cacao";"Standard";"Light Bites";"1.893";"1.893";"1.514";"2.272";"80.8";"22";"Rain";"None";"None";"Weekday | Rain";"7.95";"misecast-menu-v2.0";"true"
"FC-001460";"2026-08-01";"2026-08-10";"9";"Lunch";"MI-030";"MI-030-STANDARD";"Raw Balls - Hazelnut";"Standard";"Light Bites";"1.786";"1.786";"1.429";"2.143";"80.8";"22";"Rain";"None";"None";"Weekday | Rain";"7.5";"misecast-menu-v2.0";"true"
"FC-001461";"2026-08-01";"2026-08-10";"9";"Lunch";"MI-031";"MI-031-STANDARD";"Raw Balls - Apricot Delight";"Standard";"Light Bites";"1.893";"1.893";"1.514";"2.272";"80.8";"22";"Rain";"None";"None";"Weekday | Rain";"7.95";"misecast-menu-v2.0";"true"
"FC-001462";"2026-08-01";"2026-08-10";"9";"Lunch";"MI-032";"MI-032-STANDARD";"myDeal - $5 Crispy Chicken Bites";"Standard";"Promotions";"3.286";"3.286";"2.629";"3.943";"80.8";"22";"Rain";"None";"None";"Weekday | Rain";"16.43";"misecast-menu-v2.0";"true"
"FC-001463";"2026-08-01";"2026-08-10";"9";"Lunch";"MI-033";"MI-033-STANDARD";"Coconut Water";"Standard";"Drinks";"12.179";"12.179";"9.743";"14.615";"80.8";"22";"Rain";"None";"None";"Weekday | Rain";"51.15";"misecast-menu-v2.0";"true"
"FC-001464";"2026-08-01";"2026-08-10";"9";"Lunch";"MI-034";"MI-034-STANDARD";"Cold Pressed Juice - Watermelon Lime";"Standard";"Drinks";"11.214";"11.214";"8.971";"13.457";"80.8";"22";"Rain";"None";"None";"Weekday | Rain";"61.68";"misecast-menu-v2.0";"true"
"FC-001465";"2026-08-01";"2026-08-10";"9";"Lunch";"MI-035";"MI-035-STANDARD";"Cold Pressed Juice - Classic OJ";"Standard";"Drinks";"11.429";"11.429";"9.143";"13.715";"80.8";"22";"Rain";"None";"None";"Weekday | Rain";"62.86";"misecast-menu-v2.0";"true"
"FC-001466";"2026-08-01";"2026-08-10";"9";"Lunch";"MI-036";"MI-036-STANDARD";"Cold Pressed Juice - Pineapple Mint";"Standard";"Drinks";"11.393";"11.393";"9.114";"13.672";"80.8";"22";"Rain";"None";"None";"Weekday | Rain";"62.66";"misecast-menu-v2.0";"true"
"FC-001467";"2026-08-01";"2026-08-10";"9";"Lunch";"MI-037";"MI-037-STANDARD";"Dash Sparkling Water - Lime";"Standard";"Drinks";"12.071";"12.071";"9.657";"14.485";"80.8";"22";"Rain";"None";"None";"Weekday | Rain";"48.28";"misecast-menu-v2.0";"true"
"FC-001468";"2026-08-01";"2026-08-10";"9";"Lunch";"MI-038";"MI-038-STANDARD";"Dash Sparkling Water - Raspberry";"Standard";"Drinks";"12.357";"12.357";"9.886";"14.828";"80.8";"22";"Rain";"None";"None";"Weekday | Rain";"49.43";"misecast-menu-v2.0";"true"
"FC-001469";"2026-08-01";"2026-08-10";"9";"Lunch";"MI-039";"MI-039-STANDARD";"Dash Sparkling Water - Peach";"Standard";"Drinks";"12.179";"12.179";"9.743";"14.615";"80.8";"22";"Rain";"None";"None";"Weekday | Rain";"48.72";"misecast-menu-v2.0";"true"
"FC-001470";"2026-08-01";"2026-08-10";"9";"Lunch";"MI-040";"MI-040-STANDARD";"Kombucha - Ginger Lemon";"Standard";"Drinks";"12.25";"12.25";"9.8";"14.7";"80.8";"22";"Rain";"None";"None";"Weekday | Rain";"67.38";"misecast-menu-v2.0";"true"
"FC-001471";"2026-08-01";"2026-08-10";"9";"Lunch";"MI-041";"MI-041-STANDARD";"Kombucha - Lemon Lime Mint";"Standard";"Drinks";"11.964";"11.964";"9.571";"14.357";"80.8";"22";"Rain";"None";"None";"Weekday | Rain";"65.8";"misecast-menu-v2.0";"true"
"FC-001472";"2026-08-01";"2026-08-10";"9";"Lunch";"MI-042";"MI-042-STANDARD";"Kombucha - Peach";"Standard";"Drinks";"12.5";"12.5";"10";"15";"80.8";"22";"Rain";"None";"None";"Weekday | Rain";"68.75";"misecast-menu-v2.0";"true"
"FC-001473";"2026-08-01";"2026-08-10";"9";"Lunch";"MI-043";"MI-043-STANDARD";"Kombucha - Raspberry Lemonade";"Standard";"Drinks";"12.071";"12.071";"9.657";"14.485";"80.8";"22";"Rain";"None";"None";"Weekday | Rain";"66.39";"misecast-menu-v2.0";"true"
"FC-001474";"2026-08-01";"2026-08-10";"9";"Lunch";"MI-044";"MI-044-STANDARD";"Sodaly - Passionfruit";"Standard";"Drinks";"12.429";"12.429";"9.943";"14.915";"80.8";"22";"Rain";"None";"None";"Weekday | Rain";"60.9";"misecast-menu-v2.0";"true"
"FC-001475";"2026-08-01";"2026-08-10";"9";"Lunch";"MI-045";"MI-045-STANDARD";"Sodaly - Guava";"Standard";"Drinks";"12.536";"12.536";"10.029";"15.043";"80.8";"22";"Rain";"None";"None";"Weekday | Rain";"61.43";"misecast-menu-v2.0";"true"
"FC-001476";"2026-08-01";"2026-08-10";"9";"Lunch";"MI-046";"MI-046-STANDARD";"Sodaly - Raspberry";"Standard";"Drinks";"12.429";"12.429";"9.943";"14.915";"80.8";"22";"Rain";"None";"None";"Weekday | Rain";"60.9";"misecast-menu-v2.0";"true"
"FC-001477";"2026-08-01";"2026-08-10";"9";"Lunch";"MI-047";"MI-047-STANDARD";"Sparkling Water";"Standard";"Drinks";"18.75";"18.75";"15";"22.5";"80.8";"22";"Rain";"None";"None";"Weekday | Rain";"65.63";"misecast-menu-v2.0";"true"
"FC-001478";"2026-08-01";"2026-08-10";"9";"Lunch";"MI-048";"MI-048-STANDARD";"Specialty Soda - Gingerella";"Standard";"Drinks";"12.179";"12.179";"9.743";"14.615";"80.8";"22";"Rain";"None";"None";"Weekday | Rain";"59.68";"misecast-menu-v2.0";"true"
"FC-001479";"2026-08-01";"2026-08-10";"9";"Lunch";"MI-049";"MI-049-STANDARD";"Specialty Soda - Karma Cola";"Standard";"Drinks";"12.393";"12.393";"9.914";"14.872";"80.8";"22";"Rain";"None";"None";"Weekday | Rain";"60.73";"misecast-menu-v2.0";"true"
"FC-001480";"2026-08-01";"2026-08-10";"9";"Lunch";"MI-050";"MI-050-STANDARD";"Specialty Soda - Lemmy";"Standard";"Drinks";"12.107";"12.107";"9.686";"14.528";"80.8";"22";"Rain";"None";"None";"Weekday | Rain";"59.32";"misecast-menu-v2.0";"true"
"FC-001481";"2026-08-01";"2026-08-10";"9";"Lunch";"MI-051";"MI-051-STANDARD";"Still Water";"Standard";"Drinks";"22.286";"22.286";"17.829";"26.743";"80.8";"22";"Rain";"None";"None";"Weekday | Rain";"66.86";"misecast-menu-v2.0";"true"
"FC-001482";"2026-08-01";"2026-08-10";"9";"Lunch";"MI-052";"MI-052-STANDARD";"Yuzu Ginger Cha";"Standard";"Drinks";"11.464";"11.464";"9.171";"13.757";"80.8";"22";"Rain";"None";"None";"Weekday | Rain";"51.59";"misecast-menu-v2.0";"true"
"FC-001483";"2026-08-01";"2026-08-10";"9";"Lunch";"MI-053";"MI-053-STANDARD";"Avocado";"Standard";"Add-ons / Modifiers";"1.464";"1.464";"1.171";"1.757";"80.8";"22";"Rain";"None";"None";"Weekday | Rain";"2.93";"misecast-menu-v2.0";"true"
"FC-001484";"2026-08-01";"2026-08-10";"9";"Lunch";"MI-054";"MI-054-STANDARD";"63 deg egg";"Standard";"Add-ons / Modifiers";"2";"2";"1.6";"2.4";"80.8";"22";"Rain";"None";"None";"Weekday | Rain";"5";"misecast-menu-v2.0";"true"
"FC-001485";"2026-08-01";"2026-08-10";"9";"Lunch";"MI-055";"MI-055-STANDARD";"Extra Salad";"Standard";"Add-ons / Modifiers";"2.107";"2.107";"1.686";"2.528";"80.8";"22";"Rain";"None";"None";"Weekday | Rain";"4.21";"misecast-menu-v2.0";"true"
"FC-001486";"2026-08-01";"2026-08-10";"9";"Lunch";"MI-056";"MI-056-STANDARD";"Standard topping (kimchi, corn, edamame, nori, etc.)";"Standard";"Add-ons / Modifiers";"1.107";"1.107";"0.886";"1.328";"80.8";"22";"Rain";"None";"None";"Weekday | Rain";"0.55";"misecast-menu-v2.0";"true"
"FC-001487";"2026-08-01";"2026-08-10";"9";"Lunch";"MI-057";"MI-057-STANDARD";"Extra Sauce (any)";"Standard";"Add-ons / Modifiers";"1";"1";"0.8";"1.2";"80.8";"22";"Rain";"None";"None";"Weekday | Rain";"1.5";"misecast-menu-v2.0";"true"
"FC-001488";"2026-08-01";"2026-08-10";"9";"Lunch";"MI-058";"MI-058-STANDARD";"Extra Sous-vide / Seared Chicken";"Standard";"Add-ons / Modifiers";"2.964";"2.964";"2.371";"3.557";"80.8";"22";"Rain";"None";"None";"Weekday | Rain";"11.86";"misecast-menu-v2.0";"true"
"FC-001489";"2026-08-01";"2026-08-10";"9";"Lunch";"MI-059";"MI-059-STANDARD";"Extra Pan Seared Tofu";"Standard";"Add-ons / Modifiers";"2.357";"2.357";"1.886";"2.828";"80.8";"22";"Rain";"None";"None";"Weekday | Rain";"9.43";"misecast-menu-v2.0";"true"
"FC-001490";"2026-08-01";"2026-08-10";"9";"Lunch";"MI-060";"MI-060-STANDARD";"Extra Eggplant";"Standard";"Add-ons / Modifiers";"3.607";"3.607";"2.886";"4.328";"80.8";"22";"Rain";"None";"None";"Weekday | Rain";"14.43";"misecast-menu-v2.0";"true"
"FC-001491";"2026-08-01";"2026-08-10";"9";"Lunch";"MI-061";"MI-061-STANDARD";"Extra Falafels";"Standard";"Add-ons / Modifiers";"4.571";"4.571";"3.657";"5.485";"80.8";"22";"Rain";"None";"None";"Weekday | Rain";"22.85";"misecast-menu-v2.0";"true"
"FC-001492";"2026-08-01";"2026-08-10";"9";"Lunch";"MI-062";"MI-062-STANDARD";"Extra Karaage Chicken";"Standard";"Add-ons / Modifiers";"3.607";"3.607";"2.886";"4.328";"80.8";"22";"Rain";"None";"None";"Weekday | Rain";"18.04";"misecast-menu-v2.0";"true"
"FC-001493";"2026-08-01";"2026-08-10";"9";"Lunch";"MI-063";"MI-063-STANDARD";"Extra Tiger Prawns";"Standard";"Add-ons / Modifiers";"2.5";"2.5";"2";"3";"80.8";"22";"Rain";"None";"None";"Weekday | Rain";"12.5";"misecast-menu-v2.0";"true"
"FC-001494";"2026-08-01";"2026-08-10";"9";"Lunch";"MI-064";"MI-064-STANDARD";"Extra Aburi / Sashimi Salmon";"Standard";"Add-ons / Modifiers";"2.5";"2.5";"2";"3";"80.8";"22";"Rain";"None";"None";"Weekday | Rain";"15";"misecast-menu-v2.0";"true"
"FC-001495";"2026-08-01";"2026-08-10";"9";"Lunch";"MI-065";"MI-065-STANDARD";"Extra Sashimi Tuna";"Standard";"Add-ons / Modifiers";"2.286";"2.286";"1.829";"2.743";"80.8";"22";"Rain";"None";"None";"Weekday | Rain";"13.72";"misecast-menu-v2.0";"true"
"FC-001496";"2026-08-01";"2026-08-10";"9";"Lunch";"MI-066";"MI-066-STANDARD";"Extra Wagyu";"Standard";"Add-ons / Modifiers";"2.071";"2.071";"1.657";"2.485";"80.8";"22";"Rain";"None";"None";"Weekday | Rain";"12.43";"misecast-menu-v2.0";"true"
"FC-001497";"2026-08-01";"2026-08-10";"9";"Dinner";"MI-001";"MI-001-SMALL";"Chicken Teriyaki Bowl - Small";"Small";"Signature Nosh Bowls";"9.393";"9.393";"7.514";"11.272";"80.8";"32";"Rain";"None";"None";"Weekday | Rain";"139.96";"misecast-menu-v2.0";"true"
"FC-001498";"2026-08-01";"2026-08-10";"9";"Dinner";"MI-001";"MI-001-LARGE";"Chicken Teriyaki Bowl - Large";"Large";"Signature Nosh Bowls";"9.5";"9.5";"7.6";"11.4";"80.8";"32";"Rain";"None";"None";"Weekday | Rain";"170.05";"misecast-menu-v2.0";"true"
"FC-001499";"2026-08-01";"2026-08-10";"9";"Dinner";"MI-002";"MI-002-SMALL";"Tofu Teriyaki Bowl - Small";"Small";"Signature Nosh Bowls";"9.071";"9.071";"7.257";"10.885";"80.8";"32";"Rain";"None";"None";"Weekday | Rain";"135.16";"misecast-menu-v2.0";"true"
"FC-001500";"2026-08-01";"2026-08-10";"9";"Dinner";"MI-002";"MI-002-LARGE";"Tofu Teriyaki Bowl - Large";"Large";"Signature Nosh Bowls";"9.25";"9.25";"7.4";"11.1";"80.8";"32";"Rain";"None";"None";"Weekday | Rain";"165.58";"misecast-menu-v2.0";"true"
"FC-001501";"2026-08-01";"2026-08-10";"9";"Dinner";"MI-003";"MI-003-SMALL";"Miso Eggplant Bowl - Small";"Small";"Signature Nosh Bowls";"9.429";"9.429";"7.543";"11.315";"80.8";"32";"Rain";"None";"None";"Weekday | Rain";"149.92";"misecast-menu-v2.0";"true"
"FC-001502";"2026-08-01";"2026-08-10";"9";"Dinner";"MI-003";"MI-003-LARGE";"Miso Eggplant Bowl - Large";"Large";"Signature Nosh Bowls";"9.5";"9.5";"7.6";"11.4";"80.8";"32";"Rain";"None";"None";"Weekday | Rain";"179.55";"misecast-menu-v2.0";"true"
"FC-001503";"2026-08-01";"2026-08-10";"9";"Dinner";"MI-004";"MI-004-SMALL";"Miso Falalalafel - Small";"Small";"Signature Nosh Bowls";"10.964";"10.964";"8.771";"13.157";"80.8";"32";"Rain";"None";"None";"Weekday | Rain";"174.33";"misecast-menu-v2.0";"true"
"FC-001504";"2026-08-01";"2026-08-10";"9";"Dinner";"MI-004";"MI-004-LARGE";"Miso Falalalafel - Large";"Large";"Signature Nosh Bowls";"10.964";"10.964";"8.771";"13.157";"80.8";"32";"Rain";"None";"None";"Weekday | Rain";"207.22";"misecast-menu-v2.0";"true"
"FC-001505";"2026-08-01";"2026-08-10";"9";"Dinner";"MI-005";"MI-005-SMALL";"Sashimi Bowl - Small";"Small";"Signature Nosh Bowls";"10.357";"10.357";"8.286";"12.428";"80.8";"32";"Rain";"None";"None";"Weekday | Rain";"185.39";"misecast-menu-v2.0";"true"
"FC-001506";"2026-08-01";"2026-08-10";"9";"Dinner";"MI-005";"MI-005-LARGE";"Sashimi Bowl - Large";"Large";"Signature Nosh Bowls";"10.143";"10.143";"8.114";"12.172";"80.8";"32";"Rain";"None";"None";"Weekday | Rain";"211.99";"misecast-menu-v2.0";"true"
"FC-001507";"2026-08-01";"2026-08-10";"9";"Dinner";"MI-006";"MI-006-SMALL";"Poke Bowl - Small";"Small";"Signature Nosh Bowls";"9.143";"9.143";"7.314";"10.972";"80.8";"32";"Rain";"None";"None";"Weekday | Rain";"154.52";"misecast-menu-v2.0";"true"
"FC-001508";"2026-08-01";"2026-08-10";"9";"Dinner";"MI-006";"MI-006-LARGE";"Poke Bowl - Large";"Large";"Signature Nosh Bowls";"9.286";"9.286";"7.429";"11.143";"80.8";"32";"Rain";"None";"None";"Weekday | Rain";"184.79";"misecast-menu-v2.0";"true"
"FC-001509";"2026-08-01";"2026-08-10";"9";"Dinner";"MI-007";"MI-007-SMALL";"Wagyu Beef Bowl - Small";"Small";"Signature Nosh Bowls";"9.643";"9.643";"7.714";"11.572";"80.8";"32";"Rain";"None";"None";"Weekday | Rain";"172.61";"misecast-menu-v2.0";"true"
"FC-001510";"2026-08-01";"2026-08-10";"9";"Dinner";"MI-007";"MI-007-LARGE";"Wagyu Beef Bowl - Large";"Large";"Signature Nosh Bowls";"9.75";"9.75";"7.8";"11.7";"80.8";"32";"Rain";"None";"None";"Weekday | Rain";"203.77";"misecast-menu-v2.0";"true"
"FC-001511";"2026-08-01";"2026-08-10";"9";"Dinner";"MI-008";"MI-008-SMALL";"Karaage Chicken Bowl - Small";"Small";"Signature Nosh Bowls";"9.25";"9.25";"7.4";"11.1";"80.8";"32";"Rain";"None";"None";"Weekday | Rain";"156.32";"misecast-menu-v2.0";"true"
"FC-001512";"2026-08-01";"2026-08-10";"9";"Dinner";"MI-008";"MI-008-LARGE";"Karaage Chicken Bowl - Large";"Large";"Signature Nosh Bowls";"9.5";"9.5";"7.6";"11.4";"80.8";"32";"Rain";"None";"None";"Weekday | Rain";"189.05";"misecast-menu-v2.0";"true"
"FC-001513";"2026-08-01";"2026-08-10";"9";"Dinner";"MI-009";"MI-009-SMALL";"Power Meal - Small";"Small";"Signature Nosh Bowls";"10.321";"10.321";"8.257";"12.385";"80.8";"32";"Rain";"None";"None";"Weekday | Rain";"195.07";"misecast-menu-v2.0";"true"
"FC-001514";"2026-08-01";"2026-08-10";"9";"Dinner";"MI-009";"MI-009-LARGE";"Power Meal - Large";"Large";"Signature Nosh Bowls";"10.536";"10.536";"8.429";"12.643";"80.8";"32";"Rain";"None";"None";"Weekday | Rain";"230.74";"misecast-menu-v2.0";"true"
"FC-001515";"2026-08-01";"2026-08-10";"9";"Dinner";"MI-010";"MI-010-SMALL";"Salmon Yuzu Bowl - Small";"Small";"Signature Nosh Bowls";"9.929";"9.929";"7.943";"11.915";"80.8";"32";"Rain";"None";"None";"Weekday | Rain";"177.73";"misecast-menu-v2.0";"true"
"FC-001516";"2026-08-01";"2026-08-10";"9";"Dinner";"MI-010";"MI-010-LARGE";"Salmon Yuzu Bowl - Large";"Large";"Signature Nosh Bowls";"10.071";"10.071";"8.057";"12.085";"80.8";"32";"Rain";"None";"None";"Weekday | Rain";"210.48";"misecast-menu-v2.0";"true"
"FC-001517";"2026-08-01";"2026-08-10";"9";"Dinner";"MI-011";"MI-011-STANDARD";"Karaage Bento";"Standard";"Protein Bento";"16.75";"16.75";"13.4";"20.1";"80.8";"32";"Rain";"None";"None";"Weekday | Rain";"232.83";"misecast-menu-v2.0";"true"
"FC-001518";"2026-08-01";"2026-08-10";"9";"Dinner";"MI-012";"MI-012-STANDARD";"Salmon Aburi Bento";"Standard";"Protein Bento";"15.857";"15.857";"12.686";"19.028";"80.8";"32";"Rain";"None";"None";"Weekday | Rain";"236.27";"misecast-menu-v2.0";"true"
"FC-001519";"2026-08-01";"2026-08-10";"9";"Dinner";"MI-013";"MI-013-STANDARD";"Tofu Bento";"Standard";"Protein Bento";"15.821";"15.821";"12.657";"18.985";"80.8";"32";"Rain";"None";"None";"Weekday | Rain";"204.09";"misecast-menu-v2.0";"true"
"FC-001520";"2026-08-01";"2026-08-10";"9";"Dinner";"MI-014";"MI-014-SMALL";"Create Your Own - Sous-vide Chicken - Small";"Small";"Create Your Own Bowl";"8.821";"8.821";"7.057";"10.585";"80.8";"32";"Rain";"None";"None";"Weekday | Rain";"140.25";"misecast-menu-v2.0";"true"
"FC-001521";"2026-08-01";"2026-08-10";"9";"Dinner";"MI-014";"MI-014-LARGE";"Create Your Own - Sous-vide Chicken - Large";"Large";"Create Your Own Bowl";"8.643";"8.643";"6.914";"10.372";"80.8";"32";"Rain";"None";"None";"Weekday | Rain";"163.35";"misecast-menu-v2.0";"true"
"FC-001522";"2026-08-01";"2026-08-10";"9";"Dinner";"MI-015";"MI-015-SMALL";"Create Your Own - Seared Chicken - Small";"Small";"Create Your Own Bowl";"8.821";"8.821";"7.057";"10.585";"80.8";"32";"Rain";"None";"None";"Weekday | Rain";"140.25";"misecast-menu-v2.0";"true"
"FC-001523";"2026-08-01";"2026-08-10";"9";"Dinner";"MI-015";"MI-015-LARGE";"Create Your Own - Seared Chicken - Large";"Large";"Create Your Own Bowl";"8.893";"8.893";"7.114";"10.672";"80.8";"32";"Rain";"None";"None";"Weekday | Rain";"168.08";"misecast-menu-v2.0";"true"
"FC-001524";"2026-08-01";"2026-08-10";"9";"Dinner";"MI-016";"MI-016-SMALL";"Create Your Own - Pan-seared Tofu - Small";"Small";"Create Your Own Bowl";"8.464";"8.464";"6.771";"10.157";"80.8";"32";"Rain";"None";"None";"Weekday | Rain";"134.58";"misecast-menu-v2.0";"true"
"FC-001525";"2026-08-01";"2026-08-10";"9";"Dinner";"MI-016";"MI-016-LARGE";"Create Your Own - Pan-seared Tofu - Large";"Large";"Create Your Own Bowl";"8.393";"8.393";"6.714";"10.072";"80.8";"32";"Rain";"None";"None";"Weekday | Rain";"158.63";"misecast-menu-v2.0";"true"
"FC-001526";"2026-08-01";"2026-08-10";"9";"Dinner";"MI-017";"MI-017-SMALL";"Create Your Own - Crispy Eggplant - Small";"Small";"Create Your Own Bowl";"9.643";"9.643";"7.714";"11.572";"80.8";"32";"Rain";"None";"None";"Weekday | Rain";"162.97";"misecast-menu-v2.0";"true"
"FC-001527";"2026-08-01";"2026-08-10";"9";"Dinner";"MI-017";"MI-017-LARGE";"Create Your Own - Crispy Eggplant - Large";"Large";"Create Your Own Bowl";"9.643";"9.643";"7.714";"11.572";"80.8";"32";"Rain";"None";"None";"Weekday | Rain";"191.9";"misecast-menu-v2.0";"true"
"FC-001528";"2026-08-01";"2026-08-10";"9";"Dinner";"MI-018";"MI-018-SMALL";"Create Your Own - Miso Beet Falafel - Small";"Small";"Create Your Own Bowl";"9.607";"9.607";"7.686";"11.528";"80.8";"32";"Rain";"None";"None";"Weekday | Rain";"162.36";"misecast-menu-v2.0";"true"
"FC-001529";"2026-08-01";"2026-08-10";"9";"Dinner";"MI-018";"MI-018-LARGE";"Create Your Own - Miso Beet Falafel - Large";"Large";"Create Your Own Bowl";"9.571";"9.571";"7.657";"11.485";"80.8";"32";"Rain";"None";"None";"Weekday | Rain";"190.46";"misecast-menu-v2.0";"true"
"FC-001530";"2026-08-01";"2026-08-10";"9";"Dinner";"MI-019";"MI-019-SMALL";"Create Your Own - Tiger Prawns - Small";"Small";"Create Your Own Bowl";"8.643";"8.643";"6.914";"10.372";"80.8";"32";"Rain";"None";"None";"Weekday | Rain";"146.07";"misecast-menu-v2.0";"true"
"FC-001531";"2026-08-01";"2026-08-10";"9";"Dinner";"MI-019";"MI-019-LARGE";"Create Your Own - Tiger Prawns - Large";"Large";"Create Your Own Bowl";"8.714";"8.714";"6.971";"10.457";"80.8";"32";"Rain";"None";"None";"Weekday | Rain";"173.41";"misecast-menu-v2.0";"true"
"FC-001532";"2026-08-01";"2026-08-10";"9";"Dinner";"MI-020";"MI-020-SMALL";"Create Your Own - Karaage Chicken - Small";"Small";"Create Your Own Bowl";"9.143";"9.143";"7.314";"10.972";"80.8";"32";"Rain";"None";"None";"Weekday | Rain";"163.66";"misecast-menu-v2.0";"true"
"FC-001533";"2026-08-01";"2026-08-10";"9";"Dinner";"MI-020";"MI-020-LARGE";"Create Your Own - Karaage Chicken - Large";"Large";"Create Your Own Bowl";"9.429";"9.429";"7.543";"11.315";"80.8";"32";"Rain";"None";"None";"Weekday | Rain";"197.07";"misecast-menu-v2.0";"true"
"FC-001534";"2026-08-01";"2026-08-10";"9";"Dinner";"MI-021";"MI-021-SMALL";"Create Your Own - Sashimi Salmon - Small";"Small";"Create Your Own Bowl";"8.143";"8.143";"6.514";"9.772";"80.8";"32";"Rain";"None";"None";"Weekday | Rain";"145.76";"misecast-menu-v2.0";"true"
"FC-001535";"2026-08-01";"2026-08-10";"9";"Dinner";"MI-021";"MI-021-LARGE";"Create Your Own - Sashimi Salmon - Large";"Large";"Create Your Own Bowl";"8.357";"8.357";"6.686";"10.028";"80.8";"32";"Rain";"None";"None";"Weekday | Rain";"174.66";"misecast-menu-v2.0";"true"
"FC-001536";"2026-08-01";"2026-08-10";"9";"Dinner";"MI-022";"MI-022-SMALL";"Create Your Own - Sashimi Tuna - Small";"Small";"Create Your Own Bowl";"8.571";"8.571";"6.857";"10.285";"80.8";"32";"Rain";"None";"None";"Weekday | Rain";"153.42";"misecast-menu-v2.0";"true"
"FC-001537";"2026-08-01";"2026-08-10";"9";"Dinner";"MI-022";"MI-022-LARGE";"Create Your Own - Sashimi Tuna - Large";"Large";"Create Your Own Bowl";"8.714";"8.714";"6.971";"10.457";"80.8";"32";"Rain";"None";"None";"Weekday | Rain";"182.12";"misecast-menu-v2.0";"true"
"FC-001538";"2026-08-01";"2026-08-10";"9";"Dinner";"MI-023";"MI-023-SMALL";"Create Your Own - Flame-seared Salmon - Small";"Small";"Create Your Own Bowl";"8.571";"8.571";"6.857";"10.285";"80.8";"32";"Rain";"None";"None";"Weekday | Rain";"161.99";"misecast-menu-v2.0";"true"
"FC-001539";"2026-08-01";"2026-08-10";"9";"Dinner";"MI-023";"MI-023-LARGE";"Create Your Own - Flame-seared Salmon - Large";"Large";"Create Your Own Bowl";"8.643";"8.643";"6.914";"10.372";"80.8";"32";"Rain";"None";"None";"Weekday | Rain";"189.28";"misecast-menu-v2.0";"true"
"FC-001540";"2026-08-01";"2026-08-10";"9";"Dinner";"MI-024";"MI-024-SMALL";"Create Your Own - Flame-seared Wagyu - Small";"Small";"Create Your Own Bowl";"8.25";"8.25";"6.6";"9.9";"80.8";"32";"Rain";"None";"None";"Weekday | Rain";"155.92";"misecast-menu-v2.0";"true"
"FC-001541";"2026-08-01";"2026-08-10";"9";"Dinner";"MI-024";"MI-024-LARGE";"Create Your Own - Flame-seared Wagyu - Large";"Large";"Create Your Own Bowl";"8.464";"8.464";"6.771";"10.157";"80.8";"32";"Rain";"None";"None";"Weekday | Rain";"185.36";"misecast-menu-v2.0";"true"
"FC-001542";"2026-08-01";"2026-08-10";"9";"Dinner";"MI-025";"MI-025-SMALL";"Create Your Own - No Protein - Small";"Small";"Create Your Own Bowl";"7.464";"7.464";"5.971";"8.957";"80.8";"32";"Rain";"None";"None";"Weekday | Rain";"96.29";"misecast-menu-v2.0";"true"
"FC-001543";"2026-08-01";"2026-08-10";"9";"Dinner";"MI-025";"MI-025-LARGE";"Create Your Own - No Protein - Large";"Large";"Create Your Own Bowl";"7.679";"7.679";"6.143";"9.215";"80.8";"32";"Rain";"None";"None";"Weekday | Rain";"122.1";"misecast-menu-v2.0";"true"
"FC-001544";"2026-08-01";"2026-08-10";"9";"Dinner";"MI-026";"MI-026-STANDARD";"Miso Soup";"Standard";"Light Bites";"10.393";"10.393";"8.314";"12.472";"80.8";"32";"Rain";"None";"None";"Weekday | Rain";"25.98";"misecast-menu-v2.0";"true"
"FC-001545";"2026-08-01";"2026-08-10";"9";"Dinner";"MI-027";"MI-027-STANDARD";"Raw Balls - Peanut Butter";"Standard";"Light Bites";"1.821";"1.821";"1.457";"2.185";"80.8";"32";"Rain";"None";"None";"Weekday | Rain";"7.65";"misecast-menu-v2.0";"true"
"FC-001546";"2026-08-01";"2026-08-10";"9";"Dinner";"MI-028";"MI-028-STANDARD";"Raw Balls - Choc Brownie";"Standard";"Light Bites";"1.786";"1.786";"1.429";"2.143";"80.8";"32";"Rain";"None";"None";"Weekday | Rain";"7.5";"misecast-menu-v2.0";"true"
"FC-001547";"2026-08-01";"2026-08-10";"9";"Dinner";"MI-029";"MI-029-STANDARD";"Raw Balls - Coconut Cacao";"Standard";"Light Bites";"1.821";"1.821";"1.457";"2.185";"80.8";"32";"Rain";"None";"None";"Weekday | Rain";"7.65";"misecast-menu-v2.0";"true"
"FC-001548";"2026-08-01";"2026-08-10";"9";"Dinner";"MI-030";"MI-030-STANDARD";"Raw Balls - Hazelnut";"Standard";"Light Bites";"1.893";"1.893";"1.514";"2.272";"80.8";"32";"Rain";"None";"None";"Weekday | Rain";"7.95";"misecast-menu-v2.0";"true"
"FC-001549";"2026-08-01";"2026-08-10";"9";"Dinner";"MI-031";"MI-031-STANDARD";"Raw Balls - Apricot Delight";"Standard";"Light Bites";"1.893";"1.893";"1.514";"2.272";"80.8";"32";"Rain";"None";"None";"Weekday | Rain";"7.95";"misecast-menu-v2.0";"true"
"FC-001550";"2026-08-01";"2026-08-10";"9";"Dinner";"MI-032";"MI-032-STANDARD";"myDeal - $5 Crispy Chicken Bites";"Standard";"Promotions";"3.464";"3.464";"2.771";"4.157";"80.8";"32";"Rain";"None";"None";"Weekday | Rain";"17.32";"misecast-menu-v2.0";"true"
"FC-001551";"2026-08-01";"2026-08-10";"9";"Dinner";"MI-033";"MI-033-STANDARD";"Coconut Water";"Standard";"Drinks";"12.214";"12.214";"9.771";"14.657";"80.8";"32";"Rain";"None";"None";"Weekday | Rain";"51.3";"misecast-menu-v2.0";"true"
"FC-001552";"2026-08-01";"2026-08-10";"9";"Dinner";"MI-034";"MI-034-STANDARD";"Cold Pressed Juice - Watermelon Lime";"Standard";"Drinks";"11.429";"11.429";"9.143";"13.715";"80.8";"32";"Rain";"None";"None";"Weekday | Rain";"62.86";"misecast-menu-v2.0";"true"
"FC-001553";"2026-08-01";"2026-08-10";"9";"Dinner";"MI-035";"MI-035-STANDARD";"Cold Pressed Juice - Classic OJ";"Standard";"Drinks";"11.393";"11.393";"9.114";"13.672";"80.8";"32";"Rain";"None";"None";"Weekday | Rain";"62.66";"misecast-menu-v2.0";"true"
"FC-001554";"2026-08-01";"2026-08-10";"9";"Dinner";"MI-036";"MI-036-STANDARD";"Cold Pressed Juice - Pineapple Mint";"Standard";"Drinks";"11.107";"11.107";"8.886";"13.328";"80.8";"32";"Rain";"None";"None";"Weekday | Rain";"61.09";"misecast-menu-v2.0";"true"
"FC-001555";"2026-08-01";"2026-08-10";"9";"Dinner";"MI-037";"MI-037-STANDARD";"Dash Sparkling Water - Lime";"Standard";"Drinks";"12.929";"12.929";"10.343";"15.515";"80.8";"32";"Rain";"None";"None";"Weekday | Rain";"51.72";"misecast-menu-v2.0";"true"
"FC-001556";"2026-08-01";"2026-08-10";"9";"Dinner";"MI-038";"MI-038-STANDARD";"Dash Sparkling Water - Raspberry";"Standard";"Drinks";"12.5";"12.5";"10";"15";"80.8";"32";"Rain";"None";"None";"Weekday | Rain";"50";"misecast-menu-v2.0";"true"
"FC-001557";"2026-08-01";"2026-08-10";"9";"Dinner";"MI-039";"MI-039-STANDARD";"Dash Sparkling Water - Peach";"Standard";"Drinks";"12.714";"12.714";"10.171";"15.257";"80.8";"32";"Rain";"None";"None";"Weekday | Rain";"50.86";"misecast-menu-v2.0";"true"
"FC-001558";"2026-08-01";"2026-08-10";"9";"Dinner";"MI-040";"MI-040-STANDARD";"Kombucha - Ginger Lemon";"Standard";"Drinks";"12.536";"12.536";"10.029";"15.043";"80.8";"32";"Rain";"None";"None";"Weekday | Rain";"68.95";"misecast-menu-v2.0";"true"
"FC-001559";"2026-08-01";"2026-08-10";"9";"Dinner";"MI-041";"MI-041-STANDARD";"Kombucha - Lemon Lime Mint";"Standard";"Drinks";"12.643";"12.643";"10.114";"15.172";"80.8";"32";"Rain";"None";"None";"Weekday | Rain";"69.54";"misecast-menu-v2.0";"true"
"FC-001560";"2026-08-01";"2026-08-10";"9";"Dinner";"MI-042";"MI-042-STANDARD";"Kombucha - Peach";"Standard";"Drinks";"12.536";"12.536";"10.029";"15.043";"80.8";"32";"Rain";"None";"None";"Weekday | Rain";"68.95";"misecast-menu-v2.0";"true"
"FC-001561";"2026-08-01";"2026-08-10";"9";"Dinner";"MI-043";"MI-043-STANDARD";"Kombucha - Raspberry Lemonade";"Standard";"Drinks";"12.821";"12.821";"10.257";"15.385";"80.8";"32";"Rain";"None";"None";"Weekday | Rain";"70.52";"misecast-menu-v2.0";"true"
"FC-001562";"2026-08-01";"2026-08-10";"9";"Dinner";"MI-044";"MI-044-STANDARD";"Sodaly - Passionfruit";"Standard";"Drinks";"12.679";"12.679";"10.143";"15.215";"80.8";"32";"Rain";"None";"None";"Weekday | Rain";"62.13";"misecast-menu-v2.0";"true"
"FC-001563";"2026-08-01";"2026-08-10";"9";"Dinner";"MI-045";"MI-045-STANDARD";"Sodaly - Guava";"Standard";"Drinks";"12.393";"12.393";"9.914";"14.872";"80.8";"32";"Rain";"None";"None";"Weekday | Rain";"60.73";"misecast-menu-v2.0";"true"
"FC-001564";"2026-08-01";"2026-08-10";"9";"Dinner";"MI-046";"MI-046-STANDARD";"Sodaly - Raspberry";"Standard";"Drinks";"12.893";"12.893";"10.314";"15.472";"80.8";"32";"Rain";"None";"None";"Weekday | Rain";"63.18";"misecast-menu-v2.0";"true"
"FC-001565";"2026-08-01";"2026-08-10";"9";"Dinner";"MI-047";"MI-047-STANDARD";"Sparkling Water";"Standard";"Drinks";"19.179";"19.179";"15.343";"23.015";"80.8";"32";"Rain";"None";"None";"Weekday | Rain";"67.13";"misecast-menu-v2.0";"true"
"FC-001566";"2026-08-01";"2026-08-10";"9";"Dinner";"MI-048";"MI-048-STANDARD";"Specialty Soda - Gingerella";"Standard";"Drinks";"12.464";"12.464";"9.971";"14.957";"80.8";"32";"Rain";"None";"None";"Weekday | Rain";"61.07";"misecast-menu-v2.0";"true"
"FC-001567";"2026-08-01";"2026-08-10";"9";"Dinner";"MI-049";"MI-049-STANDARD";"Specialty Soda - Karma Cola";"Standard";"Drinks";"12.536";"12.536";"10.029";"15.043";"80.8";"32";"Rain";"None";"None";"Weekday | Rain";"61.43";"misecast-menu-v2.0";"true"
"FC-001568";"2026-08-01";"2026-08-10";"9";"Dinner";"MI-050";"MI-050-STANDARD";"Specialty Soda - Lemmy";"Standard";"Drinks";"12.571";"12.571";"10.057";"15.085";"80.8";"32";"Rain";"None";"None";"Weekday | Rain";"61.6";"misecast-menu-v2.0";"true"
"FC-001569";"2026-08-01";"2026-08-10";"9";"Dinner";"MI-051";"MI-051-STANDARD";"Still Water";"Standard";"Drinks";"22.821";"22.821";"18.257";"27.385";"80.8";"32";"Rain";"None";"None";"Weekday | Rain";"68.46";"misecast-menu-v2.0";"true"
"FC-001570";"2026-08-01";"2026-08-10";"9";"Dinner";"MI-052";"MI-052-STANDARD";"Yuzu Ginger Cha";"Standard";"Drinks";"11.679";"11.679";"9.343";"14.015";"80.8";"32";"Rain";"None";"None";"Weekday | Rain";"52.56";"misecast-menu-v2.0";"true"
"FC-001571";"2026-08-01";"2026-08-10";"9";"Dinner";"MI-053";"MI-053-STANDARD";"Avocado";"Standard";"Add-ons / Modifiers";"1.464";"1.464";"1.171";"1.757";"80.8";"32";"Rain";"None";"None";"Weekday | Rain";"2.93";"misecast-menu-v2.0";"true"
"FC-001572";"2026-08-01";"2026-08-10";"9";"Dinner";"MI-054";"MI-054-STANDARD";"63 deg egg";"Standard";"Add-ons / Modifiers";"2";"2";"1.6";"2.4";"80.8";"32";"Rain";"None";"None";"Weekday | Rain";"5";"misecast-menu-v2.0";"true"
"FC-001573";"2026-08-01";"2026-08-10";"9";"Dinner";"MI-055";"MI-055-STANDARD";"Extra Salad";"Standard";"Add-ons / Modifiers";"2.214";"2.214";"1.771";"2.657";"80.8";"32";"Rain";"None";"None";"Weekday | Rain";"4.43";"misecast-menu-v2.0";"true"
"FC-001574";"2026-08-01";"2026-08-10";"9";"Dinner";"MI-056";"MI-056-STANDARD";"Standard topping (kimchi, corn, edamame, nori, etc.)";"Standard";"Add-ons / Modifiers";"1.143";"1.143";"0.914";"1.372";"80.8";"32";"Rain";"None";"None";"Weekday | Rain";"0.57";"misecast-menu-v2.0";"true"
"FC-001575";"2026-08-01";"2026-08-10";"9";"Dinner";"MI-057";"MI-057-STANDARD";"Extra Sauce (any)";"Standard";"Add-ons / Modifiers";"1.036";"1.036";"0.829";"1.243";"80.8";"32";"Rain";"None";"None";"Weekday | Rain";"1.55";"misecast-menu-v2.0";"true"
"FC-001576";"2026-08-01";"2026-08-10";"9";"Dinner";"MI-058";"MI-058-STANDARD";"Extra Sous-vide / Seared Chicken";"Standard";"Add-ons / Modifiers";"3.107";"3.107";"2.486";"3.728";"80.8";"32";"Rain";"None";"None";"Weekday | Rain";"12.43";"misecast-menu-v2.0";"true"
"FC-001577";"2026-08-01";"2026-08-10";"9";"Dinner";"MI-059";"MI-059-STANDARD";"Extra Pan Seared Tofu";"Standard";"Add-ons / Modifiers";"2.393";"2.393";"1.914";"2.872";"80.8";"32";"Rain";"None";"None";"Weekday | Rain";"9.57";"misecast-menu-v2.0";"true"
"FC-001578";"2026-08-01";"2026-08-10";"9";"Dinner";"MI-060";"MI-060-STANDARD";"Extra Eggplant";"Standard";"Add-ons / Modifiers";"3.893";"3.893";"3.114";"4.672";"80.8";"32";"Rain";"None";"None";"Weekday | Rain";"15.57";"misecast-menu-v2.0";"true"
"FC-001579";"2026-08-01";"2026-08-10";"9";"Dinner";"MI-061";"MI-061-STANDARD";"Extra Falafels";"Standard";"Add-ons / Modifiers";"4.679";"4.679";"3.743";"5.615";"80.8";"32";"Rain";"None";"None";"Weekday | Rain";"23.4";"misecast-menu-v2.0";"true"
"FC-001580";"2026-08-01";"2026-08-10";"9";"Dinner";"MI-062";"MI-062-STANDARD";"Extra Karaage Chicken";"Standard";"Add-ons / Modifiers";"3.786";"3.786";"3.029";"4.543";"80.8";"32";"Rain";"None";"None";"Weekday | Rain";"18.93";"misecast-menu-v2.0";"true"
"FC-001581";"2026-08-01";"2026-08-10";"9";"Dinner";"MI-063";"MI-063-STANDARD";"Extra Tiger Prawns";"Standard";"Add-ons / Modifiers";"2.357";"2.357";"1.886";"2.828";"80.8";"32";"Rain";"None";"None";"Weekday | Rain";"11.79";"misecast-menu-v2.0";"true"
"FC-001582";"2026-08-01";"2026-08-10";"9";"Dinner";"MI-064";"MI-064-STANDARD";"Extra Aburi / Sashimi Salmon";"Standard";"Add-ons / Modifiers";"2.464";"2.464";"1.971";"2.957";"80.8";"32";"Rain";"None";"None";"Weekday | Rain";"14.78";"misecast-menu-v2.0";"true"
"FC-001583";"2026-08-01";"2026-08-10";"9";"Dinner";"MI-065";"MI-065-STANDARD";"Extra Sashimi Tuna";"Standard";"Add-ons / Modifiers";"2.357";"2.357";"1.886";"2.828";"80.8";"32";"Rain";"None";"None";"Weekday | Rain";"14.14";"misecast-menu-v2.0";"true"
"FC-001584";"2026-08-01";"2026-08-10";"9";"Dinner";"MI-066";"MI-066-STANDARD";"Extra Wagyu";"Standard";"Add-ons / Modifiers";"2.143";"2.143";"1.714";"2.572";"80.8";"32";"Rain";"None";"None";"Weekday | Rain";"12.86";"misecast-menu-v2.0";"true"
"FC-001585";"2026-08-01";"2026-08-11";"10";"Lunch";"MI-001";"MI-001-SMALL";"Chicken Teriyaki Bowl - Small";"Small";"Signature Nosh Bowls";"6.786";"6.786";"5.429";"8.143";"80";"24";"Mild";"None";"None";"Weekday | Mild";"101.11";"misecast-menu-v2.0";"true"
"FC-001586";"2026-08-01";"2026-08-11";"10";"Lunch";"MI-001";"MI-001-LARGE";"Chicken Teriyaki Bowl - Large";"Large";"Signature Nosh Bowls";"6.679";"6.679";"5.343";"8.015";"80";"24";"Mild";"None";"None";"Weekday | Mild";"119.55";"misecast-menu-v2.0";"true"
"FC-001587";"2026-08-01";"2026-08-11";"10";"Lunch";"MI-002";"MI-002-SMALL";"Tofu Teriyaki Bowl - Small";"Small";"Signature Nosh Bowls";"6.179";"6.179";"4.943";"7.415";"80";"24";"Mild";"None";"None";"Weekday | Mild";"92.07";"misecast-menu-v2.0";"true"
"FC-001588";"2026-08-01";"2026-08-11";"10";"Lunch";"MI-002";"MI-002-LARGE";"Tofu Teriyaki Bowl - Large";"Large";"Signature Nosh Bowls";"6";"6";"4.8";"7.2";"80";"24";"Mild";"None";"None";"Weekday | Mild";"107.4";"misecast-menu-v2.0";"true"
"FC-001589";"2026-08-01";"2026-08-11";"10";"Lunch";"MI-003";"MI-003-SMALL";"Miso Eggplant Bowl - Small";"Small";"Signature Nosh Bowls";"6.679";"6.679";"5.343";"8.015";"80";"24";"Mild";"None";"None";"Weekday | Mild";"106.2";"misecast-menu-v2.0";"true"
"FC-001590";"2026-08-01";"2026-08-11";"10";"Lunch";"MI-003";"MI-003-LARGE";"Miso Eggplant Bowl - Large";"Large";"Signature Nosh Bowls";"6.607";"6.607";"5.286";"7.928";"80";"24";"Mild";"None";"None";"Weekday | Mild";"124.87";"misecast-menu-v2.0";"true"
"FC-001591";"2026-08-01";"2026-08-11";"10";"Lunch";"MI-004";"MI-004-SMALL";"Miso Falalalafel - Small";"Small";"Signature Nosh Bowls";"7.714";"7.714";"6.171";"9.257";"80";"24";"Mild";"None";"None";"Weekday | Mild";"122.65";"misecast-menu-v2.0";"true"
"FC-001592";"2026-08-01";"2026-08-11";"10";"Lunch";"MI-004";"MI-004-LARGE";"Miso Falalalafel - Large";"Large";"Signature Nosh Bowls";"7.714";"7.714";"6.171";"9.257";"80";"24";"Mild";"None";"None";"Weekday | Mild";"145.79";"misecast-menu-v2.0";"true"
"FC-001593";"2026-08-01";"2026-08-11";"10";"Lunch";"MI-005";"MI-005-SMALL";"Sashimi Bowl - Small";"Small";"Signature Nosh Bowls";"6.821";"6.821";"5.457";"8.185";"80";"24";"Mild";"None";"None";"Weekday | Mild";"122.1";"misecast-menu-v2.0";"true"
"FC-001594";"2026-08-01";"2026-08-11";"10";"Lunch";"MI-005";"MI-005-LARGE";"Sashimi Bowl - Large";"Large";"Signature Nosh Bowls";"7.036";"7.036";"5.629";"8.443";"80";"24";"Mild";"None";"None";"Weekday | Mild";"147.05";"misecast-menu-v2.0";"true"
"FC-001595";"2026-08-01";"2026-08-11";"10";"Lunch";"MI-006";"MI-006-SMALL";"Poke Bowl - Small";"Small";"Signature Nosh Bowls";"6.357";"6.357";"5.086";"7.628";"80";"24";"Mild";"None";"None";"Weekday | Mild";"107.43";"misecast-menu-v2.0";"true"
"FC-001596";"2026-08-01";"2026-08-11";"10";"Lunch";"MI-006";"MI-006-LARGE";"Poke Bowl - Large";"Large";"Signature Nosh Bowls";"6.25";"6.25";"5";"7.5";"80";"24";"Mild";"None";"None";"Weekday | Mild";"124.37";"misecast-menu-v2.0";"true"
"FC-001597";"2026-08-01";"2026-08-11";"10";"Lunch";"MI-007";"MI-007-SMALL";"Wagyu Beef Bowl - Small";"Small";"Signature Nosh Bowls";"6.643";"6.643";"5.314";"7.972";"80";"24";"Mild";"None";"None";"Weekday | Mild";"118.91";"misecast-menu-v2.0";"true"
"FC-001598";"2026-08-01";"2026-08-11";"10";"Lunch";"MI-007";"MI-007-LARGE";"Wagyu Beef Bowl - Large";"Large";"Signature Nosh Bowls";"6.571";"6.571";"5.257";"7.885";"80";"24";"Mild";"None";"None";"Weekday | Mild";"137.33";"misecast-menu-v2.0";"true"
"FC-001599";"2026-08-01";"2026-08-11";"10";"Lunch";"MI-008";"MI-008-SMALL";"Karaage Chicken Bowl - Small";"Small";"Signature Nosh Bowls";"6.643";"6.643";"5.314";"7.972";"80";"24";"Mild";"None";"None";"Weekday | Mild";"112.27";"misecast-menu-v2.0";"true"
"FC-001600";"2026-08-01";"2026-08-11";"10";"Lunch";"MI-008";"MI-008-LARGE";"Karaage Chicken Bowl - Large";"Large";"Signature Nosh Bowls";"6.429";"6.429";"5.143";"7.715";"80";"24";"Mild";"None";"None";"Weekday | Mild";"127.94";"misecast-menu-v2.0";"true"
"FC-001601";"2026-08-01";"2026-08-11";"10";"Lunch";"MI-009";"MI-009-SMALL";"Power Meal - Small";"Small";"Signature Nosh Bowls";"8";"8";"6.4";"9.6";"80";"24";"Mild";"None";"None";"Weekday | Mild";"151.2";"misecast-menu-v2.0";"true"
"FC-001602";"2026-08-01";"2026-08-11";"10";"Lunch";"MI-009";"MI-009-LARGE";"Power Meal - Large";"Large";"Signature Nosh Bowls";"7.821";"7.821";"6.257";"9.385";"80";"24";"Mild";"None";"None";"Weekday | Mild";"171.28";"misecast-menu-v2.0";"true"
"FC-001603";"2026-08-01";"2026-08-11";"10";"Lunch";"MI-010";"MI-010-SMALL";"Salmon Yuzu Bowl - Small";"Small";"Signature Nosh Bowls";"7.071";"7.071";"5.657";"8.485";"80";"24";"Mild";"None";"None";"Weekday | Mild";"126.57";"misecast-menu-v2.0";"true"
"FC-001604";"2026-08-01";"2026-08-11";"10";"Lunch";"MI-010";"MI-010-LARGE";"Salmon Yuzu Bowl - Large";"Large";"Signature Nosh Bowls";"6.929";"6.929";"5.543";"8.315";"80";"24";"Mild";"None";"None";"Weekday | Mild";"144.82";"misecast-menu-v2.0";"true"
"FC-001605";"2026-08-01";"2026-08-11";"10";"Lunch";"MI-011";"MI-011-STANDARD";"Karaage Bento";"Standard";"Protein Bento";"15.786";"15.786";"12.629";"18.943";"80";"24";"Mild";"None";"None";"Weekday | Mild";"219.43";"misecast-menu-v2.0";"true"
"FC-001606";"2026-08-01";"2026-08-11";"10";"Lunch";"MI-012";"MI-012-STANDARD";"Salmon Aburi Bento";"Standard";"Protein Bento";"15.929";"15.929";"12.743";"19.115";"80";"24";"Mild";"None";"None";"Weekday | Mild";"237.34";"misecast-menu-v2.0";"true"
"FC-001607";"2026-08-01";"2026-08-11";"10";"Lunch";"MI-013";"MI-013-STANDARD";"Tofu Bento";"Standard";"Protein Bento";"15.964";"15.964";"12.771";"19.157";"80";"24";"Mild";"None";"None";"Weekday | Mild";"205.94";"misecast-menu-v2.0";"true"
"FC-001608";"2026-08-01";"2026-08-11";"10";"Lunch";"MI-014";"MI-014-SMALL";"Create Your Own - Sous-vide Chicken - Small";"Small";"Create Your Own Bowl";"6.036";"6.036";"4.829";"7.243";"80";"24";"Mild";"None";"None";"Weekday | Mild";"95.97";"misecast-menu-v2.0";"true"
"FC-001609";"2026-08-01";"2026-08-11";"10";"Lunch";"MI-014";"MI-014-LARGE";"Create Your Own - Sous-vide Chicken - Large";"Large";"Create Your Own Bowl";"6.214";"6.214";"4.971";"7.457";"80";"24";"Mild";"None";"None";"Weekday | Mild";"117.44";"misecast-menu-v2.0";"true"
"FC-001610";"2026-08-01";"2026-08-11";"10";"Lunch";"MI-015";"MI-015-SMALL";"Create Your Own - Seared Chicken - Small";"Small";"Create Your Own Bowl";"6.393";"6.393";"5.114";"7.672";"80";"24";"Mild";"None";"None";"Weekday | Mild";"101.65";"misecast-menu-v2.0";"true"
"FC-001611";"2026-08-01";"2026-08-11";"10";"Lunch";"MI-015";"MI-015-LARGE";"Create Your Own - Seared Chicken - Large";"Large";"Create Your Own Bowl";"6.357";"6.357";"5.086";"7.628";"80";"24";"Mild";"None";"None";"Weekday | Mild";"120.15";"misecast-menu-v2.0";"true"
"FC-001612";"2026-08-01";"2026-08-11";"10";"Lunch";"MI-016";"MI-016-SMALL";"Create Your Own - Pan-seared Tofu - Small";"Small";"Create Your Own Bowl";"5.893";"5.893";"4.714";"7.072";"80";"24";"Mild";"None";"None";"Weekday | Mild";"93.7";"misecast-menu-v2.0";"true"
"FC-001613";"2026-08-01";"2026-08-11";"10";"Lunch";"MI-016";"MI-016-LARGE";"Create Your Own - Pan-seared Tofu - Large";"Large";"Create Your Own Bowl";"5.964";"5.964";"4.771";"7.157";"80";"24";"Mild";"None";"None";"Weekday | Mild";"112.72";"misecast-menu-v2.0";"true"
"FC-001614";"2026-08-01";"2026-08-11";"10";"Lunch";"MI-017";"MI-017-SMALL";"Create Your Own - Crispy Eggplant - Small";"Small";"Create Your Own Bowl";"6.571";"6.571";"5.257";"7.885";"80";"24";"Mild";"None";"None";"Weekday | Mild";"111.05";"misecast-menu-v2.0";"true"
"FC-001615";"2026-08-01";"2026-08-11";"10";"Lunch";"MI-017";"MI-017-LARGE";"Create Your Own - Crispy Eggplant - Large";"Large";"Create Your Own Bowl";"6.571";"6.571";"5.257";"7.885";"80";"24";"Mild";"None";"None";"Weekday | Mild";"130.76";"misecast-menu-v2.0";"true"
"FC-001616";"2026-08-01";"2026-08-11";"10";"Lunch";"MI-018";"MI-018-SMALL";"Create Your Own - Miso Beet Falafel - Small";"Small";"Create Your Own Bowl";"7.107";"7.107";"5.686";"8.528";"80";"24";"Mild";"None";"None";"Weekday | Mild";"120.11";"misecast-menu-v2.0";"true"
"FC-001617";"2026-08-01";"2026-08-11";"10";"Lunch";"MI-018";"MI-018-LARGE";"Create Your Own - Miso Beet Falafel - Large";"Large";"Create Your Own Bowl";"7.107";"7.107";"5.686";"8.528";"80";"24";"Mild";"None";"None";"Weekday | Mild";"141.43";"misecast-menu-v2.0";"true"
"FC-001618";"2026-08-01";"2026-08-11";"10";"Lunch";"MI-019";"MI-019-SMALL";"Create Your Own - Tiger Prawns - Small";"Small";"Create Your Own Bowl";"5.893";"5.893";"4.714";"7.072";"80";"24";"Mild";"None";"None";"Weekday | Mild";"99.59";"misecast-menu-v2.0";"true"
"FC-001619";"2026-08-01";"2026-08-11";"10";"Lunch";"MI-019";"MI-019-LARGE";"Create Your Own - Tiger Prawns - Large";"Large";"Create Your Own Bowl";"5.821";"5.821";"4.657";"6.985";"80";"24";"Mild";"None";"None";"Weekday | Mild";"115.84";"misecast-menu-v2.0";"true"
"FC-001620";"2026-08-01";"2026-08-11";"10";"Lunch";"MI-020";"MI-020-SMALL";"Create Your Own - Karaage Chicken - Small";"Small";"Create Your Own Bowl";"6.75";"6.75";"5.4";"8.1";"80";"24";"Mild";"None";"None";"Weekday | Mild";"120.82";"misecast-menu-v2.0";"true"
"FC-001621";"2026-08-01";"2026-08-11";"10";"Lunch";"MI-020";"MI-020-LARGE";"Create Your Own - Karaage Chicken - Large";"Large";"Create Your Own Bowl";"6.464";"6.464";"5.171";"7.757";"80";"24";"Mild";"None";"None";"Weekday | Mild";"135.1";"misecast-menu-v2.0";"true"
"FC-001622";"2026-08-01";"2026-08-11";"10";"Lunch";"MI-021";"MI-021-SMALL";"Create Your Own - Sashimi Salmon - Small";"Small";"Create Your Own Bowl";"5.964";"5.964";"4.771";"7.157";"80";"24";"Mild";"None";"None";"Weekday | Mild";"106.76";"misecast-menu-v2.0";"true"
"FC-001623";"2026-08-01";"2026-08-11";"10";"Lunch";"MI-021";"MI-021-LARGE";"Create Your Own - Sashimi Salmon - Large";"Large";"Create Your Own Bowl";"5.75";"5.75";"4.6";"6.9";"80";"24";"Mild";"None";"None";"Weekday | Mild";"120.18";"misecast-menu-v2.0";"true"
"FC-001624";"2026-08-01";"2026-08-11";"10";"Lunch";"MI-022";"MI-022-SMALL";"Create Your Own - Sashimi Tuna - Small";"Small";"Create Your Own Bowl";"6.179";"6.179";"4.943";"7.415";"80";"24";"Mild";"None";"None";"Weekday | Mild";"110.6";"misecast-menu-v2.0";"true"
"FC-001625";"2026-08-01";"2026-08-11";"10";"Lunch";"MI-022";"MI-022-LARGE";"Create Your Own - Sashimi Tuna - Large";"Large";"Create Your Own Bowl";"6.036";"6.036";"4.829";"7.243";"80";"24";"Mild";"None";"None";"Weekday | Mild";"126.15";"misecast-menu-v2.0";"true"
"FC-001626";"2026-08-01";"2026-08-11";"10";"Lunch";"MI-023";"MI-023-SMALL";"Create Your Own - Flame-seared Salmon - Small";"Small";"Create Your Own Bowl";"5.929";"5.929";"4.743";"7.115";"80";"24";"Mild";"None";"None";"Weekday | Mild";"112.06";"misecast-menu-v2.0";"true"
"FC-001627";"2026-08-01";"2026-08-11";"10";"Lunch";"MI-023";"MI-023-LARGE";"Create Your Own - Flame-seared Salmon - Large";"Large";"Create Your Own Bowl";"5.857";"5.857";"4.686";"7.028";"80";"24";"Mild";"None";"None";"Weekday | Mild";"128.27";"misecast-menu-v2.0";"true"
"FC-001628";"2026-08-01";"2026-08-11";"10";"Lunch";"MI-024";"MI-024-SMALL";"Create Your Own - Flame-seared Wagyu - Small";"Small";"Create Your Own Bowl";"5.929";"5.929";"4.743";"7.115";"80";"24";"Mild";"None";"None";"Weekday | Mild";"112.06";"misecast-menu-v2.0";"true"
"FC-001629";"2026-08-01";"2026-08-11";"10";"Lunch";"MI-024";"MI-024-LARGE";"Create Your Own - Flame-seared Wagyu - Large";"Large";"Create Your Own Bowl";"5.679";"5.679";"4.543";"6.815";"80";"24";"Mild";"None";"None";"Weekday | Mild";"124.37";"misecast-menu-v2.0";"true"
"FC-001630";"2026-08-01";"2026-08-11";"10";"Lunch";"MI-025";"MI-025-SMALL";"Create Your Own - No Protein - Small";"Small";"Create Your Own Bowl";"4.821";"4.821";"3.857";"5.785";"80";"24";"Mild";"None";"None";"Weekday | Mild";"62.19";"misecast-menu-v2.0";"true"
"FC-001631";"2026-08-01";"2026-08-11";"10";"Lunch";"MI-025";"MI-025-LARGE";"Create Your Own - No Protein - Large";"Large";"Create Your Own Bowl";"4.643";"4.643";"3.714";"5.572";"80";"24";"Mild";"None";"None";"Weekday | Mild";"73.82";"misecast-menu-v2.0";"true"
"FC-001632";"2026-08-01";"2026-08-11";"10";"Lunch";"MI-026";"MI-026-STANDARD";"Miso Soup";"Standard";"Light Bites";"9.714";"9.714";"7.771";"11.657";"80";"24";"Mild";"None";"None";"Weekday | Mild";"24.29";"misecast-menu-v2.0";"true"
"FC-001633";"2026-08-01";"2026-08-11";"10";"Lunch";"MI-027";"MI-027-STANDARD";"Raw Balls - Peanut Butter";"Standard";"Light Bites";"1.964";"1.964";"1.571";"2.357";"80";"24";"Mild";"None";"None";"Weekday | Mild";"8.25";"misecast-menu-v2.0";"true"
"FC-001634";"2026-08-01";"2026-08-11";"10";"Lunch";"MI-028";"MI-028-STANDARD";"Raw Balls - Choc Brownie";"Standard";"Light Bites";"1.893";"1.893";"1.514";"2.272";"80";"24";"Mild";"None";"None";"Weekday | Mild";"7.95";"misecast-menu-v2.0";"true"
"FC-001635";"2026-08-01";"2026-08-11";"10";"Lunch";"MI-029";"MI-029-STANDARD";"Raw Balls - Coconut Cacao";"Standard";"Light Bites";"1.893";"1.893";"1.514";"2.272";"80";"24";"Mild";"None";"None";"Weekday | Mild";"7.95";"misecast-menu-v2.0";"true"
"FC-001636";"2026-08-01";"2026-08-11";"10";"Lunch";"MI-030";"MI-030-STANDARD";"Raw Balls - Hazelnut";"Standard";"Light Bites";"1.786";"1.786";"1.429";"2.143";"80";"24";"Mild";"None";"None";"Weekday | Mild";"7.5";"misecast-menu-v2.0";"true"
"FC-001637";"2026-08-01";"2026-08-11";"10";"Lunch";"MI-031";"MI-031-STANDARD";"Raw Balls - Apricot Delight";"Standard";"Light Bites";"1.893";"1.893";"1.514";"2.272";"80";"24";"Mild";"None";"None";"Weekday | Mild";"7.95";"misecast-menu-v2.0";"true"
"FC-001638";"2026-08-01";"2026-08-11";"10";"Lunch";"MI-032";"MI-032-STANDARD";"myDeal - $5 Crispy Chicken Bites";"Standard";"Promotions";"3.286";"3.286";"2.629";"3.943";"80";"24";"Mild";"None";"None";"Weekday | Mild";"16.43";"misecast-menu-v2.0";"true"
"FC-001639";"2026-08-01";"2026-08-11";"10";"Lunch";"MI-033";"MI-033-STANDARD";"Coconut Water";"Standard";"Drinks";"12.179";"12.179";"9.743";"14.615";"80";"24";"Mild";"None";"None";"Weekday | Mild";"51.15";"misecast-menu-v2.0";"true"
"FC-001640";"2026-08-01";"2026-08-11";"10";"Lunch";"MI-034";"MI-034-STANDARD";"Cold Pressed Juice - Watermelon Lime";"Standard";"Drinks";"11.214";"11.214";"8.971";"13.457";"80";"24";"Mild";"None";"None";"Weekday | Mild";"61.68";"misecast-menu-v2.0";"true"
"FC-001641";"2026-08-01";"2026-08-11";"10";"Lunch";"MI-035";"MI-035-STANDARD";"Cold Pressed Juice - Classic OJ";"Standard";"Drinks";"11.429";"11.429";"9.143";"13.715";"80";"24";"Mild";"None";"None";"Weekday | Mild";"62.86";"misecast-menu-v2.0";"true"
"FC-001642";"2026-08-01";"2026-08-11";"10";"Lunch";"MI-036";"MI-036-STANDARD";"Cold Pressed Juice - Pineapple Mint";"Standard";"Drinks";"11.393";"11.393";"9.114";"13.672";"80";"24";"Mild";"None";"None";"Weekday | Mild";"62.66";"misecast-menu-v2.0";"true"
"FC-001643";"2026-08-01";"2026-08-11";"10";"Lunch";"MI-037";"MI-037-STANDARD";"Dash Sparkling Water - Lime";"Standard";"Drinks";"12.071";"12.071";"9.657";"14.485";"80";"24";"Mild";"None";"None";"Weekday | Mild";"48.28";"misecast-menu-v2.0";"true"
"FC-001644";"2026-08-01";"2026-08-11";"10";"Lunch";"MI-038";"MI-038-STANDARD";"Dash Sparkling Water - Raspberry";"Standard";"Drinks";"12.357";"12.357";"9.886";"14.828";"80";"24";"Mild";"None";"None";"Weekday | Mild";"49.43";"misecast-menu-v2.0";"true"
"FC-001645";"2026-08-01";"2026-08-11";"10";"Lunch";"MI-039";"MI-039-STANDARD";"Dash Sparkling Water - Peach";"Standard";"Drinks";"12.179";"12.179";"9.743";"14.615";"80";"24";"Mild";"None";"None";"Weekday | Mild";"48.72";"misecast-menu-v2.0";"true"
"FC-001646";"2026-08-01";"2026-08-11";"10";"Lunch";"MI-040";"MI-040-STANDARD";"Kombucha - Ginger Lemon";"Standard";"Drinks";"12.25";"12.25";"9.8";"14.7";"80";"24";"Mild";"None";"None";"Weekday | Mild";"67.38";"misecast-menu-v2.0";"true"
"FC-001647";"2026-08-01";"2026-08-11";"10";"Lunch";"MI-041";"MI-041-STANDARD";"Kombucha - Lemon Lime Mint";"Standard";"Drinks";"11.964";"11.964";"9.571";"14.357";"80";"24";"Mild";"None";"None";"Weekday | Mild";"65.8";"misecast-menu-v2.0";"true"
"FC-001648";"2026-08-01";"2026-08-11";"10";"Lunch";"MI-042";"MI-042-STANDARD";"Kombucha - Peach";"Standard";"Drinks";"12.5";"12.5";"10";"15";"80";"24";"Mild";"None";"None";"Weekday | Mild";"68.75";"misecast-menu-v2.0";"true"
"FC-001649";"2026-08-01";"2026-08-11";"10";"Lunch";"MI-043";"MI-043-STANDARD";"Kombucha - Raspberry Lemonade";"Standard";"Drinks";"12.071";"12.071";"9.657";"14.485";"80";"24";"Mild";"None";"None";"Weekday | Mild";"66.39";"misecast-menu-v2.0";"true"
"FC-001650";"2026-08-01";"2026-08-11";"10";"Lunch";"MI-044";"MI-044-STANDARD";"Sodaly - Passionfruit";"Standard";"Drinks";"12.429";"12.429";"9.943";"14.915";"80";"24";"Mild";"None";"None";"Weekday | Mild";"60.9";"misecast-menu-v2.0";"true"
"FC-001651";"2026-08-01";"2026-08-11";"10";"Lunch";"MI-045";"MI-045-STANDARD";"Sodaly - Guava";"Standard";"Drinks";"12.536";"12.536";"10.029";"15.043";"80";"24";"Mild";"None";"None";"Weekday | Mild";"61.43";"misecast-menu-v2.0";"true"
"FC-001652";"2026-08-01";"2026-08-11";"10";"Lunch";"MI-046";"MI-046-STANDARD";"Sodaly - Raspberry";"Standard";"Drinks";"12.429";"12.429";"9.943";"14.915";"80";"24";"Mild";"None";"None";"Weekday | Mild";"60.9";"misecast-menu-v2.0";"true"
"FC-001653";"2026-08-01";"2026-08-11";"10";"Lunch";"MI-047";"MI-047-STANDARD";"Sparkling Water";"Standard";"Drinks";"18.75";"18.75";"15";"22.5";"80";"24";"Mild";"None";"None";"Weekday | Mild";"65.63";"misecast-menu-v2.0";"true"
"FC-001654";"2026-08-01";"2026-08-11";"10";"Lunch";"MI-048";"MI-048-STANDARD";"Specialty Soda - Gingerella";"Standard";"Drinks";"12.179";"12.179";"9.743";"14.615";"80";"24";"Mild";"None";"None";"Weekday | Mild";"59.68";"misecast-menu-v2.0";"true"
"FC-001655";"2026-08-01";"2026-08-11";"10";"Lunch";"MI-049";"MI-049-STANDARD";"Specialty Soda - Karma Cola";"Standard";"Drinks";"12.393";"12.393";"9.914";"14.872";"80";"24";"Mild";"None";"None";"Weekday | Mild";"60.73";"misecast-menu-v2.0";"true"
"FC-001656";"2026-08-01";"2026-08-11";"10";"Lunch";"MI-050";"MI-050-STANDARD";"Specialty Soda - Lemmy";"Standard";"Drinks";"12.107";"12.107";"9.686";"14.528";"80";"24";"Mild";"None";"None";"Weekday | Mild";"59.32";"misecast-menu-v2.0";"true"
"FC-001657";"2026-08-01";"2026-08-11";"10";"Lunch";"MI-051";"MI-051-STANDARD";"Still Water";"Standard";"Drinks";"22.286";"22.286";"17.829";"26.743";"80";"24";"Mild";"None";"None";"Weekday | Mild";"66.86";"misecast-menu-v2.0";"true"
"FC-001658";"2026-08-01";"2026-08-11";"10";"Lunch";"MI-052";"MI-052-STANDARD";"Yuzu Ginger Cha";"Standard";"Drinks";"11.464";"11.464";"9.171";"13.757";"80";"24";"Mild";"None";"None";"Weekday | Mild";"51.59";"misecast-menu-v2.0";"true"
"FC-001659";"2026-08-01";"2026-08-11";"10";"Lunch";"MI-053";"MI-053-STANDARD";"Avocado";"Standard";"Add-ons / Modifiers";"1.464";"1.464";"1.171";"1.757";"80";"24";"Mild";"None";"None";"Weekday | Mild";"2.93";"misecast-menu-v2.0";"true"
"FC-001660";"2026-08-01";"2026-08-11";"10";"Lunch";"MI-054";"MI-054-STANDARD";"63 deg egg";"Standard";"Add-ons / Modifiers";"2";"2";"1.6";"2.4";"80";"24";"Mild";"None";"None";"Weekday | Mild";"5";"misecast-menu-v2.0";"true"
"FC-001661";"2026-08-01";"2026-08-11";"10";"Lunch";"MI-055";"MI-055-STANDARD";"Extra Salad";"Standard";"Add-ons / Modifiers";"2.107";"2.107";"1.686";"2.528";"80";"24";"Mild";"None";"None";"Weekday | Mild";"4.21";"misecast-menu-v2.0";"true"
"FC-001662";"2026-08-01";"2026-08-11";"10";"Lunch";"MI-056";"MI-056-STANDARD";"Standard topping (kimchi, corn, edamame, nori, etc.)";"Standard";"Add-ons / Modifiers";"1.107";"1.107";"0.886";"1.328";"80";"24";"Mild";"None";"None";"Weekday | Mild";"0.55";"misecast-menu-v2.0";"true"
"FC-001663";"2026-08-01";"2026-08-11";"10";"Lunch";"MI-057";"MI-057-STANDARD";"Extra Sauce (any)";"Standard";"Add-ons / Modifiers";"1";"1";"0.8";"1.2";"80";"24";"Mild";"None";"None";"Weekday | Mild";"1.5";"misecast-menu-v2.0";"true"
"FC-001664";"2026-08-01";"2026-08-11";"10";"Lunch";"MI-058";"MI-058-STANDARD";"Extra Sous-vide / Seared Chicken";"Standard";"Add-ons / Modifiers";"2.964";"2.964";"2.371";"3.557";"80";"24";"Mild";"None";"None";"Weekday | Mild";"11.86";"misecast-menu-v2.0";"true"
"FC-001665";"2026-08-01";"2026-08-11";"10";"Lunch";"MI-059";"MI-059-STANDARD";"Extra Pan Seared Tofu";"Standard";"Add-ons / Modifiers";"2.357";"2.357";"1.886";"2.828";"80";"24";"Mild";"None";"None";"Weekday | Mild";"9.43";"misecast-menu-v2.0";"true"
"FC-001666";"2026-08-01";"2026-08-11";"10";"Lunch";"MI-060";"MI-060-STANDARD";"Extra Eggplant";"Standard";"Add-ons / Modifiers";"3.607";"3.607";"2.886";"4.328";"80";"24";"Mild";"None";"None";"Weekday | Mild";"14.43";"misecast-menu-v2.0";"true"
"FC-001667";"2026-08-01";"2026-08-11";"10";"Lunch";"MI-061";"MI-061-STANDARD";"Extra Falafels";"Standard";"Add-ons / Modifiers";"4.571";"4.571";"3.657";"5.485";"80";"24";"Mild";"None";"None";"Weekday | Mild";"22.85";"misecast-menu-v2.0";"true"
"FC-001668";"2026-08-01";"2026-08-11";"10";"Lunch";"MI-062";"MI-062-STANDARD";"Extra Karaage Chicken";"Standard";"Add-ons / Modifiers";"3.607";"3.607";"2.886";"4.328";"80";"24";"Mild";"None";"None";"Weekday | Mild";"18.04";"misecast-menu-v2.0";"true"
"FC-001669";"2026-08-01";"2026-08-11";"10";"Lunch";"MI-063";"MI-063-STANDARD";"Extra Tiger Prawns";"Standard";"Add-ons / Modifiers";"2.5";"2.5";"2";"3";"80";"24";"Mild";"None";"None";"Weekday | Mild";"12.5";"misecast-menu-v2.0";"true"
"FC-001670";"2026-08-01";"2026-08-11";"10";"Lunch";"MI-064";"MI-064-STANDARD";"Extra Aburi / Sashimi Salmon";"Standard";"Add-ons / Modifiers";"2.5";"2.5";"2";"3";"80";"24";"Mild";"None";"None";"Weekday | Mild";"15";"misecast-menu-v2.0";"true"
"FC-001671";"2026-08-01";"2026-08-11";"10";"Lunch";"MI-065";"MI-065-STANDARD";"Extra Sashimi Tuna";"Standard";"Add-ons / Modifiers";"2.286";"2.286";"1.829";"2.743";"80";"24";"Mild";"None";"None";"Weekday | Mild";"13.72";"misecast-menu-v2.0";"true"
"FC-001672";"2026-08-01";"2026-08-11";"10";"Lunch";"MI-066";"MI-066-STANDARD";"Extra Wagyu";"Standard";"Add-ons / Modifiers";"2.071";"2.071";"1.657";"2.485";"80";"24";"Mild";"None";"None";"Weekday | Mild";"12.43";"misecast-menu-v2.0";"true"
"FC-001673";"2026-08-01";"2026-08-11";"10";"Dinner";"MI-001";"MI-001-SMALL";"Chicken Teriyaki Bowl - Small";"Small";"Signature Nosh Bowls";"9.393";"9.393";"7.514";"11.272";"80";"43";"Mild";"None";"None";"Weekday | Mild";"139.96";"misecast-menu-v2.0";"true"
"FC-001674";"2026-08-01";"2026-08-11";"10";"Dinner";"MI-001";"MI-001-LARGE";"Chicken Teriyaki Bowl - Large";"Large";"Signature Nosh Bowls";"9.5";"9.5";"7.6";"11.4";"80";"43";"Mild";"None";"None";"Weekday | Mild";"170.05";"misecast-menu-v2.0";"true"
"FC-001675";"2026-08-01";"2026-08-11";"10";"Dinner";"MI-002";"MI-002-SMALL";"Tofu Teriyaki Bowl - Small";"Small";"Signature Nosh Bowls";"9.071";"9.071";"7.257";"10.885";"80";"43";"Mild";"None";"None";"Weekday | Mild";"135.16";"misecast-menu-v2.0";"true"
"FC-001676";"2026-08-01";"2026-08-11";"10";"Dinner";"MI-002";"MI-002-LARGE";"Tofu Teriyaki Bowl - Large";"Large";"Signature Nosh Bowls";"9.25";"9.25";"7.4";"11.1";"80";"43";"Mild";"None";"None";"Weekday | Mild";"165.58";"misecast-menu-v2.0";"true"
"FC-001677";"2026-08-01";"2026-08-11";"10";"Dinner";"MI-003";"MI-003-SMALL";"Miso Eggplant Bowl - Small";"Small";"Signature Nosh Bowls";"9.429";"9.429";"7.543";"11.315";"80";"43";"Mild";"None";"None";"Weekday | Mild";"149.92";"misecast-menu-v2.0";"true"
"FC-001678";"2026-08-01";"2026-08-11";"10";"Dinner";"MI-003";"MI-003-LARGE";"Miso Eggplant Bowl - Large";"Large";"Signature Nosh Bowls";"9.5";"9.5";"7.6";"11.4";"80";"43";"Mild";"None";"None";"Weekday | Mild";"179.55";"misecast-menu-v2.0";"true"
"FC-001679";"2026-08-01";"2026-08-11";"10";"Dinner";"MI-004";"MI-004-SMALL";"Miso Falalalafel - Small";"Small";"Signature Nosh Bowls";"10.964";"10.964";"8.771";"13.157";"80";"43";"Mild";"None";"None";"Weekday | Mild";"174.33";"misecast-menu-v2.0";"true"
"FC-001680";"2026-08-01";"2026-08-11";"10";"Dinner";"MI-004";"MI-004-LARGE";"Miso Falalalafel - Large";"Large";"Signature Nosh Bowls";"10.964";"10.964";"8.771";"13.157";"80";"43";"Mild";"None";"None";"Weekday | Mild";"207.22";"misecast-menu-v2.0";"true"
"FC-001681";"2026-08-01";"2026-08-11";"10";"Dinner";"MI-005";"MI-005-SMALL";"Sashimi Bowl - Small";"Small";"Signature Nosh Bowls";"10.357";"10.357";"8.286";"12.428";"80";"43";"Mild";"None";"None";"Weekday | Mild";"185.39";"misecast-menu-v2.0";"true"
"FC-001682";"2026-08-01";"2026-08-11";"10";"Dinner";"MI-005";"MI-005-LARGE";"Sashimi Bowl - Large";"Large";"Signature Nosh Bowls";"10.143";"10.143";"8.114";"12.172";"80";"43";"Mild";"None";"None";"Weekday | Mild";"211.99";"misecast-menu-v2.0";"true"
"FC-001683";"2026-08-01";"2026-08-11";"10";"Dinner";"MI-006";"MI-006-SMALL";"Poke Bowl - Small";"Small";"Signature Nosh Bowls";"9.143";"9.143";"7.314";"10.972";"80";"43";"Mild";"None";"None";"Weekday | Mild";"154.52";"misecast-menu-v2.0";"true"
"FC-001684";"2026-08-01";"2026-08-11";"10";"Dinner";"MI-006";"MI-006-LARGE";"Poke Bowl - Large";"Large";"Signature Nosh Bowls";"9.286";"9.286";"7.429";"11.143";"80";"43";"Mild";"None";"None";"Weekday | Mild";"184.79";"misecast-menu-v2.0";"true"
"FC-001685";"2026-08-01";"2026-08-11";"10";"Dinner";"MI-007";"MI-007-SMALL";"Wagyu Beef Bowl - Small";"Small";"Signature Nosh Bowls";"9.643";"9.643";"7.714";"11.572";"80";"43";"Mild";"None";"None";"Weekday | Mild";"172.61";"misecast-menu-v2.0";"true"
"FC-001686";"2026-08-01";"2026-08-11";"10";"Dinner";"MI-007";"MI-007-LARGE";"Wagyu Beef Bowl - Large";"Large";"Signature Nosh Bowls";"9.75";"9.75";"7.8";"11.7";"80";"43";"Mild";"None";"None";"Weekday | Mild";"203.77";"misecast-menu-v2.0";"true"
"FC-001687";"2026-08-01";"2026-08-11";"10";"Dinner";"MI-008";"MI-008-SMALL";"Karaage Chicken Bowl - Small";"Small";"Signature Nosh Bowls";"9.25";"9.25";"7.4";"11.1";"80";"43";"Mild";"None";"None";"Weekday | Mild";"156.32";"misecast-menu-v2.0";"true"
"FC-001688";"2026-08-01";"2026-08-11";"10";"Dinner";"MI-008";"MI-008-LARGE";"Karaage Chicken Bowl - Large";"Large";"Signature Nosh Bowls";"9.5";"9.5";"7.6";"11.4";"80";"43";"Mild";"None";"None";"Weekday | Mild";"189.05";"misecast-menu-v2.0";"true"
"FC-001689";"2026-08-01";"2026-08-11";"10";"Dinner";"MI-009";"MI-009-SMALL";"Power Meal - Small";"Small";"Signature Nosh Bowls";"10.321";"10.321";"8.257";"12.385";"80";"43";"Mild";"None";"None";"Weekday | Mild";"195.07";"misecast-menu-v2.0";"true"
"FC-001690";"2026-08-01";"2026-08-11";"10";"Dinner";"MI-009";"MI-009-LARGE";"Power Meal - Large";"Large";"Signature Nosh Bowls";"10.536";"10.536";"8.429";"12.643";"80";"43";"Mild";"None";"None";"Weekday | Mild";"230.74";"misecast-menu-v2.0";"true"
"FC-001691";"2026-08-01";"2026-08-11";"10";"Dinner";"MI-010";"MI-010-SMALL";"Salmon Yuzu Bowl - Small";"Small";"Signature Nosh Bowls";"9.929";"9.929";"7.943";"11.915";"80";"43";"Mild";"None";"None";"Weekday | Mild";"177.73";"misecast-menu-v2.0";"true"
"FC-001692";"2026-08-01";"2026-08-11";"10";"Dinner";"MI-010";"MI-010-LARGE";"Salmon Yuzu Bowl - Large";"Large";"Signature Nosh Bowls";"10.071";"10.071";"8.057";"12.085";"80";"43";"Mild";"None";"None";"Weekday | Mild";"210.48";"misecast-menu-v2.0";"true"
"FC-001693";"2026-08-01";"2026-08-11";"10";"Dinner";"MI-011";"MI-011-STANDARD";"Karaage Bento";"Standard";"Protein Bento";"16.75";"16.75";"13.4";"20.1";"80";"43";"Mild";"None";"None";"Weekday | Mild";"232.83";"misecast-menu-v2.0";"true"
"FC-001694";"2026-08-01";"2026-08-11";"10";"Dinner";"MI-012";"MI-012-STANDARD";"Salmon Aburi Bento";"Standard";"Protein Bento";"15.857";"15.857";"12.686";"19.028";"80";"43";"Mild";"None";"None";"Weekday | Mild";"236.27";"misecast-menu-v2.0";"true"
"FC-001695";"2026-08-01";"2026-08-11";"10";"Dinner";"MI-013";"MI-013-STANDARD";"Tofu Bento";"Standard";"Protein Bento";"15.821";"15.821";"12.657";"18.985";"80";"43";"Mild";"None";"None";"Weekday | Mild";"204.09";"misecast-menu-v2.0";"true"
"FC-001696";"2026-08-01";"2026-08-11";"10";"Dinner";"MI-014";"MI-014-SMALL";"Create Your Own - Sous-vide Chicken - Small";"Small";"Create Your Own Bowl";"8.821";"8.821";"7.057";"10.585";"80";"43";"Mild";"None";"None";"Weekday | Mild";"140.25";"misecast-menu-v2.0";"true"
"FC-001697";"2026-08-01";"2026-08-11";"10";"Dinner";"MI-014";"MI-014-LARGE";"Create Your Own - Sous-vide Chicken - Large";"Large";"Create Your Own Bowl";"8.643";"8.643";"6.914";"10.372";"80";"43";"Mild";"None";"None";"Weekday | Mild";"163.35";"misecast-menu-v2.0";"true"
"FC-001698";"2026-08-01";"2026-08-11";"10";"Dinner";"MI-015";"MI-015-SMALL";"Create Your Own - Seared Chicken - Small";"Small";"Create Your Own Bowl";"8.821";"8.821";"7.057";"10.585";"80";"43";"Mild";"None";"None";"Weekday | Mild";"140.25";"misecast-menu-v2.0";"true"
"FC-001699";"2026-08-01";"2026-08-11";"10";"Dinner";"MI-015";"MI-015-LARGE";"Create Your Own - Seared Chicken - Large";"Large";"Create Your Own Bowl";"8.893";"8.893";"7.114";"10.672";"80";"43";"Mild";"None";"None";"Weekday | Mild";"168.08";"misecast-menu-v2.0";"true"
"FC-001700";"2026-08-01";"2026-08-11";"10";"Dinner";"MI-016";"MI-016-SMALL";"Create Your Own - Pan-seared Tofu - Small";"Small";"Create Your Own Bowl";"8.464";"8.464";"6.771";"10.157";"80";"43";"Mild";"None";"None";"Weekday | Mild";"134.58";"misecast-menu-v2.0";"true"
"FC-001701";"2026-08-01";"2026-08-11";"10";"Dinner";"MI-016";"MI-016-LARGE";"Create Your Own - Pan-seared Tofu - Large";"Large";"Create Your Own Bowl";"8.393";"8.393";"6.714";"10.072";"80";"43";"Mild";"None";"None";"Weekday | Mild";"158.63";"misecast-menu-v2.0";"true"
"FC-001702";"2026-08-01";"2026-08-11";"10";"Dinner";"MI-017";"MI-017-SMALL";"Create Your Own - Crispy Eggplant - Small";"Small";"Create Your Own Bowl";"9.643";"9.643";"7.714";"11.572";"80";"43";"Mild";"None";"None";"Weekday | Mild";"162.97";"misecast-menu-v2.0";"true"
"FC-001703";"2026-08-01";"2026-08-11";"10";"Dinner";"MI-017";"MI-017-LARGE";"Create Your Own - Crispy Eggplant - Large";"Large";"Create Your Own Bowl";"9.643";"9.643";"7.714";"11.572";"80";"43";"Mild";"None";"None";"Weekday | Mild";"191.9";"misecast-menu-v2.0";"true"
"FC-001704";"2026-08-01";"2026-08-11";"10";"Dinner";"MI-018";"MI-018-SMALL";"Create Your Own - Miso Beet Falafel - Small";"Small";"Create Your Own Bowl";"9.607";"9.607";"7.686";"11.528";"80";"43";"Mild";"None";"None";"Weekday | Mild";"162.36";"misecast-menu-v2.0";"true"
"FC-001705";"2026-08-01";"2026-08-11";"10";"Dinner";"MI-018";"MI-018-LARGE";"Create Your Own - Miso Beet Falafel - Large";"Large";"Create Your Own Bowl";"9.571";"9.571";"7.657";"11.485";"80";"43";"Mild";"None";"None";"Weekday | Mild";"190.46";"misecast-menu-v2.0";"true"
"FC-001706";"2026-08-01";"2026-08-11";"10";"Dinner";"MI-019";"MI-019-SMALL";"Create Your Own - Tiger Prawns - Small";"Small";"Create Your Own Bowl";"8.643";"8.643";"6.914";"10.372";"80";"43";"Mild";"None";"None";"Weekday | Mild";"146.07";"misecast-menu-v2.0";"true"
"FC-001707";"2026-08-01";"2026-08-11";"10";"Dinner";"MI-019";"MI-019-LARGE";"Create Your Own - Tiger Prawns - Large";"Large";"Create Your Own Bowl";"8.714";"8.714";"6.971";"10.457";"80";"43";"Mild";"None";"None";"Weekday | Mild";"173.41";"misecast-menu-v2.0";"true"
"FC-001708";"2026-08-01";"2026-08-11";"10";"Dinner";"MI-020";"MI-020-SMALL";"Create Your Own - Karaage Chicken - Small";"Small";"Create Your Own Bowl";"9.143";"9.143";"7.314";"10.972";"80";"43";"Mild";"None";"None";"Weekday | Mild";"163.66";"misecast-menu-v2.0";"true"
"FC-001709";"2026-08-01";"2026-08-11";"10";"Dinner";"MI-020";"MI-020-LARGE";"Create Your Own - Karaage Chicken - Large";"Large";"Create Your Own Bowl";"9.429";"9.429";"7.543";"11.315";"80";"43";"Mild";"None";"None";"Weekday | Mild";"197.07";"misecast-menu-v2.0";"true"
"FC-001710";"2026-08-01";"2026-08-11";"10";"Dinner";"MI-021";"MI-021-SMALL";"Create Your Own - Sashimi Salmon - Small";"Small";"Create Your Own Bowl";"8.143";"8.143";"6.514";"9.772";"80";"43";"Mild";"None";"None";"Weekday | Mild";"145.76";"misecast-menu-v2.0";"true"
"FC-001711";"2026-08-01";"2026-08-11";"10";"Dinner";"MI-021";"MI-021-LARGE";"Create Your Own - Sashimi Salmon - Large";"Large";"Create Your Own Bowl";"8.357";"8.357";"6.686";"10.028";"80";"43";"Mild";"None";"None";"Weekday | Mild";"174.66";"misecast-menu-v2.0";"true"
"FC-001712";"2026-08-01";"2026-08-11";"10";"Dinner";"MI-022";"MI-022-SMALL";"Create Your Own - Sashimi Tuna - Small";"Small";"Create Your Own Bowl";"8.571";"8.571";"6.857";"10.285";"80";"43";"Mild";"None";"None";"Weekday | Mild";"153.42";"misecast-menu-v2.0";"true"
"FC-001713";"2026-08-01";"2026-08-11";"10";"Dinner";"MI-022";"MI-022-LARGE";"Create Your Own - Sashimi Tuna - Large";"Large";"Create Your Own Bowl";"8.714";"8.714";"6.971";"10.457";"80";"43";"Mild";"None";"None";"Weekday | Mild";"182.12";"misecast-menu-v2.0";"true"
"FC-001714";"2026-08-01";"2026-08-11";"10";"Dinner";"MI-023";"MI-023-SMALL";"Create Your Own - Flame-seared Salmon - Small";"Small";"Create Your Own Bowl";"8.571";"8.571";"6.857";"10.285";"80";"43";"Mild";"None";"None";"Weekday | Mild";"161.99";"misecast-menu-v2.0";"true"
"FC-001715";"2026-08-01";"2026-08-11";"10";"Dinner";"MI-023";"MI-023-LARGE";"Create Your Own - Flame-seared Salmon - Large";"Large";"Create Your Own Bowl";"8.643";"8.643";"6.914";"10.372";"80";"43";"Mild";"None";"None";"Weekday | Mild";"189.28";"misecast-menu-v2.0";"true"
"FC-001716";"2026-08-01";"2026-08-11";"10";"Dinner";"MI-024";"MI-024-SMALL";"Create Your Own - Flame-seared Wagyu - Small";"Small";"Create Your Own Bowl";"8.25";"8.25";"6.6";"9.9";"80";"43";"Mild";"None";"None";"Weekday | Mild";"155.92";"misecast-menu-v2.0";"true"
"FC-001717";"2026-08-01";"2026-08-11";"10";"Dinner";"MI-024";"MI-024-LARGE";"Create Your Own - Flame-seared Wagyu - Large";"Large";"Create Your Own Bowl";"8.464";"8.464";"6.771";"10.157";"80";"43";"Mild";"None";"None";"Weekday | Mild";"185.36";"misecast-menu-v2.0";"true"
"FC-001718";"2026-08-01";"2026-08-11";"10";"Dinner";"MI-025";"MI-025-SMALL";"Create Your Own - No Protein - Small";"Small";"Create Your Own Bowl";"7.464";"7.464";"5.971";"8.957";"80";"43";"Mild";"None";"None";"Weekday | Mild";"96.29";"misecast-menu-v2.0";"true"
"FC-001719";"2026-08-01";"2026-08-11";"10";"Dinner";"MI-025";"MI-025-LARGE";"Create Your Own - No Protein - Large";"Large";"Create Your Own Bowl";"7.679";"7.679";"6.143";"9.215";"80";"43";"Mild";"None";"None";"Weekday | Mild";"122.1";"misecast-menu-v2.0";"true"
"FC-001720";"2026-08-01";"2026-08-11";"10";"Dinner";"MI-026";"MI-026-STANDARD";"Miso Soup";"Standard";"Light Bites";"10.393";"10.393";"8.314";"12.472";"80";"43";"Mild";"None";"None";"Weekday | Mild";"25.98";"misecast-menu-v2.0";"true"
"FC-001721";"2026-08-01";"2026-08-11";"10";"Dinner";"MI-027";"MI-027-STANDARD";"Raw Balls - Peanut Butter";"Standard";"Light Bites";"1.821";"1.821";"1.457";"2.185";"80";"43";"Mild";"None";"None";"Weekday | Mild";"7.65";"misecast-menu-v2.0";"true"
"FC-001722";"2026-08-01";"2026-08-11";"10";"Dinner";"MI-028";"MI-028-STANDARD";"Raw Balls - Choc Brownie";"Standard";"Light Bites";"1.786";"1.786";"1.429";"2.143";"80";"43";"Mild";"None";"None";"Weekday | Mild";"7.5";"misecast-menu-v2.0";"true"
"FC-001723";"2026-08-01";"2026-08-11";"10";"Dinner";"MI-029";"MI-029-STANDARD";"Raw Balls - Coconut Cacao";"Standard";"Light Bites";"1.821";"1.821";"1.457";"2.185";"80";"43";"Mild";"None";"None";"Weekday | Mild";"7.65";"misecast-menu-v2.0";"true"
"FC-001724";"2026-08-01";"2026-08-11";"10";"Dinner";"MI-030";"MI-030-STANDARD";"Raw Balls - Hazelnut";"Standard";"Light Bites";"1.893";"1.893";"1.514";"2.272";"80";"43";"Mild";"None";"None";"Weekday | Mild";"7.95";"misecast-menu-v2.0";"true"
"FC-001725";"2026-08-01";"2026-08-11";"10";"Dinner";"MI-031";"MI-031-STANDARD";"Raw Balls - Apricot Delight";"Standard";"Light Bites";"1.893";"1.893";"1.514";"2.272";"80";"43";"Mild";"None";"None";"Weekday | Mild";"7.95";"misecast-menu-v2.0";"true"
"FC-001726";"2026-08-01";"2026-08-11";"10";"Dinner";"MI-032";"MI-032-STANDARD";"myDeal - $5 Crispy Chicken Bites";"Standard";"Promotions";"3.464";"3.464";"2.771";"4.157";"80";"43";"Mild";"None";"None";"Weekday | Mild";"17.32";"misecast-menu-v2.0";"true"
"FC-001727";"2026-08-01";"2026-08-11";"10";"Dinner";"MI-033";"MI-033-STANDARD";"Coconut Water";"Standard";"Drinks";"12.214";"12.214";"9.771";"14.657";"80";"43";"Mild";"None";"None";"Weekday | Mild";"51.3";"misecast-menu-v2.0";"true"
"FC-001728";"2026-08-01";"2026-08-11";"10";"Dinner";"MI-034";"MI-034-STANDARD";"Cold Pressed Juice - Watermelon Lime";"Standard";"Drinks";"11.429";"11.429";"9.143";"13.715";"80";"43";"Mild";"None";"None";"Weekday | Mild";"62.86";"misecast-menu-v2.0";"true"
"FC-001729";"2026-08-01";"2026-08-11";"10";"Dinner";"MI-035";"MI-035-STANDARD";"Cold Pressed Juice - Classic OJ";"Standard";"Drinks";"11.393";"11.393";"9.114";"13.672";"80";"43";"Mild";"None";"None";"Weekday | Mild";"62.66";"misecast-menu-v2.0";"true"
"FC-001730";"2026-08-01";"2026-08-11";"10";"Dinner";"MI-036";"MI-036-STANDARD";"Cold Pressed Juice - Pineapple Mint";"Standard";"Drinks";"11.107";"11.107";"8.886";"13.328";"80";"43";"Mild";"None";"None";"Weekday | Mild";"61.09";"misecast-menu-v2.0";"true"
"FC-001731";"2026-08-01";"2026-08-11";"10";"Dinner";"MI-037";"MI-037-STANDARD";"Dash Sparkling Water - Lime";"Standard";"Drinks";"12.929";"12.929";"10.343";"15.515";"80";"43";"Mild";"None";"None";"Weekday | Mild";"51.72";"misecast-menu-v2.0";"true"
"FC-001732";"2026-08-01";"2026-08-11";"10";"Dinner";"MI-038";"MI-038-STANDARD";"Dash Sparkling Water - Raspberry";"Standard";"Drinks";"12.5";"12.5";"10";"15";"80";"43";"Mild";"None";"None";"Weekday | Mild";"50";"misecast-menu-v2.0";"true"
"FC-001733";"2026-08-01";"2026-08-11";"10";"Dinner";"MI-039";"MI-039-STANDARD";"Dash Sparkling Water - Peach";"Standard";"Drinks";"12.714";"12.714";"10.171";"15.257";"80";"43";"Mild";"None";"None";"Weekday | Mild";"50.86";"misecast-menu-v2.0";"true"
"FC-001734";"2026-08-01";"2026-08-11";"10";"Dinner";"MI-040";"MI-040-STANDARD";"Kombucha - Ginger Lemon";"Standard";"Drinks";"12.536";"12.536";"10.029";"15.043";"80";"43";"Mild";"None";"None";"Weekday | Mild";"68.95";"misecast-menu-v2.0";"true"
"FC-001735";"2026-08-01";"2026-08-11";"10";"Dinner";"MI-041";"MI-041-STANDARD";"Kombucha - Lemon Lime Mint";"Standard";"Drinks";"12.643";"12.643";"10.114";"15.172";"80";"43";"Mild";"None";"None";"Weekday | Mild";"69.54";"misecast-menu-v2.0";"true"
"FC-001736";"2026-08-01";"2026-08-11";"10";"Dinner";"MI-042";"MI-042-STANDARD";"Kombucha - Peach";"Standard";"Drinks";"12.536";"12.536";"10.029";"15.043";"80";"43";"Mild";"None";"None";"Weekday | Mild";"68.95";"misecast-menu-v2.0";"true"
"FC-001737";"2026-08-01";"2026-08-11";"10";"Dinner";"MI-043";"MI-043-STANDARD";"Kombucha - Raspberry Lemonade";"Standard";"Drinks";"12.821";"12.821";"10.257";"15.385";"80";"43";"Mild";"None";"None";"Weekday | Mild";"70.52";"misecast-menu-v2.0";"true"
"FC-001738";"2026-08-01";"2026-08-11";"10";"Dinner";"MI-044";"MI-044-STANDARD";"Sodaly - Passionfruit";"Standard";"Drinks";"12.679";"12.679";"10.143";"15.215";"80";"43";"Mild";"None";"None";"Weekday | Mild";"62.13";"misecast-menu-v2.0";"true"
"FC-001739";"2026-08-01";"2026-08-11";"10";"Dinner";"MI-045";"MI-045-STANDARD";"Sodaly - Guava";"Standard";"Drinks";"12.393";"12.393";"9.914";"14.872";"80";"43";"Mild";"None";"None";"Weekday | Mild";"60.73";"misecast-menu-v2.0";"true"
"FC-001740";"2026-08-01";"2026-08-11";"10";"Dinner";"MI-046";"MI-046-STANDARD";"Sodaly - Raspberry";"Standard";"Drinks";"12.893";"12.893";"10.314";"15.472";"80";"43";"Mild";"None";"None";"Weekday | Mild";"63.18";"misecast-menu-v2.0";"true"
"FC-001741";"2026-08-01";"2026-08-11";"10";"Dinner";"MI-047";"MI-047-STANDARD";"Sparkling Water";"Standard";"Drinks";"19.179";"19.179";"15.343";"23.015";"80";"43";"Mild";"None";"None";"Weekday | Mild";"67.13";"misecast-menu-v2.0";"true"
"FC-001742";"2026-08-01";"2026-08-11";"10";"Dinner";"MI-048";"MI-048-STANDARD";"Specialty Soda - Gingerella";"Standard";"Drinks";"12.464";"12.464";"9.971";"14.957";"80";"43";"Mild";"None";"None";"Weekday | Mild";"61.07";"misecast-menu-v2.0";"true"
"FC-001743";"2026-08-01";"2026-08-11";"10";"Dinner";"MI-049";"MI-049-STANDARD";"Specialty Soda - Karma Cola";"Standard";"Drinks";"12.536";"12.536";"10.029";"15.043";"80";"43";"Mild";"None";"None";"Weekday | Mild";"61.43";"misecast-menu-v2.0";"true"
"FC-001744";"2026-08-01";"2026-08-11";"10";"Dinner";"MI-050";"MI-050-STANDARD";"Specialty Soda - Lemmy";"Standard";"Drinks";"12.571";"12.571";"10.057";"15.085";"80";"43";"Mild";"None";"None";"Weekday | Mild";"61.6";"misecast-menu-v2.0";"true"
"FC-001745";"2026-08-01";"2026-08-11";"10";"Dinner";"MI-051";"MI-051-STANDARD";"Still Water";"Standard";"Drinks";"22.821";"22.821";"18.257";"27.385";"80";"43";"Mild";"None";"None";"Weekday | Mild";"68.46";"misecast-menu-v2.0";"true"
"FC-001746";"2026-08-01";"2026-08-11";"10";"Dinner";"MI-052";"MI-052-STANDARD";"Yuzu Ginger Cha";"Standard";"Drinks";"11.679";"11.679";"9.343";"14.015";"80";"43";"Mild";"None";"None";"Weekday | Mild";"52.56";"misecast-menu-v2.0";"true"
"FC-001747";"2026-08-01";"2026-08-11";"10";"Dinner";"MI-053";"MI-053-STANDARD";"Avocado";"Standard";"Add-ons / Modifiers";"1.464";"1.464";"1.171";"1.757";"80";"43";"Mild";"None";"None";"Weekday | Mild";"2.93";"misecast-menu-v2.0";"true"
"FC-001748";"2026-08-01";"2026-08-11";"10";"Dinner";"MI-054";"MI-054-STANDARD";"63 deg egg";"Standard";"Add-ons / Modifiers";"2";"2";"1.6";"2.4";"80";"43";"Mild";"None";"None";"Weekday | Mild";"5";"misecast-menu-v2.0";"true"
"FC-001749";"2026-08-01";"2026-08-11";"10";"Dinner";"MI-055";"MI-055-STANDARD";"Extra Salad";"Standard";"Add-ons / Modifiers";"2.214";"2.214";"1.771";"2.657";"80";"43";"Mild";"None";"None";"Weekday | Mild";"4.43";"misecast-menu-v2.0";"true"
"FC-001750";"2026-08-01";"2026-08-11";"10";"Dinner";"MI-056";"MI-056-STANDARD";"Standard topping (kimchi, corn, edamame, nori, etc.)";"Standard";"Add-ons / Modifiers";"1.143";"1.143";"0.914";"1.372";"80";"43";"Mild";"None";"None";"Weekday | Mild";"0.57";"misecast-menu-v2.0";"true"
"FC-001751";"2026-08-01";"2026-08-11";"10";"Dinner";"MI-057";"MI-057-STANDARD";"Extra Sauce (any)";"Standard";"Add-ons / Modifiers";"1.036";"1.036";"0.829";"1.243";"80";"43";"Mild";"None";"None";"Weekday | Mild";"1.55";"misecast-menu-v2.0";"true"
"FC-001752";"2026-08-01";"2026-08-11";"10";"Dinner";"MI-058";"MI-058-STANDARD";"Extra Sous-vide / Seared Chicken";"Standard";"Add-ons / Modifiers";"3.107";"3.107";"2.486";"3.728";"80";"43";"Mild";"None";"None";"Weekday | Mild";"12.43";"misecast-menu-v2.0";"true"
"FC-001753";"2026-08-01";"2026-08-11";"10";"Dinner";"MI-059";"MI-059-STANDARD";"Extra Pan Seared Tofu";"Standard";"Add-ons / Modifiers";"2.393";"2.393";"1.914";"2.872";"80";"43";"Mild";"None";"None";"Weekday | Mild";"9.57";"misecast-menu-v2.0";"true"
"FC-001754";"2026-08-01";"2026-08-11";"10";"Dinner";"MI-060";"MI-060-STANDARD";"Extra Eggplant";"Standard";"Add-ons / Modifiers";"3.893";"3.893";"3.114";"4.672";"80";"43";"Mild";"None";"None";"Weekday | Mild";"15.57";"misecast-menu-v2.0";"true"
"FC-001755";"2026-08-01";"2026-08-11";"10";"Dinner";"MI-061";"MI-061-STANDARD";"Extra Falafels";"Standard";"Add-ons / Modifiers";"4.679";"4.679";"3.743";"5.615";"80";"43";"Mild";"None";"None";"Weekday | Mild";"23.4";"misecast-menu-v2.0";"true"
"FC-001756";"2026-08-01";"2026-08-11";"10";"Dinner";"MI-062";"MI-062-STANDARD";"Extra Karaage Chicken";"Standard";"Add-ons / Modifiers";"3.786";"3.786";"3.029";"4.543";"80";"43";"Mild";"None";"None";"Weekday | Mild";"18.93";"misecast-menu-v2.0";"true"
"FC-001757";"2026-08-01";"2026-08-11";"10";"Dinner";"MI-063";"MI-063-STANDARD";"Extra Tiger Prawns";"Standard";"Add-ons / Modifiers";"2.357";"2.357";"1.886";"2.828";"80";"43";"Mild";"None";"None";"Weekday | Mild";"11.79";"misecast-menu-v2.0";"true"
"FC-001758";"2026-08-01";"2026-08-11";"10";"Dinner";"MI-064";"MI-064-STANDARD";"Extra Aburi / Sashimi Salmon";"Standard";"Add-ons / Modifiers";"2.464";"2.464";"1.971";"2.957";"80";"43";"Mild";"None";"None";"Weekday | Mild";"14.78";"misecast-menu-v2.0";"true"
"FC-001759";"2026-08-01";"2026-08-11";"10";"Dinner";"MI-065";"MI-065-STANDARD";"Extra Sashimi Tuna";"Standard";"Add-ons / Modifiers";"2.357";"2.357";"1.886";"2.828";"80";"43";"Mild";"None";"None";"Weekday | Mild";"14.14";"misecast-menu-v2.0";"true"
"FC-001760";"2026-08-01";"2026-08-11";"10";"Dinner";"MI-066";"MI-066-STANDARD";"Extra Wagyu";"Standard";"Add-ons / Modifiers";"2.143";"2.143";"1.714";"2.572";"80";"43";"Mild";"None";"None";"Weekday | Mild";"12.86";"misecast-menu-v2.0";"true"
